[
  {
    "languages": [],
    "ids": {
      "iso_3166_1": false,
      "fips": "AX",
      "geonames": false
    },
    "long": {
      "default": "Akrotiri and Dhekelia"
    },
    "area": 254,
    "currency": "EUR",
    "phone": "357",
    "continent": "EU",
    "population": 14000
  },
  {
    "languages": [],
    "ids": {
      "iso_3166_1": false,
      "fips": "AT",
      "geonames": false
    },
    "long": {
      "default": "Ashmore and Cartier Islands"
    },
    "area": 3,
    "currency": null,
    "phone": null,
    "continent": "OC",
    "population": 0
  },
  {
    "languages": [
      "fa"
    ],
    "ids": {
      "iso_3166_1": [
        "AF",
        "AFG",
        "004"
      ],
      "fips": "AF",
      "geonames": 1149361
    },
    "long": {
      "default": "Islamic Republic of Afghanistan"
    },
    "short": {
      "default": "Afghanistan"
    },
    "area": 647500,
    "currency": "AFN",
    "phone": "93",
    "continent": "AS",
    "population": 29121286
  },
  {
    "languages": [
      "sv"
    ],
    "ids": {
      "iso_3166_1": [
        "AX",
        "ALA",
        "248"
      ],
      "fips": false,
      "geonames": 661882
    },
    "long": {
      "default": "Åland Islands"
    },
    "area": 1580,
    "currency": "EUR",
    "phone": "35818",
    "continent": "EU",
    "population": 26711
  },
  {
    "languages": [
      "sq"
    ],
    "ids": {
      "iso_3166_1": [
        "AL",
        "ALB",
        "008"
      ],
      "fips": "AL",
      "geonames": 783754
    },
    "long": {
      "default": "Republic of Albania"
    },
    "short": {
      "default": "Albania"
    },
    "area": 28748,
    "currency": "ALL",
    "phone": "355",
    "continent": "EU",
    "population": 2986952
  },
  {
    "languages": [
      "ar"
    ],
    "ids": {
      "iso_3166_1": [
        "DZ",
        "DZA",
        "012"
      ],
      "fips": "AG",
      "geonames": 2589581
    },
    "long": {
      "default": "People's Democratic Republic of Algeria"
    },
    "short": {
      "default": "Algeria"
    },
    "area": 2381740,
    "currency": "DZD",
    "phone": "213",
    "continent": "AF",
    "population": 34586184
  },
  {
    "languages": [
      "en"
    ],
    "ids": {
      "iso_3166_1": [
        "AS",
        "ASM",
        "016"
      ],
      "fips": "AQ",
      "geonames": 5880801
    },
    "long": {
      "default": "American Samoa"
    },
    "area": 199,
    "currency": "USD",
    "phone": "1684",
    "continent": "OC",
    "population": 57881
  },
  {
    "languages": [
      "ca"
    ],
    "ids": {
      "iso_3166_1": [
        "AD",
        "AND",
        "020"
      ],
      "fips": "AN",
      "geonames": 3041565
    },
    "long": {
      "default": "Principality of Andorra"
    },
    "short": {
      "default": "Andorra"
    },
    "area": 468,
    "currency": "EUR",
    "phone": "376",
    "continent": "EU",
    "population": 84000
  },
  {
    "languages": [
      "pt"
    ],
    "ids": {
      "iso_3166_1": [
        "AO",
        "AGO",
        "024"
      ],
      "fips": "AO",
      "geonames": 3351879
    },
    "long": {
      "default": "Republic of Angola"
    },
    "short": {
      "default": "Angola"
    },
    "area": 1246700,
    "currency": "AOA",
    "phone": "244",
    "continent": "AF",
    "population": 13068161
  },
  {
    "languages": [
      "en"
    ],
    "ids": {
      "iso_3166_1": [
        "AI",
        "AIA",
        "660"
      ],
      "fips": "AV",
      "geonames": 3573511
    },
    "long": {
      "default": "Anguilla"
    },
    "area": 102,
    "currency": "XCD",
    "phone": "1264",
    "continent": "NA",
    "population": 13254
  },
  {
    "languages": [
      ""
    ],
    "ids": {
      "iso_3166_1": [
        "AQ",
        "ATA",
        "010"
      ],
      "fips": "AY",
      "geonames": 6697173
    },
    "long": {
      "default": "Antarctica"
    },
    "area": 14000000,
    "continent": "AN"
  },
  {
    "languages": [
      "en"
    ],
    "ids": {
      "iso_3166_1": [
        "AG",
        "ATG",
        "028"
      ],
      "fips": "AC",
      "geonames": 3576396
    },
    "long": {
      "default": "Antigua and Barbuda"
    },
    "area": 443,
    "currency": "XCD",
    "phone": "1268",
    "continent": "NA",
    "population": 86754
  },
  {
    "languages": [
      "es"
    ],
    "ids": {
      "iso_3166_1": [
        "AR",
        "ARG",
        "032"
      ],
      "fips": "AR",
      "geonames": 3865483
    },
    "long": {
      "default": "Argentine Republic"
    },
    "short": {
      "default": "Argentina"
    },
    "area": 2766890,
    "currency": "ARS",
    "phone": "54",
    "continent": "SA",
    "population": 41343201
  },
  {
    "languages": [
      "hy"
    ],
    "ids": {
      "iso_3166_1": [
        "AM",
        "ARM",
        "051"
      ],
      "fips": "AM",
      "geonames": 174982
    },
    "long": {
      "default": "Republic of Armenia"
    },
    "short": {
      "default": "Armenia"
    },
    "area": 29800,
    "currency": "AMD",
    "phone": "374",
    "continent": "AS",
    "population": 2968000
  },
  {
    "languages": [
      "nl"
    ],
    "ids": {
      "iso_3166_1": [
        "AW",
        "ABW",
        "533"
      ],
      "fips": "AA",
      "geonames": 3577279
    },
    "long": {
      "default": "Aruba"
    },
    "area": 193,
    "currency": "AWG",
    "phone": "297",
    "continent": "NA",
    "population": 71566
  },
  {
    "languages": [
      "en"
    ],
    "ids": {
      "iso_3166_1": [
        "AU",
        "AUS",
        "036"
      ],
      "fips": "AS",
      "geonames": 2077456
    },
    "long": {
      "default": "Commonwealth of Australia"
    },
    "short": {
      "default": "Australia"
    },
    "area": 7686850,
    "currency": "AUD",
    "phone": "61",
    "trunkPrefix": "0",
    "landLineFormat": "[2378]\\d{8}",
    "mobileFormat": "4\\d{8}",
    "continent": "OC",
    "population": 21515754
  },
  {
    "languages": [
      "de"
    ],
    "ids": {
      "iso_3166_1": [
        "AT",
        "AUT",
        "040"
      ],
      "fips": "AU",
      "geonames": 2782113
    },
    "long": {
      "default": "Republic of Austria"
    },
    "short": {
      "default": "Austria"
    },
    "area": 83858,
    "currency": "EUR",
    "phone": "43",
    "trunkPrefix": "0",
    "mobileFormat": "6\\d{4,13}",
    "continent": "EU",
    "population": 8205000
  },
  {
    "languages": [
      "az"
    ],
    "ids": {
      "iso_3166_1": [
        "AZ",
        "AZE",
        "031"
      ],
      "fips": "AJ",
      "geonames": 587116
    },
    "long": {
      "default": "Republic of Azerbaijan"
    },
    "short": {
      "default": "Azerbaijan"
    },
    "area": 86600,
    "currency": "AZN",
    "phone": "994",
    "continent": "AS",
    "population": 8303512
  },
  {
    "languages": [
      "en"
    ],
    "ids": {
      "iso_3166_1": [
        "BS",
        "BHS",
        "044"
      ],
      "fips": "BF",
      "geonames": 3572887
    },
    "long": {
      "default": "Commonwealth of the Bahamas"
    },
    "short": {
      "default": "Bahamas"
    },
    "area": 13940,
    "currency": "BSD",
    "phone": "1242",
    "continent": "NA",
    "population": 301790
  },
  {
    "languages": [
      "ar"
    ],
    "ids": {
      "iso_3166_1": [
        "BH",
        "BHR",
        "048"
      ],
      "fips": "BA",
      "geonames": 290291
    },
    "long": {
      "default": "Kingdom of Bahrain"
    },
    "short": {
      "default": "Bahrain"
    },
    "area": 665,
    "currency": "BHD",
    "phone": "973",
    "continent": "AS",
    "population": 738004
  },
  {
    "languages": [
      "bn"
    ],
    "ids": {
      "iso_3166_1": [
        "BD",
        "BGD",
        "050"
      ],
      "fips": "",
      "geonames": 1210997
    },
    "long": {
      "default": "Bangladesh"
    },
    "area": 144000,
    "currency": "BDT",
    "phone": "880",
    "continent": "AS",
    "population": 156118464
  },
  {
    "languages": [
      "en"
    ],
    "ids": {
      "iso_3166_1": [
        "BB",
        "BRB",
        "052"
      ],
      "fips": "BG",
      "geonames": 3374084
    },
    "long": {
      "default": "Barbados"
    },
    "area": 431,
    "currency": "BBD",
    "phone": "1246",
    "continent": "NA",
    "population": 285653
  },
  {
    "languages": [
      "be"
    ],
    "ids": {
      "iso_3166_1": [
        "BY",
        "BLR",
        "112"
      ],
      "fips": "BO",
      "geonames": 630336
    },
    "long": {
      "default": "Belarus"
    },
    "area": 207600,
    "currency": "BYR",
    "phone": "375",
    "continent": "EU",
    "population": 9685000
  },
  {
    "languages": [
      "nl"
    ],
    "ids": {
      "iso_3166_1": [
        "BE",
        "BEL",
        "056"
      ],
      "fips": "BE",
      "geonames": 2802361
    },
    "long": {
      "default": "Belgium"
    },
    "area": 30510,
    "currency": "EUR",
    "phone": "32",
    "trunkPrefix": "0",
    "mobileFormat": "4\\d{8,10}",
    "continent": "EU",
    "population": 10403000
  },
  {
    "languages": [
      "en"
    ],
    "ids": {
      "iso_3166_1": [
        "BZ",
        "BLZ",
        "084"
      ],
      "fips": "BH",
      "geonames": 3582678
    },
    "long": {
      "default": "Belize"
    },
    "area": 22966,
    "currency": "BZD",
    "phone": "501",
    "continent": "NA",
    "population": 314522
  },
  {
    "languages": [
      "fr"
    ],
    "ids": {
      "iso_3166_1": [
        "BJ",
        "BEN",
        "204"
      ],
      "fips": "BN",
      "geonames": 2395170
    },
    "long": {
      "default": "Benin"
    },
    "area": 112620,
    "currency": "XOF",
    "phone": "229",
    "continent": "AF",
    "population": 9056010
  },
  {
    "languages": [
      "en"
    ],
    "ids": {
      "iso_3166_1": [
        "BM",
        "BMU",
        "060"
      ],
      "fips": "BD",
      "geonames": 3573345
    },
    "long": {
      "default": "Bermuda"
    },
    "area": 53,
    "currency": "BMD",
    "phone": "1441",
    "continent": "NA",
    "population": 65365
  },
  {
    "languages": [
      "dz"
    ],
    "ids": {
      "iso_3166_1": [
        "BT",
        "BTN",
        "064"
      ],
      "fips": "BT",
      "geonames": 1252634
    },
    "long": {
      "default": "Bhutan"
    },
    "area": 47000,
    "currency": "BTN",
    "phone": "975",
    "continent": "AS",
    "population": 699847
  },
  {
    "languages": [
      "es"
    ],
    "ids": {
      "iso_3166_1": [
        "BO",
        "BOL",
        "068"
      ],
      "fips": "BL",
      "geonames": 3923057
    },
    "long": {
      "default": "Plurinational State of Bolivia"
    },
    "short": {
      "default": "Bolivia"
    },
    "area": 1098580,
    "currency": "BOB",
    "phone": "591",
    "continent": "SA",
    "population": 9947418
  },
  {
    "languages": [
      "nl"
    ],
    "ids": {
      "iso_3166_1": [
        "BQ",
        "BES",
        "535"
      ],
      "fips": false,
      "geonames": 7626844
    },
    "long": {
      "default": "Bonaire, Sint Eustatius and Saba"
    },
    "area": 328,
    "currency": "USD",
    "phone": "599",
    "continent": "NA",
    "population": 18012
  },
  {
    "languages": [
      "bs"
    ],
    "ids": {
      "iso_3166_1": [
        "BA",
        "BIH",
        "070"
      ],
      "fips": "BK",
      "geonames": 3277605
    },
    "long": {
      "default": "Bosnia and Herzegovina"
    },
    "area": 51129,
    "currency": "BAM",
    "phone": "387",
    "continent": "EU",
    "population": 4590000
  },
  {
    "languages": [
      "en"
    ],
    "ids": {
      "iso_3166_1": [
        "BW",
        "BWA",
        "072"
      ],
      "fips": "BC",
      "geonames": 933860
    },
    "long": {
      "default": "Botswana"
    },
    "area": 600370,
    "currency": "BWP",
    "phone": "267",
    "continent": "AF",
    "population": 2029307
  },
  {
    "languages": [
      ""
    ],
    "ids": {
      "iso_3166_1": [
        "BV",
        "BVT",
        "074"
      ],
      "fips": "BV",
      "geonames": 3371123
    },
    "long": {
      "default": "Bouvet Island"
    },
    "area": 49,
    "currency": "NOK",
    "continent": "AN"
  },
  {
    "languages": [
      "pt"
    ],
    "ids": {
      "iso_3166_1": [
        "BR",
        "BRA",
        "076"
      ],
      "fips": "BR",
      "geonames": 3469034
    },
    "long": {
      "default": "Brazil"
    },
    "area": 8511965,
    "currency": "BRL",
    "phone": "55",
    "continent": "SA",
    "population": 201103330
  },
  {
    "languages": [
      "en"
    ],
    "ids": {
      "iso_3166_1": [
        "IO",
        "IOT",
        "086"
      ],
      "fips": "IO",
      "geonames": 1282588
    },
    "long": {
      "default": "British Indian Ocean Territory"
    },
    "area": 60,
    "currency": "USD",
    "phone": "246",
    "continent": "AS",
    "population": 4000
  },
  {
    "languages": [
      "ms"
    ],
    "ids": {
      "iso_3166_1": [
        "BN",
        "BRN",
        "096"
      ],
      "fips": "BX",
      "geonames": 1820814
    },
    "long": {
      "default": "Nation of Brunei"
    },
    "short": {
      "default": "Brunei"
    },
    "area": 5770,
    "currency": "BND",
    "phone": "673",
    "continent": "AS",
    "population": 395027
  },
  {
    "languages": [
      "bg"
    ],
    "ids": {
      "iso_3166_1": [
        "BG",
        "BGR",
        "100"
      ],
      "fips": "BU",
      "geonames": 732800
    },
    "long": {
      "default": "Bulgaria"
    },
    "area": 110910,
    "currency": "BGN",
    "phone": "359",
    "continent": "EU",
    "population": 7148785
  },
  {
    "languages": [
      "fr"
    ],
    "ids": {
      "iso_3166_1": [
        "BF",
        "BFA",
        "854"
      ],
      "fips": "UV",
      "geonames": 2361809
    },
    "long": {
      "default": "Burkina Faso"
    },
    "area": 274200,
    "currency": "XOF",
    "phone": "226",
    "continent": "AF",
    "population": 16241811
  },
  {
    "languages": [
      "fr"
    ],
    "ids": {
      "iso_3166_1": [
        "BI",
        "BDI",
        "108"
      ],
      "fips": "BY",
      "geonames": 433561
    },
    "long": {
      "default": "Burundi"
    },
    "area": 27830,
    "currency": "BIF",
    "phone": "257",
    "continent": "AF",
    "population": 9863117
  },
  {
    "languages": [
      "pt"
    ],
    "ids": {
      "iso_3166_1": [
        "CV",
        "CPV",
        "132"
      ],
      "fips": "CV",
      "geonames": 3374766
    },
    "long": {
      "default": "Cabo Verde"
    },
    "area": 4033,
    "currency": "CVE",
    "phone": "238",
    "continent": "AF",
    "population": 508659
  },
  {
    "languages": [
      "km"
    ],
    "ids": {
      "iso_3166_1": [
        "KH",
        "KHM",
        "116"
      ],
      "fips": "CB",
      "geonames": 1831722
    },
    "long": {
      "default": "Cambodia"
    },
    "area": 181040,
    "currency": "KHR",
    "phone": "855",
    "continent": "AS",
    "population": 14453680
  },
  {
    "languages": [
      "en"
    ],
    "ids": {
      "iso_3166_1": [
        "CM",
        "CMR",
        "120"
      ],
      "fips": "CM",
      "geonames": 2233387
    },
    "long": {
      "default": "Cameroon"
    },
    "area": 475440,
    "currency": "XAF",
    "phone": "237",
    "continent": "AF",
    "population": 19294149
  },
  {
    "languages": [
      "en"
    ],
    "ids": {
      "iso_3166_1": [
        "CA",
        "CAN",
        "124"
      ],
      "fips": "CA",
      "geonames": 6251999
    },
    "long": {
      "default": "Canada"
    },
    "area": 9984670,
    "currency": "CAD",
    "phone": "1",
    "trunkPrefix": "1",
    "mobileFormat": "\\d{10}",
    "continent": "NA",
    "population": 33679000
  },
  {
    "languages": [
      "en"
    ],
    "ids": {
      "iso_3166_1": [
        "KY",
        "CYM",
        "136"
      ],
      "fips": "CJ",
      "geonames": 3580718
    },
    "long": {
      "default": "Cayman Islands"
    },
    "area": 262,
    "currency": "KYD",
    "phone": "1345",
    "continent": "NA",
    "population": 44270
  },
  {
    "languages": [
      "fr"
    ],
    "ids": {
      "iso_3166_1": [
        "CF",
        "CAF",
        "140"
      ],
      "fips": "CT",
      "geonames": 239880
    },
    "long": {
      "default": "Central African Republic"
    },
    "area": 622984,
    "currency": "XAF",
    "phone": "236",
    "continent": "AF",
    "population": 4844927
  },
  {
    "languages": [
      "fr"
    ],
    "ids": {
      "iso_3166_1": [
        "TD",
        "TCD",
        "148"
      ],
      "fips": "CD",
      "geonames": 2434508
    },
    "long": {
      "default": "Republic of Chad"
    },
    "short": {
      "default": "Chad"
    },
    "area": 1284000,
    "currency": "XAF",
    "phone": "235",
    "continent": "AF",
    "population": 10543464
  },
  {
    "languages": [
      "es"
    ],
    "ids": {
      "iso_3166_1": [
        "CL",
        "CHL",
        "152"
      ],
      "fips": "CI",
      "geonames": 3895114
    },
    "long": {
      "default": "Republic of Chile"
    },
    "short": {
      "default": "Chile"
    },
    "area": 756950,
    "currency": "CLP",
    "phone": "56",
    "continent": "SA",
    "population": 16746491
  },
  {
    "languages": [
      "zh"
    ],
    "ids": {
      "iso_3166_1": [
        "CN",
        "CHN",
        "156"
      ],
      "fips": "CH",
      "geonames": 1814991
    },
    "long": {
      "default": "People's Republic of China"
    },
    "short": {
      "default": "China"
    },
    "area": 9596960,
    "currency": "CNY",
    "phone": "86",
    "continent": "AS",
    "population": 1330044000
  },
  {
    "languages": [
      "en"
    ],
    "ids": {
      "iso_3166_1": [
        "CX",
        "CXR",
        "162"
      ],
      "fips": "KT",
      "geonames": 2078138
    },
    "long": {
      "default": "Christmas Island"
    },
    "area": 135,
    "currency": "AUD",
    "phone": "61",
    "continent": "AS",
    "population": 1500
  },
  {
    "languages": [
      "ms"
    ],
    "ids": {
      "iso_3166_1": [
        "CC",
        "CCK",
        "166"
      ],
      "fips": "CK",
      "geonames": 1547376
    },
    "long": {
      "default": "Cocos (Keeling) Islands"
    },
    "area": 14,
    "currency": "AUD",
    "phone": "61",
    "continent": "AS",
    "population": 628
  },
  {
    "languages": [
      "es"
    ],
    "ids": {
      "iso_3166_1": [
        "CO",
        "COL",
        "170"
      ],
      "fips": "CO",
      "geonames": 3686110
    },
    "long": {
      "default": "Republic of Colombia"
    },
    "short": {
      "default": "Colombia"
    },
    "area": 1138910,
    "currency": "COP",
    "phone": "57",
    "continent": "SA",
    "population": 47790000
  },
  {
    "languages": [
      "ar"
    ],
    "ids": {
      "iso_3166_1": [
        "KM",
        "COM",
        "174"
      ],
      "fips": "CN",
      "geonames": 921929
    },
    "long": {
      "default": "Comoros"
    },
    "area": 2170,
    "currency": "KMF",
    "phone": "269",
    "continent": "AF",
    "population": 773407
  },
  {
    "languages": [
      "fr"
    ],
    "ids": {
      "iso_3166_1": [
        "CG",
        "COG",
        "178"
      ],
      "fips": "CF",
      "geonames": 2260494
    },
    "long": {
      "default": "Republic of the Congo"
    },
    "short": {
      "default": "Congo-Brazzaville"
    },
    "area": 342000,
    "currency": "XAF",
    "phone": "242",
    "continent": "AF",
    "population": 3039126
  },
  {
    "languages": [
      "fr"
    ],
    "ids": {
      "iso_3166_1": [
        "CD",
        "COD",
        "180"
      ],
      "fips": "CG",
      "geonames": 203312
    },
    "long": {
      "default": "Democratic Republic of the Congo"
    },
    "short": {
      "default": "Congo"
    },
    "area": 2345410,
    "currency": "CDF",
    "phone": "243",
    "continent": "AF",
    "population": 70916439
  },
  {
    "languages": [
      "en"
    ],
    "ids": {
      "iso_3166_1": [
        "CK",
        "COK",
        "184"
      ],
      "fips": "CW",
      "geonames": 1899402
    },
    "long": {
      "default": "Cook Islands"
    },
    "area": 240,
    "currency": "NZD",
    "phone": "682",
    "continent": "OC",
    "population": 21388
  },
  {
    "languages": [
      "es"
    ],
    "ids": {
      "iso_3166_1": [
        "CR",
        "CRI",
        "188"
      ],
      "fips": "CS",
      "geonames": 3624060
    },
    "long": {
      "default": "Republic of Costa Rica"
    },
    "short": {
      "default": "Costa Rica"
    },
    "area": 51100,
    "currency": "CRC",
    "phone": "506",
    "continent": "NA",
    "population": 4516220
  },
  {
    "languages": [
      "fr"
    ],
    "ids": {
      "iso_3166_1": [
        "CI",
        "CIV",
        "384"
      ],
      "fips": "IV",
      "geonames": 2287781
    },
    "long": {
      "default": "Côte d'Ivoire"
    },
    "area": 322460,
    "currency": "XOF",
    "phone": "225",
    "continent": "AF",
    "population": 21058798
  },
  {
    "languages": [
      "hr"
    ],
    "ids": {
      "iso_3166_1": [
        "HR",
        "HRV",
        "191"
      ],
      "fips": "HR",
      "geonames": 3202326
    },
    "long": {
      "default": "Republic of Croatia"
    },
    "short": {
      "default": "Croatia"
    },
    "area": 56542,
    "currency": "HRK",
    "phone": "385",
    "continent": "EU",
    "population": 4491000
  },
  {
    "languages": [
      "es"
    ],
    "ids": {
      "iso_3166_1": [
        "CU",
        "CUB",
        "192"
      ],
      "fips": "CU",
      "geonames": 3562981
    },
    "long": {
      "default": "Republic of Cuba"
    },
    "short": {
      "default": "Cuba"
    },
    "area": 110860,
    "currency": "CUP",
    "phone": "53",
    "continent": "NA",
    "population": 11423000
  },
  {
    "languages": [
      "nl"
    ],
    "ids": {
      "iso_3166_1": [
        "CW",
        "CUW",
        "531"
      ],
      "fips": false,
      "geonames": 7626836
    },
    "long": {
      "default": "Curaçao"
    },
    "area": 444,
    "currency": "ANG",
    "phone": "599",
    "continent": "NA",
    "population": 141766
  },
  {
    "languages": [
      "el"
    ],
    "ids": {
      "iso_3166_1": [
        "CY",
        "CYP",
        "196"
      ],
      "fips": "CY",
      "geonames": 146669
    },
    "long": {
      "default": "Republic of Cyprus"
    },
    "short": {
      "default": "Cyprus"
    },
    "area": 9250,
    "currency": "EUR",
    "phone": "357",
    "continent": "EU",
    "population": 1102677
  },
  {
    "languages": [
      "cs"
    ],
    "ids": {
      "iso_3166_1": [
        "CZ",
        "CZE",
        "203"
      ],
      "fips": "EZ",
      "geonames": 3077311
    },
    "short": {
      "default": "Czechia"
    },
    "long": {
      "default": "Czech Republic"
    },
    "area": 78866,
    "currency": "CZK",
    "phone": "420",
    "continent": "EU",
    "population": 10476000
  },
  {
    "languages": [
      "da"
    ],
    "ids": {
      "iso_3166_1": [
        "DK",
        "DNK",
        "208"
      ],
      "fips": "DA",
      "geonames": 2623032
    },
    "long": {
      "default": "Denmark"
    },
    "area": 43094,
    "currency": "DKK",
    "phone": "45",
    "trunkPrefix": "",
    "mobileFormat": "\\d{8}",
    "continent": "EU",
    "population": 5484000
  },
  {
    "languages": [
      "fr"
    ],
    "ids": {
      "iso_3166_1": [
        "DJ",
        "DJI",
        "262"
      ],
      "fips": "DJ",
      "geonames": 223816
    },
    "long": {
      "default": "Djibouti"
    },
    "area": 23000,
    "currency": "DJF",
    "phone": "253",
    "continent": "AF",
    "population": 740528
  },
  {
    "languages": [
      "en"
    ],
    "ids": {
      "iso_3166_1": [
        "DM",
        "DMA",
        "212"
      ],
      "fips": "DO",
      "geonames": 3575830
    },
    "long": {
      "default": "Dominica"
    },
    "area": 754,
    "currency": "XCD",
    "phone": "1767",
    "continent": "NA",
    "population": 72813
  },
  {
    "languages": [
      "es"
    ],
    "ids": {
      "iso_3166_1": [
        "DO",
        "DOM",
        "214"
      ],
      "fips": "DR",
      "geonames": 3508796
    },
    "long": {
      "default": "Dominican Republic"
    },
    "area": 48730,
    "currency": "DOP",
    "phone": "1809 and 1829",
    "continent": "NA",
    "population": 9823821
  },
  {
    "languages": [
      "es"
    ],
    "ids": {
      "iso_3166_1": [
        "EC",
        "ECU",
        "218"
      ],
      "fips": "EC",
      "geonames": 3658394
    },
    "long": {
      "default": "Ecuador"
    },
    "area": 283560,
    "currency": "USD",
    "phone": "593",
    "continent": "SA",
    "population": 14790608
  },
  {
    "languages": [
      "ar"
    ],
    "ids": {
      "iso_3166_1": [
        "EG",
        "EGY",
        "818"
      ],
      "fips": "EG",
      "geonames": 357994
    },
    "long": {
      "default": "Egypt"
    },
    "area": 1001450,
    "currency": "EGP",
    "phone": "20",
    "continent": "AF",
    "population": 80471869
  },
  {
    "languages": [
      "es"
    ],
    "ids": {
      "iso_3166_1": [
        "SV",
        "SLV",
        "222"
      ],
      "fips": "ES",
      "geonames": 3585968
    },
    "long": {
      "default": "El Salvador"
    },
    "area": 21040,
    "currency": "USD",
    "phone": "503",
    "continent": "NA",
    "population": 6052064
  },
  {
    "languages": [
      "es"
    ],
    "ids": {
      "iso_3166_1": [
        "GQ",
        "GNQ",
        "226"
      ],
      "fips": "EK",
      "geonames": 2309096
    },
    "long": {
      "default": "Equatorial Guinea"
    },
    "area": 28051,
    "currency": "XAF",
    "phone": "240",
    "continent": "AF",
    "population": 1014999
  },
  {
    "languages": [
      "aa"
    ],
    "ids": {
      "iso_3166_1": [
        "ER",
        "ERI",
        "232"
      ],
      "fips": "ER",
      "geonames": 338010
    },
    "long": {
      "default": "Eritrea"
    },
    "area": 121320,
    "currency": "ERN",
    "phone": "291",
    "continent": "AF",
    "population": 5792984
  },
  {
    "languages": [
      "et"
    ],
    "ids": {
      "iso_3166_1": [
        "EE",
        "EST",
        "233"
      ],
      "fips": "EN",
      "geonames": 453733
    },
    "long": {
      "default": "Estonia"
    },
    "area": 45226,
    "currency": "EUR",
    "phone": "372",
    "trunkPrefix": "",
    "mobileFormat": "\\d{7,8}",
    "continent": "EU",
    "population": 1291170
  },
  {
    "languages": [
      "am"
    ],
    "ids": {
      "iso_3166_1": [
        "ET",
        "ETH",
        "231"
      ],
      "fips": "ET",
      "geonames": 337996
    },
    "long": {
      "default": "Ethiopia"
    },
    "area": 1127127,
    "currency": "ETB",
    "phone": "251",
    "continent": "AF",
    "population": 88013491
  },
  {
    "languages": [
      "en"
    ],
    "ids": {
      "iso_3166_1": [
        "FK",
        "FLK",
        "238"
      ],
      "fips": "FK",
      "geonames": 3474414
    },
    "long": {
      "default": "Falkland Islands"
    },
    "area": 12173,
    "currency": "FKP",
    "phone": "500",
    "continent": "SA",
    "population": 2638
  },
  {
    "languages": [
      "fo"
    ],
    "ids": {
      "iso_3166_1": [
        "FO",
        "FRO",
        "234"
      ],
      "fips": "FO",
      "geonames": 2622320
    },
    "long": {
      "default": "Faroe Islands"
    },
    "area": 1399,
    "currency": "DKK",
    "phone": "298",
    "continent": "EU",
    "population": 48228
  },
  {
    "languages": [
      "en"
    ],
    "ids": {
      "iso_3166_1": [
        "FJ",
        "FJI",
        "242"
      ],
      "fips": "FJ",
      "geonames": 2205218
    },
    "long": {
      "default": "Fiji"
    },
    "area": 18270,
    "currency": "FJD",
    "phone": "679",
    "continent": "OC",
    "population": 875983
  },
  {
    "languages": [
      "fi"
    ],
    "ids": {
      "iso_3166_1": [
        "FI",
        "FIN",
        "246"
      ],
      "fips": "FI",
      "geonames": 660013
    },
    "long": {
      "default": "Finland"
    },
    "area": 337030,
    "currency": "EUR",
    "phone": "358",
    "trunkPrefix": "0",
    "mobileFormat": "[45]\\d{3,8}",
    "continent": "EU",
    "population": 5244000
  },
  {
    "languages": [
      "fr"
    ],
    "ids": {
      "iso_3166_1": [
        "FR",
        "FRA",
        "250"
      ],
      "fips": "FR",
      "geonames": 3017382
    },
    "long": {
      "default": "France"
    },
    "area": 547030,
    "currency": "EUR",
    "phone": "33",
    "trunkPrefix": "0",
    "mobileFormat": "[67]\\d{8,9}",
    "continent": "EU",
    "population": 64768389
  },
  {
    "languages": [
      "fr"
    ],
    "ids": {
      "iso_3166_1": [
        "GF",
        "GUF",
        "254"
      ],
      "fips": "FG",
      "geonames": 3381670
    },
    "long": {
      "default": "French Guiana"
    },
    "area": 91000,
    "currency": "EUR",
    "phone": "594",
    "continent": "SA",
    "population": 195506
  },
  {
    "languages": [
      "fr"
    ],
    "ids": {
      "iso_3166_1": [
        "PF",
        "PYF",
        "258"
      ],
      "fips": "FP",
      "geonames": 4030656
    },
    "long": {
      "default": "French Polynesia"
    },
    "area": 4167,
    "currency": "XPF",
    "phone": "689",
    "continent": "OC",
    "population": 270485
  },
  {
    "languages": [
      "fr"
    ],
    "ids": {
      "iso_3166_1": [
        "TF",
        "ATF",
        "260"
      ],
      "fips": "FS",
      "geonames": 1546748
    },
    "long": {
      "default": "French Southern Territories"
    },
    "area": 7829,
    "currency": "EUR",
    "continent": "AN",
    "population": 140
  },
  {
    "languages": [
      "fr"
    ],
    "ids": {
      "iso_3166_1": [
        "GA",
        "GAB",
        "266"
      ],
      "fips": "GB",
      "geonames": 2400553
    },
    "long": {
      "default": "Gabon"
    },
    "area": 267667,
    "currency": "XAF",
    "phone": "241",
    "continent": "AF",
    "population": 1545255
  },
  {
    "languages": [
      "en"
    ],
    "ids": {
      "iso_3166_1": [
        "GM",
        "GMB",
        "270"
      ],
      "fips": "GA",
      "geonames": 2413451
    },
    "long": {
      "default": "Gambia"
    },
    "area": 11300,
    "currency": "GMD",
    "phone": "220",
    "continent": "AF",
    "population": 1593256
  },
  {
    "languages": [
      "ka"
    ],
    "ids": {
      "iso_3166_1": [
        "GE",
        "GEO",
        "268"
      ],
      "fips": "GG",
      "geonames": 614540
    },
    "long": {
      "default": "Georgia"
    },
    "area": 69700,
    "currency": "GEL",
    "phone": "995",
    "continent": "AS",
    "population": 4630000
  },
  {
    "languages": [
      "de"
    ],
    "ids": {
      "iso_3166_1": [
        "DE",
        "DEU",
        "276"
      ],
      "fips": "GM",
      "geonames": 2921044
    },
    "long": {
      "default": "Germany"
    },
    "area": 357021,
    "currency": "EUR",
    "phone": "49",
    "trunkPrefix": "0",
    "mobileFormat": "1\\d{9,11}",
    "continent": "EU",
    "population": 81802257
  },
  {
    "languages": [
      "en"
    ],
    "ids": {
      "iso_3166_1": [
        "GH",
        "GHA",
        "288"
      ],
      "fips": "GH",
      "geonames": 2300660
    },
    "long": {
      "default": "Ghana"
    },
    "area": 239460,
    "currency": "GHS",
    "phone": "233",
    "continent": "AF",
    "population": 24339838
  },
  {
    "languages": [
      "en"
    ],
    "ids": {
      "iso_3166_1": [
        "GI",
        "GIB",
        "292"
      ],
      "fips": "GI",
      "geonames": 2411586
    },
    "long": {
      "default": "Gibraltar"
    },
    "area": 6,
    "currency": "GIP",
    "phone": "350",
    "continent": "EU",
    "population": 27884
  },
  {
    "languages": [
      "el"
    ],
    "ids": {
      "iso_3166_1": [
        "GR",
        "GRC",
        "300"
      ],
      "fips": "GR",
      "geonames": 390903
    },
    "long": {
      "default": "Greece"
    },
    "area": 131940,
    "currency": "EUR",
    "phone": "30",
    "continent": "EU",
    "population": 11000000
  },
  {
    "languages": [
      "kl"
    ],
    "ids": {
      "iso_3166_1": [
        "GL",
        "GRL",
        "304"
      ],
      "fips": "GL",
      "geonames": 3425505
    },
    "long": {
      "default": "Greenland"
    },
    "area": 2166086,
    "currency": "DKK",
    "phone": "299",
    "continent": "NA",
    "population": 56375
  },
  {
    "languages": [
      "en"
    ],
    "ids": {
      "iso_3166_1": [
        "GD",
        "GRD",
        "308"
      ],
      "fips": "GJ",
      "geonames": 3580239
    },
    "long": {
      "default": "Grenada"
    },
    "area": 344,
    "currency": "XCD",
    "phone": "1473",
    "continent": "NA",
    "population": 107818
  },
  {
    "languages": [
      "fr"
    ],
    "ids": {
      "iso_3166_1": [
        "GP",
        "GLP",
        "312"
      ],
      "fips": "GP",
      "geonames": 3579143
    },
    "long": {
      "default": "Guadeloupe"
    },
    "area": 1780,
    "currency": "EUR",
    "phone": "590",
    "continent": "NA",
    "population": 443000
  },
  {
    "languages": [
      "en"
    ],
    "ids": {
      "iso_3166_1": [
        "GU",
        "GUM",
        "316"
      ],
      "fips": "GQ",
      "geonames": 4043988
    },
    "long": {
      "default": "Guam"
    },
    "area": 549,
    "currency": "USD",
    "phone": "1671",
    "continent": "OC",
    "population": 159358
  },
  {
    "languages": [
      "es"
    ],
    "ids": {
      "iso_3166_1": [
        "GT",
        "GTM",
        "320"
      ],
      "fips": "GT",
      "geonames": 3595528
    },
    "long": {
      "default": "Guatemala"
    },
    "area": 108890,
    "currency": "GTQ",
    "phone": "502",
    "continent": "NA",
    "population": 13550440
  },
  {
    "languages": [
      "en"
    ],
    "ids": {
      "iso_3166_1": [
        "GG",
        "GGY",
        "831"
      ],
      "fips": "GK",
      "geonames": 3042362
    },
    "long": {
      "default": "Guernsey"
    },
    "area": 78,
    "currency": "GBP",
    "phone": "44",
    "trunkPrefix": "0",
    "landLineFormat": "1481\\d{5,6}",
    "mobileFormat": "7\\d{9}",
    "continent": "EU",
    "population": 65228
  },
  {
    "languages": [
      "fr"
    ],
    "ids": {
      "iso_3166_1": [
        "GN",
        "GIN",
        "324"
      ],
      "fips": "GV",
      "geonames": 2420477
    },
    "long": {
      "default": "Guinea"
    },
    "area": 245857,
    "currency": "GNF",
    "phone": "224",
    "continent": "AF",
    "population": 10324025
  },
  {
    "languages": [
      "pt"
    ],
    "ids": {
      "iso_3166_1": [
        "GW",
        "GNB",
        "624"
      ],
      "fips": "PU",
      "geonames": 2372248
    },
    "long": {
      "default": "Guinea-Bissau"
    },
    "area": 36120,
    "currency": "XOF",
    "phone": "245",
    "continent": "AF",
    "population": 1565126
  },
  {
    "languages": [
      "en"
    ],
    "ids": {
      "iso_3166_1": [
        "GY",
        "GUY",
        "328"
      ],
      "fips": "GY",
      "geonames": 3378535
    },
    "long": {
      "default": "Guyana"
    },
    "area": 214970,
    "currency": "GYD",
    "phone": "592",
    "continent": "SA",
    "population": 748486
  },
  {
    "languages": [
      "ht"
    ],
    "ids": {
      "iso_3166_1": [
        "HT",
        "HTI",
        "332"
      ],
      "fips": "HA",
      "geonames": 3723988
    },
    "long": {
      "default": "Haiti"
    },
    "area": 27750,
    "currency": "HTG",
    "phone": "509",
    "continent": "NA",
    "population": 9648924
  },
  {
    "languages": [
      ""
    ],
    "ids": {
      "iso_3166_1": [
        "HM",
        "HMD",
        "334"
      ],
      "fips": "HM",
      "geonames": 1547314
    },
    "long": {
      "default": "Heard Island and McDonald Islands"
    },
    "area": 412,
    "currency": "AUD",
    "phone": " ",
    "continent": "AN"
  },
  {
    "languages": [
      "la"
    ],
    "ids": {
      "iso_3166_1": [
        "VA",
        "VAT",
        "336"
      ],
      "fips": "VT",
      "geonames": 3164670
    },
    "long": {
      "default": "Holy See"
    },
    "short": {
      "default": "Vatican"
    },
    "area": 0,
    "currency": "EUR",
    "phone": "379",
    "continent": "EU",
    "population": 921
  },
  {
    "languages": [
      "es"
    ],
    "ids": {
      "iso_3166_1": [
        "HN",
        "HND",
        "340"
      ],
      "fips": "HO",
      "geonames": 3608932
    },
    "long": {
      "default": "Honduras"
    },
    "area": 112090,
    "currency": "HNL",
    "phone": "504",
    "continent": "NA",
    "population": 7989415
  },
  {
    "languages": [
      "zh"
    ],
    "ids": {
      "iso_3166_1": [
        "HK",
        "HKG",
        "344"
      ],
      "fips": "HK",
      "geonames": 1819730
    },
    "long": {
      "default": "Hong Kong"
    },
    "area": 1092,
    "currency": "HKD",
    "phone": "852",
    "continent": "AS",
    "population": 6898686
  },
  {
    "languages": [
      "hu"
    ],
    "ids": {
      "iso_3166_1": [
        "HU",
        "HUN",
        "348"
      ],
      "fips": "HU",
      "geonames": 719819
    },
    "long": {
      "default": "Hungary"
    },
    "area": 93030,
    "currency": "HUF",
    "phone": "36",
    "continent": "EU",
    "population": 9982000
  },
  {
    "languages": [
      "is"
    ],
    "ids": {
      "iso_3166_1": [
        "IS",
        "ISL",
        "352"
      ],
      "fips": "IC",
      "geonames": 2629691
    },
    "long": {
      "default": "Iceland"
    },
    "area": 103000,
    "currency": "ISK",
    "phone": "354",
    "continent": "EU",
    "population": 308910
  },
  {
    "languages": [
      "en"
    ],
    "ids": {
      "iso_3166_1": [
        "IN",
        "IND",
        "356"
      ],
      "fips": "IN",
      "geonames": 1269750
    },
    "long": {
      "default": "India"
    },
    "area": 3287590,
    "currency": "INR",
    "phone": "91",
    "continent": "AS",
    "population": 1173108018
  },
  {
    "languages": [
      "id"
    ],
    "ids": {
      "iso_3166_1": [
        "ID",
        "IDN",
        "360"
      ],
      "fips": "ID",
      "geonames": 1643084
    },
    "long": {
      "default": "Indonesia"
    },
    "area": 1919440,
    "currency": "IDR",
    "phone": "62",
    "continent": "AS",
    "population": 242968342
  },
  {
    "languages": [
      "fa"
    ],
    "ids": {
      "iso_3166_1": [
        "IR",
        "IRN",
        "364"
      ],
      "fips": "IR",
      "geonames": 130758
    },
    "long": {
      "default": "Islamic Republic of Iran"
    },
    "area": 1648000,
    "currency": "IRR",
    "phone": "98",
    "continent": "AS",
    "population": 76923300
  },
  {
    "languages": [
      "ar"
    ],
    "ids": {
      "iso_3166_1": [
        "IQ",
        "IRQ",
        "368"
      ],
      "fips": "IZ",
      "geonames": 99237
    },
    "long": {
      "default": "Iraq"
    },
    "area": 437072,
    "currency": "IQD",
    "phone": "964",
    "continent": "AS",
    "population": 29671605
  },
  {
    "languages": [
      "en"
    ],
    "ids": {
      "iso_3166_1": [
        "IE",
        "IRL",
        "372"
      ],
      "fips": "EI",
      "geonames": 2963597
    },
    "long": {
      "default": "Ireland"
    },
    "area": 70280,
    "currency": "EUR",
    "phone": "353",
    "trunkPrefix": "0",
    "mobileFormat": "8\\d{8}",
    "continent": "EU",
    "population": 4622917
  },
  {
    "languages": [
      "en"
    ],
    "ids": {
      "iso_3166_1": [
        "IM",
        "IMN",
        "833"
      ],
      "fips": false,
      "geonames": 3042225
    },
    "long": {
      "default": "Isle of Man"
    },
    "area": 572,
    "currency": "GBP",
    "phone": "441624",
    "continent": "EU",
    "population": 75049
  },
  {
    "languages": [
      "he"
    ],
    "ids": {
      "iso_3166_1": [
        "IL",
        "ISR",
        "376"
      ],
      "fips": "IS",
      "geonames": 294640
    },
    "long": {
      "default": "Israel"
    },
    "area": 20770,
    "currency": "ILS",
    "phone": "972",
    "continent": "AS",
    "population": 7353985
  },
  {
    "languages": [
      "it"
    ],
    "ids": {
      "iso_3166_1": [
        "IT",
        "ITA",
        "380"
      ],
      "fips": "IT",
      "geonames": 3175395
    },
    "long": {
      "default": "Italy"
    },
    "area": 301230,
    "currency": "EUR",
    "phone": "39",
    "trunkPrefix": "",
    "mobileFormat": "3\\d{8,9}",
    "continent": "EU",
    "population": 60340328
  },
  {
    "languages": [
      "en"
    ],
    "ids": {
      "iso_3166_1": [
        "JM",
        "JAM",
        "388"
      ],
      "fips": "JM",
      "geonames": 3489940
    },
    "long": {
      "default": "Jamaica"
    },
    "area": 10991,
    "currency": "JMD",
    "phone": "1876",
    "continent": "NA",
    "population": 2847232
  },
  {
    "languages": [
      "ja"
    ],
    "ids": {
      "iso_3166_1": [
        "JP",
        "JPN",
        "392"
      ],
      "fips": "JA",
      "geonames": 1861060
    },
    "long": {
      "default": "Japan"
    },
    "area": 377835,
    "currency": "JPY",
    "phone": "81",
    "continent": "AS",
    "population": 127288000
  },
  {
    "languages": [
      "en"
    ],
    "ids": {
      "iso_3166_1": [
        "JE",
        "JEY",
        "832"
      ],
      "fips": "JE",
      "geonames": 3042142
    },
    "long": {
      "default": "Jersey"
    },
    "area": 116,
    "currency": "GBP",
    "phone": "44",
    "trunkPrefix": "0",
    "landLineFormat": "1534\\d{5,6}",
    "mobileFormat": "7\\d{9}",
    "continent": "EU",
    "population": 90812
  },
  {
    "languages": [
      "ar"
    ],
    "ids": {
      "iso_3166_1": [
        "JO",
        "JOR",
        "400"
      ],
      "fips": "JO",
      "geonames": 248816
    },
    "long": {
      "default": "Jordan"
    },
    "area": 92300,
    "currency": "JOD",
    "phone": "962",
    "continent": "AS",
    "population": 6407085
  },
  {
    "languages": [
      "kk"
    ],
    "ids": {
      "iso_3166_1": [
        "KZ",
        "KAZ",
        "398"
      ],
      "fips": "KZ",
      "geonames": 1522867
    },
    "long": {
      "default": "Kazakhstan"
    },
    "area": 2717300,
    "currency": "KZT",
    "phone": "7",
    "continent": "AS",
    "population": 15340000
  },
  {
    "languages": [
      "en"
    ],
    "ids": {
      "iso_3166_1": [
        "KE",
        "KEN",
        "404"
      ],
      "fips": "KE",
      "geonames": 192950
    },
    "long": {
      "default": "Kenya"
    },
    "area": 582650,
    "currency": "KES",
    "phone": "254",
    "continent": "AF",
    "population": 40046566
  },
  {
    "languages": [
      "en"
    ],
    "ids": {
      "iso_3166_1": [
        "KI",
        "KIR",
        "296"
      ],
      "fips": "KR",
      "geonames": 4030945
    },
    "long": {
      "default": "Kiribati"
    },
    "area": 811,
    "currency": "AUD",
    "phone": "686",
    "continent": "OC",
    "population": 92533
  },
  {
    "languages": [
      "ko"
    ],
    "ids": {
      "iso_3166_1": [
        "KP",
        "PRK",
        "408"
      ],
      "fips": "KN",
      "geonames": 1873107
    },
    "long": {
      "default": "Democratic People's Republic of Korea"
    },
    "area": 120540,
    "currency": "KPW",
    "phone": "850",
    "continent": "AS",
    "population": 22912177
  },
  {
    "languages": [
      "ko"
    ],
    "ids": {
      "iso_3166_1": [
        "KR",
        "KOR",
        "410"
      ],
      "fips": "KS",
      "geonames": 1835841
    },
    "long": {
      "default": "Republic of Korea"
    },
    "area": 98480,
    "currency": "KRW",
    "phone": "82",
    "continent": "AS",
    "population": 48422644
  },
  {
    "languages": [
      "ar"
    ],
    "ids": {
      "iso_3166_1": [
        "KW",
        "KWT",
        "414"
      ],
      "fips": "KU",
      "geonames": 285570
    },
    "long": {
      "default": "Kuwait"
    },
    "area": 17820,
    "currency": "KWD",
    "phone": "965",
    "continent": "AS",
    "population": 2789132
  },
  {
    "languages": [
      "ky"
    ],
    "ids": {
      "iso_3166_1": [
        "KG",
        "KGZ",
        "417"
      ],
      "fips": "KG",
      "geonames": 1527747
    },
    "long": {
      "default": "Kyrgyzstan"
    },
    "area": 198500,
    "currency": "KGS",
    "phone": "996",
    "continent": "AS",
    "population": 5776500
  },
  {
    "languages": [
      "lo"
    ],
    "ids": {
      "iso_3166_1": [
        "LA",
        "LAO",
        "418"
      ],
      "fips": "LA",
      "geonames": 1655842
    },
    "long": {
      "default": "Lao People's Democratic Republic"
    },
    "area": 236800,
    "currency": "LAK",
    "phone": "856",
    "continent": "AS",
    "population": 6368162
  },
  {
    "languages": [
      "lv"
    ],
    "ids": {
      "iso_3166_1": [
        "LV",
        "LVA",
        "428"
      ],
      "fips": "LG",
      "geonames": 458258
    },
    "long": {
      "default": "Latvia"
    },
    "area": 64589,
    "currency": "EUR",
    "phone": "371",
    "trunkPrefix": "",
    "mobileFormat": "2\\d{7}",
    "continent": "EU",
    "population": 2217969
  },
  {
    "languages": [
      "ar"
    ],
    "ids": {
      "iso_3166_1": [
        "LB",
        "LBN",
        "422"
      ],
      "fips": "LE",
      "geonames": 272103
    },
    "long": {
      "default": "Lebanon"
    },
    "area": 10400,
    "currency": "LBP",
    "phone": "961",
    "continent": "AS",
    "population": 4125247
  },
  {
    "languages": [
      "en"
    ],
    "ids": {
      "iso_3166_1": [
        "LS",
        "LSO",
        "426"
      ],
      "fips": "LT",
      "geonames": 932692
    },
    "long": {
      "default": "Lesotho"
    },
    "area": 30355,
    "currency": "LSL",
    "phone": "266",
    "continent": "AF",
    "population": 1919552
  },
  {
    "languages": [
      "en"
    ],
    "ids": {
      "iso_3166_1": [
        "LR",
        "LBR",
        "430"
      ],
      "fips": "LI",
      "geonames": 2275384
    },
    "long": {
      "default": "Liberia"
    },
    "area": 111370,
    "currency": "LRD",
    "phone": "231",
    "continent": "AF",
    "population": 3685076
  },
  {
    "languages": [
      "ar"
    ],
    "ids": {
      "iso_3166_1": [
        "LY",
        "LBY",
        "434"
      ],
      "fips": "LY",
      "geonames": 2215636
    },
    "long": {
      "default": "Libya"
    },
    "area": 1759540,
    "currency": "LYD",
    "phone": "218",
    "continent": "AF",
    "population": 6461454
  },
  {
    "languages": [
      "de"
    ],
    "ids": {
      "iso_3166_1": [
        "LI",
        "LIE",
        "438"
      ],
      "fips": "LS",
      "geonames": 3042058
    },
    "long": {
      "default": "Liechtenstein"
    },
    "area": 160,
    "currency": "CHF",
    "phone": "423",
    "continent": "EU",
    "population": 35000
  },
  {
    "languages": [
      "lt"
    ],
    "ids": {
      "iso_3166_1": [
        "LT",
        "LTU",
        "440"
      ],
      "fips": "LH",
      "geonames": 597427
    },
    "long": {
      "default": "Lithuania"
    },
    "area": 65200,
    "currency": "EUR",
    "phone": "370",
    "trunkPrefix": "8",
    "mobileFormat": "6\\d{7}",
    "continent": "EU",
    "population": 2944459
  },
  {
    "languages": [
      "lb"
    ],
    "ids": {
      "iso_3166_1": [
        "LU",
        "LUX",
        "442"
      ],
      "fips": "LU",
      "geonames": 2960313
    },
    "long": {
      "default": "Luxembourg"
    },
    "area": 2586,
    "currency": "EUR",
    "phone": "352",
    "continent": "EU",
    "population": 497538
  },
  {
    "languages": [
      "zh"
    ],
    "ids": {
      "iso_3166_1": [
        "MO",
        "MAC",
        "446"
      ],
      "fips": "MC",
      "geonames": 1821275
    },
    "long": {
      "default": "Macao"
    },
    "area": 254,
    "currency": "MOP",
    "phone": "853",
    "continent": "AS",
    "population": 449198
  },
  {
    "languages": [
      "mk"
    ],
    "ids": {
      "iso_3166_1": [
        "MK",
        "MKD",
        "807"
      ],
      "fips": "MK",
      "geonames": 718075
    },
    "long": {
      "default": "Macedonia"
    },
    "area": 25333,
    "currency": "MKD",
    "phone": "389",
    "continent": "EU",
    "population": 2062294
  },
  {
    "languages": [
      "fr"
    ],
    "ids": {
      "iso_3166_1": [
        "MG",
        "MDG",
        "450"
      ],
      "fips": "MA",
      "geonames": 1062947
    },
    "long": {
      "default": "Madagascar"
    },
    "area": 587040,
    "currency": "MGA",
    "phone": "261",
    "continent": "AF",
    "population": 21281844
  },
  {
    "languages": [
      "ny"
    ],
    "ids": {
      "iso_3166_1": [
        "MW",
        "MWI",
        "454"
      ],
      "fips": "MI",
      "geonames": 927384
    },
    "long": {
      "default": "Malawi"
    },
    "area": 118480,
    "currency": "MWK",
    "phone": "265",
    "continent": "AF",
    "population": 15447500
  },
  {
    "languages": [
      "ms"
    ],
    "ids": {
      "iso_3166_1": [
        "MY",
        "MYS",
        "458"
      ],
      "fips": "MY",
      "geonames": 1733045
    },
    "long": {
      "default": "Malaysia"
    },
    "area": 329750,
    "currency": "MYR",
    "phone": "60",
    "continent": "AS",
    "population": 28274729
  },
  {
    "languages": [
      "dv"
    ],
    "ids": {
      "iso_3166_1": [
        "MV",
        "MDV",
        "462"
      ],
      "fips": "MV",
      "geonames": 1282028
    },
    "long": {
      "default": "Maldives"
    },
    "area": 300,
    "currency": "MVR",
    "phone": "960",
    "continent": "AS",
    "population": 395650
  },
  {
    "languages": [
      "fr"
    ],
    "ids": {
      "iso_3166_1": [
        "ML",
        "MLI",
        "466"
      ],
      "fips": "ML",
      "geonames": 2453866
    },
    "long": {
      "default": "Mali"
    },
    "area": 1240000,
    "currency": "XOF",
    "phone": "223",
    "continent": "AF",
    "population": 13796354
  },
  {
    "languages": [
      "mt"
    ],
    "ids": {
      "iso_3166_1": [
        "MT",
        "MLT",
        "470"
      ],
      "fips": "MT",
      "geonames": 2562770
    },
    "long": {
      "default": "Malta"
    },
    "area": 316,
    "currency": "EUR",
    "phone": "356",
    "continent": "EU",
    "population": 403000
  },
  {
    "languages": [
      "mh"
    ],
    "ids": {
      "iso_3166_1": [
        "MH",
        "MHL",
        "584"
      ],
      "fips": "RM",
      "geonames": 2080185
    },
    "long": {
      "default": "Marshall Islands"
    },
    "area": 181,
    "currency": "USD",
    "phone": "692",
    "continent": "OC",
    "population": 65859
  },
  {
    "languages": [
      "fr"
    ],
    "ids": {
      "iso_3166_1": [
        "MQ",
        "MTQ",
        "474"
      ],
      "fips": "MB",
      "geonames": 3570311
    },
    "long": {
      "default": "Martinique"
    },
    "area": 1100,
    "currency": "EUR",
    "phone": "596",
    "continent": "NA",
    "population": 432900
  },
  {
    "languages": [
      "ar"
    ],
    "ids": {
      "iso_3166_1": [
        "MR",
        "MRT",
        "478"
      ],
      "fips": "MR",
      "geonames": 2378080
    },
    "long": {
      "default": "Mauritania"
    },
    "area": 1030700,
    "currency": "MRO",
    "phone": "222",
    "continent": "AF",
    "population": 3205060
  },
  {
    "languages": [
      "en"
    ],
    "ids": {
      "iso_3166_1": [
        "MU",
        "MUS",
        "480"
      ],
      "fips": "MP",
      "geonames": 934292
    },
    "long": {
      "default": "Mauritius"
    },
    "area": 2040,
    "currency": "MUR",
    "phone": "230",
    "continent": "AF",
    "population": 1294104
  },
  {
    "languages": [
      "fr"
    ],
    "ids": {
      "iso_3166_1": [
        "YT",
        "MYT",
        "175"
      ],
      "fips": "MF",
      "geonames": 1024031
    },
    "long": {
      "default": "Mayotte"
    },
    "area": 374,
    "currency": "EUR",
    "phone": "262",
    "continent": "AF",
    "population": 159042
  },
  {
    "languages": [
      "es"
    ],
    "ids": {
      "iso_3166_1": [
        "MX",
        "MEX",
        "484"
      ],
      "fips": "MX",
      "geonames": 3996063
    },
    "long": {
      "default": "Mexico"
    },
    "area": 1972550,
    "currency": "MXN",
    "phone": "52",
    "continent": "NA",
    "population": 112468855
  },
  {
    "languages": [
      "en"
    ],
    "ids": {
      "iso_3166_1": [
        "FM",
        "FSM",
        "583"
      ],
      "fips": "FM",
      "geonames": 2081918
    },
    "long": {
      "default": "Federated States of Micronesia"
    },
    "area": 702,
    "currency": "USD",
    "phone": "691",
    "continent": "OC",
    "population": 107708
  },
  {
    "languages": [
      "ro"
    ],
    "ids": {
      "iso_3166_1": [
        "MD",
        "MDA",
        "498"
      ],
      "fips": "MD",
      "geonames": 617790
    },
    "long": {
      "default": "Republic of Moldova"
    },
    "area": 33843,
    "currency": "MDL",
    "phone": "373",
    "continent": "EU",
    "population": 4324000
  },
  {
    "languages": [
      "fr"
    ],
    "ids": {
      "iso_3166_1": [
        "MC",
        "MCO",
        "492"
      ],
      "fips": "MN",
      "geonames": 2993457
    },
    "long": {
      "default": "Monaco"
    },
    "area": 1,
    "currency": "EUR",
    "phone": "377",
    "continent": "EU",
    "population": 32965
  },
  {
    "languages": [
      "mn"
    ],
    "ids": {
      "iso_3166_1": [
        "MN",
        "MNG",
        "496"
      ],
      "fips": "MG",
      "geonames": 2029969
    },
    "long": {
      "default": "Mongolia"
    },
    "area": 1565000,
    "currency": "MNT",
    "phone": "976",
    "continent": "AS",
    "population": 3086918
  },
  {
    "languages": [
      "sr"
    ],
    "ids": {
      "iso_3166_1": [
        "ME",
        "MNE",
        "499"
      ],
      "fips": "MJ",
      "geonames": 3194884
    },
    "long": {
      "default": "Montenegro"
    },
    "area": 14026,
    "currency": "EUR",
    "phone": "382",
    "continent": "EU",
    "population": 666730
  },
  {
    "languages": [
      "en"
    ],
    "ids": {
      "iso_3166_1": [
        "MS",
        "MSR",
        "500"
      ],
      "fips": "MH",
      "geonames": 3578097
    },
    "long": {
      "default": "Montserrat"
    },
    "area": 102,
    "currency": "XCD",
    "phone": "1664",
    "continent": "NA",
    "population": 9341
  },
  {
    "languages": [
      "ar"
    ],
    "ids": {
      "iso_3166_1": [
        "MA",
        "MAR",
        "504"
      ],
      "fips": "MO",
      "geonames": 2542007
    },
    "long": {
      "default": "Morocco"
    },
    "area": 446550,
    "currency": "MAD",
    "phone": "212",
    "continent": "AF",
    "population": 31627428
  },
  {
    "languages": [
      "pt"
    ],
    "ids": {
      "iso_3166_1": [
        "MZ",
        "MOZ",
        "508"
      ],
      "fips": "MZ",
      "geonames": 1036973
    },
    "long": {
      "default": "Mozambique"
    },
    "area": 801590,
    "currency": "MZN",
    "phone": "258",
    "continent": "AF",
    "population": 22061451
  },
  {
    "languages": [
      "my"
    ],
    "ids": {
      "iso_3166_1": [
        "MM",
        "MMR",
        "104"
      ],
      "fips": "BM",
      "geonames": 1327865
    },
    "long": {
      "default": "Myanmar"
    },
    "area": 678500,
    "currency": "MMK",
    "phone": "95",
    "continent": "AS",
    "population": 53414374
  },
  {
    "languages": [
      "en"
    ],
    "ids": {
      "iso_3166_1": [
        "NA",
        "NAM",
        "516"
      ],
      "fips": "WA",
      "geonames": 3355338
    },
    "long": {
      "default": "Namibia"
    },
    "area": 825418,
    "currency": "NAD",
    "phone": "264",
    "continent": "AF",
    "population": 2128471
  },
  {
    "languages": [
      "na"
    ],
    "ids": {
      "iso_3166_1": [
        "NR",
        "NRU",
        "520"
      ],
      "fips": "NR",
      "geonames": 2110425
    },
    "long": {
      "default": "Nauru"
    },
    "area": 21,
    "currency": "AUD",
    "phone": "674",
    "continent": "OC",
    "population": 10065
  },
  {
    "languages": [
      "ne"
    ],
    "ids": {
      "iso_3166_1": [
        "NP",
        "NPL",
        "524"
      ],
      "fips": "NP",
      "geonames": 1282988
    },
    "long": {
      "default": "Nepal"
    },
    "area": 140800,
    "currency": "NPR",
    "phone": "977",
    "continent": "AS",
    "population": 28951852
  },
  {
    "languages": [
      "nl"
    ],
    "ids": {
      "iso_3166_1": [
        "NL",
        "NLD",
        "528"
      ],
      "fips": "NL",
      "geonames": 2750405
    },
    "long": {
      "default": "Netherlands"
    },
    "area": 41526,
    "currency": "EUR",
    "phone": "31",
    "trunkPrefix": "0",
    "mobileFormat": "6\\d{8}",
    "continent": "EU",
    "population": 16645000
  },
  {
    "languages": [
      "fr"
    ],
    "ids": {
      "iso_3166_1": [
        "NC",
        "NCL",
        "540"
      ],
      "fips": "NC",
      "geonames": 2139685
    },
    "long": {
      "default": "New Caledonia"
    },
    "area": 19060,
    "currency": "XPF",
    "phone": "687",
    "continent": "OC",
    "population": 216494
  },
  {
    "languages": [
      "en"
    ],
    "ids": {
      "iso_3166_1": [
        "NZ",
        "NZL",
        "554"
      ],
      "fips": "NZ",
      "geonames": 2186224
    },
    "long": {
      "default": "New Zealand"
    },
    "area": 268680,
    "currency": "NZD",
    "phone": "64",
    "trunkPrefix": "0",
    "landLineFormat": "[34679]\\d{7}",
    "mobileFormat": "2\\d{7,9}",
    "continent": "OC",
    "population": 4252277
  },
  {
    "languages": [
      "es"
    ],
    "ids": {
      "iso_3166_1": [
        "NI",
        "NIC",
        "558"
      ],
      "fips": "NU",
      "geonames": 3617476
    },
    "long": {
      "default": "Nicaragua"
    },
    "area": 129494,
    "currency": "NIO",
    "phone": "505",
    "continent": "NA",
    "population": 5995928
  },
  {
    "languages": [
      "fr"
    ],
    "ids": {
      "iso_3166_1": [
        "NE",
        "NER",
        "562"
      ],
      "fips": "NG",
      "geonames": 2440476
    },
    "long": {
      "default": "Niger"
    },
    "area": 1267000,
    "currency": "XOF",
    "phone": "227",
    "continent": "AF",
    "population": 15878271
  },
  {
    "languages": [
      "en"
    ],
    "ids": {
      "iso_3166_1": [
        "NG",
        "NGA",
        "566"
      ],
      "fips": "NI",
      "geonames": 2328926
    },
    "long": {
      "default": "Nigeria"
    },
    "area": 923768,
    "currency": "NGN",
    "phone": "234",
    "continent": "AF",
    "population": 154000000
  },
  {
    "languages": [
      "ni"
    ],
    "ids": {
      "iso_3166_1": [
        "NU",
        "NIU",
        "570"
      ],
      "fips": "NE",
      "geonames": 4036232
    },
    "long": {
      "default": "Niue"
    },
    "area": 260,
    "currency": "NZD",
    "phone": "683",
    "continent": "OC",
    "population": 2166
  },
  {
    "languages": [
      "en"
    ],
    "ids": {
      "iso_3166_1": [
        "NF",
        "NFK",
        "574"
      ],
      "fips": "NF",
      "geonames": 2155115
    },
    "long": {
      "default": "Norfolk Island"
    },
    "area": 34,
    "currency": "AUD",
    "phone": "672",
    "continent": "OC",
    "population": 1828
  },
  {
    "languages": [
      "fi"
    ],
    "ids": {
      "iso_3166_1": [
        "MP",
        "MNP",
        "580"
      ],
      "fips": "CQ",
      "geonames": 4041468
    },
    "long": {
      "default": "Northern Mariana Islands"
    },
    "area": 477,
    "currency": "USD",
    "phone": "1670",
    "continent": "OC",
    "population": 53883
  },
  {
    "languages": [
      "no"
    ],
    "ids": {
      "iso_3166_1": [
        "NO",
        "NOR",
        "578"
      ],
      "fips": "NO",
      "geonames": 3144096
    },
    "long": {
      "default": "Norway"
    },
    "area": 324220,
    "currency": "NOK",
    "phone": "47",
    "continent": "EU",
    "population": 5009150
  },
  {
    "languages": [
      "ar"
    ],
    "ids": {
      "iso_3166_1": [
        "OM",
        "OMN",
        "512"
      ],
      "fips": "MU",
      "geonames": 286963
    },
    "long": {
      "default": "Oman"
    },
    "area": 212460,
    "currency": "OMR",
    "phone": "968",
    "continent": "AS",
    "population": 2967717
  },
  {
    "languages": [
      "ur"
    ],
    "ids": {
      "iso_3166_1": [
        "PK",
        "PAK",
        "586"
      ],
      "fips": "PK",
      "geonames": 1168579
    },
    "long": {
      "default": "Pakistan"
    },
    "area": 803940,
    "currency": "PKR",
    "phone": "92",
    "continent": "AS",
    "population": 184404791
  },
  {
    "languages": [
      "pa"
    ],
    "ids": {
      "iso_3166_1": [
        "PW",
        "PLW",
        "585"
      ],
      "fips": "PS",
      "geonames": 1559582
    },
    "long": {
      "default": "Palau"
    },
    "area": 458,
    "currency": "USD",
    "phone": "680",
    "continent": "OC",
    "population": 19907
  },
  {
    "languages": [
      "ar"
    ],
    "ids": {
      "iso_3166_1": [
        "PS",
        "PSE",
        "275"
      ],
      "fips": false,
      "geonames": 6254930
    },
    "long": {
      "default": "State of Palestine"
    },
    "area": 5970,
    "currency": "ILS",
    "phone": "970",
    "continent": "AS",
    "population": 3800000
  },
  {
    "languages": [
      "es"
    ],
    "ids": {
      "iso_3166_1": [
        "PA",
        "PAN",
        "591"
      ],
      "fips": "PM",
      "geonames": 3703430
    },
    "long": {
      "default": "Panama"
    },
    "area": 78200,
    "currency": "PAB",
    "phone": "507",
    "continent": "NA",
    "population": 3410676
  },
  {
    "languages": [
      "en"
    ],
    "ids": {
      "iso_3166_1": [
        "PG",
        "PNG",
        "598"
      ],
      "fips": "PP",
      "geonames": 2088628
    },
    "long": {
      "default": "Papua New Guinea"
    },
    "area": 462840,
    "currency": "PGK",
    "phone": "675",
    "continent": "OC",
    "population": 6064515
  },
  {
    "languages": [
      "es"
    ],
    "ids": {
      "iso_3166_1": [
        "PY",
        "PRY",
        "600"
      ],
      "fips": "PA",
      "geonames": 3437598
    },
    "long": {
      "default": "Paraguay"
    },
    "area": 406750,
    "currency": "PYG",
    "phone": "595",
    "continent": "SA",
    "population": 6375830
  },
  {
    "languages": [
      "es"
    ],
    "ids": {
      "iso_3166_1": [
        "PE",
        "PER",
        "604"
      ],
      "fips": "PE",
      "geonames": 3932488
    },
    "long": {
      "default": "Peru"
    },
    "area": 1285220,
    "currency": "PEN",
    "phone": "51",
    "continent": "SA",
    "population": 29907003
  },
  {
    "languages": [
      "tl"
    ],
    "ids": {
      "iso_3166_1": [
        "PH",
        "PHL",
        "608"
      ],
      "fips": "RP",
      "geonames": 1694008
    },
    "long": {
      "default": "Philippines"
    },
    "area": 300000,
    "currency": "PHP",
    "phone": "63",
    "continent": "AS",
    "population": 99900177
  },
  {
    "languages": [
      "en"
    ],
    "ids": {
      "iso_3166_1": [
        "PN",
        "PCN",
        "612"
      ],
      "fips": "PC",
      "geonames": 4030699
    },
    "long": {
      "default": "Pitcairn"
    },
    "area": 47,
    "currency": "NZD",
    "phone": "870",
    "continent": "OC",
    "population": 46
  },
  {
    "languages": [
      "pl"
    ],
    "ids": {
      "iso_3166_1": [
        "PL",
        "POL",
        "616"
      ],
      "fips": "PL",
      "geonames": 798544
    },
    "long": {
      "default": "Poland"
    },
    "area": 312685,
    "currency": "PLN",
    "phone": "48",
    "continent": "EU",
    "population": 38500000
  },
  {
    "languages": [
      "pt"
    ],
    "ids": {
      "iso_3166_1": [
        "PT",
        "PRT",
        "620"
      ],
      "fips": "PO",
      "geonames": 2264397
    },
    "long": {
      "default": "Portugal"
    },
    "area": 92391,
    "currency": "EUR",
    "phone": "351",
    "continent": "EU",
    "population": 10676000
  },
  {
    "languages": [
      "en"
    ],
    "ids": {
      "iso_3166_1": [
        "PR",
        "PRI",
        "630"
      ],
      "fips": "RQ",
      "geonames": 4566966
    },
    "long": {
      "default": "Puerto Rico"
    },
    "area": 9104,
    "currency": "USD",
    "phone": "1787 and 1939",
    "continent": "NA",
    "population": 3916632
  },
  {
    "languages": [
      "ar"
    ],
    "ids": {
      "iso_3166_1": [
        "QA",
        "QAT",
        "634"
      ],
      "fips": "QA",
      "geonames": 289688
    },
    "long": {
      "default": "Qatar"
    },
    "area": 11437,
    "currency": "QAR",
    "phone": "974",
    "continent": "AS",
    "population": 840926
  },
  {
    "languages": [
      "fr"
    ],
    "ids": {
      "iso_3166_1": [
        "RE",
        "REU",
        "638"
      ],
      "fips": "RE",
      "geonames": 935317
    },
    "long": {
      "default": "Reunion"
    },
    "area": 2517,
    "currency": "EUR",
    "phone": "262",
    "continent": "AF",
    "population": 776948
  },
  {
    "languages": [
      "ro"
    ],
    "ids": {
      "iso_3166_1": [
        "RO",
        "ROU",
        "642"
      ],
      "fips": "RO",
      "geonames": 798549
    },
    "long": {
      "default": "Romania"
    },
    "area": 237500,
    "currency": "RON",
    "phone": "40",
    "continent": "EU",
    "population": 21959278
  },
  {
    "languages": [
      "ru"
    ],
    "ids": {
      "iso_3166_1": [
        "RU",
        "RUS",
        "643"
      ],
      "fips": "RS",
      "geonames": 2017370
    },
    "long": {
      "default": "Russian Federation"
    },
    "short": {
      "default": "Russia"
    },
    "area": 17100000,
    "currency": "RUB",
    "phone": "7",
    "continent": "EU",
    "population": 140702000
  },
  {
    "languages": [
      "rw"
    ],
    "ids": {
      "iso_3166_1": [
        "RW",
        "RWA",
        "646"
      ],
      "fips": "RW",
      "geonames": 49518
    },
    "long": {
      "default": "Rwanda"
    },
    "area": 26338,
    "currency": "RWF",
    "phone": "250",
    "continent": "AF",
    "population": 11055976
  },
  {
    "languages": [
      "fr"
    ],
    "ids": {
      "iso_3166_1": [
        "BL",
        "BLM",
        "652"
      ],
      "fips": "TB",
      "geonames": 3578476
    },
    "long": {
      "default": "Saint Barthelemy"
    },
    "area": 21,
    "currency": "EUR",
    "phone": "590",
    "continent": "NA",
    "population": 8450
  },
  {
    "languages": [
      "en"
    ],
    "ids": {
      "iso_3166_1": [
        "SH",
        "SHN",
        "654"
      ],
      "fips": "SH",
      "geonames": 3370751
    },
    "long": {
      "default": "Saint Helena, Ascension and Tristan da Cunha"
    },
    "area": 410,
    "currency": "SHP",
    "phone": "290",
    "continent": "AF",
    "population": 7460
  },
  {
    "languages": [
      "en"
    ],
    "ids": {
      "iso_3166_1": [
        "KN",
        "KNA",
        "659"
      ],
      "fips": "SC",
      "geonames": 3575174
    },
    "long": {
      "default": "Saint Kitts and Nevis"
    },
    "area": 261,
    "currency": "XCD",
    "phone": "1869",
    "continent": "NA",
    "population": 51134
  },
  {
    "languages": [
      "en"
    ],
    "ids": {
      "iso_3166_1": [
        "LC",
        "LCA",
        "662"
      ],
      "fips": "",
      "geonames": 3576468
    },
    "long": {
      "default": "Saint Lucia"
    },
    "area": 616,
    "currency": "XCD",
    "phone": "1758",
    "continent": "NA",
    "population": 160922
  },
  {
    "languages": [
      "fr"
    ],
    "ids": {
      "iso_3166_1": [
        "MF",
        "MAF",
        "663"
      ],
      "fips": "RN",
      "geonames": 3578421
    },
    "long": {
      "default": "Saint Martin"
    },
    "area": 53,
    "currency": "EUR",
    "phone": "590",
    "continent": "NA",
    "population": 35925
  },
  {
    "languages": [
      "fr"
    ],
    "ids": {
      "iso_3166_1": [
        "PM",
        "SPM",
        "666"
      ],
      "fips": "SB",
      "geonames": 3424932
    },
    "long": {
      "default": "Saint Pierre and Miquelon"
    },
    "area": 242,
    "currency": "EUR",
    "phone": "508",
    "continent": "NA",
    "population": 7012
  },
  {
    "languages": [
      "en"
    ],
    "ids": {
      "iso_3166_1": [
        "VC",
        "VCT",
        "670"
      ],
      "fips": "VC",
      "geonames": 3577815
    },
    "long": {
      "default": "Saint Vincent and the Grenadines"
    },
    "area": 389,
    "currency": "XCD",
    "phone": "1784",
    "continent": "NA",
    "population": 104217
  },
  {
    "languages": [
      "sm"
    ],
    "ids": {
      "iso_3166_1": [
        "WS",
        "WSM",
        "882"
      ],
      "fips": "WS",
      "geonames": 4034894
    },
    "long": {
      "default": "Samoa"
    },
    "area": 2944,
    "currency": "WST",
    "phone": "685",
    "continent": "OC",
    "population": 192001
  },
  {
    "languages": [
      "it"
    ],
    "ids": {
      "iso_3166_1": [
        "SM",
        "SMR",
        "674"
      ],
      "fips": "SM",
      "geonames": 3168068
    },
    "long": {
      "default": "San Marino"
    },
    "area": 61,
    "currency": "EUR",
    "phone": "378",
    "continent": "EU",
    "population": 31477
  },
  {
    "languages": [
      "pt"
    ],
    "ids": {
      "iso_3166_1": [
        "ST",
        "STP",
        "678"
      ],
      "fips": "TP",
      "geonames": 2410758
    },
    "long": {
      "default": "Sao Tome and Principe"
    },
    "area": 1001,
    "currency": "STD",
    "phone": "239",
    "continent": "AF",
    "population": 175808
  },
  {
    "languages": [
      "ar"
    ],
    "ids": {
      "iso_3166_1": [
        "SA",
        "SAU",
        "682"
      ],
      "fips": "SA",
      "geonames": 102358
    },
    "long": {
      "default": "Saudi Arabia"
    },
    "area": 1960582,
    "currency": "SAR",
    "phone": "966",
    "continent": "AS",
    "population": 25731776
  },
  {
    "languages": [
      "fr"
    ],
    "ids": {
      "iso_3166_1": [
        "SN",
        "SEN",
        "686"
      ],
      "fips": "SG",
      "geonames": 2245662
    },
    "long": {
      "default": "Senegal"
    },
    "area": 196190,
    "currency": "XOF",
    "phone": "221",
    "continent": "AF",
    "population": 12323252
  },
  {
    "languages": [
      "sr"
    ],
    "ids": {
      "iso_3166_1": [
        "RS",
        "SRB",
        "688"
      ],
      "fips": "RI",
      "geonames": 6290252
    },
    "long": {
      "default": "Serbia"
    },
    "area": 88361,
    "currency": "RSD",
    "phone": "381",
    "continent": "EU",
    "population": 7344847
  },
  {
    "languages": [
      "en"
    ],
    "ids": {
      "iso_3166_1": [
        "SC",
        "SYC",
        "690"
      ],
      "fips": "SE",
      "geonames": 241170
    },
    "long": {
      "default": "Seychelles"
    },
    "area": 455,
    "currency": "SCR",
    "phone": "248",
    "continent": "AF",
    "population": 88340
  },
  {
    "languages": [
      "en"
    ],
    "ids": {
      "iso_3166_1": [
        "SL",
        "SLE",
        "694"
      ],
      "fips": "SL",
      "geonames": 2403846
    },
    "long": {
      "default": "Sierra Leone"
    },
    "area": 71740,
    "currency": "SLL",
    "phone": "232",
    "continent": "AF",
    "population": 5245695
  },
  {
    "languages": [
      "cm"
    ],
    "ids": {
      "iso_3166_1": [
        "SG",
        "SGP",
        "702"
      ],
      "fips": "SN",
      "geonames": 1880251
    },
    "long": {
      "default": "Singapore"
    },
    "area": 692,
    "currency": "SGD",
    "phone": "65",
    "continent": "AS",
    "population": 4701069
  },
  {
    "languages": [
      "nl"
    ],
    "ids": {
      "iso_3166_1": [
        "SX",
        "SXM",
        "534"
      ],
      "fips": false,
      "geonames": 7609695
    },
    "long": {
      "default": "Sint Maarten (Dutch part)"
    },
    "area": 21,
    "currency": "ANG",
    "phone": "599",
    "continent": "NA",
    "population": 37429
  },
  {
    "languages": [
      "sk"
    ],
    "ids": {
      "iso_3166_1": [
        "SK",
        "SVK",
        "703"
      ],
      "fips": "LO",
      "geonames": 3057568
    },
    "long": {
      "default": "Slovakia"
    },
    "area": 48845,
    "currency": "EUR",
    "phone": "421",
    "continent": "EU",
    "population": 5455000
  },
  {
    "languages": [
      "sl"
    ],
    "ids": {
      "iso_3166_1": [
        "SI",
        "SVN",
        "705"
      ],
      "fips": "SI",
      "geonames": 3190538
    },
    "long": {
      "default": "Slovenia"
    },
    "area": 20273,
    "currency": "EUR",
    "phone": "386",
    "continent": "EU",
    "population": 2007000
  },
  {
    "languages": [
      "en"
    ],
    "ids": {
      "iso_3166_1": [
        "SB",
        "SLB",
        "090"
      ],
      "fips": "BP",
      "geonames": 2103350
    },
    "long": {
      "default": "Solomon Islands"
    },
    "area": 28450,
    "currency": "SBD",
    "phone": "677",
    "continent": "OC",
    "population": 559198
  },
  {
    "languages": [
      "so"
    ],
    "ids": {
      "iso_3166_1": [
        "SO",
        "SOM",
        "706"
      ],
      "fips": "SO",
      "geonames": 51537
    },
    "long": {
      "default": "Somalia"
    },
    "area": 637657,
    "currency": "SOS",
    "phone": "252",
    "continent": "AF",
    "population": 10112453
  },
  {
    "languages": [
      "zu"
    ],
    "ids": {
      "iso_3166_1": [
        "ZA",
        "ZAF",
        "710"
      ],
      "fips": "SF",
      "geonames": 953987
    },
    "long": {
      "default": "South Africa"
    },
    "area": 1219912,
    "currency": "ZAR",
    "phone": "27",
    "continent": "AF",
    "population": 49000000
  },
  {
    "languages": [
      "en"
    ],
    "ids": {
      "iso_3166_1": [
        "GS",
        "SGS",
        "239"
      ],
      "fips": "SX",
      "geonames": 3474415
    },
    "long": {
      "default": "South Georgia and the South Sandwich Islands"
    },
    "area": 3903,
    "currency": "GBP",
    "continent": "AN",
    "population": 30
  },
  {
    "languages": [
      "en"
    ],
    "ids": {
      "iso_3166_1": [
        "SS",
        "SSD",
        "728"
      ],
      "fips": false,
      "geonames": 7909807
    },
    "long": {
      "default": "South Sudan"
    },
    "area": 644329,
    "currency": "SSP",
    "phone": "211",
    "continent": "AF",
    "population": 8260490
  },
  {
    "languages": [
      "es"
    ],
    "ids": {
      "iso_3166_1": [
        "ES",
        "ESP",
        "724"
      ],
      "fips": "SP",
      "geonames": 2510769
    },
    "long": {
      "default": "Spain"
    },
    "area": 504782,
    "currency": "EUR",
    "phone": "34",
    "continent": "EU",
    "population": 46505963
  },
  {
    "languages": [
      "si"
    ],
    "ids": {
      "iso_3166_1": [
        "LK",
        "LKA",
        "144"
      ],
      "fips": "CE",
      "geonames": 1227603
    },
    "long": {
      "default": "Sri Lanka"
    },
    "area": 65610,
    "currency": "LKR",
    "phone": "94",
    "continent": "AS",
    "population": 21513990
  },
  {
    "languages": [
      "ar"
    ],
    "ids": {
      "iso_3166_1": [
        "SD",
        "SDN",
        "736"
      ],
      "fips": "SU",
      "geonames": 366755
    },
    "long": {
      "default": "Sudan"
    },
    "area": 1861484,
    "currency": "SDG",
    "phone": "249",
    "continent": "AF",
    "population": 35000000
  },
  {
    "languages": [
      "nl"
    ],
    "ids": {
      "iso_3166_1": [
        "SR",
        "SUR",
        "740"
      ],
      "fips": "NS",
      "geonames": 3382998
    },
    "long": {
      "default": "Suriname"
    },
    "area": 163270,
    "currency": "SRD",
    "phone": "597",
    "continent": "SA",
    "population": 492829
  },
  {
    "languages": [
      "no"
    ],
    "ids": {
      "iso_3166_1": [
        "SJ",
        "SJM",
        "744"
      ],
      "fips": "SV",
      "geonames": 607072
    },
    "long": {
      "default": "Svalbard and Jan Mayen"
    },
    "area": 62049,
    "currency": "NOK",
    "phone": "47",
    "continent": "EU",
    "population": 2550
  },
  {
    "languages": [
      "en"
    ],
    "ids": {
      "iso_3166_1": [
        "SZ",
        "SWZ",
        "748"
      ],
      "fips": "WZ",
      "geonames": 934841
    },
    "long": {
      "default": "Swaziland"
    },
    "area": 17363,
    "currency": "SZL",
    "phone": "268",
    "continent": "AF",
    "population": 1354051
  },
  {
    "languages": [
      "sv"
    ],
    "ids": {
      "iso_3166_1": [
        "SE",
        "SWE",
        "752"
      ],
      "fips": "SW",
      "geonames": 2661886
    },
    "long": {
      "default": "Sweden"
    },
    "area": 449964,
    "currency": "SEK",
    "phone": "46",
    "continent": "EU",
    "population": 9828655
  },
  {
    "languages": [
      "de"
    ],
    "ids": {
      "iso_3166_1": [
        "CH",
        "CHE",
        "756"
      ],
      "fips": "SZ",
      "geonames": 2658434
    },
    "long": {
      "default": "Switzerland"
    },
    "area": 41290,
    "currency": "CHF",
    "phone": "41",
    "continent": "EU",
    "population": 7581000
  },
  {
    "languages": [
      "ar"
    ],
    "ids": {
      "iso_3166_1": [
        "SY",
        "SYR",
        "760"
      ],
      "fips": "SY",
      "geonames": 163843
    },
    "long": {
      "default": "Syrian Arab Republic"
    },
    "short": {
      "default": "Syria"
    },
    "area": 185180,
    "currency": "SYP",
    "phone": "963",
    "continent": "AS",
    "population": 22198110
  },
  {
    "languages": [
      "zh"
    ],
    "ids": {
      "iso_3166_1": [
        "TW",
        "TWN",
        "158"
      ],
      "fips": "TW",
      "geonames": 1668284
    },
    "long": {
      "default": "Taiwan"
    },
    "area": 35980,
    "currency": "TWD",
    "phone": "886",
    "continent": "AS",
    "population": 22894384
  },
  {
    "languages": [
      "tg"
    ],
    "ids": {
      "iso_3166_1": [
        "TJ",
        "TJK",
        "762"
      ],
      "fips": "TI",
      "geonames": 1220409
    },
    "long": {
      "default": "Tajikistan"
    },
    "area": 143100,
    "currency": "TJS",
    "phone": "992",
    "continent": "AS",
    "population": 7487489
  },
  {
    "languages": [
      "sw"
    ],
    "ids": {
      "iso_3166_1": [
        "TZ",
        "TZA",
        "834"
      ],
      "fips": "TZ",
      "geonames": 149590
    },
    "long": {
      "default": "United Republic of Tanzania"
    },
    "area": 945087,
    "currency": "TZS",
    "phone": "255",
    "continent": "AF",
    "population": 41892895
  },
  {
    "languages": [
      "th"
    ],
    "ids": {
      "iso_3166_1": [
        "TH",
        "THA",
        "764"
      ],
      "fips": "TH",
      "geonames": 1605651
    },
    "long": {
      "default": "Thailand"
    },
    "area": 514000,
    "currency": "THB",
    "phone": "66",
    "continent": "AS",
    "population": 67089500
  },
  {
    "languages": [
      "te"
    ],
    "ids": {
      "iso_3166_1": [
        "TL",
        "TLS",
        "626"
      ],
      "fips": "TT",
      "geonames": 1966436
    },
    "long": {
      "default": "Timor-Leste"
    },
    "area": 15007,
    "currency": "USD",
    "phone": "670",
    "continent": "OC",
    "population": 1154625
  },
  {
    "languages": [
      "fr"
    ],
    "ids": {
      "iso_3166_1": [
        "TG",
        "TGO",
        "768"
      ],
      "fips": "TO",
      "geonames": 2363686
    },
    "long": {
      "default": "Togo"
    },
    "area": 56785,
    "currency": "XOF",
    "phone": "228",
    "continent": "AF",
    "population": 6587239
  },
  {
    "languages": [
      "tk"
    ],
    "ids": {
      "iso_3166_1": [
        "TK",
        "TKL",
        "772"
      ],
      "fips": "TL",
      "geonames": 4031074
    },
    "long": {
      "default": "Tokelau"
    },
    "area": 10,
    "currency": "NZD",
    "phone": "690",
    "continent": "OC",
    "population": 1466
  },
  {
    "languages": [
      "to"
    ],
    "ids": {
      "iso_3166_1": [
        "TO",
        "TON",
        "776"
      ],
      "fips": "TN",
      "geonames": 4032283
    },
    "long": {
      "default": "Tonga"
    },
    "area": 748,
    "currency": "TOP",
    "phone": "676",
    "continent": "OC",
    "population": 122580
  },
  {
    "languages": [
      "en"
    ],
    "ids": {
      "iso_3166_1": [
        "TT",
        "TTO",
        "780"
      ],
      "fips": "TD",
      "geonames": 3573591
    },
    "long": {
      "default": "Trinidad and Tobago"
    },
    "area": 5128,
    "currency": "TTD",
    "phone": "1868",
    "continent": "NA",
    "population": 1228691
  },
  {
    "languages": [
      "ar"
    ],
    "ids": {
      "iso_3166_1": [
        "TN",
        "TUN",
        "788"
      ],
      "fips": "TS",
      "geonames": 2464461
    },
    "long": {
      "default": "Tunisia"
    },
    "area": 163610,
    "currency": "TND",
    "phone": "216",
    "continent": "AF",
    "population": 10589025
  },
  {
    "languages": [
      "tr"
    ],
    "ids": {
      "iso_3166_1": [
        "TR",
        "TUR",
        "792"
      ],
      "fips": "TU",
      "geonames": 298795
    },
    "long": {
      "default": "Turkey"
    },
    "area": 780580,
    "currency": "TRY",
    "phone": "90",
    "continent": "AS",
    "population": 77804122
  },
  {
    "languages": [
      "tk"
    ],
    "ids": {
      "iso_3166_1": [
        "TM",
        "TKM",
        "795"
      ],
      "fips": "TX",
      "geonames": 1218197
    },
    "long": {
      "default": "Turkmenistan"
    },
    "area": 488100,
    "currency": "TMT",
    "phone": "993",
    "continent": "AS",
    "population": 4940916
  },
  {
    "languages": [
      "en"
    ],
    "ids": {
      "iso_3166_1": [
        "TC",
        "TCA",
        "796"
      ],
      "fips": "TK",
      "geonames": 3576916
    },
    "long": {
      "default": "Turks and Caicos Islands"
    },
    "area": 430,
    "currency": "USD",
    "phone": "1649",
    "continent": "NA",
    "population": 20556
  },
  {
    "languages": [
      "tv"
    ],
    "ids": {
      "iso_3166_1": [
        "TV",
        "TUV",
        "798"
      ],
      "fips": "TV",
      "geonames": 2110297
    },
    "long": {
      "default": "Tuvalu"
    },
    "area": 26,
    "currency": "AUD",
    "phone": "688",
    "continent": "OC",
    "population": 10472
  },
  {
    "languages": [
      "en"
    ],
    "ids": {
      "iso_3166_1": [
        "UG",
        "UGA",
        "800"
      ],
      "fips": "UG",
      "geonames": 226074
    },
    "long": {
      "default": "Uganda"
    },
    "area": 236040,
    "currency": "UGX",
    "phone": "256",
    "continent": "AF",
    "population": 33398682
  },
  {
    "languages": [
      "uk"
    ],
    "ids": {
      "iso_3166_1": [
        "UA",
        "UKR",
        "804"
      ],
      "fips": "UP",
      "geonames": 690791
    },
    "long": {
      "default": "Ukraine"
    },
    "area": 603700,
    "currency": "UAH",
    "phone": "380",
    "continent": "EU",
    "population": 45415596
  },
  {
    "languages": [
      "ar"
    ],
    "ids": {
      "iso_3166_1": [
        "AE",
        "ARE",
        "784"
      ],
      "fips": "AE",
      "geonames": 290557
    },
    "long": {
      "default": "United Arab Emirates"
    },
    "area": 82880,
    "currency": "AED",
    "phone": "971",
    "continent": "AS",
    "population": 4975593
  },
  {
    "languages": [
      "en"
    ],
    "ids": {
      "iso_3166_1": [
        "GB",
        "GBR",
        "826"
      ],
      "fips": "UK",
      "geonames": 2635167
    },
    "long": {
      "default": "United Kingdom of Great Britain and Northern Ireland"
    },
    "short": {
      "default": "United Kingdom"
    },
    "area": 244820,
    "currency": "GBP",
    "phone": "44",
    "trunkPrefix": "0",
    "landLineFormat": "[1235]\\d{8,9}",
    "mobileFormat": "7\\d{9}",
    "continent": "EU",
    "population": 62348447
  },
  {
    "languages": [
      "en"
    ],
    "ids": {
      "iso_3166_1": [
        "US",
        "USA",
        "840"
      ],
      "fips": "US",
      "geonames": 6252001
    },
    "long": {
      "default": "United States of America"
    },
    "short": {
      "default": "United States"
    },
    "area": 9629091,
    "currency": "USD",
    "phone": "1",
    "trunkPrefix": "1",
    "landLineFormat": "[2-9]\\d{9}",
    "mobileFormat": "[2-9]\\d{9}",
    "continent": "NA",
    "population": 310232863
  },
  {
    "languages": [
      "en"
    ],
    "ids": {
      "iso_3166_1": [
        "UM",
        "UMI",
        "581"
      ],
      "fips": false,
      "geonames": 5854968
    },
    "long": {
      "default": "United States Minor Outlying Islands"
    },
    "currency": "USD",
    "phone": "1",
    "continent": "OC"
  },
  {
    "languages": [
      "es"
    ],
    "ids": {
      "iso_3166_1": [
        "UY",
        "URY",
        "858"
      ],
      "fips": "UY",
      "geonames": 3439705
    },
    "long": {
      "default": "Uruguay"
    },
    "area": 176220,
    "currency": "UYU",
    "phone": "598",
    "continent": "SA",
    "population": 3477000
  },
  {
    "languages": [
      "uz"
    ],
    "ids": {
      "iso_3166_1": [
        "UZ",
        "UZB",
        "860"
      ],
      "fips": "UZ",
      "geonames": 1512440
    },
    "long": {
      "default": "Uzbekistan"
    },
    "area": 447400,
    "currency": "UZS",
    "phone": "998",
    "continent": "AS",
    "population": 27865738
  },
  {
    "languages": [
      "bi"
    ],
    "ids": {
      "iso_3166_1": [
        "VU",
        "VUT",
        "548"
      ],
      "fips": "NH",
      "geonames": 2134431
    },
    "long": {
      "default": "Vanuatu"
    },
    "area": 12200,
    "currency": "VUV",
    "phone": "678",
    "continent": "OC",
    "population": 221552
  },
  {
    "languages": [
      "es"
    ],
    "ids": {
      "iso_3166_1": [
        "VE",
        "VEN",
        "862"
      ],
      "fips": "VE",
      "geonames": 3625428
    },
    "long": {
      "default": "Bolivarian Republic of Venezuela"
    },
    "short": {
      "default": "Venezuela"
    },
    "area": 912050,
    "currency": "VEF",
    "phone": "58",
    "continent": "SA",
    "population": 27223228
  },
  {
    "languages": [
      "vi"
    ],
    "ids": {
      "iso_3166_1": [
        "VN",
        "VNM",
        "704"
      ],
      "fips": "VM",
      "geonames": 1562822
    },
    "long": {
      "default": "Vietnam"
    },
    "area": 329560,
    "currency": "VND",
    "phone": "84",
    "continent": "AS",
    "population": 89571130
  },
  {
    "languages": [
      "en"
    ],
    "ids": {
      "iso_3166_1": [
        "VG",
        "VGB",
        "092"
      ],
      "fips": "VI",
      "geonames": 3577718
    },
    "long": {
      "default": "British Virgin Islands"
    },
    "area": 153,
    "currency": "USD",
    "phone": "1284",
    "continent": "NA",
    "population": 21730
  },
  {
    "languages": [
      "en"
    ],
    "ids": {
      "iso_3166_1": [
        "VI",
        "VIR",
        "850"
      ],
      "fips": "VQ",
      "geonames": 4796775
    },
    "long": {
      "default": "U.S. Virgin Islands"
    },
    "area": 352,
    "currency": "USD",
    "phone": "1340",
    "continent": "NA",
    "population": 108708
  },
  {
    "languages": [
      "wl"
    ],
    "ids": {
      "iso_3166_1": [
        "WF",
        "WLF",
        "876"
      ],
      "fips": "WF",
      "geonames": 4034749
    },
    "long": {
      "default": "Wallis and Futuna"
    },
    "area": 274,
    "currency": "XPF",
    "phone": "681",
    "continent": "OC",
    "population": 16025
  },
  {
    "languages": [
      "ar"
    ],
    "ids": {
      "iso_3166_1": [
        "EH",
        "ESH",
        "732"
      ],
      "fips": "WI",
      "geonames": 2461445
    },
    "long": {
      "default": "Western Sahara"
    },
    "area": 266000,
    "currency": "MAD",
    "phone": "212",
    "continent": "AF",
    "population": 273008
  },
  {
    "languages": [
      "ar"
    ],
    "ids": {
      "iso_3166_1": [
        "YE",
        "YEM",
        "887"
      ],
      "fips": "YM",
      "geonames": 69543
    },
    "long": {
      "default": "Yemen"
    },
    "area": 527970,
    "currency": "YER",
    "phone": "967",
    "continent": "AS",
    "population": 23495361
  },
  {
    "languages": [
      "en"
    ],
    "ids": {
      "iso_3166_1": [
        "ZM",
        "ZMB",
        "894"
      ],
      "fips": "ZA",
      "geonames": 895949
    },
    "long": {
      "default": "Zambia"
    },
    "area": 752614,
    "currency": "ZMW",
    "phone": "260",
    "continent": "AF",
    "population": 13460305
  },
  {
    "languages": [
      "en"
    ],
    "ids": {
      "iso_3166_1": [
        "ZW",
        "ZWE",
        "716"
      ],
      "fips": "ZI",
      "geonames": 878675
    },
    "long": {
      "default": "Republic of Zimbabwe"
    },
    "short": {
      "default": "Zimbabwe"
    },
    "area": 390580,
    "currency": "ZWL",
    "phone": "263",
    "continent": "AF",
    "population": 11651858
  }
]
