[
    {
        "parent": "AD",
        "ids": {
            "fips": "AN06",
            "geonames": 3039162,
            "iso_3166_2": "AD-06"
        },
        "long": {
            "default": "Sant Julià de Loria"
        }
    },
    {
        "parent": "AD",
        "ids": {
            "fips": "AN05",
            "geonames": 3039676,
            "iso_3166_2": "AD-05"
        },
        "long": {
            "default": "Ordino"
        }
    },
    {
        "parent": "AD",
        "ids": {
            "fips": "AN04",
            "geonames": 3040131,
            "iso_3166_2": "AD-04"
        },
        "long": {
            "default": "La Massana"
        }
    },
    {
        "parent": "AD",
        "ids": {
            "fips": "AN03",
            "geonames": 3040684,
            "iso_3166_2": "AD-03"
        },
        "long": {
            "default": "Encamp"
        }
    },
    {
        "parent": "AD",
        "ids": {
            "fips": "AN02",
            "geonames": 3041203,
            "iso_3166_2": "AD-02"
        },
        "long": {
            "default": "Canillo"
        }
    },
    {
        "parent": "AD",
        "ids": {
            "fips": "AN07",
            "geonames": 3041566,
            "iso_3166_2": "AD-07"
        },
        "long": {
            "default": "Andorra la Vella"
        }
    },
    {
        "parent": "AD",
        "ids": {
            "fips": "AN08",
            "geonames": 3338529,
            "iso_3166_2": "AD-08"
        },
        "long": {
            "default": "Escaldes-Engordany"
        }
    }
]