[
    {
        "parent": "AE",
        "ids": {
            "fips": "AE07",
            "geonames": 290595,
            "iso_3166_2": "AE-UQ"
        },
        "long": {
            "default": "Umm al Qaywayn"
        }
    },
    {
        "parent": "AE",
        "ids": {
            "fips": "AE05",
            "geonames": 291075,
            "iso_3166_2": "AE-RK"
        },
        "long": {
            "default": "Raʼs al Khaymah"
        }
    },
    {
        "parent": "AE",
        "ids": {
            "fips": "AE03",
            "geonames": 292224,
            "iso_3166_2": "AE-DU"
        },
        "long": {
            "default": "Dubai"
        }
    },
    {
        "parent": "AE",
        "ids": {
            "fips": "AE06",
            "geonames": 292673,
            "iso_3166_2": "AE-SH"
        },
        "long": {
            "default": "Ash Shāriqah"
        }
    },
    {
        "parent": "AE",
        "ids": {
            "fips": "AE04",
            "geonames": 292879,
            "iso_3166_2": "AE-FU"
        },
        "long": {
            "default": "Al Fujayrah"
        }
    },
    {
        "parent": "AE",
        "ids": {
            "fips": "AE02",
            "geonames": 292933,
            "iso_3166_2": "AE-AJ"
        },
        "long": {
            "default": "Ajman"
        }
    },
    {
        "parent": "AE",
        "ids": {
            "fips": "AE01",
            "geonames": 292969,
            "iso_3166_2": "AE-AZ"
        },
        "long": {
            "default": "Abu Dhabi"
        }
    }
]