[
    {
        "parent": "AF",
        "ids": {
            "fips": "AF28",
            "geonames": 1121143,
            "iso_3166_2": "AF-ZAB"
        },
        "long": {
            "default": "Zabul"
        }
    },
    {
        "parent": "AF",
        "ids": {
            "fips": "AF27",
            "geonames": 1121863,
            "iso_3166_2": "AF-WAR"
        },
        "long": {
            "default": "Vardak"
        }
    },
    {
        "parent": "AF",
        "ids": {
            "fips": "AF26",
            "geonames": 1123230,
            "iso_3166_2": "AF-TAK"
        },
        "long": {
            "default": "Takhar"
        }
    },
    {
        "parent": "AF",
        "ids": {
            "fips": "AF33",
            "geonames": 1127106,
            "iso_3166_2": "AF-SAR"
        },
        "long": {
            "default": "Sar-e Pol"
        }
    },
    {
        "parent": "AF",
        "ids": {
            "fips": "AF32",
            "geonames": 1127766,
            "iso_3166_2": "AF-SAM"
        },
        "long": {
            "default": "Samangan"
        }
    },
    {
        "parent": "AF",
        "ids": {
            "fips": "AF40",
            "geonames": 1131054,
            "iso_3166_2": "AF-PAR"
        },
        "long": {
            "default": "Parwan"
        }
    },
    {
        "parent": "AF",
        "ids": {
            "fips": "AF29",
            "geonames": 1131256,
            "iso_3166_2": "AF-PKA"
        },
        "long": {
            "default": "Paktika"
        }
    },
    {
        "parent": "AF",
        "ids": {
            "fips": "AF36",
            "geonames": 1131257,
            "iso_3166_2": "AF-PIA"
        },
        "long": {
            "default": "Paktia"
        }
    },
    {
        "parent": "AF",
        "ids": {
            "fips": "AF39",
            "geonames": 1131461,
            "iso_3166_2": "AF-URU"
        },
        "long": {
            "default": "Oruzgan"
        }
    },
    {
        "parent": "AF",
        "ids": {
            "fips": "AF19",
            "geonames": 1131821,
            "iso_3166_2": "AF-NIM"
        },
        "long": {
            "default": "Nimroz"
        }
    },
    {
        "parent": "AF",
        "ids": {
            "fips": "AF18",
            "geonames": 1132366,
            "iso_3166_2": "AF-NAN"
        },
        "long": {
            "default": "Nangarhar"
        }
    },
    {
        "parent": "AF",
        "ids": {
            "fips": "AF17",
            "geonames": 1134561,
            "iso_3166_2": "AF-LOG"
        },
        "long": {
            "default": "Logar"
        }
    },
    {
        "parent": "AF",
        "ids": {
            "fips": "AF35",
            "geonames": 1135022,
            "iso_3166_2": "AF-LAG"
        },
        "long": {
            "default": "Laghman"
        }
    },
    {
        "parent": "AF",
        "ids": {
            "fips": "AF24",
            "geonames": 1135690,
            "iso_3166_2": "AF-KDZ"
        },
        "long": {
            "default": "Kunduz"
        }
    },
    {
        "parent": "AF",
        "ids": {
            "fips": "AF34",
            "geonames": 1135702,
            "iso_3166_2": "AF-KNR"
        },
        "long": {
            "default": "Kunar"
        }
    },
    {
        "parent": "AF",
        "ids": {
            "fips": "AF14",
            "geonames": 1138255,
            "iso_3166_2": "AF-KAP"
        },
        "long": {
            "default": "Kapisa"
        }
    },
    {
        "parent": "AF",
        "ids": {
            "fips": "AF23",
            "geonames": 1138335,
            "iso_3166_2": "AF-KAN"
        },
        "long": {
            "default": "Kandahar"
        }
    },
    {
        "parent": "AF",
        "ids": {
            "fips": "AF13",
            "geonames": 1138957,
            "iso_3166_2": "AF-KAB"
        },
        "long": {
            "default": "Kabul"
        }
    },
    {
        "parent": "AF",
        "ids": {
            "fips": "AF31",
            "geonames": 1139049,
            "iso_3166_2": "AF-JOW"
        },
        "long": {
            "default": "Jowzjan"
        }
    },
    {
        "parent": "AF",
        "ids": {
            "fips": "AF11",
            "geonames": 1140025,
            "iso_3166_2": "AF-HER"
        },
        "long": {
            "default": "Herat"
        }
    },
    {
        "parent": "AF",
        "ids": {
            "fips": "AF10",
            "geonames": 1140043,
            "iso_3166_2": "AF-HEL"
        },
        "long": {
            "default": "Helmand"
        }
    },
    {
        "parent": "AF",
        "ids": {
            "fips": "AF09",
            "geonames": 1141103,
            "iso_3166_2": "AF-GHO"
        },
        "long": {
            "default": "Ghowr"
        }
    },
    {
        "parent": "AF",
        "ids": {
            "fips": "AF08",
            "geonames": 1141268,
            "iso_3166_2": "AF-GHA"
        },
        "long": {
            "default": "Ghazni"
        }
    },
    {
        "parent": "AF",
        "ids": {
            "fips": "AF07",
            "geonames": 1142226,
            "iso_3166_2": "AF-FYB"
        },
        "long": {
            "default": "Faryab"
        }
    },
    {
        "parent": "AF",
        "ids": {
            "fips": "AF06",
            "geonames": 1142263,
            "iso_3166_2": "AF-FRA"
        },
        "long": {
            "default": "Farah"
        }
    },
    {
        "parent": "AF",
        "ids": {
            "fips": "AF05",
            "geonames": 1147239,
            "iso_3166_2": "AF-BAM"
        },
        "long": {
            "default": "Bamyan"
        }
    },
    {
        "parent": "AF",
        "ids": {
            "fips": "AF30",
            "geonames": 1147288,
            "iso_3166_2": "AF-BAL"
        },
        "long": {
            "default": "Balkh"
        }
    },
    {
        "parent": "AF",
        "ids": {
            "fips": "AF03",
            "geonames": 1147537,
            "iso_3166_2": "AF-BGL"
        },
        "long": {
            "default": "Baghlan"
        }
    },
    {
        "parent": "AF",
        "ids": {
            "fips": "AF02",
            "geonames": 1147707,
            "iso_3166_2": "AF-BDG"
        },
        "long": {
            "default": "Badghis"
        }
    },
    {
        "parent": "AF",
        "ids": {
            "fips": "AF01",
            "geonames": 1147745,
            "iso_3166_2": "AF-BDS"
        },
        "long": {
            "default": "Badakhshan"
        }
    },
    {
        "parent": "AF",
        "ids": {
            "fips": "AF37",
            "geonames": 1444362,
            "iso_3166_2": "AF-KHO"
        },
        "long": {
            "default": "Khowst"
        }
    },
    {
        "parent": "AF",
        "ids": {
            "fips": "AF38",
            "geonames": 1444363,
            "iso_3166_2": "AF-NUR"
        },
        "long": {
            "default": "Nuristan"
        }
    },
    {
        "parent": "AF",
        "ids": {
            "fips": "AF41",
            "geonames": 6957553,
            "iso_3166_2": "AF-DAY"
        },
        "long": {
            "default": "Daykundi"
        }
    },
    {
        "parent": "AF",
        "ids": {
            "fips": "AF42",
            "geonames": 6957555,
            "iso_3166_2": "AF-PAN"
        },
        "long": {
            "default": "Panjshir"
        }
    }
]