[
    {
        "parent": "AG",
        "ids": {
            "fips": "AC08",
            "geonames": 3576015,
            "iso_3166_2": "AG-08"
        },
        "long": {
            "default": "Saint Philip"
        }
    },
    {
        "parent": "AG",
        "ids": {
            "fips": "AC07",
            "geonames": 3576016,
            "iso_3166_2": "AG-07"
        },
        "long": {
            "default": "Saint Peter"
        }
    },
    {
        "parent": "AG",
        "ids": {
            "fips": "AC06",
            "geonames": 3576017,
            "iso_3166_2": "AG-06"
        },
        "long": {
            "default": "Saint Paul"
        }
    },
    {
        "parent": "AG",
        "ids": {
            "fips": "AC05",
            "geonames": 3576018,
            "iso_3166_2": "AG-05"
        },
        "long": {
            "default": "Saint Mary"
        }
    },
    {
        "parent": "AG",
        "ids": {
            "fips": "AC04",
            "geonames": 3576023,
            "iso_3166_2": "AG-04"
        },
        "long": {
            "default": "Saint John"
        }
    },
    {
        "parent": "AG",
        "ids": {
            "fips": "AC03",
            "geonames": 3576024,
            "iso_3166_2": "AG-03"
        },
        "long": {
            "default": "Saint George"
        }
    },
    {
        "parent": "AG",
        "ids": {
            "fips": "AC09",
            "geonames": 3576037,
            "iso_3166_2": "AG-11"
        },
        "long": {
            "default": "Redonda"
        }
    },
    {
        "parent": "AG",
        "ids": {
            "fips": "AC01",
            "geonames": 3576390,
            "iso_3166_2": "AG-10"
        },
        "long": {
            "default": "Barbuda"
        }
    }
]