[
    {
        "parent": "AL",
        "ids": {
            "fips": "AL40",
            "geonames": 865730,
            "iso_3166_2": "AL-01"
        },
        "long": {
            "default": "Berat"
        }
    },
    {
        "parent": "AL",
        "ids": {
            "fips": "AL41",
            "geonames": 865731,
            "iso_3166_2": "AL-09"
        },
        "long": {
            "default": "Dibër"
        }
    },
    {
        "parent": "AL",
        "ids": {
            "fips": "AL43",
            "geonames": 865732,
            "iso_3166_2": "AL-03"
        },
        "long": {
            "default": "Elbasan"
        }
    },
    {
        "parent": "AL",
        "ids": {
            "fips": "AL45",
            "geonames": 865733,
            "iso_3166_2": "AL-05"
        },
        "long": {
            "default": "Gjirokastër"
        }
    },
    {
        "parent": "AL",
        "ids": {
            "fips": "AL46",
            "geonames": 865734,
            "iso_3166_2": "AL-06"
        },
        "long": {
            "default": "Korçë"
        }
    },
    {
        "parent": "AL",
        "ids": {
            "fips": "AL47",
            "geonames": 865735,
            "iso_3166_2": "AL-07"
        },
        "long": {
            "default": "Kukës"
        }
    },
    {
        "parent": "AL",
        "ids": {
            "fips": "AL42",
            "geonames": 3344947,
            "iso_3166_2": "AL-02"
        },
        "long": {
            "default": "Durrës"
        }
    },
    {
        "parent": "AL",
        "ids": {
            "fips": "AL44",
            "geonames": 3344948,
            "iso_3166_2": "AL-04"
        },
        "long": {
            "default": "Fier"
        }
    },
    {
        "parent": "AL",
        "ids": {
            "fips": "AL48",
            "geonames": 3344949,
            "iso_3166_2": "AL-08"
        },
        "long": {
            "default": "Lezhë"
        }
    },
    {
        "parent": "AL",
        "ids": {
            "fips": "AL49",
            "geonames": 3344950,
            "iso_3166_2": "AL-10"
        },
        "long": {
            "default": "Shkodër"
        }
    },
    {
        "parent": "AL",
        "ids": {
            "fips": "AL50",
            "geonames": 3344951,
            "iso_3166_2": "AL-11"
        },
        "long": {
            "default": "Tiranë"
        }
    },
    {
        "parent": "AL",
        "ids": {
            "fips": "AL51",
            "geonames": 3344952,
            "iso_3166_2": "AL-12"
        },
        "long": {
            "default": "Vlorë"
        }
    }
]