[
    {
        "parent": "AM",
        "ids": {
            "fips": "AM02",
            "geonames": 409313,
            "iso_3166_2": "AM-AR"
        },
        "long": {
            "default": "Ararat"
        }
    },
    {
        "parent": "AM",
        "ids": {
            "fips": "AM08",
            "geonames": 409314,
            "iso_3166_2": "AM-SU"
        },
        "long": {
            "default": "Syunik"
        }
    },
    {
        "parent": "AM",
        "ids": {
            "fips": "AM10",
            "geonames": 409315,
            "iso_3166_2": "AM-VD"
        },
        "long": {
            "default": "Vayots Dzor"
        }
    },
    {
        "parent": "AM",
        "ids": {
            "fips": "AM11",
            "geonames": 616051,
            "iso_3166_2": "AM-ER"
        },
        "long": {
            "default": "Yerevan"
        }
    },
    {
        "parent": "AM",
        "ids": {
            "fips": "AM01",
            "geonames": 828259,
            "iso_3166_2": "AM-AG"
        },
        "long": {
            "default": "Aragatsotn"
        }
    },
    {
        "parent": "AM",
        "ids": {
            "fips": "AM03",
            "geonames": 828260,
            "iso_3166_2": "AM-AV"
        },
        "long": {
            "default": "Armavir"
        }
    },
    {
        "parent": "AM",
        "ids": {
            "fips": "AM04",
            "geonames": 828261,
            "iso_3166_2": "AM-GR"
        },
        "long": {
            "default": "Gegharkunik"
        }
    },
    {
        "parent": "AM",
        "ids": {
            "fips": "AM05",
            "geonames": 828262,
            "iso_3166_2": "AM-KT"
        },
        "long": {
            "default": "Kotayk"
        }
    },
    {
        "parent": "AM",
        "ids": {
            "fips": "AM06",
            "geonames": 828263,
            "iso_3166_2": "AM-LO"
        },
        "long": {
            "default": "Lori"
        }
    },
    {
        "parent": "AM",
        "ids": {
            "fips": "AM07",
            "geonames": 828264,
            "iso_3166_2": "AM-SH"
        },
        "long": {
            "default": "Shirak"
        }
    },
    {
        "parent": "AM",
        "ids": {
            "fips": "AM09",
            "geonames": 828265,
            "iso_3166_2": "AM-TV"
        },
        "long": {
            "default": "Tavush"
        }
    }
]