[
    {
        "parent": "AO",
        "ids": {
            "fips": "AO18",
            "geonames": 145701,
            "iso_3166_2": "AO-LSU"
        },
        "long": {
            "default": "Lunda Sul"
        }
    },
    {
        "parent": "AO",
        "ids": {
            "fips": "AO17",
            "geonames": 145702,
            "iso_3166_2": "AO-LNO"
        },
        "long": {
            "default": "Luanda Norte"
        }
    },
    {
        "parent": "AO",
        "ids": {
            "fips": "AO14",
            "geonames": 875996,
            "iso_3166_2": "AO-MOX"
        },
        "long": {
            "default": "Moxico"
        }
    },
    {
        "parent": "AO",
        "ids": {
            "fips": "AO04",
            "geonames": 876337,
            "iso_3166_2": "AO-CCU"
        },
        "long": {
            "default": "Cuando Cobango"
        }
    },
    {
        "parent": "AO",
        "ids": {
            "fips": "AO16",
            "geonames": 2236355,
            "iso_3166_2": "AO-ZAI"
        },
        "long": {
            "default": "Zaire"
        }
    },
    {
        "parent": "AO",
        "ids": {
            "fips": "AO15",
            "geonames": 2236566,
            "iso_3166_2": "AO-UIG"
        },
        "long": {
            "default": "Uíge"
        }
    },
    {
        "parent": "AO",
        "ids": {
            "fips": "AO12",
            "geonames": 2239858,
            "iso_3166_2": "AO-MAL"
        },
        "long": {
            "default": "Malanje"
        }
    },
    {
        "parent": "AO",
        "ids": {
            "fips": "AO20",
            "geonames": 2240444,
            "iso_3166_2": "AO-LUA"
        },
        "long": {
            "default": "Luanda"
        }
    },
    {
        "parent": "AO",
        "ids": {
            "fips": "AO05",
            "geonames": 2241660,
            "iso_3166_2": "AO-CNO"
        },
        "long": {
            "default": "Cuanza Norte"
        }
    },
    {
        "parent": "AO",
        "ids": {
            "fips": "AO03",
            "geonames": 2243266,
            "iso_3166_2": "AO-CAB"
        },
        "long": {
            "default": "Cabinda"
        }
    },
    {
        "parent": "AO",
        "ids": {
            "fips": "AO19",
            "geonames": 2243598,
            "iso_3166_2": "AO-BGO"
        },
        "long": {
            "default": "Bengo"
        }
    },
    {
        "parent": "AO",
        "ids": {
            "fips": "AO13",
            "geonames": 3347016,
            "iso_3166_2": "AO-NAM"
        },
        "long": {
            "default": "Namibe"
        }
    },
    {
        "parent": "AO",
        "ids": {
            "fips": "AO09",
            "geonames": 3348303,
            "iso_3166_2": "AO-HUI"
        },
        "long": {
            "default": "Huíla"
        }
    },
    {
        "parent": "AO",
        "ids": {
            "fips": "AO08",
            "geonames": 3348310,
            "iso_3166_2": "AO-HUA"
        },
        "long": {
            "default": "Huambo"
        }
    },
    {
        "parent": "AO",
        "ids": {
            "fips": "AO07",
            "geonames": 3349096,
            "iso_3166_2": "AO-CNN"
        },
        "long": {
            "default": "Cunene"
        }
    },
    {
        "parent": "AO",
        "ids": {
            "fips": "AO06",
            "geonames": 3349234,
            "iso_3166_2": "AO-CUS"
        },
        "long": {
            "default": "Kwanza Sul"
        }
    },
    {
        "parent": "AO",
        "ids": {
            "fips": "AO02",
            "geonames": 3351640,
            "iso_3166_2": "AO-BIE"
        },
        "long": {
            "default": "Bíe"
        }
    },
    {
        "parent": "AO",
        "ids": {
            "fips": "AO01",
            "geonames": 3351660,
            "iso_3166_2": "AO-BGU"
        },
        "long": {
            "default": "Benguela"
        }
    }
]