[
    {
        "parent": "AR",
        "ids": {
            "fips": "AR14",
            "geonames": 3430657,
            "iso_3166_2": "AR-N"
        },
        "long": {
            "default": "Misiones"
        }
    },
    {
        "parent": "AR",
        "ids": {
            "fips": "AR09",
            "geonames": 3433896,
            "iso_3166_2": "AR-P"
        },
        "long": {
            "default": "Formosa"
        }
    },
    {
        "parent": "AR",
        "ids": {
            "fips": "AR07",
            "geonames": 3433955,
            "iso_3166_2": "AR-C"
        },
        "long": {
            "default": "Buenos Aires F.D."
        }
    },
    {
        "parent": "AR",
        "ids": {
            "fips": "AR08",
            "geonames": 3434137,
            "iso_3166_2": "AR-E"
        },
        "long": {
            "default": "Entre Ríos"
        }
    },
    {
        "parent": "AR",
        "ids": {
            "fips": "AR06",
            "geonames": 3435214,
            "iso_3166_2": "AR-W"
        },
        "long": {
            "default": "Corrientes"
        }
    },
    {
        "parent": "AR",
        "ids": {
            "fips": "AR01",
            "geonames": 3435907,
            "iso_3166_2": "AR-B"
        },
        "long": {
            "default": "Buenos Aires"
        }
    },
    {
        "parent": "AR",
        "ids": {
            "fips": "AR24",
            "geonames": 3833578,
            "iso_3166_2": "AR-T"
        },
        "long": {
            "default": "Tucumán"
        }
    },
    {
        "parent": "AR",
        "ids": {
            "fips": "AR23",
            "geonames": 3834450,
            "iso_3166_2": "AR-V"
        },
        "long": {
            "default": "Tierra del Fuego"
        }
    },
    {
        "parent": "AR",
        "ids": {
            "fips": "AR22",
            "geonames": 3835868,
            "iso_3166_2": "AR-G"
        },
        "long": {
            "default": "Santiago del Estero"
        }
    },
    {
        "parent": "AR",
        "ids": {
            "fips": "AR21",
            "geonames": 3836276,
            "iso_3166_2": "AR-S"
        },
        "long": {
            "default": "Santa Fe"
        }
    },
    {
        "parent": "AR",
        "ids": {
            "fips": "AR20",
            "geonames": 3836350,
            "iso_3166_2": "AR-Z"
        },
        "long": {
            "default": "Santa Cruz"
        }
    },
    {
        "parent": "AR",
        "ids": {
            "fips": "AR19",
            "geonames": 3837029,
            "iso_3166_2": "AR-D"
        },
        "long": {
            "default": "San Luis"
        }
    },
    {
        "parent": "AR",
        "ids": {
            "fips": "AR18",
            "geonames": 3837152,
            "iso_3166_2": "AR-J"
        },
        "long": {
            "default": "San Juan"
        }
    },
    {
        "parent": "AR",
        "ids": {
            "fips": "AR17",
            "geonames": 3838231,
            "iso_3166_2": "AR-A"
        },
        "long": {
            "default": "Salta"
        }
    },
    {
        "parent": "AR",
        "ids": {
            "fips": "AR16",
            "geonames": 3838830,
            "iso_3166_2": "AR-R"
        },
        "long": {
            "default": "Río Negro"
        }
    },
    {
        "parent": "AR",
        "ids": {
            "fips": "AR15",
            "geonames": 3843122,
            "iso_3166_2": "AR-Q"
        },
        "long": {
            "default": "Neuquén"
        }
    },
    {
        "parent": "AR",
        "ids": {
            "fips": "AR13",
            "geonames": 3844419,
            "iso_3166_2": "AR-M"
        },
        "long": {
            "default": "Mendoza"
        }
    },
    {
        "parent": "AR",
        "ids": {
            "fips": "AR12",
            "geonames": 3848949,
            "iso_3166_2": "AR-F"
        },
        "long": {
            "default": "La Rioja"
        }
    },
    {
        "parent": "AR",
        "ids": {
            "fips": "AR11",
            "geonames": 3849574,
            "iso_3166_2": "AR-L"
        },
        "long": {
            "default": "La Pampa"
        }
    },
    {
        "parent": "AR",
        "ids": {
            "fips": "AR10",
            "geonames": 3853404,
            "iso_3166_2": "AR-Y"
        },
        "long": {
            "default": "Jujuy"
        }
    },
    {
        "parent": "AR",
        "ids": {
            "fips": "AR05",
            "geonames": 3860255,
            "iso_3166_2": "AR-X"
        },
        "long": {
            "default": "Cordoba"
        }
    },
    {
        "parent": "AR",
        "ids": {
            "fips": "AR04",
            "geonames": 3861244,
            "iso_3166_2": "AR-U"
        },
        "long": {
            "default": "Chubut"
        }
    },
    {
        "parent": "AR",
        "ids": {
            "fips": "AR03",
            "geonames": 3861887,
            "iso_3166_2": "AR-H"
        },
        "long": {
            "default": "Chaco"
        }
    },
    {
        "parent": "AR",
        "ids": {
            "fips": "AR02",
            "geonames": 3862286,
            "iso_3166_2": "AR-K"
        },
        "long": {
            "default": "Catamarca"
        }
    }
]