[
    {
        "parent": "AS",
        "ids": {
            "fips": "AQ050",
            "geonames": 5880873,
            "iso_3166_2": false
        },
        "long": {
            "default": "Western District"
        }
    },
    {
        "parent": "AS",
        "ids": {
            "fips": "AQ040",
            "geonames": 5881199,
            "iso_3166_2": false
        },
        "long": {
            "default": "Swains Island"
        }
    },
    {
        "parent": "AS",
        "ids": {
            "fips": "AQ010",
            "geonames": 5881219,
            "iso_3166_2": false
        },
        "long": {
            "default": "Eastern District"
        }
    },
    {
        "parent": "AS",
        "ids": {
            "fips": "AQ020",
            "geonames": 5881436,
            "iso_3166_2": false
        },
        "long": {
            "default": "Manu'a"
        }
    },
    {
        "parent": "AS",
        "ids": {
            "fips": "AQ030",
            "geonames": 7309441,
            "iso_3166_2": false
        },
        "long": {
            "default": "Rose Island"
        }
    }
]