[
    {
        "parent": "AT",
        "ids": {
            "fips": "AU09",
            "geonames": 2761367,
            "iso_3166_2": "AT-9"
        },
        "long": {
            "default": "Vienna"
        }
    },
    {
        "parent": "AT",
        "ids": {
            "fips": "AU08",
            "geonames": 2762300,
            "iso_3166_2": "AT-8"
        },
        "long": {
            "default": "Vorarlberg"
        }
    },
    {
        "parent": "AT",
        "ids": {
            "fips": "AU07",
            "geonames": 2763586,
            "iso_3166_2": "AT-7"
        },
        "long": {
            "default": "Tyrol"
        }
    },
    {
        "parent": "AT",
        "ids": {
            "fips": "AU06",
            "geonames": 2764581,
            "iso_3166_2": "AT-6"
        },
        "long": {
            "default": "Styria"
        }
    },
    {
        "parent": "AT",
        "ids": {
            "fips": "AU05",
            "geonames": 2766823,
            "iso_3166_2": "AT-5"
        },
        "long": {
            "default": "Salzburg"
        }
    },
    {
        "parent": "AT",
        "ids": {
            "fips": "AU04",
            "geonames": 2769848,
            "iso_3166_2": "AT-4"
        },
        "long": {
            "default": "Upper Austria"
        }
    },
    {
        "parent": "AT",
        "ids": {
            "fips": "AU03",
            "geonames": 2770542,
            "iso_3166_2": "AT-3"
        },
        "long": {
            "default": "Lower Austria"
        }
    },
    {
        "parent": "AT",
        "ids": {
            "fips": "AU02",
            "geonames": 2774686,
            "iso_3166_2": "AT-2"
        },
        "long": {
            "default": "Carinthia"
        }
    },
    {
        "parent": "AT",
        "ids": {
            "fips": "AU01",
            "geonames": 2781194,
            "iso_3166_2": "AT-1"
        },
        "long": {
            "default": "Burgenland"
        }
    }
]