[
    {
        "parent": "AX",
        "ids": {
            "fips": false,
            "geonames": 9611689,
            "iso_3166_2": false
        },
        "long": {
            "default": "Mariehamns stad"
        }
    },
    {
        "parent": "AX",
        "ids": {
            "fips": false,
            "geonames": 9611692,
            "iso_3166_2": false
        },
        "long": {
            "default": "Ålands landsbygd"
        }
    },
    {
        "parent": "AX",
        "ids": {
            "fips": false,
            "geonames": 9611694,
            "iso_3166_2": false
        },
        "long": {
            "default": "Ålands skärgård"
        }
    }
]