[
    {
        "parent": "AZ",
        "ids": {
            "fips": "AJ12",
            "geonames": 146879,
            "iso_3166_2": "AZ-BEY"
        },
        "long": {
            "default": "Beylagan"
        }
    },
    {
        "parent": "AZ",
        "ids": {
            "fips": "AJ69",
            "geonames": 146900,
            "iso_3166_2": "AZ-ZAN"
        },
        "long": {
            "default": "Zangilan"
        }
    },
    {
        "parent": "AZ",
        "ids": {
            "fips": "AJ66",
            "geonames": 146962,
            "iso_3166_2": "AZ-YAR"
        },
        "long": {
            "default": "Yardymli"
        }
    },
    {
        "parent": "AZ",
        "ids": {
            "fips": "AJ55",
            "geonames": 147163,
            "iso_3166_2": "AZ-SUS"
        },
        "long": {
            "default": "Shusha"
        }
    },
    {
        "parent": "AZ",
        "ids": {
            "fips": "AJ49",
            "geonames": 147269,
            "iso_3166_2": "AZ-SAL"
        },
        "long": {
            "default": "Salyan"
        }
    },
    {
        "parent": "AZ",
        "ids": {
            "fips": "AJ46",
            "geonames": 147284,
            "iso_3166_2": "AZ-SAB"
        },
        "long": {
            "default": "Sabirabad"
        }
    },
    {
        "parent": "AZ",
        "ids": {
            "fips": "AJ45",
            "geonames": 147287,
            "iso_3166_2": "AZ-SAT"
        },
        "long": {
            "default": "Saatly"
        }
    },
    {
        "parent": "AZ",
        "ids": {
            "fips": "AJ13",
            "geonames": 147310,
            "iso_3166_2": "AZ-BIL"
        },
        "long": {
            "default": "Bilasuvar"
        }
    },
    {
        "parent": "AZ",
        "ids": {
            "fips": "AJ36",
            "geonames": 147422,
            "iso_3166_2": "AZ-NEF"
        },
        "long": {
            "default": "Neftchala"
        }
    },
    {
        "parent": "AZ",
        "ids": {
            "fips": "AJ35",
            "geonames": 147435,
            "iso_3166_2": "AZ-NX"
        },
        "long": {
            "default": "Nakhchivan"
        }
    },
    {
        "parent": "AZ",
        "ids": {
            "fips": false,
            "geonames": 147434,
            "iso_3166_2": "AZ-NV"
        },
        "long": {
            "default": "Nakhchivan"
        }
    },
    {
        "parent": "AZ",
        "ids": {
            "fips": "AJ32",
            "geonames": 147551,
            "iso_3166_2": "AZ-MAS"
        },
        "long": {
            "default": "Masally"
        }
    },
    {
        "parent": "AZ",
        "ids": {
            "fips": "AJ31",
            "geonames": 147610,
            "iso_3166_2": "AZ-LER"
        },
        "long": {
            "default": "Lerik"
        }
    },
    {
        "parent": "AZ",
        "ids": {
            "fips": "AJ29",
            "geonames": 147613,
            "iso_3166_2": "AZ-LAN"
        },
        "long": {
            "default": "Lənkəran"
        }
    },
    {
        "parent": "AZ",
        "ids": {
            "fips": "AJ28",
            "geonames": 147626,
            "iso_3166_2": "AZ-LAC"
        },
        "long": {
            "default": "Lachın"
        }
    },
    {
        "parent": "AZ",
        "ids": {
            "fips": "AJ43",
            "geonames": 147694,
            "iso_3166_2": "AZ-QBI"
        },
        "long": {
            "default": "Qubadlı"
        }
    },
    {
        "parent": "AZ",
        "ids": {
            "fips": "AJ24",
            "geonames": 147983,
            "iso_3166_2": "AZ-IMI"
        },
        "long": {
            "default": "Imishli"
        }
    },
    {
        "parent": "AZ",
        "ids": {
            "fips": "AJ18",
            "geonames": 148107,
            "iso_3166_2": "AZ-FUZ"
        },
        "long": {
            "default": "Fuzuli"
        }
    },
    {
        "parent": "AZ",
        "ids": {
            "fips": "AJ14",
            "geonames": 148140,
            "iso_3166_2": "AZ-CAB"
        },
        "long": {
            "default": "Jabrayil"
        }
    },
    {
        "parent": "AZ",
        "ids": {
            "fips": "AJ15",
            "geonames": 148155,
            "iso_3166_2": "AZ-CAL"
        },
        "long": {
            "default": "Jalilabad"
        }
    },
    {
        "parent": "AZ",
        "ids": {
            "fips": "AJ08",
            "geonames": 148442,
            "iso_3166_2": "AZ-AST"
        },
        "long": {
            "default": "Astara"
        }
    },
    {
        "parent": "AZ",
        "ids": {
            "fips": "AJ64",
            "geonames": 148449,
            "iso_3166_2": "AZ-XCI"
        },
        "long": {
            "default": "Khojaly"
        }
    },
    {
        "parent": "AZ",
        "ids": {
            "fips": "AJ02",
            "geonames": 148615,
            "iso_3166_2": "AZ-AGC"
        },
        "long": {
            "default": "Aghjabadi"
        }
    },
    {
        "parent": "AZ",
        "ids": {
            "fips": "AJ03",
            "geonames": 148617,
            "iso_3166_2": "AZ-AGM"
        },
        "long": {
            "default": "Agdam"
        }
    },
    {
        "parent": "AZ",
        "ids": {
            "fips": "AJ07",
            "geonames": 409417,
            "iso_3166_2": "AZ-SR"
        },
        "long": {
            "default": "Shirvan"
        }
    },
    {
        "parent": "AZ",
        "ids": {
            "fips": "AJ30",
            "geonames": 409418,
            "iso_3166_2": "AZ-LA"
        },
        "long": {
            "default": "Lankaran Sahari"
        }
    },
    {
        "parent": "AZ",
        "ids": {
            "fips": "AJ56",
            "geonames": 409419,
            "iso_3166_2": false
        },
        "long": {
            "default": "Shusha Sahari"
        }
    },
    {
        "parent": "AZ",
        "ids": {
            "fips": "AJ57",
            "geonames": 409420,
            "iso_3166_2": "AZ-TAR"
        },
        "long": {
            "default": "Tartar"
        }
    },
    {
        "parent": "AZ",
        "ids": {
            "fips": "AJ61",
            "geonames": 409421,
            "iso_3166_2": "AZ-XA"
        },
        "long": {
            "default": "Stepanakert"
        }
    },
    {
        "parent": "AZ",
        "ids": {
            "fips": "AJ65",
            "geonames": 409423,
            "iso_3166_2": "AZ-XVD"
        },
        "long": {
            "default": "Khojavend"
        }
    },
    {
        "parent": "AZ",
        "ids": {
            "fips": "AJ71",
            "geonames": 584583,
            "iso_3166_2": "AZ-ZAR"
        },
        "long": {
            "default": "Zərdab"
        }
    },
    {
        "parent": "AZ",
        "ids": {
            "fips": "AJ70",
            "geonames": 584604,
            "iso_3166_2": "AZ-ZAQ"
        },
        "long": {
            "default": "Zaqatala"
        }
    },
    {
        "parent": "AZ",
        "ids": {
            "fips": "AJ67",
            "geonames": 584650,
            "iso_3166_2": "AZ-YEV"
        },
        "long": {
            "default": "Yevlax"
        }
    },
    {
        "parent": "AZ",
        "ids": {
            "fips": "AJ37",
            "geonames": 584742,
            "iso_3166_2": "AZ-OGU"
        },
        "long": {
            "default": "Oghuz"
        }
    },
    {
        "parent": "AZ",
        "ids": {
            "fips": "AJ59",
            "geonames": 584783,
            "iso_3166_2": "AZ-UCA"
        },
        "long": {
            "default": "Ujar"
        }
    },
    {
        "parent": "AZ",
        "ids": {
            "fips": "AJ58",
            "geonames": 584861,
            "iso_3166_2": "AZ-TOV"
        },
        "long": {
            "default": "Tovuz"
        }
    },
    {
        "parent": "AZ",
        "ids": {
            "fips": "AJ50",
            "geonames": 585030,
            "iso_3166_2": "AZ-SMI"
        },
        "long": {
            "default": "Şhamakhı"
        }
    },
    {
        "parent": "AZ",
        "ids": {
            "fips": "AJ47",
            "geonames": 585031,
            "iso_3166_2": "AZ-SAK"
        },
        "long": {
            "default": "Şǝki"
        }
    },
    {
        "parent": "AZ",
        "ids": {
            "fips": "AJ51",
            "geonames": 585059,
            "iso_3166_2": "AZ-SKR"
        },
        "long": {
            "default": "Şǝmkir"
        }
    },
    {
        "parent": "AZ",
        "ids": {
            "fips": "AJ27",
            "geonames": 585686,
            "iso_3166_2": "AZ-KUR"
        },
        "long": {
            "default": "Kurdamir"
        }
    },
    {
        "parent": "AZ",
        "ids": {
            "fips": "AJ38",
            "geonames": 585738,
            "iso_3166_2": "AZ-QAB"
        },
        "long": {
            "default": "Qbala"
        }
    },
    {
        "parent": "AZ",
        "ids": {
            "fips": "AJ44",
            "geonames": 585749,
            "iso_3166_2": "AZ-QUS"
        },
        "long": {
            "default": "Qusar"
        }
    },
    {
        "parent": "AZ",
        "ids": {
            "fips": "AJ42",
            "geonames": 585786,
            "iso_3166_2": "AZ-QBA"
        },
        "long": {
            "default": "Quba"
        }
    },
    {
        "parent": "AZ",
        "ids": {
            "fips": "AJ62",
            "geonames": 585967,
            "iso_3166_2": "AZ-GYG"
        },
        "long": {
            "default": "Goygol"
        }
    },
    {
        "parent": "AZ",
        "ids": {
            "fips": "AJ60",
            "geonames": 586001,
            "iso_3166_2": "AZ-XAC"
        },
        "long": {
            "default": "Khachmaz"
        }
    },
    {
        "parent": "AZ",
        "ids": {
            "fips": "AJ26",
            "geonames": 586047,
            "iso_3166_2": "AZ-KAL"
        },
        "long": {
            "default": "Kalbajar"
        }
    },
    {
        "parent": "AZ",
        "ids": {
            "fips": "AJ40",
            "geonames": 586087,
            "iso_3166_2": "AZ-QAZ"
        },
        "long": {
            "default": "Qazakh"
        }
    },
    {
        "parent": "AZ",
        "ids": {
            "fips": "AJ21",
            "geonames": 586112,
            "iso_3166_2": "AZ-GOR"
        },
        "long": {
            "default": "Goranboy"
        }
    },
    {
        "parent": "AZ",
        "ids": {
            "fips": "AJ39",
            "geonames": 586290,
            "iso_3166_2": "AZ-QAX"
        },
        "long": {
            "default": "Qakh"
        }
    },
    {
        "parent": "AZ",
        "ids": {
            "fips": "AJ25",
            "geonames": 586320,
            "iso_3166_2": "AZ-ISM"
        },
        "long": {
            "default": "Ismailli"
        }
    },
    {
        "parent": "AZ",
        "ids": {
            "fips": "AJ22",
            "geonames": 586482,
            "iso_3166_2": "AZ-GOY"
        },
        "long": {
            "default": "Goychay"
        }
    },
    {
        "parent": "AZ",
        "ids": {
            "fips": "AJ17",
            "geonames": 586725,
            "iso_3166_2": "AZ-SBN"
        },
        "long": {
            "default": "Shabran"
        }
    },
    {
        "parent": "AZ",
        "ids": {
            "fips": "AJ16",
            "geonames": 586771,
            "iso_3166_2": "AZ-DAS"
        },
        "long": {
            "default": "Dashkasan"
        }
    },
    {
        "parent": "AZ",
        "ids": {
            "fips": "AJ10",
            "geonames": 587010,
            "iso_3166_2": "AZ-BAL"
        },
        "long": {
            "default": "Balakǝn"
        }
    },
    {
        "parent": "AZ",
        "ids": {
            "fips": false,
            "geonames": 7669114,
            "iso_3166_2": "AZ-BAB"
        },
        "long": {
            "default": "Babek"
        }
    },
    {
        "parent": "AZ",
        "ids": {
            "fips": false,
            "geonames": 148132,
            "iso_3166_2": "AZ-CUL"
        },
        "long": {
            "default": "Julfa"
        }
    },
    {
        "parent": "AZ",
        "ids": {
            "fips": false,
            "geonames": 8014931,
            "iso_3166_2": "AZ-KAN"
        },
        "long": {
            "default": "Kangarli"
        }
    },
    {
        "parent": "AZ",
        "ids": {
            "fips": false,
            "geonames": 147365,
            "iso_3166_2": "AZ-ORD"
        },
        "long": {
            "default": "Ordubad"
        }
    },
    {
        "parent": "AZ",
        "ids": {
            "fips": false,
            "geonames": 409387,
            "iso_3166_2": "AZ-SAD"
        },
        "long": {
            "default": "Sadarak"
        }
    },
    {
        "parent": "AZ",
        "ids": {
            "fips": false,
            "geonames": 147212,
            "iso_3166_2": "AZ-SAH"
        },
        "long": {
            "default": "Shahbuz"
        }
    },
    {
        "parent": "AZ",
        "ids": {
            "fips": false,
            "geonames": 147997,
            "iso_3166_2": "AZ-SAR"
        },
        "long": {
            "default": "Sharur"
        }
    },
    {
        "parent": "AZ",
        "ids": {
            "fips": "AJ11",
            "geonames": 587056,
            "iso_3166_2": "AZ-BAR"
        },
        "long": {
            "default": "Bǝrdǝ"
        }
    },
    {
        "parent": "AZ",
        "ids": {
            "fips": "AJ09",
            "geonames": 587081,
            "iso_3166_2": "AZ-BA"
        },
        "long": {
            "default": "Baki"
        }
    },
    {
        "parent": "AZ",
        "ids": {
            "fips": "AJ01",
            "geonames": 587245,
            "iso_3166_2": "AZ-ABS"
        },
        "long": {
            "default": "Absheron"
        }
    },
    {
        "parent": "AZ",
        "ids": {
            "fips": "AJ06",
            "geonames": 587342,
            "iso_3166_2": "AZ-AGU"
        },
        "long": {
            "default": "Agsu"
        }
    },
    {
        "parent": "AZ",
        "ids": {
            "fips": "AJ04",
            "geonames": 587376,
            "iso_3166_2": "AZ-AGS"
        },
        "long": {
            "default": "Agdash"
        }
    },
    {
        "parent": "AZ",
        "ids": {
            "fips": "AJ19",
            "geonames": 627535,
            "iso_3166_2": "AZ-GAD"
        },
        "long": {
            "default": "Gǝdǝbǝy"
        }
    },
    {
        "parent": "AZ",
        "ids": {
            "fips": "AJ05",
            "geonames": 828297,
            "iso_3166_2": "AZ-AGA"
        },
        "long": {
            "default": "Agstafa"
        }
    },
    {
        "parent": "AZ",
        "ids": {
            "fips": "AJ20",
            "geonames": 828298,
            "iso_3166_2": "AZ-GA"
        },
        "long": {
            "default": "Ganja"
        }
    },
    {
        "parent": "AZ",
        "ids": {
            "fips": "AJ33",
            "geonames": 828299,
            "iso_3166_2": "AZ-MI"
        },
        "long": {
            "default": "Mingachevir"
        }
    },
    {
        "parent": "AZ",
        "ids": {
            "fips": "AJ34",
            "geonames": 828300,
            "iso_3166_2": "AZ-NA"
        },
        "long": {
            "default": "Naftalan"
        }
    },
    {
        "parent": "AZ",
        "ids": {
            "fips": "AJ41",
            "geonames": 828301,
            "iso_3166_2": "AZ-QOB"
        },
        "long": {
            "default": "Gobustan"
        }
    },
    {
        "parent": "AZ",
        "ids": {
            "fips": "AJ52",
            "geonames": 828302,
            "iso_3166_2": "AZ-SMX"
        },
        "long": {
            "default": "Samukh"
        }
    },
    {
        "parent": "AZ",
        "ids": {
            "fips": "AJ48",
            "geonames": 828303,
            "iso_3166_2": "AZ-SA"
        },
        "long": {
            "default": "Shaki City"
        }
    },
    {
        "parent": "AZ",
        "ids": {
            "fips": "AJ53",
            "geonames": 828304,
            "iso_3166_2": "AZ-SIY"
        },
        "long": {
            "default": "Siazan"
        }
    },
    {
        "parent": "AZ",
        "ids": {
            "fips": "AJ54",
            "geonames": 828305,
            "iso_3166_2": "AZ-SM"
        },
        "long": {
            "default": "Sumqayit"
        }
    },
    {
        "parent": "AZ",
        "ids": {
            "fips": "AJ63",
            "geonames": 828306,
            "iso_3166_2": "AZ-XIZ"
        },
        "long": {
            "default": "Khizi"
        }
    },
    {
        "parent": "AZ",
        "ids": {
            "fips": "AJ68",
            "geonames": 828307,
            "iso_3166_2": "AZ-YE"
        },
        "long": {
            "default": "Yevlakh City"
        }
    },
    {
        "parent": "AZ",
        "ids": {
            "fips": "AJ23",
            "geonames": 828315,
            "iso_3166_2": "AZ-HAC"
        },
        "long": {
            "default": "Hajigabul"
        }
    }
]