[
    {
        "parent": "BA",
        "ids": {
            "fips": "BK01",
            "geonames": 3229999,
            "iso_3166_2": "BA-BIH"
        },
        "long": {
            "default": "Federation of Bosnia and Herzegovina"
        }
    },
    {
        "parent": "BA",
        "ids": {
            "fips": "BK02",
            "geonames": 3230000,
            "iso_3166_2": "BA-SRP"
        },
        "long": {
            "default": "Republika Srpska"
        }
    },
    {
        "parent": "BA",
        "ids": {
            "fips": false,
            "geonames": 3294903,
            "iso_3166_2": "BA-BRC"
        },
        "long": {
            "default": "Brčko"
        }
    }
]