[
    {
        "parent": "BB",
        "ids": {
            "fips": "BB11",
            "geonames": 3373551,
            "iso_3166_2": "BB-11"
        },
        "long": {
            "default": "Saint Thomas"
        }
    },
    {
        "parent": "BB",
        "ids": {
            "fips": "BB10",
            "geonames": 3373553,
            "iso_3166_2": "BB-10"
        },
        "long": {
            "default": "Saint Philip"
        }
    },
    {
        "parent": "BB",
        "ids": {
            "fips": "BB09",
            "geonames": 3373554,
            "iso_3166_2": "BB-09"
        },
        "long": {
            "default": "Saint Peter"
        }
    },
    {
        "parent": "BB",
        "ids": {
            "fips": "BB08",
            "geonames": 3373557,
            "iso_3166_2": "BB-08"
        },
        "long": {
            "default": "Saint Michael"
        }
    },
    {
        "parent": "BB",
        "ids": {
            "fips": "BB07",
            "geonames": 3373565,
            "iso_3166_2": "BB-07"
        },
        "long": {
            "default": "Saint Lucy"
        }
    },
    {
        "parent": "BB",
        "ids": {
            "fips": "BB06",
            "geonames": 3373568,
            "iso_3166_2": "BB-06"
        },
        "long": {
            "default": "Saint Joseph"
        }
    },
    {
        "parent": "BB",
        "ids": {
            "fips": "BB05",
            "geonames": 3373569,
            "iso_3166_2": "BB-05"
        },
        "long": {
            "default": "Saint John"
        }
    },
    {
        "parent": "BB",
        "ids": {
            "fips": "BB04",
            "geonames": 3373570,
            "iso_3166_2": "BB-04"
        },
        "long": {
            "default": "Saint James"
        }
    },
    {
        "parent": "BB",
        "ids": {
            "fips": "BB03",
            "geonames": 3373572,
            "iso_3166_2": "BB-03"
        },
        "long": {
            "default": "Saint George"
        }
    },
    {
        "parent": "BB",
        "ids": {
            "fips": "BB02",
            "geonames": 3373580,
            "iso_3166_2": "BB-02"
        },
        "long": {
            "default": "Saint Andrew"
        }
    },
    {
        "parent": "BB",
        "ids": {
            "fips": "BB01",
            "geonames": 3373988,
            "iso_3166_2": "BB-01"
        },
        "long": {
            "default": "Christ Church"
        }
    }
]