[
    {
        "parent": "BD",
        "ids": {
            "fips": "BG83",
            "geonames": 1337166,
            "iso_3166_2": "BD-E"
        },
        "long": {
            "default": "Rajshahi"
        }
    },
    {
        "parent": "BD",
        "ids": {
            "fips": "BG81",
            "geonames": 1337179,
            "iso_3166_2": "BD-C"
        },
        "long": {
            "default": "Dhaka"
        }
    },
    {
        "parent": "BD",
        "ids": {
            "fips": "BG84",
            "geonames": 1337200,
            "iso_3166_2": "BD-B"
        },
        "long": {
            "default": "Chittagong"
        }
    },
    {
        "parent": "BD",
        "ids": {
            "fips": "BG82",
            "geonames": 1337210,
            "iso_3166_2": "BD-D"
        },
        "long": {
            "default": "Khulna"
        }
    },
    {
        "parent": "BD",
        "ids": {
            "fips": "BG85",
            "geonames": 1337229,
            "iso_3166_2": "BD-A"
        },
        "long": {
            "default": "Barisal"
        }
    },
    {
        "parent": "BD",
        "ids": {
            "fips": "BG86",
            "geonames": 1477362,
            "iso_3166_2": "BD-G"
        },
        "long": {
            "default": "Sylhet"
        }
    },
    {
        "parent": "BD",
        "ids": {
            "fips": "BG87",
            "geonames": 7671048,
            "iso_3166_2": "BD-F"
        },
        "long": {
            "default": "Rangpur"
        }
    }
]