[
    {
        "parent": "BE",
        "ids": {
            "iso_3166_2": "BE-BRU",
            "fips": "BE11",
            "geonames": 2800867
        },
        "long": {
            "default": "Brussels"
        }
    },
    {
        "parent": "BE",
        "ids": {
            "iso_3166_2": "BE-WAL",
            "fips": "BE10",
            "geonames": 3337387
        },
        "long": {
            "default": "Wallonia"
        }
    },
    {
        "parent": "BE",
        "ids": {
            "iso_3166_2": "BE-VLG",
            "fips": "BE12",
            "geonames": 3337388
        },
        "long": {
            "default": "Flanders"
        }
    }
]