[
    {
        "parent": "BF",
        "ids": {
            "fips": false,
            "geonames": 6930701,
            "iso_3166_2": "BF-01"
        },
        "long": {
            "default": "Boucle du Mouhoun"
        }
    },
    {
        "parent": "BF",
        "ids": {
            "fips": false,
            "geonames": 6930703,
            "iso_3166_2": "BF-02"
        },
        "long": {
            "default": "Cascades"
        }
    },
    {
        "parent": "BF",
        "ids": {
            "fips": "UV05",
            "geonames": 6930704,
            "iso_3166_2": "BF-03"
        },
        "long": {
            "default": "Centre"
        }
    },
    {
        "parent": "BF",
        "ids": {
            "fips": "UV06",
            "geonames": 6930705,
            "iso_3166_2": "BF-04"
        },
        "long": {
            "default": "Centre-Est"
        }
    },
    {
        "parent": "BF",
        "ids": {
            "fips": "UV07",
            "geonames": 6930706,
            "iso_3166_2": "BF-05"
        },
        "long": {
            "default": "Centre-Nord"
        }
    },
    {
        "parent": "BF",
        "ids": {
            "fips": "UV08",
            "geonames": 6930707,
            "iso_3166_2": "BF-06"
        },
        "long": {
            "default": "Centre-Ouest"
        }
    },
    {
        "parent": "BF",
        "ids": {
            "fips": false,
            "geonames": 6930708,
            "iso_3166_2": "BF-07"
        },
        "long": {
            "default": "Centre-Sud"
        }
    },
    {
        "parent": "BF",
        "ids": {
            "fips": "UV09",
            "geonames": 6930709,
            "iso_3166_2": "BF-08"
        },
        "long": {
            "default": "Est"
        }
    },
    {
        "parent": "BF",
        "ids": {
            "fips": "UV10",
            "geonames": 6930710,
            "iso_3166_2": "BF-09"
        },
        "long": {
            "default": "Hauts-Bassins"
        }
    },
    {
        "parent": "BF",
        "ids": {
            "fips": "UV11",
            "geonames": 6930711,
            "iso_3166_2": "BF-10"
        },
        "long": {
            "default": "Nord"
        }
    },
    {
        "parent": "BF",
        "ids": {
            "fips": false,
            "geonames": 6930712,
            "iso_3166_2": "BF-11"
        },
        "long": {
            "default": "Plateau-Central"
        }
    },
    {
        "parent": "BF",
        "ids": {
            "fips": "UV12",
            "geonames": 6930713,
            "iso_3166_2": "BF-12"
        },
        "long": {
            "default": "Sahel"
        }
    },
    {
        "parent": "BF",
        "ids": {
            "fips": "UV13",
            "geonames": 6930714,
            "iso_3166_2": "BF-13"
        },
        "long": {
            "default": "Sud-Ouest"
        }
    }
]