[
    {
        "parent": "BG",
        "ids": {
            "fips": "BU52",
            "geonames": 453751,
            "iso_3166_2": "BG-17"
        },
        "long": {
            "default": "Razgrad"
        }
    },
    {
        "parent": "BG",
        "ids": {
            "fips": "BU47",
            "geonames": 453753,
            "iso_3166_2": "BG-12"
        },
        "long": {
            "default": "Montana"
        }
    },
    {
        "parent": "BG",
        "ids": {
            "fips": "BU64",
            "geonames": 725713,
            "iso_3166_2": "BG-06"
        },
        "long": {
            "default": "Vratsa"
        }
    },
    {
        "parent": "BG",
        "ids": {
            "fips": "BU61",
            "geonames": 726051,
            "iso_3166_2": "BG-03"
        },
        "long": {
            "default": "Varna"
        }
    },
    {
        "parent": "BG",
        "ids": {
            "fips": "BU40",
            "geonames": 726419,
            "iso_3166_2": "BG-08"
        },
        "long": {
            "default": "Dobrich"
        }
    },
    {
        "parent": "BG",
        "ids": {
            "fips": "BU58",
            "geonames": 727012,
            "iso_3166_2": "BG-23"
        },
        "long": {
            "default": "Sofia Province"
        }
    },
    {
        "parent": "BG",
        "ids": {
            "fips": "BU53",
            "geonames": 727524,
            "iso_3166_2": "BG-18"
        },
        "long": {
            "default": "Ruse"
        }
    },
    {
        "parent": "BG",
        "ids": {
            "fips": "BU51",
            "geonames": 728194,
            "iso_3166_2": "BG-16"
        },
        "long": {
            "default": "Plovdiv"
        }
    },
    {
        "parent": "BG",
        "ids": {
            "fips": "BU50",
            "geonames": 728204,
            "iso_3166_2": "BG-15"
        },
        "long": {
            "default": "Pleven"
        }
    },
    {
        "parent": "BG",
        "ids": {
            "fips": "BU49",
            "geonames": 728331,
            "iso_3166_2": "BG-14"
        },
        "long": {
            "default": "Pernik"
        }
    },
    {
        "parent": "BG",
        "ids": {
            "fips": "BU48",
            "geonames": 728379,
            "iso_3166_2": "BG-13"
        },
        "long": {
            "default": "Pazardzhik"
        }
    },
    {
        "parent": "BG",
        "ids": {
            "fips": "BU46",
            "geonames": 729560,
            "iso_3166_2": "BG-11"
        },
        "long": {
            "default": "Lovech"
        }
    },
    {
        "parent": "BG",
        "ids": {
            "fips": "BU43",
            "geonames": 730436,
            "iso_3166_2": "BG-26"
        },
        "long": {
            "default": "Khaskovo"
        }
    },
    {
        "parent": "BG",
        "ids": {
            "fips": "BU42",
            "geonames": 731061,
            "iso_3166_2": "BG-22"
        },
        "long": {
            "default": "Sofia"
        }
    },
    {
        "parent": "BG",
        "ids": {
            "fips": "BU39",
            "geonames": 732771,
            "iso_3166_2": "BG-02"
        },
        "long": {
            "default": "Burgas"
        }
    },
    {
        "parent": "BG",
        "ids": {
            "fips": "BU38",
            "geonames": 733192,
            "iso_3166_2": "BG-01"
        },
        "long": {
            "default": "Blagoevgrad"
        }
    },
    {
        "parent": "BG",
        "ids": {
            "fips": "BU41",
            "geonames": 864552,
            "iso_3166_2": "BG-07"
        },
        "long": {
            "default": "Gabrovo"
        }
    },
    {
        "parent": "BG",
        "ids": {
            "fips": "BU44",
            "geonames": 864553,
            "iso_3166_2": "BG-09"
        },
        "long": {
            "default": "Kardzhali"
        }
    },
    {
        "parent": "BG",
        "ids": {
            "fips": "BU45",
            "geonames": 864554,
            "iso_3166_2": "BG-10"
        },
        "long": {
            "default": "Kyustendil"
        }
    },
    {
        "parent": "BG",
        "ids": {
            "fips": "BU54",
            "geonames": 864555,
            "iso_3166_2": "BG-27"
        },
        "long": {
            "default": "Shumen"
        }
    },
    {
        "parent": "BG",
        "ids": {
            "fips": "BU55",
            "geonames": 864556,
            "iso_3166_2": "BG-19"
        },
        "long": {
            "default": "Silistra"
        }
    },
    {
        "parent": "BG",
        "ids": {
            "fips": "BU56",
            "geonames": 864557,
            "iso_3166_2": "BG-20"
        },
        "long": {
            "default": "Sliven"
        }
    },
    {
        "parent": "BG",
        "ids": {
            "fips": "BU57",
            "geonames": 864558,
            "iso_3166_2": "BG-21"
        },
        "long": {
            "default": "Smolyan"
        }
    },
    {
        "parent": "BG",
        "ids": {
            "fips": "BU59",
            "geonames": 864559,
            "iso_3166_2": "BG-24"
        },
        "long": {
            "default": "Stara Zagora"
        }
    },
    {
        "parent": "BG",
        "ids": {
            "fips": "BU60",
            "geonames": 864560,
            "iso_3166_2": "BG-25"
        },
        "long": {
            "default": "Targovishte"
        }
    },
    {
        "parent": "BG",
        "ids": {
            "fips": "BU62",
            "geonames": 864561,
            "iso_3166_2": "BG-04"
        },
        "long": {
            "default": "Veliko Tarnovo"
        }
    },
    {
        "parent": "BG",
        "ids": {
            "fips": "BU63",
            "geonames": 864562,
            "iso_3166_2": "BG-05"
        },
        "long": {
            "default": "Vidin"
        }
    },
    {
        "parent": "BG",
        "ids": {
            "fips": "BU65",
            "geonames": 864563,
            "iso_3166_2": "BG-28"
        },
        "long": {
            "default": "Yambol"
        }
    }
]