[
    {
        "parent": "BH",
        "ids": {
            "fips": "BA15",
            "geonames": 290333,
            "iso_3166_2": "BH-15"
        },
        "long": {
            "default": "Muharraq"
        }
    },
    {
        "parent": "BH",
        "ids": {
            "fips": "BA16",
            "geonames": 7090954,
            "iso_3166_2": "BH-13"
        },
        "long": {
            "default": "Capital Governorate"
        }
    },
    {
        "parent": "BH",
        "ids": {
            "fips": "BA17",
            "geonames": 7090972,
            "iso_3166_2": "BH-14"
        },
        "long": {
            "default": "Southern Governorate"
        }
    },
    {
        "parent": "BH",
        "ids": {
            "fips": "BA18",
            "geonames": 7090973,
            "iso_3166_2": false
        },
        "long": {
            "default": "Central Governorate"
        }
    },
    {
        "parent": "BH",
        "ids": {
            "fips": "BA19",
            "geonames": 7090974,
            "iso_3166_2": "BH-17"
        },
        "long": {
            "default": "Northern"
        }
    }
]