[
    {
        "parent": "BI",
        "ids": {
            "fips": "BY17",
            "geonames": 422233,
            "iso_3166_2": "BI-MA"
        },
        "long": {
            "default": "Makamba"
        }
    },
    {
        "parent": "BI",
        "ids": {
            "fips": "BY10",
            "geonames": 423327,
            "iso_3166_2": "BI-BR"
        },
        "long": {
            "default": "Bururi"
        }
    },
    {
        "parent": "BI",
        "ids": {
            "fips": "BY22",
            "geonames": 425550,
            "iso_3166_2": "BI-MU"
        },
        "long": {
            "default": "Muramvya"
        }
    },
    {
        "parent": "BI",
        "ids": {
            "fips": "BY13",
            "geonames": 426271,
            "iso_3166_2": "BI-GI"
        },
        "long": {
            "default": "Gitega"
        }
    },
    {
        "parent": "BI",
        "ids": {
            "fips": "BY21",
            "geonames": 426699,
            "iso_3166_2": "BI-RY"
        },
        "long": {
            "default": "Ruyigi"
        }
    },
    {
        "parent": "BI",
        "ids": {
            "fips": false,
            "geonames": false,
            "iso_3166_2": "BI-RM"
        },
        "long": {
            "default": "Rumonge"
        }
    },    {
        "parent": "BI",
        "ids": {
            "fips": "BY11",
            "geonames": 427700,
            "iso_3166_2": "BI-CA"
        },
        "long": {
            "default": "Cankuzo"
        }
    },
    {
        "parent": "BI",
        "ids": {
            "fips": "BY14",
            "geonames": 428218,
            "iso_3166_2": "BI-KR"
        },
        "long": {
            "default": "Karuzi"
        }
    },
    {
        "parent": "BI",
        "ids": {
            "fips": "BY09",
            "geonames": 428514,
            "iso_3166_2": "BI-BB"
        },
        "long": {
            "default": "Bubanza"
        }
    },
    {
        "parent": "BI",
        "ids": {
            "fips": "BY12",
            "geonames": 430020,
            "iso_3166_2": "BI-CI"
        },
        "long": {
            "default": "Cibitoke"
        }
    },
    {
        "parent": "BI",
        "ids": {
            "fips": "BY19",
            "geonames": 430567,
            "iso_3166_2": "BI-NG"
        },
        "long": {
            "default": "Ngozi"
        }
    },
    {
        "parent": "BI",
        "ids": {
            "fips": "BY15",
            "geonames": 430951,
            "iso_3166_2": "BI-KY"
        },
        "long": {
            "default": "Kayanza"
        }
    },
    {
        "parent": "BI",
        "ids": {
            "fips": "BY18",
            "geonames": 431747,
            "iso_3166_2": "BI-MY"
        },
        "long": {
            "default": "Muyinga"
        }
    },
    {
        "parent": "BI",
        "ids": {
            "fips": "BY16",
            "geonames": 432455,
            "iso_3166_2": "BI-KI"
        },
        "long": {
            "default": "Kirundo"
        }
    },
    {
        "parent": "BI",
        "ids": {
            "fips": "BY20",
            "geonames": 434147,
            "iso_3166_2": "BI-RT"
        },
        "long": {
            "default": "Rutana"
        }
    },
    {
        "parent": "BI",
        "ids": {
            "fips": "BY23",
            "geonames": 434386,
            "iso_3166_2": "BI-MW"
        },
        "long": {
            "default": "Mwaro"
        }
    },
    {
        "parent": "BI",
        "ids": {
            "fips": "BY24",
            "geonames": 7303939,
            "iso_3166_2": "BI-BM"
        },
        "long": {
            "default": "Bujumbura Mairie"
        }
    },
    {
        "parent": "BI",
        "ids": {
            "fips": "BY25",
            "geonames": 7303940,
            "iso_3166_2": "BI-BL"
        },
        "long": {
            "default": "Bujumbura Rural"
        }
    }
]