[
    {
        "parent": "BJ",
        "ids": {
            "fips": "BN18",
            "geonames": 2390719,
            "iso_3166_2": "BJ-ZO"
        },
        "long": {
            "default": "Zou"
        }
    },
    {
        "parent": "BJ",
        "ids": {
            "fips": "BN16",
            "geonames": 2392325,
            "iso_3166_2": "BJ-OU"
        },
        "long": {
            "default": "Ouémé"
        }
    },
    {
        "parent": "BJ",
        "ids": {
            "fips": "BN15",
            "geonames": 2392716,
            "iso_3166_2": "BJ-MO"
        },
        "long": {
            "default": "Mono"
        }
    },
    {
        "parent": "BJ",
        "ids": {
            "fips": "BN10",
            "geonames": 2394992,
            "iso_3166_2": "BJ-BO"
        },
        "long": {
            "default": "Borgou"
        }
    },
    {
        "parent": "BJ",
        "ids": {
            "fips": "BN09",
            "geonames": 2395504,
            "iso_3166_2": "BJ-AQ"
        },
        "long": {
            "default": "Atlantique"
        }
    },
    {
        "parent": "BJ",
        "ids": {
            "fips": "BN08",
            "geonames": 2395524,
            "iso_3166_2": "BJ-AK"
        },
        "long": {
            "default": "Atacora"
        }
    },
    {
        "parent": "BJ",
        "ids": {
            "fips": "BN07",
            "geonames": 2597271,
            "iso_3166_2": "BJ-AL"
        },
        "long": {
            "default": "Alibori"
        }
    },
    {
        "parent": "BJ",
        "ids": {
            "fips": "BN11",
            "geonames": 2597272,
            "iso_3166_2": "BJ-CO"
        },
        "long": {
            "default": "Collines"
        }
    },
    {
        "parent": "BJ",
        "ids": {
            "fips": "BN12",
            "geonames": 2597273,
            "iso_3166_2": "BJ-KO"
        },
        "long": {
            "default": "Couffo"
        }
    },
    {
        "parent": "BJ",
        "ids": {
            "fips": "BN13",
            "geonames": 2597274,
            "iso_3166_2": "BJ-DO"
        },
        "long": {
            "default": "Donga"
        }
    },
    {
        "parent": "BJ",
        "ids": {
            "fips": "BN14",
            "geonames": 2597275,
            "iso_3166_2": "BJ-LI"
        },
        "long": {
            "default": "Littoral"
        }
    },
    {
        "parent": "BJ",
        "ids": {
            "fips": "BN17",
            "geonames": 2597277,
            "iso_3166_2": "BJ-PL"
        },
        "long": {
            "default": "Plateau"
        }
    }
]