[
    {
        "parent": "BM",
        "ids": {
            "fips": "BD11",
            "geonames": 3572972,
            "iso_3166_2": false
        },
        "long": {
            "default": "Warwick"
        }
    },
    {
        "parent": "BM",
        "ids": {
            "fips": "BD10",
            "geonames": 3573026,
            "iso_3166_2": false
        },
        "long": {
            "default": "Southampton"
        }
    },
    {
        "parent": "BM",
        "ids": {
            "fips": "BD09",
            "geonames": 3573031,
            "iso_3166_2": false
        },
        "long": {
            "default": "Smithʼs"
        }
    },
    {
        "parent": "BM",
        "ids": {
            "fips": "BD08",
            "geonames": 3573050,
            "iso_3166_2": false
        },
        "long": {
            "default": "Sandys"
        }
    },
    {
        "parent": "BM",
        "ids": {
            "fips": "BD07",
            "geonames": 3573057,
            "iso_3166_2": false
        },
        "long": {
            "default": "Saint Georgeʼs Parish"
        }
    },
    {
        "parent": "BM",
        "ids": {
            "fips": "BD06",
            "geonames": 3573062,
            "iso_3166_2": false
        },
        "long": {
            "default": "Saint George City"
        }
    },
    {
        "parent": "BM",
        "ids": {
            "fips": "BD05",
            "geonames": 3573095,
            "iso_3166_2": false
        },
        "long": {
            "default": "Pembroke"
        }
    },
    {
        "parent": "BM",
        "ids": {
            "fips": "BD04",
            "geonames": 3573103,
            "iso_3166_2": false
        },
        "long": {
            "default": "Paget"
        }
    },
    {
        "parent": "BM",
        "ids": {
            "fips": "BD02",
            "geonames": 3573195,
            "iso_3166_2": false
        },
        "long": {
            "default": "Hamilton Parish"
        }
    },
    {
        "parent": "BM",
        "ids": {
            "fips": "BD03",
            "geonames": 3573198,
            "iso_3166_2": false
        },
        "long": {
            "default": "Hamilton City"
        }
    },
    {
        "parent": "BM",
        "ids": {
            "fips": "BD01",
            "geonames": 3573251,
            "iso_3166_2": false
        },
        "long": {
            "default": "Devonshire"
        }
    }
]