[
    {
        "parent": "BN",
        "ids": {
            "fips": "BX04",
            "geonames": 1820068,
            "iso_3166_2": "BN-TU"
        },
        "long": {
            "default": "Tutong"
        }
    },
    {
        "parent": "BN",
        "ids": {
            "fips": "BX03",
            "geonames": 1820106,
            "iso_3166_2": "BN-TE"
        },
        "long": {
            "default": "Temburong"
        }
    },
    {
        "parent": "BN",
        "ids": {
            "fips": "BX02",
            "geonames": 1820818,
            "iso_3166_2": "BN-BM"
        },
        "long": {
            "default": "Brunei-Muara"
        }
    },
    {
        "parent": "BN",
        "ids": {
            "fips": "BX01",
            "geonames": 1820869,
            "iso_3166_2": "BN-BE"
        },
        "long": {
            "default": "Belait"
        }
    }
]