[
    {
        "parent": "BO",
        "ids": {
            "fips": "BL09",
            "geonames": 3903319,
            "iso_3166_2": "BO-T"
        },
        "long": {
            "default": "Tarija"
        }
    },
    {
        "parent": "BO",
        "ids": {
            "fips": "BL08",
            "geonames": 3904907,
            "iso_3166_2": "BO-S"
        },
        "long": {
            "default": "Santa Cruz"
        }
    },
    {
        "parent": "BO",
        "ids": {
            "fips": "BL07",
            "geonames": 3907580,
            "iso_3166_2": "BO-P"
        },
        "long": {
            "default": "Potosí"
        }
    },
    {
        "parent": "BO",
        "ids": {
            "fips": "BL06",
            "geonames": 3908600,
            "iso_3166_2": "BO-N"
        },
        "long": {
            "default": "Pando"
        }
    },
    {
        "parent": "BO",
        "ids": {
            "fips": "BL05",
            "geonames": 3909233,
            "iso_3166_2": "BO-O"
        },
        "long": {
            "default": "Oruro"
        }
    },
    {
        "parent": "BO",
        "ids": {
            "fips": "BL04",
            "geonames": 3911924,
            "iso_3166_2": "BO-L"
        },
        "long": {
            "default": "La Paz"
        }
    },
    {
        "parent": "BO",
        "ids": {
            "fips": "BL02",
            "geonames": 3919966,
            "iso_3166_2": "BO-C"
        },
        "long": {
            "default": "Cochabamba"
        }
    },
    {
        "parent": "BO",
        "ids": {
            "fips": "BL01",
            "geonames": 3920177,
            "iso_3166_2": "BO-H"
        },
        "long": {
            "default": "Chuquisaca"
        }
    },
    {
        "parent": "BO",
        "ids": {
            "fips": "BL03",
            "geonames": 3923172,
            "iso_3166_2": "BO-B"
        },
        "long": {
            "default": "El Beni"
        }
    }
]