[
    {
        "parent": "BQ",
        "ids": {
            "fips": false,
            "geonames": 7609816,
            "iso_3166_2": "BQ-BO"
        },
        "long": {
            "default": "Bonaire"
        }
    },
    {
        "parent": "BQ",
        "ids": {
            "fips": false,
            "geonames": 7610358,
            "iso_3166_2": "BQ-SA"
        },
        "long": {
            "default": "Saba"
        }
    },
    {
        "parent": "BQ",
        "ids": {
            "fips": false,
            "geonames": 7610359,
            "iso_3166_2": "BQ-SE"
        },
        "long": {
            "default": "Sint Eustatius"
        }
    }
]