[
    {
        "parent": "BR",
        "ids": {
            "fips": "BR22",
            "geonames": 3390290,
            "iso_3166_2": "BR-RN"
        },
        "long": {
            "default": "Rio Grande do Norte"
        }
    },
    {
        "parent": "BR",
        "ids": {
            "fips": "BR20",
            "geonames": 3392213,
            "iso_3166_2": "BR-PI"
        },
        "long": {
            "default": "Piauí"
        }
    },
    {
        "parent": "BR",
        "ids": {
            "fips": "BR30",
            "geonames": 3392268,
            "iso_3166_2": "BR-PE"
        },
        "long": {
            "default": "Pernambuco"
        }
    },
    {
        "parent": "BR",
        "ids": {
            "fips": "BR17",
            "geonames": 3393098,
            "iso_3166_2": "BR-PB"
        },
        "long": {
            "default": "Paraíba"
        }
    },
    {
        "parent": "BR",
        "ids": {
            "fips": "BR16",
            "geonames": 3393129,
            "iso_3166_2": "BR-PA"
        },
        "long": {
            "default": "Pará"
        }
    },
    {
        "parent": "BR",
        "ids": {
            "fips": "BR13",
            "geonames": 3395443,
            "iso_3166_2": "BR-MA"
        },
        "long": {
            "default": "Maranhão"
        }
    },
    {
        "parent": "BR",
        "ids": {
            "fips": "BR06",
            "geonames": 3402362,
            "iso_3166_2": "BR-CE"
        },
        "long": {
            "default": "Ceará"
        }
    },
    {
        "parent": "BR",
        "ids": {
            "fips": "BR03",
            "geonames": 3407762,
            "iso_3166_2": "BR-AP"
        },
        "long": {
            "default": "Amapá"
        }
    },
    {
        "parent": "BR",
        "ids": {
            "fips": "BR02",
            "geonames": 3408096,
            "iso_3166_2": "BR-AL"
        },
        "long": {
            "default": "Alagoas"
        }
    },
    {
        "parent": "BR",
        "ids": {
            "fips": "BR28",
            "geonames": 3447799,
            "iso_3166_2": "BR-SE"
        },
        "long": {
            "default": "Sergipe"
        }
    },
    {
        "parent": "BR",
        "ids": {
            "fips": "BR27",
            "geonames": 3448433,
            "iso_3166_2": "BR-SP"
        },
        "long": {
            "default": "São Paulo"
        }
    },
    {
        "parent": "BR",
        "ids": {
            "fips": "BR26",
            "geonames": 3450387,
            "iso_3166_2": "BR-SC"
        },
        "long": {
            "default": "Santa Catarina"
        }
    },
    {
        "parent": "BR",
        "ids": {
            "fips": "BR23",
            "geonames": 3451133,
            "iso_3166_2": "BR-RS"
        },
        "long": {
            "default": "Rio Grande do Sul"
        }
    },
    {
        "parent": "BR",
        "ids": {
            "fips": "BR21",
            "geonames": 3451189,
            "iso_3166_2": "BR-RJ"
        },
        "long": {
            "default": "Rio de Janeiro"
        }
    },
    {
        "parent": "BR",
        "ids": {
            "fips": "BR18",
            "geonames": 3455077,
            "iso_3166_2": "BR-PR"
        },
        "long": {
            "default": "Paraná"
        }
    },
    {
        "parent": "BR",
        "ids": {
            "fips": "BR15",
            "geonames": 3457153,
            "iso_3166_2": "BR-MG"
        },
        "long": {
            "default": "Minas Gerais"
        }
    },
    {
        "parent": "BR",
        "ids": {
            "fips": "BR11",
            "geonames": 3457415,
            "iso_3166_2": "BR-MS"
        },
        "long": {
            "default": "Mato Grosso do Sul"
        }
    },
    {
        "parent": "BR",
        "ids": {
            "fips": "BR14",
            "geonames": 3457419,
            "iso_3166_2": "BR-MT"
        },
        "long": {
            "default": "Mato Grosso"
        }
    },
    {
        "parent": "BR",
        "ids": {
            "fips": "BR29",
            "geonames": 3462372,
            "iso_3166_2": "BR-GO"
        },
        "long": {
            "default": "Goiás"
        }
    },
    {
        "parent": "BR",
        "ids": {
            "fips": "BR07",
            "geonames": 3463504,
            "iso_3166_2": "BR-DF"
        },
        "long": {
            "default": "Distrito Federal"
        }
    },
    {
        "parent": "BR",
        "ids": {
            "fips": "BR08",
            "geonames": 3463930,
            "iso_3166_2": "BR-ES"
        },
        "long": {
            "default": "Espírito Santo"
        }
    },
    {
        "parent": "BR",
        "ids": {
            "fips": "BR05",
            "geonames": 3471168,
            "iso_3166_2": "BR-BA"
        },
        "long": {
            "default": "Bahia"
        }
    },
    {
        "parent": "BR",
        "ids": {
            "fips": "BR31",
            "geonames": 3474575,
            "iso_3166_2": "BR-TO"
        },
        "long": {
            "default": "Tocantins"
        }
    },
    {
        "parent": "BR",
        "ids": {
            "fips": "BR25",
            "geonames": 3662560,
            "iso_3166_2": "BR-RR"
        },
        "long": {
            "default": "Roraima"
        }
    },
    {
        "parent": "BR",
        "ids": {
            "fips": "BR04",
            "geonames": 3665361,
            "iso_3166_2": "BR-AM"
        },
        "long": {
            "default": "Amazonas"
        }
    },
    {
        "parent": "BR",
        "ids": {
            "fips": "BR01",
            "geonames": 3665474,
            "iso_3166_2": "BR-AC"
        },
        "long": {
            "default": "Acre"
        }
    },
    {
        "parent": "BR",
        "ids": {
            "fips": "BR24",
            "geonames": 3924825,
            "iso_3166_2": "BR-RO"
        },
        "long": {
            "default": "Rondônia"
        }
    }
]