[
    {
        "parent": "BS",
        "ids": {
            "fips": "BF35",
            "geonames": 3571493,
            "iso_3166_2": "BS-SS"
        },
        "long": {
            "default": "San Salvador"
        }
    },
    {
        "parent": "BS",
        "ids": {
            "fips": "BF18",
            "geonames": 3571629,
            "iso_3166_2": "BS-RI"
        },
        "long": {
            "default": "Ragged Island"
        }
    },
    {
        "parent": "BS",
        "ids": {
            "fips": "BF32",
            "geonames": 3571809,
            "iso_3166_2": "BS-BY"
        },
        "long": {
            "default": "Berry Islands"
        }
    },
    {
        "parent": "BS",
        "ids": {
            "fips": "BF16",
            "geonames": 3571894,
            "iso_3166_2": "BS-MG"
        },
        "long": {
            "default": "Mayaguana"
        }
    },
    {
        "parent": "BS",
        "ids": {
            "fips": "BF15",
            "geonames": 3572005,
            "iso_3166_2": "BS-LI"
        },
        "long": {
            "default": "Long Island"
        }
    },
    {
        "parent": "BS",
        "ids": {
            "fips": "BF13",
            "geonames": 3572154,
            "iso_3166_2": "BS-IN"
        },
        "long": {
            "default": "Inagua"
        }
    },
    {
        "parent": "BS",
        "ids": {
            "fips": "BF22",
            "geonames": 3572238,
            "iso_3166_2": "BS-HI"
        },
        "long": {
            "default": "Harbour Island"
        }
    },
    {
        "parent": "BS",
        "ids": {
            "fips": "BF25",
            "geonames": 3572374,
            "iso_3166_2": "BS-FP"
        },
        "long": {
            "default": "Freeport"
        }
    },
    {
        "parent": "BS",
        "ids": {
            "fips": "BF10",
            "geonames": 3572427,
            "iso_3166_2": "BS-EX"
        },
        "long": {
            "default": "Exuma"
        }
    },
    {
        "parent": "BS",
        "ids": {
            "fips": "BF06",
            "geonames": 3572678,
            "iso_3166_2": "BS-CI"
        },
        "long": {
            "default": "Cat Island"
        }
    },
    {
        "parent": "BS",
        "ids": {
            "fips": "BF05",
            "geonames": 3572807,
            "iso_3166_2": "BS-BI"
        },
        "long": {
            "default": "Bimini"
        }
    },
    {
        "parent": "BS",
        "ids": {
            "fips": "BF24",
            "geonames": 3572937,
            "iso_3166_2": "BS-AK"
        },
        "long": {
            "default": "Acklins"
        }
    },
    {
        "parent": "BS",
        "ids": {
            "fips": "BF36",
            "geonames": 8030541,
            "iso_3166_2": "BS-BP"
        },
        "long": {
            "default": "Black Point"
        }
    },
    {
        "parent": "BS",
        "ids": {
            "fips": "BF37",
            "geonames": 8030542,
            "iso_3166_2": "BS-CO"
        },
        "long": {
            "default": "Central Abaco"
        }
    },
    {
        "parent": "BS",
        "ids": {
            "fips": "BF38",
            "geonames": 8030543,
            "iso_3166_2": "BS-CS"
        },
        "long": {
            "default": "Central Andros"
        }
    },
    {
        "parent": "BS",
        "ids": {
            "fips": "BF39",
            "geonames": 8030544,
            "iso_3166_2": "BS-CE"
        },
        "long": {
            "default": "Central Eleuthera"
        }
    },
    {
        "parent": "BS",
        "ids": {
            "fips": "BF40",
            "geonames": 8030545,
            "iso_3166_2": "BS-CK"
        },
        "long": {
            "default": "Crooked Island and Long Cay"
        }
    },
    {
        "parent": "BS",
        "ids": {
            "fips": "BF41",
            "geonames": 8030546,
            "iso_3166_2": "BS-EG"
        },
        "long": {
            "default": "East Grand Bahama"
        }
    },
    {
        "parent": "BS",
        "ids": {
            "fips": "BF42",
            "geonames": 8030547,
            "iso_3166_2": "BS-GC"
        },
        "long": {
            "default": "Grand Cay"
        }
    },
    {
        "parent": "BS",
        "ids": {
            "fips": "BF43",
            "geonames": 8030548,
            "iso_3166_2": "BS-HT"
        },
        "long": {
            "default": "Hope Town"
        }
    },
    {
        "parent": "BS",
        "ids": {
            "fips": "BF44",
            "geonames": 8030549,
            "iso_3166_2": "BS-MC"
        },
        "long": {
            "default": "Mangrove Cay"
        }
    },
    {
        "parent": "BS",
        "ids": {
            "fips": "BF45",
            "geonames": 8030550,
            "iso_3166_2": "BS-MI"
        },
        "long": {
            "default": "Moore’s Island"
        }
    },
    {
        "parent": "BS",
        "ids": {
            "fips": "BF46",
            "geonames": 8030551,
            "iso_3166_2": "BS-NO"
        },
        "long": {
            "default": "North Abaco"
        }
    },
    {
        "parent": "BS",
        "ids": {
            "fips": "BF47",
            "geonames": 8030552,
            "iso_3166_2": "BS-NS"
        },
        "long": {
            "default": "North Andros"
        }
    },
    {
        "parent": "BS",
        "ids": {
            "fips": "BF48",
            "geonames": 8030553,
            "iso_3166_2": "BS-NE"
        },
        "long": {
            "default": "North Eleuthera"
        }
    },
    {
        "parent": "BS",
        "ids": {
            "fips": "BF49",
            "geonames": 8030554,
            "iso_3166_2": "BS-RC"
        },
        "long": {
            "default": "Rum Cay"
        }
    },
    {
        "parent": "BS",
        "ids": {
            "fips": "BF50",
            "geonames": 8030555,
            "iso_3166_2": "BS-SO"
        },
        "long": {
            "default": "South Abaco"
        }
    },
    {
        "parent": "BS",
        "ids": {
            "fips": "BF51",
            "geonames": 8030556,
            "iso_3166_2": "BS-SA"
        },
        "long": {
            "default": "South Andros"
        }
    },
    {
        "parent": "BS",
        "ids": {
            "fips": "BF52",
            "geonames": 8030557,
            "iso_3166_2": "BS-SE"
        },
        "long": {
            "default": "South Eleuthera"
        }
    },
    {
        "parent": "BS",
        "ids": {
            "fips": "BF53",
            "geonames": 8030558,
            "iso_3166_2": "BS-SW"
        },
        "long": {
            "default": "Spanish Wells"
        }
    },
    {
        "parent": "BS",
        "ids": {
            "fips": "BF54",
            "geonames": 8030559,
            "iso_3166_2": "BS-WG"
        },
        "long": {
            "default": "West Grand Bahama"
        }
    }
]