[
    {
        "parent": "BT",
        "ids": {
            "fips": "BT05",
            "geonames": 1337278,
            "iso_3166_2": "BT-33"
        },
        "long": {
            "default": "Bumthang"
        }
    },
    {
        "parent": "BT",
        "ids": {
            "fips": "BT06",
            "geonames": 1337279,
            "iso_3166_2": "BT-12"
        },
        "long": {
            "default": "Chukha"
        }
    },
    {
        "parent": "BT",
        "ids": {
            "fips": "BT08",
            "geonames": 1337280,
            "iso_3166_2": "BT-22"
        },
        "long": {
            "default": "Dagana"
        }
    },
    {
        "parent": "BT",
        "ids": {
            "fips": "BT07",
            "geonames": 1337281,
            "iso_3166_2": "BT-21"
        },
        "long": {
            "default": "Tsirang"
        }
    },
    {
        "parent": "BT",
        "ids": {
            "fips": "BT09",
            "geonames": 1337282,
            "iso_3166_2": "BT-31"
        },
        "long": {
            "default": "Sarpang"
        }
    },
    {
        "parent": "BT",
        "ids": {
            "fips": "BT10",
            "geonames": 1337283,
            "iso_3166_2": "BT-13"
        },
        "long": {
            "default": "Ha"
        }
    },
    {
        "parent": "BT",
        "ids": {
            "fips": "BT11",
            "geonames": 1337284,
            "iso_3166_2": "BT-44"
        },
        "long": {
            "default": "Lhuentse"
        }
    },
    {
        "parent": "BT",
        "ids": {
            "fips": "BT12",
            "geonames": 1337285,
            "iso_3166_2": "BT-42"
        },
        "long": {
            "default": "Monggar"
        }
    },
    {
        "parent": "BT",
        "ids": {
            "fips": "BT13",
            "geonames": 1337286,
            "iso_3166_2": "BT-11"
        },
        "long": {
            "default": "Paro"
        }
    },
    {
        "parent": "BT",
        "ids": {
            "fips": "BT14",
            "geonames": 1337287,
            "iso_3166_2": "BT-43"
        },
        "long": {
            "default": "Pemagatshel"
        }
    },
    {
        "parent": "BT",
        "ids": {
            "fips": "BT15",
            "geonames": 1337288,
            "iso_3166_2": "BT-23"
        },
        "long": {
            "default": "Punakha"
        }
    },
    {
        "parent": "BT",
        "ids": {
            "fips": "BT16",
            "geonames": 1337289,
            "iso_3166_2": "BT-14"
        },
        "long": {
            "default": "Samtse"
        }
    },
    {
        "parent": "BT",
        "ids": {
            "fips": "BT17",
            "geonames": 1337290,
            "iso_3166_2": "BT-45"
        },
        "long": {
            "default": "Samdrup Jongkha"
        }
    },
    {
        "parent": "BT",
        "ids": {
            "fips": "BT18",
            "geonames": 1337291,
            "iso_3166_2": "BT-34"
        },
        "long": {
            "default": "Zhemgang"
        }
    },
    {
        "parent": "BT",
        "ids": {
            "fips": "BT19",
            "geonames": 1337292,
            "iso_3166_2": "BT-41"
        },
        "long": {
            "default": "Trashigang"
        }
    },
    {
        "parent": "BT",
        "ids": {
            "fips": "BT20",
            "geonames": 1337293,
            "iso_3166_2": "BT-15"
        },
        "long": {
            "default": "Thimphu"
        }
    },
    {
        "parent": "BT",
        "ids": {
            "fips": "BT21",
            "geonames": 1337294,
            "iso_3166_2": "BT-32"
        },
        "long": {
            "default": "Trongsa"
        }
    },
    {
        "parent": "BT",
        "ids": {
            "fips": "BT22",
            "geonames": 1337295,
            "iso_3166_2": "BT-24"
        },
        "long": {
            "default": "Wangdue Phodrang"
        }
    },
    {
        "parent": "BT",
        "ids": {
            "fips": "BT23",
            "geonames": 7303651,
            "iso_3166_2": "BT-GA"
        },
        "long": {
            "default": "Gasa"
        }
    },
    {
        "parent": "BT",
        "ids": {
            "fips": "BT24",
            "geonames": 7303653,
            "iso_3166_2": "BT-TY"
        },
        "long": {
            "default": "Trashi Yangste"
        }
    }
]