[
    {
        "parent": "BY",
        "ids": {
            "fips": "BO07",
            "geonames": 620134,
            "iso_3166_2": "BY-VI"
        },
        "long": {
            "default": "Vitebsk region"
        }
    },
    {
        "parent": "BY",
        "ids": {
            "fips": "BO06",
            "geonames": 625073,
            "iso_3166_2": "BY-MA"
        },
        "long": {
            "default": "Mogilev region"
        }
    },
    {
        "parent": "BY",
        "ids": {
            "fips": "BO05",
            "geonames": 625142,
            "iso_3166_2": "BY-MI"
        },
        "long": {
            "default": "Minsk region"
        }
    },
    {
        "parent": "BY",
        "ids": {
            "fips": "BO04",
            "geonames": 625143,
            "iso_3166_2": "BY-HM"
        },
        "long": {
            "default": "Minsk City"
        }
    },
    {
        "parent": "BY",
        "ids": {
            "fips": "BO03",
            "geonames": 628035,
            "iso_3166_2": "BY-HR"
        },
        "long": {
            "default": "Grodno region"
        }
    },
    {
        "parent": "BY",
        "ids": {
            "fips": "BO02",
            "geonames": 628281,
            "iso_3166_2": "BY-HO"
        },
        "long": {
            "default": "Gomel region"
        }
    },
    {
        "parent": "BY",
        "ids": {
            "fips": "BO01",
            "geonames": 629631,
            "iso_3166_2": "BY-BR"
        },
        "long": {
            "default": "Brest region"
        }
    }
]