[
    {
        "parent": "BZ",
        "ids": {
            "fips": "BH06",
            "geonames": 3580913,
            "iso_3166_2": "BZ-TOL"
        },
        "long": {
            "default": "Toledo"
        }
    },
    {
        "parent": "BZ",
        "ids": {
            "fips": "BH05",
            "geonames": 3580975,
            "iso_3166_2": "BZ-SC"
        },
        "long": {
            "default": "Stann Creek"
        }
    },
    {
        "parent": "BZ",
        "ids": {
            "fips": "BH04",
            "geonames": 3581511,
            "iso_3166_2": "BZ-OW"
        },
        "long": {
            "default": "Orange Walk"
        }
    },
    {
        "parent": "BZ",
        "ids": {
            "fips": "BH03",
            "geonames": 3582302,
            "iso_3166_2": "BZ-CZL"
        },
        "long": {
            "default": "Corozal"
        }
    },
    {
        "parent": "BZ",
        "ids": {
            "fips": "BH02",
            "geonames": 3582429,
            "iso_3166_2": "BZ-CY"
        },
        "long": {
            "default": "Cayo"
        }
    },
    {
        "parent": "BZ",
        "ids": {
            "fips": "BH01",
            "geonames": 3582676,
            "iso_3166_2": "BZ-BZ"
        },
        "long": {
            "default": "Belize"
        }
    }
]