[
    {
        "parent": "CA",
        "ids": {
            "fips": "CA01",
            "geonames": 5883102,
            "iso_3166_2": "CA-AB"
        },
        "long": {
            "default": "Alberta"
        }
    },
    {
        "parent": "CA",
        "ids": {
            "fips": "CA02",
            "geonames": 5909050,
            "iso_3166_2": "CA-BC"
        },
        "long": {
            "default": "British Columbia"
        }
    },
    {
        "parent": "CA",
        "ids": {
            "fips": "CA03",
            "geonames": 6065171,
            "iso_3166_2": "CA-MB"
        },
        "long": {
            "default": "Manitoba"
        }
    },
    {
        "parent": "CA",
        "ids": {
            "fips": "CA04",
            "geonames": 6087430,
            "iso_3166_2": "CA-NB"
        },
        "long": {
            "default": "New Brunswick"
        }
    },
    {
        "parent": "CA",
        "ids": {
            "fips": "CA13",
            "geonames": 6091069,
            "iso_3166_2": "CA-NT"
        },
        "long": {
            "default": "Northwest Territories"
        }
    },
    {
        "parent": "CA",
        "ids": {
            "fips": "CA07",
            "geonames": 6091530,
            "iso_3166_2": "CA-NS"
        },
        "long": {
            "default": "Nova Scotia"
        }
    },
    {
        "parent": "CA",
        "ids": {
            "fips": "CA14",
            "geonames": 6091732,
            "iso_3166_2": "CA-NU"
        },
        "long": {
            "default": "Nunavut"
        }
    },
    {
        "parent": "CA",
        "ids": {
            "fips": "CA08",
            "geonames": 6093943,
            "iso_3166_2": "CA-ON"
        },
        "long": {
            "default": "Ontario"
        }
    },
    {
        "parent": "CA",
        "ids": {
            "fips": "CA09",
            "geonames": 6113358,
            "iso_3166_2": "CA-PE"
        },
        "long": {
            "default": "Prince Edward Island"
        }
    },
    {
        "parent": "CA",
        "ids": {
            "fips": "CA10",
            "geonames": 6115047,
            "iso_3166_2": "CA-QC"
        },
        "long": {
            "default": "Quebec"
        }
    },
    {
        "parent": "CA",
        "ids": {
            "fips": "CA11",
            "geonames": 6141242,
            "iso_3166_2": "CA-SK"
        },
        "long": {
            "default": "Saskatchewan"
        }
    },
    {
        "parent": "CA",
        "ids": {
            "fips": "CA12",
            "geonames": 6185811,
            "iso_3166_2": "CA-YT"
        },
        "long": {
            "default": "Yukon"
        }
    },
    {
        "parent": "CA",
        "ids": {
            "fips": "CA05",
            "geonames": 6354959,
            "iso_3166_2": "CA-NL"
        },
        "long": {
            "default": "Newfoundland and Labrador"
        }
    }
]