[
    {
        "parent": "CD",
        "ids": {
            "fips": "CG12",
            "geonames": 205413,
            "iso_3166_2": "CD-SK"
        },
        "long": {
            "default": "South Kivu"
        }
    },
    {
        "parent": "CD",
        "ids": {
            "fips": "CG05",
            "geonames": 205703,
            "iso_3166_2": "CD-KA"
        },
        "long": {
            "default": "Katanga"
        }
    },
    {
        "parent": "CD",
        "ids": {
            "fips": "CG11",
            "geonames": 206938,
            "iso_3166_2": "CD-NK"
        },
        "long": {
            "default": "Nord Kivu"
        }
    },
    {
        "parent": "CD",
        "ids": {
            "fips": "CG10",
            "geonames": 209610,
            "iso_3166_2": "CD-MA"
        },
        "long": {
            "default": "Maniema"
        }
    },
    {
        "parent": "CD",
        "ids": {
            "fips": "CG04",
            "geonames": 214138,
            "iso_3166_2": "CD-KE"
        },
        "long": {
            "default": "Kasaï-Oriental"
        }
    },
    {
        "parent": "CD",
        "ids": {
            "fips": "CG03",
            "geonames": 214139,
            "iso_3166_2": "CD-KW"
        },
        "long": {
            "default": "Kasaï-Occidental"
        }
    },
    {
        "parent": "CD",
        "ids": {
            "fips": "CG09",
            "geonames": 216139,
            "iso_3166_2": "CD-OR"
        },
        "long": {
            "default": "Orientale"
        }
    },
    {
        "parent": "CD",
        "ids": {
            "fips": "CG02",
            "geonames": 216661,
            "iso_3166_2": "CD-EQ"
        },
        "long": {
            "default": "Équateur"
        }
    },
    {
        "parent": "CD",
        "ids": {
            "fips": "CG06",
            "geonames": 2314300,
            "iso_3166_2": "CD-KN"
        },
        "long": {
            "default": "Kinshasa"
        }
    },
    {
        "parent": "CD",
        "ids": {
            "fips": "CG08",
            "geonames": 2317277,
            "iso_3166_2": "CD-BC"
        },
        "long": {
            "default": "Bas-Congo"
        }
    },
    {
        "parent": "CD",
        "ids": {
            "fips": "CG01",
            "geonames": 2317396,
            "iso_3166_2": "CD-BN"
        },
        "long": {
            "default": "Bandundu"
        }
    }
]