[
    {
        "parent": "CF",
        "ids": {
            "fips": "CT14",
            "geonames": 236178,
            "iso_3166_2": "CF-VK"
        },
        "long": {
            "default": "Vakaga"
        }
    },
    {
        "parent": "CF",
        "ids": {
            "fips": "CT11",
            "geonames": 236887,
            "iso_3166_2": "CF-UK"
        },
        "long": {
            "default": "Ouaka"
        }
    },
    {
        "parent": "CF",
        "ids": {
            "fips": "CT08",
            "geonames": 237556,
            "iso_3166_2": "CF-MB"
        },
        "long": {
            "default": "Mbomou"
        }
    },
    {
        "parent": "CF",
        "ids": {
            "fips": "CT05",
            "geonames": 238639,
            "iso_3166_2": "CF-HM"
        },
        "long": {
            "default": "Haut-Mbomou"
        }
    },
    {
        "parent": "CF",
        "ids": {
            "fips": "CT03",
            "geonames": 238640,
            "iso_3166_2": "CF-HK"
        },
        "long": {
            "default": "Haute-Kotto"
        }
    },
    {
        "parent": "CF",
        "ids": {
            "fips": "CT02",
            "geonames": 240396,
            "iso_3166_2": "CF-BK"
        },
        "long": {
            "default": "Basse-Kotto"
        }
    },
    {
        "parent": "CF",
        "ids": {
            "fips": "CT01",
            "geonames": 240591,
            "iso_3166_2": "CF-BB"
        },
        "long": {
            "default": "Bamingui-Bangoran"
        }
    },
    {
        "parent": "CF",
        "ids": {
            "fips": "CT16",
            "geonames": 2383204,
            "iso_3166_2": "CF-SE"
        },
        "long": {
            "default": "Sangha-Mbaéré"
        }
    },
    {
        "parent": "CF",
        "ids": {
            "fips": "CT13",
            "geonames": 2383650,
            "iso_3166_2": "CF-OP"
        },
        "long": {
            "default": "Ouham-Pendé"
        }
    },
    {
        "parent": "CF",
        "ids": {
            "fips": "CT12",
            "geonames": 2383653,
            "iso_3166_2": "CF-AC"
        },
        "long": {
            "default": "Ouham"
        }
    },
    {
        "parent": "CF",
        "ids": {
            "fips": "CT17",
            "geonames": 2383765,
            "iso_3166_2": "CF-MP"
        },
        "long": {
            "default": "Ombella-M'Poko"
        }
    },
    {
        "parent": "CF",
        "ids": {
            "fips": "CT09",
            "geonames": 2384205,
            "iso_3166_2": "CF-NM"
        },
        "long": {
            "default": "Nana-Mambéré"
        }
    },
    {
        "parent": "CF",
        "ids": {
            "fips": "CT07",
            "geonames": 2385105,
            "iso_3166_2": "CF-LB"
        },
        "long": {
            "default": "Lobaye"
        }
    },
    {
        "parent": "CF",
        "ids": {
            "fips": "CT06",
            "geonames": 2385836,
            "iso_3166_2": "CF-KG"
        },
        "long": {
            "default": "Kémo"
        }
    },
    {
        "parent": "CF",
        "ids": {
            "fips": "CT04",
            "geonames": 2386161,
            "iso_3166_2": "CF-HS"
        },
        "long": {
            "default": "Mambéré-Kadéï"
        }
    },
    {
        "parent": "CF",
        "ids": {
            "fips": "CT15",
            "geonames": 2386243,
            "iso_3166_2": "CF-KB"
        },
        "long": {
            "default": "Nana-Grébizi"
        }
    },
    {
        "parent": "CF",
        "ids": {
            "fips": "CT18",
            "geonames": 2596686,
            "iso_3166_2": "CF-BGF"
        },
        "long": {
            "default": "Bangui"
        }
    }
]