[
    {
        "parent": "CG",
        "ids": {
            "fips": "CF10",
            "geonames": 2255329,
            "iso_3166_2": "CG-13"
        },
        "long": {
            "default": "Sangha"
        }
    },
    {
        "parent": "CG",
        "ids": {
            "fips": "CF11",
            "geonames": 2255404,
            "iso_3166_2": "CG-12"
        },
        "long": {
            "default": "Pool"
        }
    },
    {
        "parent": "CG",
        "ids": {
            "fips": "CF08",
            "geonames": 2255422,
            "iso_3166_2": "CG-14"
        },
        "long": {
            "default": "Plateaux"
        }
    },
    {
        "parent": "CG",
        "ids": {
            "fips": "CF07",
            "geonames": 2256175,
            "iso_3166_2": "CG-9"
        },
        "long": {
            "default": "Niari"
        }
    },
    {
        "parent": "CG",
        "ids": {
            "fips": "CF06",
            "geonames": 2258431,
            "iso_3166_2": "CG-7"
        },
        "long": {
            "default": "Likouala"
        }
    },
    {
        "parent": "CG",
        "ids": {
            "fips": "CF05",
            "geonames": 2258534,
            "iso_3166_2": "CG-2"
        },
        "long": {
            "default": "Lékoumou"
        }
    },
    {
        "parent": "CG",
        "ids": {
            "fips": "CF04",
            "geonames": 2258738,
            "iso_3166_2": "CG-5"
        },
        "long": {
            "default": "Kouilou"
        }
    },
    {
        "parent": "CG",
        "ids": {
            "fips": "CF13",
            "geonames": 2260487,
            "iso_3166_2": "CG-8"
        },
        "long": {
            "default": "Cuvette"
        }
    },
    {
        "parent": "CG",
        "ids": {
            "fips": "CF01",
            "geonames": 2260668,
            "iso_3166_2": "CG-11"
        },
        "long": {
            "default": "Bouenza"
        }
    },
    {
        "parent": "CG",
        "ids": {
            "fips": "CF12",
            "geonames": 2572183,
            "iso_3166_2": "CG-BZV"
        },
        "long": {
            "default": "Brazzaville"
        }
    },
    {
        "parent": "CG",
        "ids": {
            "fips": "CF14",
            "geonames": 2593118,
            "iso_3166_2": "CG-15"
        },
        "long": {
            "default": "Cuvette-Ouest"
        }
    },
    {
        "parent": "CG",
        "ids": {
            "fips": "CF7280295",
            "geonames": 7280295,
            "iso_3166_2": "CG-16"
        },
        "long": {
            "default": "Pointe-Noire"
        }
    }
]