[
    {
        "parent": "CH",
        "ids": {
            "fips": "SZ25",
            "geonames": 2657895,
            "iso_3166_2": "CH-ZH"
        },
        "long": {
            "default": "Zurich"
        }
    },
    {
        "parent": "CH",
        "ids": {
            "fips": "SZ24",
            "geonames": 2657907,
            "iso_3166_2": "CH-ZG"
        },
        "long": {
            "default": "Zug"
        }
    },
    {
        "parent": "CH",
        "ids": {
            "fips": "SZ23",
            "geonames": 2658182,
            "iso_3166_2": "CH-VD"
        },
        "long": {
            "default": "Vaud"
        }
    },
    {
        "parent": "CH",
        "ids": {
            "fips": "SZ22",
            "geonames": 2658205,
            "iso_3166_2": "CH-VS"
        },
        "long": {
            "default": "Valais"
        }
    },
    {
        "parent": "CH",
        "ids": {
            "fips": "SZ21",
            "geonames": 2658226,
            "iso_3166_2": "CH-UR"
        },
        "long": {
            "default": "Uri"
        }
    },
    {
        "parent": "CH",
        "ids": {
            "fips": "SZ20",
            "geonames": 2658370,
            "iso_3166_2": "CH-TI"
        },
        "long": {
            "default": "Ticino"
        }
    },
    {
        "parent": "CH",
        "ids": {
            "fips": "SZ19",
            "geonames": 2658372,
            "iso_3166_2": "CH-TG"
        },
        "long": {
            "default": "Thurgau"
        }
    },
    {
        "parent": "CH",
        "ids": {
            "fips": "SZ18",
            "geonames": 2658563,
            "iso_3166_2": "CH-SO"
        },
        "long": {
            "default": "Solothurn"
        }
    },
    {
        "parent": "CH",
        "ids": {
            "fips": "SZ17",
            "geonames": 2658664,
            "iso_3166_2": "CH-SZ"
        },
        "long": {
            "default": "Schwyz"
        }
    },
    {
        "parent": "CH",
        "ids": {
            "fips": "SZ16",
            "geonames": 2658760,
            "iso_3166_2": "CH-SH"
        },
        "long": {
            "default": "Schaffhausen"
        }
    },
    {
        "parent": "CH",
        "ids": {
            "fips": "SZ15",
            "geonames": 2658821,
            "iso_3166_2": "CH-SG"
        },
        "long": {
            "default": "Saint Gallen"
        }
    },
    {
        "parent": "CH",
        "ids": {
            "fips": "SZ14",
            "geonames": 2659315,
            "iso_3166_2": "CH-OW"
        },
        "long": {
            "default": "Obwalden"
        }
    },
    {
        "parent": "CH",
        "ids": {
            "fips": "SZ13",
            "geonames": 2659471,
            "iso_3166_2": "CH-NW"
        },
        "long": {
            "default": "Nidwalden"
        }
    },
    {
        "parent": "CH",
        "ids": {
            "fips": "SZ12",
            "geonames": 2659495,
            "iso_3166_2": "CH-NE"
        },
        "long": {
            "default": "Neuchâtel"
        }
    },
    {
        "parent": "CH",
        "ids": {
            "fips": "SZ11",
            "geonames": 2659810,
            "iso_3166_2": "CH-LU"
        },
        "long": {
            "default": "Lucerne"
        }
    },
    {
        "parent": "CH",
        "ids": {
            "fips": "SZ26",
            "geonames": 2660207,
            "iso_3166_2": "CH-JU"
        },
        "long": {
            "default": "Jura"
        }
    },
    {
        "parent": "CH",
        "ids": {
            "fips": "SZ09",
            "geonames": 2660522,
            "iso_3166_2": "CH-GR"
        },
        "long": {
            "default": "Grisons"
        }
    },
    {
        "parent": "CH",
        "ids": {
            "fips": "SZ08",
            "geonames": 2660593,
            "iso_3166_2": "CH-GL"
        },
        "long": {
            "default": "Glarus"
        }
    },
    {
        "parent": "CH",
        "ids": {
            "fips": "SZ07",
            "geonames": 2660645,
            "iso_3166_2": "CH-GE"
        },
        "long": {
            "default": "Geneva"
        }
    },
    {
        "parent": "CH",
        "ids": {
            "fips": "SZ06",
            "geonames": 2660717,
            "iso_3166_2": "CH-FR"
        },
        "long": {
            "default": "Fribourg"
        }
    },
    {
        "parent": "CH",
        "ids": {
            "fips": "SZ05",
            "geonames": 2661551,
            "iso_3166_2": "CH-BE"
        },
        "long": {
            "default": "Bern"
        }
    },
    {
        "parent": "CH",
        "ids": {
            "fips": "SZ04",
            "geonames": 2661602,
            "iso_3166_2": "CH-BS"
        },
        "long": {
            "default": "Basel City"
        }
    },
    {
        "parent": "CH",
        "ids": {
            "fips": "SZ03",
            "geonames": 2661603,
            "iso_3166_2": "CH-BL"
        },
        "long": {
            "default": "Basel-Landschaft"
        }
    },
    {
        "parent": "CH",
        "ids": {
            "fips": "SZ02",
            "geonames": 2661739,
            "iso_3166_2": "CH-AR"
        },
        "long": {
            "default": "Appenzell Ausserrhoden"
        }
    },
    {
        "parent": "CH",
        "ids": {
            "fips": "SZ10",
            "geonames": 2661741,
            "iso_3166_2": "CH-AI"
        },
        "long": {
            "default": "Appenzell Innerrhoden"
        }
    },
    {
        "parent": "CH",
        "ids": {
            "fips": "SZ01",
            "geonames": 2661876,
            "iso_3166_2": "CH-AG"
        },
        "long": {
            "default": "Aargau"
        }
    }
]