[
    {
        "parent": "CI",
        "ids": {
            "fips": "IV82",
            "geonames": 2597316,
            "iso_3166_2": "CI-LG"
        },
        "long": {
            "default": "Lagunes"
        }
    },
    {
        "parent": "CI",
        "ids": {
            "fips": "IV89",
            "geonames": 2597317,
            "iso_3166_2": false
        },
        "long": {
            "default": "Sud-Comoé"
        }
    },
    {
        "parent": "CI",
        "ids": {
            "fips": "IV74",
            "geonames": 2597318,
            "iso_3166_2": false
        },
        "long": {
            "default": "Agnéby"
        }
    },
    {
        "parent": "CI",
        "ids": {
            "fips": "IV80",
            "geonames": 2597319,
            "iso_3166_2": false
        },
        "long": {
            "default": "Bas-Sassandra"
        }
    },
    {
        "parent": "CI",
        "ids": {
            "fips": "IV87",
            "geonames": 2597320,
            "iso_3166_2": "CI-SV"
        },
        "long": {
            "default": "Savanes"
        }
    },
    {
        "parent": "CI",
        "ids": {
            "fips": "IV90",
            "geonames": 2597321,
            "iso_3166_2": "CI-VB"
        },
        "long": {
            "default": "Vallée du Bandama"
        }
    },
    {
        "parent": "CI",
        "ids": {
            "fips": "IV85",
            "geonames": 2597322,
            "iso_3166_2": false
        },
        "long": {
            "default": "Moyen-Comoé"
        }
    },
    {
        "parent": "CI",
        "ids": {
            "fips": "IV78",
            "geonames": 2597323,
            "iso_3166_2": "CI-MG"
        },
        "long": {
            "default": "Montagnes"
        }
    },
    {
        "parent": "CI",
        "ids": {
            "fips": "IV81",
            "geonames": 2597324,
            "iso_3166_2": "CI-LC"
        },
        "long": {
            "default": "Lacs"
        }
    },
    {
        "parent": "CI",
        "ids": {
            "fips": "IV92",
            "geonames": 2597325,
            "iso_3166_2": "CI-ZZ"
        },
        "long": {
            "default": "Zanzan"
        }
    },
    {
        "parent": "CI",
        "ids": {
            "fips": "IV76",
            "geonames": 2597326,
            "iso_3166_2": "CI-BS"
        },
        "long": {
            "default": "Bas-Sassandra"
        }
    },
    {
        "parent": "CI",
        "ids": {
            "fips": "IV91",
            "geonames": 2597327,
            "iso_3166_2": false
        },
        "long": {
            "default": "Worodougou"
        }
    },
    {
        "parent": "CI",
        "ids": {
            "fips": "IV77",
            "geonames": 2597328,
            "iso_3166_2": "CI-DN"
        },
        "long": {
            "default": "Denguélé"
        }
    },
    {
        "parent": "CI",
        "ids": {
            "fips": "IV88",
            "geonames": 2597329,
            "iso_3166_2": false
        },
        "long": {
            "default": "Sud-Bandama"
        }
    },
    {
        "parent": "CI",
        "ids": {
            "fips": "IV79",
            "geonames": 2597330,
            "iso_3166_2": false
        },
        "long": {
            "default": "Fromager"
        }
    },
    {
        "parent": "CI",
        "ids": {
            "fips": "IV86",
            "geonames": 2597331,
            "iso_3166_2": "CI-CM"
        },
        "long": {
            "default": "Comoé"
        }
    },
    {
        "parent": "CI",
        "ids": {
            "fips": "IV83",
            "geonames": 2597332,
            "iso_3166_2": "CI-SM"
        },
        "long": {
            "default": "Sassandra-Marahoué"
        }
    },
    {
        "parent": "CI",
        "ids": {
            "fips": "IV84",
            "geonames": 2597333,
            "iso_3166_2": false
        },
        "long": {
            "default": "Moyen-Cavally"
        }
    },
    {
        "parent": "CI",
        "ids": {
            "fips": "IV93",
            "geonames": 11153151,
            "iso_3166_2": "CI-AB"
        },
        "long": {
            "default": "Abidjan"
        }
    },
    {
        "parent": "CI",
        "ids": {
            "fips": "IV75",
            "geonames": 2597334,
            "iso_3166_2": false
        },
        "long": {
            "default": "Bafing"
        }
    },
    {
        "parent": "CI",
        "ids": {
            "fips": "IV58",
            "geonames": 10629377,
            "iso_3166_2": "CI-YM"
        },
        "long": {
            "default": "Yamoussoukro Autonomous District"
        }
    }
]