[
    {
        "parent": "CL",
        "ids": {
            "fips": "CI01",
            "geonames": 3868621,
            "iso_3166_2": "CL-VS"
        },
        "long": {
            "default": "Valparaíso"
        }
    },
    {
        "parent": "CL",
        "ids": {
            "fips": "CI15",
            "geonames": 3870116,
            "iso_3166_2": "CL-TA"
        },
        "long": {
            "default": "Tarapacá"
        }
    },
    {
        "parent": "CL",
        "ids": {
            "fips": "CI12",
            "geonames": 3873544,
            "iso_3166_2": "CL-RM"
        },
        "long": {
            "default": "Santiago Metropolitan"
        }
    },
    {
        "parent": "CL",
        "ids": {
            "fips": "CI11",
            "geonames": 3880306,
            "iso_3166_2": "CL-ML"
        },
        "long": {
            "default": "Maule"
        }
    },
    {
        "parent": "CL",
        "ids": {
            "fips": "CI14",
            "geonames": 3881974,
            "iso_3166_2": "CL-LL"
        },
        "long": {
            "default": "Los Lagos"
        }
    },
    {
        "parent": "CL",
        "ids": {
            "fips": "CI08",
            "geonames": 3883281,
            "iso_3166_2": "CL-LI"
        },
        "long": {
            "default": "O'Higgins"
        }
    },
    {
        "parent": "CL",
        "ids": {
            "fips": "CI07",
            "geonames": 3893623,
            "iso_3166_2": "CL-CO"
        },
        "long": {
            "default": "Coquimbo"
        }
    },
    {
        "parent": "CL",
        "ids": {
            "fips": "CI06",
            "geonames": 3898380,
            "iso_3166_2": "CL-BI"
        },
        "long": {
            "default": "Biobío"
        }
    },
    {
        "parent": "CL",
        "ids": {
            "fips": "CI05",
            "geonames": 3899191,
            "iso_3166_2": "CL-AT"
        },
        "long": {
            "default": "Atacama"
        }
    },
    {
        "parent": "CL",
        "ids": {
            "fips": "CI04",
            "geonames": 3899463,
            "iso_3166_2": "CL-AR"
        },
        "long": {
            "default": "Araucanía"
        }
    },
    {
        "parent": "CL",
        "ids": {
            "fips": "CI03",
            "geonames": 3899537,
            "iso_3166_2": "CL-AN"
        },
        "long": {
            "default": "Antofagasta"
        }
    },
    {
        "parent": "CL",
        "ids": {
            "fips": "CI02",
            "geonames": 3900333,
            "iso_3166_2": "CL-AI"
        },
        "long": {
            "default": "Aysén"
        }
    },
    {
        "parent": "CL",
        "ids": {
            "fips": "CI10",
            "geonames": 4036650,
            "iso_3166_2": "CL-MA"
        },
        "long": {
            "default": "Magallanes"
        }
    },
    {
        "parent": "CL",
        "ids": {
            "fips": "CI16",
            "geonames": 6693562,
            "iso_3166_2": "CL-AP"
        },
        "long": {
            "default": "Arica y Parinacota"
        }
    },
    {
        "parent": "CL",
        "ids": {
            "fips": "CI17",
            "geonames": 6693563,
            "iso_3166_2": "CL-LR"
        },
        "long": {
            "default": "Los Ríos"
        }
    }
]