[
    {
        "parent": "CM",
        "ids": {
            "fips": "CM09",
            "geonames": 2221788,
            "iso_3166_2": "CM-SW"
        },
        "long": {
            "default": "South-West"
        }
    },
    {
        "parent": "CM",
        "ids": {
            "fips": "CM14",
            "geonames": 2221789,
            "iso_3166_2": "CM-SU"
        },
        "long": {
            "default": "South"
        }
    },
    {
        "parent": "CM",
        "ids": {
            "fips": "CM08",
            "geonames": 2222934,
            "iso_3166_2": "CM-OU"
        },
        "long": {
            "default": "West"
        }
    },
    {
        "parent": "CM",
        "ids": {
            "fips": "CM07",
            "geonames": 2223602,
            "iso_3166_2": "CM-NW"
        },
        "long": {
            "default": "North-West"
        }
    },
    {
        "parent": "CM",
        "ids": {
            "fips": "CM13",
            "geonames": 2223603,
            "iso_3166_2": "CM-NO"
        },
        "long": {
            "default": "North"
        }
    },
    {
        "parent": "CM",
        "ids": {
            "fips": "CM05",
            "geonames": 2229336,
            "iso_3166_2": "CM-LT"
        },
        "long": {
            "default": "Littoral"
        }
    },
    {
        "parent": "CM",
        "ids": {
            "fips": "CM12",
            "geonames": 2231755,
            "iso_3166_2": "CM-EN"
        },
        "long": {
            "default": "Far North"
        }
    },
    {
        "parent": "CM",
        "ids": {
            "fips": "CM04",
            "geonames": 2231835,
            "iso_3166_2": "CM-ES"
        },
        "long": {
            "default": "East"
        }
    },
    {
        "parent": "CM",
        "ids": {
            "fips": "CM11",
            "geonames": 2233376,
            "iso_3166_2": "CM-CE"
        },
        "long": {
            "default": "Centre"
        }
    },
    {
        "parent": "CM",
        "ids": {
            "fips": "CM10",
            "geonames": 2236015,
            "iso_3166_2": "CM-AD"
        },
        "long": {
            "default": "Adamaoua"
        }
    }
]