[
    {
        "parent": "CN",
        "ids": {
            "fips": "CH14",
            "geonames": 1279685,
            "iso_3166_2": "CN-54"
        },
        "long": {
            "default": "Tibet Autonomous Region"
        }
    },
    {
        "parent": "CN",
        "ids": {
            "fips": "CH06",
            "geonames": 1280239,
            "iso_3166_2": "CN-63"
        },
        "long": {
            "default": "Qinghai"
        }
    },
    {
        "parent": "CN",
        "ids": {
            "fips": "CH13",
            "geonames": 1529047,
            "iso_3166_2": "CN-65"
        },
        "long": {
            "default": "Xinjiang Uyghur Autonomous Region"
        }
    },
    {
        "parent": "CN",
        "ids": {
            "fips": "CH02",
            "geonames": 1784764,
            "iso_3166_2": "CN-33"
        },
        "long": {
            "default": "Zhejiang"
        }
    },
    {
        "parent": "CN",
        "ids": {
            "fips": "CH29",
            "geonames": 1785694,
            "iso_3166_2": "CN-53"
        },
        "long": {
            "default": "Yunnan"
        }
    },
    {
        "parent": "CN",
        "ids": {
            "fips": "CH28",
            "geonames": 1792943,
            "iso_3166_2": "CN-12"
        },
        "long": {
            "default": "Tianjin"
        }
    },
    {
        "parent": "CN",
        "ids": {
            "fips": "CH32",
            "geonames": 1794299,
            "iso_3166_2": "CN-51"
        },
        "long": {
            "default": "Sichuan"
        }
    },
    {
        "parent": "CN",
        "ids": {
            "fips": "CH24",
            "geonames": 1795912,
            "iso_3166_2": "CN-14"
        },
        "long": {
            "default": "Shanxi"
        }
    },
    {
        "parent": "CN",
        "ids": {
            "fips": "CH23",
            "geonames": 1796231,
            "iso_3166_2": "CN-31"
        },
        "long": {
            "default": "Shanghai"
        }
    },
    {
        "parent": "CN",
        "ids": {
            "fips": "CH25",
            "geonames": 1796328,
            "iso_3166_2": "CN-37"
        },
        "long": {
            "default": "Shandong"
        }
    },
    {
        "parent": "CN",
        "ids": {
            "fips": "CH26",
            "geonames": 1796480,
            "iso_3166_2": "CN-14"
        },
        "long": {
            "default": "Shaanxi"
        }
    },
    {
        "parent": "CN",
        "ids": {
            "fips": "CH21",
            "geonames": 1799355,
            "iso_3166_2": "CN-64"
        },
        "long": {
            "default": "Ningsia Hui Autonomous Region"
        }
    },
    {
        "parent": "CN",
        "ids": {
            "fips": "CH03",
            "geonames": 1806222,
            "iso_3166_2": "CN-36"
        },
        "long": {
            "default": "Jiangxi"
        }
    },
    {
        "parent": "CN",
        "ids": {
            "fips": "CH04",
            "geonames": 1806260,
            "iso_3166_2": "CN-32"
        },
        "long": {
            "default": "Jiangsu"
        }
    },
    {
        "parent": "CN",
        "ids": {
            "fips": "CH11",
            "geonames": 1806691,
            "iso_3166_2": "CN-43"
        },
        "long": {
            "default": "Hunan"
        }
    },
    {
        "parent": "CN",
        "ids": {
            "fips": "CH12",
            "geonames": 1806949,
            "iso_3166_2": "CN-42"
        },
        "long": {
            "default": "Hubei"
        }
    },
    {
        "parent": "CN",
        "ids": {
            "fips": "CH09",
            "geonames": 1808520,
            "iso_3166_2": "CN-41"
        },
        "long": {
            "default": "Henan"
        }
    },
    {
        "parent": "CN",
        "ids": {
            "fips": "CH10",
            "geonames": 1808773,
            "iso_3166_2": "CN-13"
        },
        "long": {
            "default": "Hebei"
        }
    },
    {
        "parent": "CN",
        "ids": {
            "fips": "CH31",
            "geonames": 1809054,
            "iso_3166_2": "CN-46"
        },
        "long": {
            "default": "Hainan"
        }
    },
    {
        "parent": "CN",
        "ids": {
            "fips": "CH18",
            "geonames": 1809445,
            "iso_3166_2": "CN-52"
        },
        "long": {
            "default": "Guizhou"
        }
    },
    {
        "parent": "CN",
        "ids": {
            "fips": "CH16",
            "geonames": 1809867,
            "iso_3166_2": "CN-45"
        },
        "long": {
            "default": "Guangxi Zhuang Autonomous Region"
        }
    },
    {
        "parent": "CN",
        "ids": {
            "fips": "CH30",
            "geonames": 1809935,
            "iso_3166_2": "CN-44"
        },
        "long": {
            "default": "Guangdong"
        }
    },
    {
        "parent": "CN",
        "ids": {
            "fips": "CH24",
            "geonames": 1795912,
            "iso_3166_2": "CN-61"
        },
        "long": {
            "default": "Shaanxi"
        }
    },
    {
        "parent": "CN",
        "ids": {
            "fips": false,
            "geonames": 7280291,
            "iso_3166_2": "CN-71"
        },
        "long": {
            "default": "Taiwan"
        }
    },
    {
        "parent": "CN",
        "ids": {
            "fips": false,
            "geonames": 7533598,
            "iso_3166_2": "CN-91"
        },
        "long": {
            "default": "Hong Kong"
        }
    },
    {
        "parent": "CN",
        "ids": {
            "fips": false,
            "geonames": 1821273,
            "iso_3166_2": "CN-92"
        },
        "long": {
            "default": "Macao"
        }
    },
    {
        "parent": "CN",
        "ids": {
            "fips": "CH15",
            "geonames": 1810676,
            "iso_3166_2": "CN-62"
        },
        "long": {
            "default": "Gansu"
        }
    },
    {
        "parent": "CN",
        "ids": {
            "fips": "CH07",
            "geonames": 1811017,
            "iso_3166_2": "CN-35"
        },
        "long": {
            "default": "Fujian"
        }
    },
    {
        "parent": "CN",
        "ids": {
            "fips": "CH33",
            "geonames": 1814905,
            "iso_3166_2": "CN-50"
        },
        "long": {
            "default": "Chongqing"
        }
    },
    {
        "parent": "CN",
        "ids": {
            "fips": "CH01",
            "geonames": 1818058,
            "iso_3166_2": "CN-34"
        },
        "long": {
            "default": "Anhui"
        }
    },
    {
        "parent": "CN",
        "ids": {
            "fips": "CH20",
            "geonames": 2035607,
            "iso_3166_2": "CN-15"
        },
        "long": {
            "default": "Inner Mongolia"
        }
    },
    {
        "parent": "CN",
        "ids": {
            "fips": "CH19",
            "geonames": 2036115,
            "iso_3166_2": "CN-21"
        },
        "long": {
            "default": "Liaoning"
        }
    },
    {
        "parent": "CN",
        "ids": {
            "fips": "CH05",
            "geonames": 2036500,
            "iso_3166_2": "CN-22"
        },
        "long": {
            "default": "Jilin"
        }
    },
    {
        "parent": "CN",
        "ids": {
            "fips": "CH08",
            "geonames": 2036965,
            "iso_3166_2": "CN-23"
        },
        "long": {
            "default": "Heilongjiang"
        }
    },
    {
        "parent": "CN",
        "ids": {
            "fips": "CH22",
            "geonames": 2038349,
            "iso_3166_2": "CN-11"
        },
        "long": {
            "default": "Beijing"
        }
    }
]