[
    {
        "parent": "CO",
        "ids": {
            "fips": "CO31",
            "geonames": 3666082,
            "iso_3166_2": "CO-VID"
        },
        "long": {
            "default": "Vichada"
        }
    },
    {
        "parent": "CO",
        "ids": {
            "fips": "CO30",
            "geonames": 3666254,
            "iso_3166_2": "CO-VAU"
        },
        "long": {
            "default": "Vaupés"
        }
    },
    {
        "parent": "CO",
        "ids": {
            "fips": "CO29",
            "geonames": 3666313,
            "iso_3166_2": "CO-VAC"
        },
        "long": {
            "default": "Valle del Cauca"
        }
    },
    {
        "parent": "CO",
        "ids": {
            "fips": "CO28",
            "geonames": 3666951,
            "iso_3166_2": "CO-TOL"
        },
        "long": {
            "default": "Tolima"
        }
    },
    {
        "parent": "CO",
        "ids": {
            "fips": "CO27",
            "geonames": 3667725,
            "iso_3166_2": "CO-SUC"
        },
        "long": {
            "default": "Sucre"
        }
    },
    {
        "parent": "CO",
        "ids": {
            "fips": "CO26",
            "geonames": 3668578,
            "iso_3166_2": "CO-SAN"
        },
        "long": {
            "default": "Santander"
        }
    },
    {
        "parent": "CO",
        "ids": {
            "fips": "CO25",
            "geonames": 3670205,
            "iso_3166_2": "CO-SAP"
        },
        "long": {
            "default": "San Andrés, Providencia y Santa Catalina"
        }
    },
    {
        "parent": "CO",
        "ids": {
            "fips": "CO24",
            "geonames": 3670698,
            "iso_3166_2": "CO-RIS"
        },
        "long": {
            "default": "Risaralda"
        }
    },
    {
        "parent": "CO",
        "ids": {
            "fips": "CO23",
            "geonames": 3671087,
            "iso_3166_2": "CO-QUI"
        },
        "long": {
            "default": "Quindío"
        }
    },
    {
        "parent": "CO",
        "ids": {
            "fips": "CO22",
            "geonames": 3671178,
            "iso_3166_2": "CO-PUT"
        },
        "long": {
            "default": "Putumayo"
        }
    },
    {
        "parent": "CO",
        "ids": {
            "fips": "CO21",
            "geonames": 3673798,
            "iso_3166_2": "CO-NSA"
        },
        "long": {
            "default": "Norte de Santander"
        }
    },
    {
        "parent": "CO",
        "ids": {
            "fips": "CO20",
            "geonames": 3674021,
            "iso_3166_2": "CO-NAR"
        },
        "long": {
            "default": "Nariño"
        }
    },
    {
        "parent": "CO",
        "ids": {
            "fips": "CO19",
            "geonames": 3674810,
            "iso_3166_2": "CO-MET"
        },
        "long": {
            "default": "Meta"
        }
    },
    {
        "parent": "CO",
        "ids": {
            "fips": "CO38",
            "geonames": 3675686,
            "iso_3166_2": "CO-MAG"
        },
        "long": {
            "default": "Magdalena"
        }
    },
    {
        "parent": "CO",
        "ids": {
            "fips": "CO17",
            "geonames": 3678847,
            "iso_3166_2": "CO-LAG"
        },
        "long": {
            "default": "La Guajira"
        }
    },
    {
        "parent": "CO",
        "ids": {
            "fips": "CO16",
            "geonames": 3680692,
            "iso_3166_2": "CO-HUI"
        },
        "long": {
            "default": "Huila"
        }
    },
    {
        "parent": "CO",
        "ids": {
            "fips": "CO14",
            "geonames": 3681344,
            "iso_3166_2": "CO-GUV"
        },
        "long": {
            "default": "Guaviare"
        }
    },
    {
        "parent": "CO",
        "ids": {
            "fips": "CO15",
            "geonames": 3681652,
            "iso_3166_2": "CO-GUA"
        },
        "long": {
            "default": "Guainía"
        }
    },
    {
        "parent": "CO",
        "ids": {
            "fips": "CO33",
            "geonames": 3685413,
            "iso_3166_2": "CO-CUN"
        },
        "long": {
            "default": "Cundinamarca"
        }
    },
    {
        "parent": "CO",
        "ids": {
            "fips": "CO12",
            "geonames": 3685889,
            "iso_3166_2": "CO-COR"
        },
        "long": {
            "default": "Córdoba"
        }
    },
    {
        "parent": "CO",
        "ids": {
            "fips": "CO11",
            "geonames": 3686431,
            "iso_3166_2": "CO-CHO"
        },
        "long": {
            "default": "Chocó"
        }
    },
    {
        "parent": "CO",
        "ids": {
            "fips": "CO10",
            "geonames": 3686880,
            "iso_3166_2": "CO-CES"
        },
        "long": {
            "default": "Cesar"
        }
    },
    {
        "parent": "CO",
        "ids": {
            "fips": "CO09",
            "geonames": 3687029,
            "iso_3166_2": "CO-CAU"
        },
        "long": {
            "default": "Cauca"
        }
    },
    {
        "parent": "CO",
        "ids": {
            "fips": "CO32",
            "geonames": 3687173,
            "iso_3166_2": "CO-CAS"
        },
        "long": {
            "default": "Casanare"
        }
    },
    {
        "parent": "CO",
        "ids": {
            "fips": "CO08",
            "geonames": 3687479,
            "iso_3166_2": "CO-CAQ"
        },
        "long": {
            "default": "Caquetá"
        }
    },
    {
        "parent": "CO",
        "ids": {
            "fips": "CO37",
            "geonames": 3687951,
            "iso_3166_2": "CO-CAL"
        },
        "long": {
            "default": "Caldas"
        }
    },
    {
        "parent": "CO",
        "ids": {
            "fips": "CO36",
            "geonames": 3688536,
            "iso_3166_2": "CO-BOY"
        },
        "long": {
            "default": "Boyacá"
        }
    },
    {
        "parent": "CO",
        "ids": {
            "fips": "CO35",
            "geonames": 3688650,
            "iso_3166_2": "CO-BOL"
        },
        "long": {
            "default": "Bolívar"
        }
    },
    {
        "parent": "CO",
        "ids": {
            "fips": "CO34",
            "geonames": 3688685,
            "iso_3166_2": "CO-DC"
        },
        "long": {
            "default": "Distrito Capital de Bogota"
        }
    },
    {
        "parent": "CO",
        "ids": {
            "fips": "CO04",
            "geonames": 3689436,
            "iso_3166_2": "CO-ATL"
        },
        "long": {
            "default": "Atlántico"
        }
    },
    {
        "parent": "CO",
        "ids": {
            "fips": "CO03",
            "geonames": 3689717,
            "iso_3166_2": "CO-ARA"
        },
        "long": {
            "default": "Arauca"
        }
    },
    {
        "parent": "CO",
        "ids": {
            "fips": "CO02",
            "geonames": 3689815,
            "iso_3166_2": "CO-ANT"
        },
        "long": {
            "default": "Antioquia"
        }
    },
    {
        "parent": "CO",
        "ids": {
            "fips": "CO01",
            "geonames": 3689982,
            "iso_3166_2": "CO-AMA"
        },
        "long": {
            "default": "Amazonas"
        }
    }
]