[
    {
        "parent": "CR",
        "ids": {
            "fips": "CS08",
            "geonames": 3621837,
            "iso_3166_2": "CR-SJ"
        },
        "long": {
            "default": "San José"
        }
    },
    {
        "parent": "CR",
        "ids": {
            "fips": "CS07",
            "geonames": 3622226,
            "iso_3166_2": "CR-P"
        },
        "long": {
            "default": "Puntarenas"
        }
    },
    {
        "parent": "CR",
        "ids": {
            "fips": "CS06",
            "geonames": 3623064,
            "iso_3166_2": "CR-L"
        },
        "long": {
            "default": "Limón"
        }
    },
    {
        "parent": "CR",
        "ids": {
            "fips": "CS04",
            "geonames": 3623484,
            "iso_3166_2": "CR-H"
        },
        "long": {
            "default": "Heredia"
        }
    },
    {
        "parent": "CR",
        "ids": {
            "fips": "CS03",
            "geonames": 3623582,
            "iso_3166_2": "CR-G"
        },
        "long": {
            "default": "Guanacaste"
        }
    },
    {
        "parent": "CR",
        "ids": {
            "fips": "CS02",
            "geonames": 3624368,
            "iso_3166_2": "CR-C"
        },
        "long": {
            "default": "Cartago"
        }
    },
    {
        "parent": "CR",
        "ids": {
            "fips": "CS01",
            "geonames": 3624953,
            "iso_3166_2": "CR-A"
        },
        "long": {
            "default": "Alajuela"
        }
    }
]