[
    {
        "parent": "CU",
        "ids": {
            "fips": "CU16",
            "geonames": 3534168,
            "iso_3166_2": "CU-05"
        },
        "long": {
            "default": "Villa Clara"
        }
    },
    {
        "parent": "CU",
        "ids": {
            "fips": "CU15",
            "geonames": 3536725,
            "iso_3166_2": "CU-13"
        },
        "long": {
            "default": "Santiago de Cuba"
        }
    },
    {
        "parent": "CU",
        "ids": {
            "fips": "CU14",
            "geonames": 3540665,
            "iso_3166_2": "CU-07"
        },
        "long": {
            "default": "Sancti Spíritus"
        }
    },
    {
        "parent": "CU",
        "ids": {
            "fips": "CU01",
            "geonames": 3544088
        },
        "long": {
            "default": "Pinar del Río"
        }
    },
    {
        "parent": "CU",
        "ids": {
            "fips": "CU03",
            "geonames": 3547394,
            "iso_3166_2": "CU-04"
        },
        "long": {
            "default": "Matanzas"
        }
    },
    {
        "parent": "CU",
        "ids": {
            "fips": "CU13",
            "geonames": 3550595,
            "iso_3166_2": "CU-10"
        },
        "long": {
            "default": "Las Tunas"
        }
    },
    {
        "parent": "CU",
        "ids": {
            "fips": "CU04",
            "geonames": 3556608,
            "iso_3166_2": "CU-99"
        },
        "long": {
            "default": "Isla de la Juventud"
        }
    },
    {
        "parent": "CU",
        "ids": {
            "fips": "CU12",
            "geonames": 3556965,
            "iso_3166_2": "CU-11"
        },
        "long": {
            "default": "Holguín"
        }
    },
    {
        "parent": "CU",
        "ids": {
            "fips": "CU10",
            "geonames": 3557685,
            "iso_3166_2": "CU-14"
        },
        "long": {
            "default": "Guantánamo"
        }
    },
    {
        "parent": "CU",
        "ids": {
            "fips": "CU09",
            "geonames": 3558052,
            "iso_3166_2": "CU-12"
        },
        "long": {
            "default": "Granma"
        }
    },
    {
        "parent": "CU",
        "ids": {
            "fips": "CU02",
            "geonames": 3564073,
            "iso_3166_2": "CU-02"
        },
        "long": {
            "default": "La Habana"
        }
    },
    {
        "parent": "CU",
        "ids": {
            "fips": "CU08",
            "geonames": 3564120,
            "iso_3166_2": "CU-06"
        },
        "long": {
            "default": "Cienfuegos"
        }
    },
    {
        "parent": "CU",
        "ids": {
            "fips": "CU07",
            "geonames": 3564175,
            "iso_3166_2": "CU-08"
        },
        "long": {
            "default": "Ciego de Ávila"
        }
    },
    {
        "parent": "CU",
        "ids": {
            "fips": "CU05",
            "geonames": 3566062,
            "iso_3166_2": "CU-09"
        },
        "long": {
            "default": "Camagüey"
        }
    },
    {
        "parent": "CU",
        "ids": {
            "fips": "AR",
            "geonames": 7668824,
            "iso_3166_2": "CU-15"
        },
        "long": {
            "default": "Artemisa"
        }
    },
    {
        "parent": "CU",
        "ids": {
            "fips": "MA",
            "geonames": 7668827,
            "iso_3166_2": "CU-16"
        },
        "long": {
            "default": "Mayabeque"
        }
    }
]