[
    {
        "parent": "CV",
        "ids": {
            "fips": "CV20",
            "geonames": 3374161,
            "iso_3166_2": "CV-TA"
        },
        "long": {
            "default": "Tarrafal"
        }
    },
    {
        "parent": "CV",
        "ids": {
            "fips": "CV11",
            "geonames": 3374198,
            "iso_3166_2": "CV-SV"
        },
        "long": {
            "default": "São Vicente"
        }
    },
    {
        "parent": "CV",
        "ids": {
            "fips": "CV15",
            "geonames": 3374226,
            "iso_3166_2": "CV-CA"
        },
        "long": {
            "default": "Santa Catarina"
        }
    },
    {
        "parent": "CV",
        "ids": {
            "fips": "CV08",
            "geonames": 3374249,
            "iso_3166_2": "CV-SL"
        },
        "long": {
            "default": "Sal"
        }
    },
    {
        "parent": "CV",
        "ids": {
            "fips": "CV07",
            "geonames": 3374274,
            "iso_3166_2": "CV-RG"
        },
        "long": {
            "default": "Ribeira Grande"
        }
    },
    {
        "parent": "CV",
        "ids": {
            "fips": "CV14",
            "geonames": 3374332,
            "iso_3166_2": "CV-PR"
        },
        "long": {
            "default": "Praia"
        }
    },
    {
        "parent": "CV",
        "ids": {
            "fips": "CV05",
            "geonames": 3374391,
            "iso_3166_2": "CV-PA"
        },
        "long": {
            "default": "Paul"
        }
    },
    {
        "parent": "CV",
        "ids": {
            "fips": "CV04",
            "geonames": 3374487,
            "iso_3166_2": "CV-MA"
        },
        "long": {
            "default": "Maio"
        }
    },
    {
        "parent": "CV",
        "ids": {
            "fips": "CV02",
            "geonames": 3374832,
            "iso_3166_2": "CV-BR"
        },
        "long": {
            "default": "Brava"
        }
    },
    {
        "parent": "CV",
        "ids": {
            "fips": "CV01",
            "geonames": 3374855,
            "iso_3166_2": "CV-BV"
        },
        "long": {
            "default": "Boa Vista"
        }
    },
    {
        "parent": "CV",
        "ids": {
            "fips": "CV13",
            "geonames": 3411924,
            "iso_3166_2": "CV-MO"
        },
        "long": {
            "default": "Mosteiros"
        }
    },
    {
        "parent": "CV",
        "ids": {
            "fips": "CV16",
            "geonames": 3411925,
            "iso_3166_2": "CV-CR"
        },
        "long": {
            "default": "Santa Cruz"
        }
    },
    {
        "parent": "CV",
        "ids": {
            "fips": "CV17",
            "geonames": 3411926,
            "iso_3166_2": "CV-SD"
        },
        "long": {
            "default": "São Domingos"
        }
    },
    {
        "parent": "CV",
        "ids": {
            "fips": "CV18",
            "geonames": 3411927,
            "iso_3166_2": "CV-SF"
        },
        "long": {
            "default": "São Filipe"
        }
    },
    {
        "parent": "CV",
        "ids": {
            "fips": "CV19",
            "geonames": 3411928,
            "iso_3166_2": "CV-SM"
        },
        "long": {
            "default": "São Miguel"
        }
    },
    {
        "parent": "CV",
        "ids": {
            "fips": "CV21",
            "geonames": 7602868,
            "iso_3166_2": "CV-PN"
        },
        "long": {
            "default": "Porto Novo"
        }
    },
    {
        "parent": "CV",
        "ids": {
            "fips": "CV22",
            "geonames": 7602869,
            "iso_3166_2": "CV-RB"
        },
        "long": {
            "default": "Ribeira Brava"
        }
    },
    {
        "parent": "CV",
        "ids": {
            "fips": "CV24",
            "geonames": 7602870,
            "iso_3166_2": "CV-CF"
        },
        "long": {
            "default": "Santa Catarina do Fogo"
        }
    },
    {
        "parent": "CV",
        "ids": {
            "fips": "CV26",
            "geonames": 7602871,
            "iso_3166_2": "CV-SS"
        },
        "long": {
            "default": "São Salvador do Mundo"
        }
    },
    {
        "parent": "CV",
        "ids": {
            "fips": "CV27",
            "geonames": 7602872,
            "iso_3166_2": "CV-TS"
        },
        "long": {
            "default": "Tarrafal de São Nicolau"
        }
    },
    {
        "parent": "CV",
        "ids": {
            "fips": "CV25",
            "geonames": 7602873,
            "iso_3166_2": "CV-SO"
        },
        "long": {
            "default": "São Lourenço dos Órgãos"
        }
    },
    {
        "parent": "CV",
        "ids": {
            "fips": "CV23",
            "geonames": 7603281,
            "iso_3166_2": "CV-RS"
        },
        "long": {
            "default": "Ribeira Grande de Santiago"
        }
    }
]