[
    {
        "parent": "CY",
        "ids": {
            "fips": "CY06",
            "geonames": 146213,
            "iso_3166_2": "CY-05"
        },
        "long": {
            "default": "Pafos"
        }
    },
    {
        "parent": "CY",
        "ids": {
            "fips": "CY04",
            "geonames": 146267,
            "iso_3166_2": "CY-01"
        },
        "long": {
            "default": "Nicosia"
        }
    },
    {
        "parent": "CY",
        "ids": {
            "fips": "CY05",
            "geonames": 146383,
            "iso_3166_2": "CY-02"
        },
        "long": {
            "default": "Limassol"
        }
    },
    {
        "parent": "CY",
        "ids": {
            "fips": "CY03",
            "geonames": 146398,
            "iso_3166_2": "CY-03"
        },
        "long": {
            "default": "Larnaka"
        }
    },
    {
        "parent": "CY",
        "ids": {
            "fips": "CY02",
            "geonames": 146411,
            "iso_3166_2": "CY-06"
        },
        "long": {
            "default": "Keryneia"
        }
    },
    {
        "parent": "CY",
        "ids": {
            "fips": "CY01",
            "geonames": 146615,
            "iso_3166_2": "CY-04"
        },
        "long": {
            "default": "Ammochostos"
        }
    }
]