[
    {
        "parent": "CZ",
        "ids": {
            "fips": "EZ52",
            "geonames": 3067695,
            "iso_3166_2": "CZ-PR"
        },
        "long": {
            "default": "Prague"
        }
    },
    {
        "parent": "CZ",
        "ids": {
            "fips": "EZ78",
            "geonames": 3339536,
            "iso_3166_2": "CZ-JM"
        },
        "long": {
            "default": "South Moravian"
        }
    },
    {
        "parent": "CZ",
        "ids": {
            "fips": "EZ79",
            "geonames": 3339537,
            "iso_3166_2": "CZ-JC"
        },
        "long": {
            "default": "South Bohemia"
        }
    },
    {
        "parent": "CZ",
        "ids": {
            "fips": "EZ80",
            "geonames": 3339538,
            "iso_3166_2": "CZ-VY"
        },
        "long": {
            "default": "Vysočina"
        }
    },
    {
        "parent": "CZ",
        "ids": {
            "fips": "EZ81",
            "geonames": 3339539,
            "iso_3166_2": "CZ-KA"
        },
        "long": {
            "default": "Karlovy Vary"
        }
    },
    {
        "parent": "CZ",
        "ids": {
            "fips": "EZ82",
            "geonames": 3339540,
            "iso_3166_2": "CZ-KR"
        },
        "long": {
            "default": "Hradec Králové"
        }
    },
    {
        "parent": "CZ",
        "ids": {
            "fips": "EZ83",
            "geonames": 3339541,
            "iso_3166_2": "CZ-LI"
        },
        "long": {
            "default": "Liberec"
        }
    },
    {
        "parent": "CZ",
        "ids": {
            "fips": "EZ84",
            "geonames": 3339542,
            "iso_3166_2": "CZ-OL"
        },
        "long": {
            "default": "Olomouc"
        }
    },
    {
        "parent": "CZ",
        "ids": {
            "fips": "EZ85",
            "geonames": 3339573,
            "iso_3166_2": "CZ-MO"
        },
        "long": {
            "default": "Moravia-Silesia"
        }
    },
    {
        "parent": "CZ",
        "ids": {
            "fips": "EZ86",
            "geonames": 3339574,
            "iso_3166_2": "CZ-PA"
        },
        "long": {
            "default": "Pardubice"
        }
    },
    {
        "parent": "CZ",
        "ids": {
            "fips": "EZ87",
            "geonames": 3339575,
            "iso_3166_2": "CZ-PL"
        },
        "long": {
            "default": "Plzeň"
        }
    },
    {
        "parent": "CZ",
        "ids": {
            "fips": "EZ88",
            "geonames": 3339576,
            "iso_3166_2": "CZ-ST"
        },
        "long": {
            "default": "Central Bohemia"
        }
    },
    {
        "parent": "CZ",
        "ids": {
            "fips": "EZ89",
            "geonames": 3339577,
            "iso_3166_2": "CZ-US"
        },
        "long": {
            "default": "Ústí nad Labem"
        }
    },
    {
        "parent": "CZ",
        "ids": {
            "fips": "EZ90",
            "geonames": 3339578,
            "iso_3166_2": "CZ-ZL"
        },
        "long": {
            "default": "Zlín"
        }
    }
]