[
    {
        "parent": "DE",
        "ids": {
            "fips": "GM15",
            "geonames": 2822542,
            "iso_3166_2": "DE-TH"
        },
        "long": {
            "default": "Thuringia"
        }
    },
    {
        "parent": "DE",
        "ids": {
            "fips": "GM10",
            "geonames": 2838632,
            "iso_3166_2": "DE-SH"
        },
        "long": {
            "default": "Schleswig-Holstein"
        }
    },
    {
        "parent": "DE",
        "ids": {
            "fips": "GM14",
            "geonames": 2842565,
            "iso_3166_2": "DE-ST"
        },
        "long": {
            "default": "Saxony-Anhalt"
        }
    },
    {
        "parent": "DE",
        "ids": {
            "fips": "GM13",
            "geonames": 2842566,
            "iso_3166_2": "DE-SN"
        },
        "long": {
            "default": "Saxony"
        }
    },
    {
        "parent": "DE",
        "ids": {
            "fips": "GM09",
            "geonames": 2842635,
            "iso_3166_2": "DE-SL"
        },
        "long": {
            "default": "Saarland"
        }
    },
    {
        "parent": "DE",
        "ids": {
            "fips": "GM08",
            "geonames": 2847618,
            "iso_3166_2": "DE-RP"
        },
        "long": {
            "default": "Rheinland-Pfalz"
        }
    },
    {
        "parent": "DE",
        "ids": {
            "fips": "GM07",
            "geonames": 2861876,
            "iso_3166_2": "DE-NW"
        },
        "long": {
            "default": "North Rhine-Westphalia"
        }
    },
    {
        "parent": "DE",
        "ids": {
            "fips": "GM06",
            "geonames": 2862926,
            "iso_3166_2": "DE-NI"
        },
        "long": {
            "default": "Lower Saxony"
        }
    },
    {
        "parent": "DE",
        "ids": {
            "fips": "GM12",
            "geonames": 2872567,
            "iso_3166_2": "DE-MV"
        },
        "long": {
            "default": "Mecklenburg-Vorpommern"
        }
    },
    {
        "parent": "DE",
        "ids": {
            "fips": "GM05",
            "geonames": 2905330,
            "iso_3166_2": "DE-HE"
        },
        "long": {
            "default": "Hesse"
        }
    },
    {
        "parent": "DE",
        "ids": {
            "fips": "GM04",
            "geonames": 2911297,
            "iso_3166_2": "DE-HH"
        },
        "long": {
            "default": "Hamburg"
        }
    },
    {
        "parent": "DE",
        "ids": {
            "fips": "GM03",
            "geonames": 2944387,
            "iso_3166_2": "DE-HB"
        },
        "long": {
            "default": "Bremen"
        }
    },
    {
        "parent": "DE",
        "ids": {
            "fips": "GM11",
            "geonames": 2945356,
            "iso_3166_2": "DE-BB"
        },
        "long": {
            "default": "Brandenburg"
        }
    },
    {
        "parent": "DE",
        "ids": {
            "fips": "GM16",
            "geonames": 2950157,
            "iso_3166_2": "DE-BE"
        },
        "long": {
            "default": "Berlin"
        }
    },
    {
        "parent": "DE",
        "ids": {
            "fips": "GM02",
            "geonames": 2951839,
            "iso_3166_2": "DE-BY"
        },
        "long": {
            "default": "Bavaria"
        }
    },
    {
        "parent": "DE",
        "ids": {
            "fips": "GM01",
            "geonames": 2953481,
            "iso_3166_2": "DE-BW"
        },
        "long": {
            "default": "Baden-Württemberg"
        }
    }
]