[
    {
        "parent": "DJ",
        "ids": {
            "fips": "DJ05",
            "geonames": 220781,
            "iso_3166_2": "DJ-TA"
        },
        "long": {
            "default": "Tadjourah"
        }
    },
    {
        "parent": "DJ",
        "ids": {
            "fips": "DJ04",
            "geonames": 221525,
            "iso_3166_2": "DJ-OB"
        },
        "long": {
            "default": "Obock"
        }
    },
    {
        "parent": "DJ",
        "ids": {
            "fips": "DJ07",
            "geonames": 223818,
            "iso_3166_2": "DJ-DJ"
        },
        "long": {
            "default": "Djibouti"
        }
    },
    {
        "parent": "DJ",
        "ids": {
            "fips": "DJ06",
            "geonames": 223889,
            "iso_3166_2": "DJ-DI"
        },
        "long": {
            "default": "Dikhil"
        }
    },
    {
        "parent": "DJ",
        "ids": {
            "fips": "DJ01",
            "geonames": 225282,
            "iso_3166_2": "DJ-AS"
        },
        "long": {
            "default": "Ali Sabieh"
        }
    },
    {
        "parent": "DJ",
        "ids": {
            "fips": "DJ08",
            "geonames": 449265,
            "iso_3166_2": "DJ-AR"
        },
        "long": {
            "default": "Arta"
        }
    }
]