[
    {
        "parent": "DM",
        "ids": {
            "fips": "DO11",
            "geonames": 3575618,
            "iso_3166_2": "DM-11"
        },
        "long": {
            "default": "Saint Peter"
        }
    },
    {
        "parent": "DM",
        "ids": {
            "fips": "DO10",
            "geonames": 3575619,
            "iso_3166_2": "DM-10"
        },
        "long": {
            "default": "Saint Paul"
        }
    },
    {
        "parent": "DM",
        "ids": {
            "fips": "DO09",
            "geonames": 3575620,
            "iso_3166_2": "DM-09"
        },
        "long": {
            "default": "Saint Patrick"
        }
    },
    {
        "parent": "DM",
        "ids": {
            "fips": "DO08",
            "geonames": 3575621,
            "iso_3166_2": "DM-08"
        },
        "long": {
            "default": "Saint Mark"
        }
    },
    {
        "parent": "DM",
        "ids": {
            "fips": "DO07",
            "geonames": 3575622,
            "iso_3166_2": "DM-07"
        },
        "long": {
            "default": "Saint Luke"
        }
    },
    {
        "parent": "DM",
        "ids": {
            "fips": "DO06",
            "geonames": 3575625,
            "iso_3166_2": "DM-06"
        },
        "long": {
            "default": "Saint Joseph"
        }
    },
    {
        "parent": "DM",
        "ids": {
            "fips": "DO05",
            "geonames": 3575626,
            "iso_3166_2": "DM-05"
        },
        "long": {
            "default": "Saint John"
        }
    },
    {
        "parent": "DM",
        "ids": {
            "fips": "DO04",
            "geonames": 3575628,
            "iso_3166_2": "DM-04"
        },
        "long": {
            "default": "Saint George"
        }
    },
    {
        "parent": "DM",
        "ids": {
            "fips": "DO03",
            "geonames": 3575630,
            "iso_3166_2": "DM-03"
        },
        "long": {
            "default": "Saint David"
        }
    },
    {
        "parent": "DM",
        "ids": {
            "fips": "DO02",
            "geonames": 3575632,
            "iso_3166_2": "DM-02"
        },
        "long": {
            "default": "Saint Andrew"
        }
    }
]