[
    {
        "parent": "DO",
        "ids": {
            "fips": "DR27",
            "geonames": 3492112,
            "iso_3166_2": "DO-27"
        },
        "long": {
            "default": "Valverde"
        }
    },
    {
        "parent": "DO",
        "ids": {
            "fips": "DR26",
            "geonames": 3492912,
            "iso_3166_2": "DO-26"
        },
        "long": {
            "default": "Santiago Rodríguez"
        }
    },
    {
        "parent": "DO",
        "ids": {
            "fips": "DR25",
            "geonames": 3492918,
            "iso_3166_2": "DO-25"
        },
        "long": {
            "default": "Santiago"
        }
    },
    {
        "parent": "DO",
        "ids": {
            "fips": "DR24",
            "geonames": 3493031,
            "iso_3166_2": "DO-23"
        },
        "long": {
            "default": "San Pedro de Macorís"
        }
    },
    {
        "parent": "DO",
        "ids": {
            "fips": "DR23",
            "geonames": 3493091,
            "iso_3166_2": "DO-22"
        },
        "long": {
            "default": "San Juan"
        }
    },
    {
        "parent": "DO",
        "ids": {
            "fips": "DR33",
            "geonames": 3493186,
            "iso_3166_2": "DO-21"
        },
        "long": {
            "default": "San Cristóbal"
        }
    },
    {
        "parent": "DO",
        "ids": {
            "fips": "DR21",
            "geonames": 3493192,
            "iso_3166_2": "DO-24"
        },
        "long": {
            "default": "Sánchez Ramírez"
        }
    },
    {
        "parent": "DO",
        "ids": {
            "fips": "DR20",
            "geonames": 3493232,
            "iso_3166_2": "DO-20"
        },
        "long": {
            "default": "Samaná"
        }
    },
    {
        "parent": "DO",
        "ids": {
            "fips": "DR19",
            "geonames": 3493282,
            "iso_3166_2": "DO-19"
        },
        "long": {
            "default": "Hermanas Mirabal"
        }
    },
    {
        "parent": "DO",
        "ids": {
            "fips": "DR18",
            "geonames": 3494267,
            "iso_3166_2": "DO-18"
        },
        "long": {
            "default": "Puerto Plata"
        }
    },
    {
        "parent": "DO",
        "ids": {
            "fips": "DR35",
            "geonames": 3495015,
            "iso_3166_2": "DO-17"
        },
        "long": {
            "default": "Peravia"
        }
    },
    {
        "parent": "DO",
        "ids": {
            "fips": "DR16",
            "geonames": 3495136,
            "iso_3166_2": "DO-16"
        },
        "long": {
            "default": "Pedernales"
        }
    },
    {
        "parent": "DO",
        "ids": {
            "fips": "DR34",
            "geonames": 3496024,
            "iso_3166_2": "DO-01"
        },
        "long": {
            "default": "Distrito Nacional"
        }
    },
    {
        "parent": "DO",
        "ids": {
            "fips": "DR32",
            "geonames": 3496132,
            "iso_3166_2": "DO-29"
        },
        "long": {
            "default": "Monte Plata"
        }
    },
    {
        "parent": "DO",
        "ids": {
            "fips": "DR15",
            "geonames": 3496200,
            "iso_3166_2": "DO-15"
        },
        "long": {
            "default": "Monte Cristi"
        }
    },
    {
        "parent": "DO",
        "ids": {
            "fips": "DR31",
            "geonames": 3496274,
            "iso_3166_2": "DO-28"
        },
        "long": {
            "default": "Monseñor Nouel"
        }
    },
    {
        "parent": "DO",
        "ids": {
            "fips": "DR14",
            "geonames": 3496772,
            "iso_3166_2": "DO-14"
        },
        "long": {
            "default": "María Trinidad Sánchez"
        }
    },
    {
        "parent": "DO",
        "ids": {
            "fips": "DR30",
            "geonames": 3499977,
            "iso_3166_2": "DO-13"
        },
        "long": {
            "default": "La Vega"
        }
    },
    {
        "parent": "DO",
        "ids": {
            "fips": "DR12",
            "geonames": 3500955,
            "iso_3166_2": "DO-12"
        },
        "long": {
            "default": "La Romana"
        }
    },
    {
        "parent": "DO",
        "ids": {
            "fips": "DR10",
            "geonames": 3503706,
            "iso_3166_2": "DO-11"
        },
        "long": {
            "default": "La Altagracia"
        }
    },
    {
        "parent": "DO",
        "ids": {
            "fips": "DR09",
            "geonames": 3504326,
            "iso_3166_2": "DO-10"
        },
        "long": {
            "default": "Independencia"
        }
    },
    {
        "parent": "DO",
        "ids": {
            "fips": "DR29",
            "geonames": 3504766,
            "iso_3166_2": "DO-30"
        },
        "long": {
            "default": "Hato Mayor"
        }
    },
    {
        "parent": "DO",
        "ids": {
            "fips": "DR08",
            "geonames": 3505867,
            "iso_3166_2": "DO-09"
        },
        "long": {
            "default": "Espaillat"
        }
    },
    {
        "parent": "DO",
        "ids": {
            "fips": "DR28",
            "geonames": 3506189,
            "iso_3166_2": "DO-08"
        },
        "long": {
            "default": "El Seíbo"
        }
    },
    {
        "parent": "DO",
        "ids": {
            "fips": "DR11",
            "geonames": 3507269,
            "iso_3166_2": "DO-07"
        },
        "long": {
            "default": "Elías Piña"
        }
    },
    {
        "parent": "DO",
        "ids": {
            "fips": "DR06",
            "geonames": 3508718,
            "iso_3166_2": "DO-06"
        },
        "long": {
            "default": "Duarte"
        }
    },
    {
        "parent": "DO",
        "ids": {
            "fips": "DR04",
            "geonames": 3508951,
            "iso_3166_2": "DO-05"
        },
        "long": {
            "default": "Dajabón"
        }
    },
    {
        "parent": "DO",
        "ids": {
            "fips": "DR03",
            "geonames": 3512042,
            "iso_3166_2": "DO-04"
        },
        "long": {
            "default": "Barahona"
        }
    },
    {
        "parent": "DO",
        "ids": {
            "fips": "DR02",
            "geonames": 3512050,
            "iso_3166_2": "DO-03"
        },
        "long": {
            "default": "Baoruco"
        }
    },
    {
        "parent": "DO",
        "ids": {
            "fips": "DR01",
            "geonames": 3512209,
            "iso_3166_2": "DO-02"
        },
        "long": {
            "default": "Azua"
        }
    },
    {
        "parent": "DO",
        "ids": {
            "fips": "DR36",
            "geonames": 6201372,
            "iso_3166_2": "DO-31"
        },
        "long": {
            "default": "San José de Ocoa"
        }
    },
    {
        "parent": "DO",
        "ids": {
            "fips": "DR37",
            "geonames": 6201373,
            "iso_3166_2": "DO-32"
        },
        "long": {
            "default": "Santo Domingo"
        }
    }
]