[
    {
        "parent": "DZ",
        "ids": {
            "fips": "AG15",
            "geonames": 2475683,
            "iso_3166_2": "DZ-13"
        },
        "long": {
            "default": "Tlemcen"
        }
    },
    {
        "parent": "DZ",
        "ids": {
            "fips": "AG14",
            "geonames": 2475741,
            "iso_3166_2": "DZ-15"
        },
        "long": {
            "default": "Tizi Ouzou"
        }
    },
    {
        "parent": "DZ",
        "ids": {
            "fips": "AG56",
            "geonames": 2475858,
            "iso_3166_2": "DZ-38"
        },
        "long": {
            "default": "Tissemsilt"
        }
    },
    {
        "parent": "DZ",
        "ids": {
            "fips": "AG55",
            "geonames": 2476027,
            "iso_3166_2": "DZ-42"
        },
        "long": {
            "default": "Tipaza"
        }
    },
    {
        "parent": "DZ",
        "ids": {
            "fips": "AG54",
            "geonames": 2476302,
            "iso_3166_2": "DZ-37"
        },
        "long": {
            "default": "Tindouf"
        }
    },
    {
        "parent": "DZ",
        "ids": {
            "fips": "AG13",
            "geonames": 2476893,
            "iso_3166_2": "DZ-14"
        },
        "long": {
            "default": "Tiaret"
        }
    },
    {
        "parent": "DZ",
        "ids": {
            "fips": "AG33",
            "geonames": 2477457,
            "iso_3166_2": "DZ-12"
        },
        "long": {
            "default": "Tébessa"
        }
    },
    {
        "parent": "DZ",
        "ids": {
            "fips": "AG53",
            "geonames": 2478217,
            "iso_3166_2": "DZ-11"
        },
        "long": {
            "default": "Tamanrasset"
        }
    },
    {
        "parent": "DZ",
        "ids": {
            "fips": "AG52",
            "geonames": 2479213,
            "iso_3166_2": "DZ-41"
        },
        "long": {
            "default": "Souk Ahras"
        }
    },
    {
        "parent": "DZ",
        "ids": {
            "fips": "AG31",
            "geonames": 2479532,
            "iso_3166_2": "DZ-21"
        },
        "long": {
            "default": "Skikda"
        }
    },
    {
        "parent": "DZ",
        "ids": {
            "fips": "AG30",
            "geonames": 2481001,
            "iso_3166_2": "DZ-22"
        },
        "long": {
            "default": "Sidi Bel Abbès"
        }
    },
    {
        "parent": "DZ",
        "ids": {
            "fips": "AG12",
            "geonames": 2481696,
            "iso_3166_2": "DZ-19"
        },
        "long": {
            "default": "Sétif"
        }
    },
    {
        "parent": "DZ",
        "ids": {
            "fips": "AG10",
            "geonames": 2482557,
            "iso_3166_2": "DZ-20"
        },
        "long": {
            "default": "Saida"
        }
    },
    {
        "parent": "DZ",
        "ids": {
            "fips": "AG51",
            "geonames": 2483666,
            "iso_3166_2": "DZ-48"
        },
        "long": {
            "default": "Relizane"
        }
    },
    {
        "parent": "DZ",
        "ids": {
            "fips": "AG29",
            "geonames": 2484618,
            "iso_3166_2": "DZ-04"
        },
        "long": {
            "default": "Oum el Bouaghi"
        }
    },
    {
        "parent": "DZ",
        "ids": {
            "fips": "AG50",
            "geonames": 2485794,
            "iso_3166_2": "DZ-30"
        },
        "long": {
            "default": "Ouargla"
        }
    },
    {
        "parent": "DZ",
        "ids": {
            "fips": "AG09",
            "geonames": 2485920,
            "iso_3166_2": "DZ-31"
        },
        "long": {
            "default": "Oran"
        }
    },
    {
        "parent": "DZ",
        "ids": {
            "fips": "AG49",
            "geonames": 2486512,
            "iso_3166_2": "DZ-45"
        },
        "long": {
            "default": "Naama"
        }
    },
    {
        "parent": "DZ",
        "ids": {
            "fips": "AG27",
            "geonames": 2486682,
            "iso_3166_2": "DZ-28"
        },
        "long": {
            "default": "Msila"
        }
    },
    {
        "parent": "DZ",
        "ids": {
            "fips": "AG07",
            "geonames": 2487130,
            "iso_3166_2": "DZ-27"
        },
        "long": {
            "default": "Mostaganem"
        }
    },
    {
        "parent": "DZ",
        "ids": {
            "fips": "AG48",
            "geonames": 2487449,
            "iso_3166_2": "DZ-43"
        },
        "long": {
            "default": "Mila"
        }
    },
    {
        "parent": "DZ",
        "ids": {
            "fips": "AG06",
            "geonames": 2488831,
            "iso_3166_2": "DZ-26"
        },
        "long": {
            "default": "Medea"
        }
    },
    {
        "parent": "DZ",
        "ids": {
            "fips": "AG26",
            "geonames": 2490095,
            "iso_3166_2": "DZ-29"
        },
        "long": {
            "default": "Mascara"
        }
    },
    {
        "parent": "DZ",
        "ids": {
            "fips": "AG25",
            "geonames": 2491188,
            "iso_3166_2": "DZ-03"
        },
        "long": {
            "default": "Laghouat"
        }
    },
    {
        "parent": "DZ",
        "ids": {
            "fips": "AG47",
            "geonames": 2491887,
            "iso_3166_2": "DZ-40"
        },
        "long": {
            "default": "Khenchela"
        }
    },
    {
        "parent": "DZ",
        "ids": {
            "fips": "AG24",
            "geonames": 2492910,
            "iso_3166_2": "DZ-18"
        },
        "long": {
            "default": "Jijel"
        }
    },
    {
        "parent": "DZ",
        "ids": {
            "fips": "AG46",
            "geonames": 2493455,
            "iso_3166_2": "DZ-33"
        },
        "long": {
            "default": "Illizi"
        }
    },
    {
        "parent": "DZ",
        "ids": {
            "fips": "AG23",
            "geonames": 2495659,
            "iso_3166_2": "DZ-24"
        },
        "long": {
            "default": "Guelma"
        }
    },
    {
        "parent": "DZ",
        "ids": {
            "fips": "AG45",
            "geonames": 2496045,
            "iso_3166_2": "DZ-47"
        },
        "long": {
            "default": "Ghardaia"
        }
    },
    {
        "parent": "DZ",
        "ids": {
            "fips": "AG44",
            "geonames": 2497322,
            "iso_3166_2": "DZ-36"
        },
        "long": {
            "default": "El Tarf"
        }
    },
    {
        "parent": "DZ",
        "ids": {
            "fips": "AG43",
            "geonames": 2497406,
            "iso_3166_2": "DZ-39"
        },
        "long": {
            "default": "El Oued"
        }
    },
    {
        "parent": "DZ",
        "ids": {
            "fips": "AG42",
            "geonames": 2498541,
            "iso_3166_2": "DZ-32"
        },
        "long": {
            "default": "El Bayadh"
        }
    },
    {
        "parent": "DZ",
        "ids": {
            "fips": "AG22",
            "geonames": 2500013,
            "iso_3166_2": "DZ-17"
        },
        "long": {
            "default": "Djelfa"
        }
    },
    {
        "parent": "DZ",
        "ids": {
            "fips": "AG04",
            "geonames": 2501147,
            "iso_3166_2": "DZ-25"
        },
        "long": {
            "default": "Constantine"
        }
    },
    {
        "parent": "DZ",
        "ids": {
            "fips": "AG41",
            "geonames": 2501296,
            "iso_3166_2": "DZ-02"
        },
        "long": {
            "default": "Chlef"
        }
    },
    {
        "parent": "DZ",
        "ids": {
            "fips": "AG40",
            "geonames": 2502638,
            "iso_3166_2": "DZ-35"
        },
        "long": {
            "default": "Boumerdes"
        }
    },
    {
        "parent": "DZ",
        "ids": {
            "fips": "AG21",
            "geonames": 2502951,
            "iso_3166_2": "DZ-10"
        },
        "long": {
            "default": "Bouira"
        }
    },
    {
        "parent": "DZ",
        "ids": {
            "fips": "AG39",
            "geonames": 2503699,
            "iso_3166_2": "DZ-34"
        },
        "long": {
            "default": "Bordj Bou Arréridj"
        }
    },
    {
        "parent": "DZ",
        "ids": {
            "fips": "AG20",
            "geonames": 2503765,
            "iso_3166_2": "DZ-09"
        },
        "long": {
            "default": "Blida"
        }
    },
    {
        "parent": "DZ",
        "ids": {
            "fips": "AG19",
            "geonames": 2503822,
            "iso_3166_2": "DZ-07"
        },
        "long": {
            "default": "Biskra"
        }
    },
    {
        "parent": "DZ",
        "ids": {
            "fips": "AG18",
            "geonames": 2505325,
            "iso_3166_2": "DZ-06"
        },
        "long": {
            "default": "Béjaïa"
        }
    },
    {
        "parent": "DZ",
        "ids": {
            "fips": "AG38",
            "geonames": 2505525,
            "iso_3166_2": "DZ-08"
        },
        "long": {
            "default": "Béchar"
        }
    },
    {
        "parent": "DZ",
        "ids": {
            "fips": "AG03",
            "geonames": 2505569,
            "iso_3166_2": "DZ-05"
        },
        "long": {
            "default": "Batna"
        }
    },
    {
        "parent": "DZ",
        "ids": {
            "fips": "AG37",
            "geonames": 2506994,
            "iso_3166_2": "DZ-23"
        },
        "long": {
            "default": "Annaba"
        }
    },
    {
        "parent": "DZ",
        "ids": {
            "fips": "AG01",
            "geonames": 2507475,
            "iso_3166_2": "DZ-16"
        },
        "long": {
            "default": "Alger"
        }
    },
    {
        "parent": "DZ",
        "ids": {
            "fips": "AG36",
            "geonames": 2507899,
            "iso_3166_2": "DZ-46"
        },
        "long": {
            "default": "Aïn Témouchent"
        }
    },
    {
        "parent": "DZ",
        "ids": {
            "fips": "AG35",
            "geonames": 2508226,
            "iso_3166_2": "DZ-44"
        },
        "long": {
            "default": "Aïn Defla"
        }
    },
    {
        "parent": "DZ",
        "ids": {
            "fips": "AG34",
            "geonames": 2508807,
            "iso_3166_2": "DZ-01"
        },
        "long": {
            "default": "Adrar"
        }
    }
]