[
    {
        "parent": "EC",
        "ids": {
            "fips": "EC20",
            "geonames": 3649953,
            "iso_3166_2": "EC-Z"
        },
        "long": {
            "default": "Zamora-Chinchipe"
        }
    },
    {
        "parent": "EC",
        "ids": {
            "fips": "EC19",
            "geonames": 3650445,
            "iso_3166_2": "EC-T"
        },
        "long": {
            "default": "Tungurahua"
        }
    },
    {
        "parent": "EC",
        "ids": {
            "fips": "EC18",
            "geonames": 3653224,
            "iso_3166_2": "EC-P"
        },
        "long": {
            "default": "Pichincha"
        }
    },
    {
        "parent": "EC",
        "ids": {
            "fips": "EC17",
            "geonames": 3653392,
            "iso_3166_2": "EC-Y"
        },
        "long": {
            "default": "Pastaza"
        }
    },
    {
        "parent": "EC",
        "ids": {
            "fips": "EC23",
            "geonames": 3653890,
            "iso_3166_2": "EC-N"
        },
        "long": {
            "default": "Napo"
        }
    },
    {
        "parent": "EC",
        "ids": {
            "fips": "EC15",
            "geonames": 3654005,
            "iso_3166_2": "EC-S"
        },
        "long": {
            "default": "Morona-Santiago"
        }
    },
    {
        "parent": "EC",
        "ids": {
            "fips": "EC14",
            "geonames": 3654451,
            "iso_3166_2": "EC-M"
        },
        "long": {
            "default": "Manabí"
        }
    },
    {
        "parent": "EC",
        "ids": {
            "fips": "EC13",
            "geonames": 3654592,
            "iso_3166_2": "EC-R"
        },
        "long": {
            "default": "Los Ríos"
        }
    },
    {
        "parent": "EC",
        "ids": {
            "fips": "EC12",
            "geonames": 3654665,
            "iso_3166_2": "EC-L"
        },
        "long": {
            "default": "Loja"
        }
    },
    {
        "parent": "EC",
        "ids": {
            "fips": "EC11",
            "geonames": 3655635,
            "iso_3166_2": "EC-I"
        },
        "long": {
            "default": "Imbabura"
        }
    },
    {
        "parent": "EC",
        "ids": {
            "fips": "EC10",
            "geonames": 3657505,
            "iso_3166_2": "EC-G"
        },
        "long": {
            "default": "Guayas"
        }
    },
    {
        "parent": "EC",
        "ids": {
            "fips": "EC01",
            "geonames": 3657879,
            "iso_3166_2": "EC-W"
        },
        "long": {
            "default": "Galápagos"
        }
    },
    {
        "parent": "EC",
        "ids": {
            "fips": "EC09",
            "geonames": 3657986,
            "iso_3166_2": "EC-E"
        },
        "long": {
            "default": "Esmeraldas"
        }
    },
    {
        "parent": "EC",
        "ids": {
            "fips": "EC08",
            "geonames": 3658195,
            "iso_3166_2": "EC-O"
        },
        "long": {
            "default": "El Oro"
        }
    },
    {
        "parent": "EC",
        "ids": {
            "fips": "EC07",
            "geonames": 3658766,
            "iso_3166_2": "EC-X"
        },
        "long": {
            "default": "Cotopaxi"
        }
    },
    {
        "parent": "EC",
        "ids": {
            "fips": "EC06",
            "geonames": 3659237,
            "iso_3166_2": "EC-H"
        },
        "long": {
            "default": "Chimborazo"
        }
    },
    {
        "parent": "EC",
        "ids": {
            "fips": "EC05",
            "geonames": 3659718,
            "iso_3166_2": "EC-C"
        },
        "long": {
            "default": "Carchi"
        }
    },
    {
        "parent": "EC",
        "ids": {
            "fips": "EC04",
            "geonames": 3659849,
            "iso_3166_2": "EC-F"
        },
        "long": {
            "default": "Cañar"
        }
    },
    {
        "parent": "EC",
        "ids": {
            "fips": "EC03",
            "geonames": 3660130,
            "iso_3166_2": "EC-B"
        },
        "long": {
            "default": "Bolívar"
        }
    },
    {
        "parent": "EC",
        "ids": {
            "fips": "EC02",
            "geonames": 3660431,
            "iso_3166_2": "EC-A"
        },
        "long": {
            "default": "Azuay"
        }
    },
    {
        "parent": "EC",
        "ids": {
            "fips": "EC22",
            "geonames": 3830305,
            "iso_3166_2": "EC-U"
        },
        "long": {
            "default": "Sucumbios"
        }
    },
    {
        "parent": "EC",
        "ids": {
            "fips": "EC24",
            "geonames": 3830306,
            "iso_3166_2": "EC-D"
        },
        "long": {
            "default": "Orellana"
        }
    },
    {
        "parent": "EC",
        "ids": {
            "fips": "EC26",
            "geonames": 7062136,
            "iso_3166_2": "EC-SD"
        },
        "long": {
            "default": "Santo Domingo de los Tsáchilas"
        }
    },
    {
        "parent": "EC",
        "ids": {
            "fips": "EC25",
            "geonames": 7062138,
            "iso_3166_2": "EC-SE"
        },
        "long": {
            "default": "Santa Elena"
        }
    }
]