[
    {
        "parent": "EE",
        "ids": {
            "fips": "EN21",
            "geonames": 587448,
            "iso_3166_2": "EE-86"
        },
        "long": {
            "default": "Võrumaa"
        }
    },
    {
        "parent": "EE",
        "ids": {
            "fips": "EN20",
            "geonames": 587590,
            "iso_3166_2": "EE-84"
        },
        "long": {
            "default": "Viljandimaa"
        }
    },
    {
        "parent": "EE",
        "ids": {
            "fips": "EN19",
            "geonames": 587875,
            "iso_3166_2": "EE-82"
        },
        "long": {
            "default": "Valgamaa"
        }
    },
    {
        "parent": "EE",
        "ids": {
            "fips": "EN18",
            "geonames": 588334,
            "iso_3166_2": "EE-78"
        },
        "long": {
            "default": "Tartu"
        }
    },
    {
        "parent": "EE",
        "ids": {
            "fips": "EN14",
            "geonames": 588879,
            "iso_3166_2": "EE-74"
        },
        "long": {
            "default": "Saare"
        }
    },
    {
        "parent": "EE",
        "ids": {
            "fips": "EN13",
            "geonames": 589115,
            "iso_3166_2": "EE-70"
        },
        "long": {
            "default": "Raplamaa"
        }
    },
    {
        "parent": "EE",
        "ids": {
            "fips": "EN12",
            "geonames": 589373,
            "iso_3166_2": "EE-65"
        },
        "long": {
            "default": "Põlva"
        }
    },
    {
        "parent": "EE",
        "ids": {
            "fips": "EN11",
            "geonames": 589576,
            "iso_3166_2": "EE-67"
        },
        "long": {
            "default": "Pärnu"
        }
    },
    {
        "parent": "EE",
        "ids": {
            "fips": "EN08",
            "geonames": 590854,
            "iso_3166_2": "EE-59"
        },
        "long": {
            "default": "Lääne-Viru"
        }
    },
    {
        "parent": "EE",
        "ids": {
            "fips": "EN07",
            "geonames": 590856,
            "iso_3166_2": "EE-57"
        },
        "long": {
            "default": "Lääne"
        }
    },
    {
        "parent": "EE",
        "ids": {
            "fips": "EN05",
            "geonames": 591901,
            "iso_3166_2": "EE-49"
        },
        "long": {
            "default": "Jõgeva"
        }
    },
    {
        "parent": "EE",
        "ids": {
            "fips": "EN04",
            "geonames": 591961,
            "iso_3166_2": "EE-51"
        },
        "long": {
            "default": "Järva"
        }
    },
    {
        "parent": "EE",
        "ids": {
            "fips": "EN03",
            "geonames": 592075,
            "iso_3166_2": "EE-44"
        },
        "long": {
            "default": "Ida-Virumaa"
        }
    },
    {
        "parent": "EE",
        "ids": {
            "fips": "EN02",
            "geonames": 592133,
            "iso_3166_2": "EE-39"
        },
        "long": {
            "default": "Hiiumaa"
        }
    },
    {
        "parent": "EE",
        "ids": {
            "fips": "EN01",
            "geonames": 592170,
            "iso_3166_2": "EE-37"
        },
        "long": {
            "default": "Harjumaa"
        }
    }
]