[
    {
        "parent": "EG",
        "ids": {
            "fips": "EG24",
            "geonames": 347794,
            "iso_3166_2": "EG-SHG"
        },
        "long": {
            "default": "Sohag"
        }
    },
    {
        "parent": "EG",
        "ids": {
            "fips": "EG27",
            "geonames": 349401,
            "iso_3166_2": "EG-SIN"
        },
        "long": {
            "default": "North Sinai"
        }
    },
    {
        "parent": "EG",
        "ids": {
            "fips": "EG23",
            "geonames": 350546,
            "iso_3166_2": "EG-KN"
        },
        "long": {
            "default": "Qena"
        }
    },
    {
        "parent": "EG",
        "ids": {
            "fips": "EG22",
            "geonames": 352603,
            "iso_3166_2": "EG-MT"
        },
        "long": {
            "default": "Matruh"
        }
    },
    {
        "parent": "EG",
        "ids": {
            "fips": "EG21",
            "geonames": 354500,
            "iso_3166_2": "EG-KFS"
        },
        "long": {
            "default": "Kafr el-Sheikh"
        }
    },
    {
        "parent": "EG",
        "ids": {
            "fips": "EG26",
            "geonames": 355182,
            "iso_3166_2": "EG-JS"
        },
        "long": {
            "default": "South Sinai"
        }
    },
    {
        "parent": "EG",
        "ids": {
            "fips": "EG20",
            "geonames": 358044,
            "iso_3166_2": "EG-DT"
        },
        "long": {
            "default": "Damietta"
        }
    },
    {
        "parent": "EG",
        "ids": {
            "fips": "EG19",
            "geonames": 358617,
            "iso_3166_2": "EG-PTS"
        },
        "long": {
            "default": "Port Said"
        }
    },
    {
        "parent": "EG",
        "ids": {
            "fips": "EG18",
            "geonames": 359171,
            "iso_3166_2": "EG-BNS"
        },
        "long": {
            "default": "Beni Suweif"
        }
    },
    {
        "parent": "EG",
        "ids": {
            "fips": "EG17",
            "geonames": 359781,
            "iso_3166_2": "EG-AST"
        },
        "long": {
            "default": "Asyut"
        }
    },
    {
        "parent": "EG",
        "ids": {
            "fips": "EG16",
            "geonames": 359787,
            "iso_3166_2": "EG-ASN"
        },
        "long": {
            "default": "Aswan"
        }
    },
    {
        "parent": "EG",
        "ids": {
            "fips": "EG15",
            "geonames": 359797,
            "iso_3166_2": "EG-SUZ"
        },
        "long": {
            "default": "Suez"
        }
    },
    {
        "parent": "EG",
        "ids": {
            "fips": "EG14",
            "geonames": 360016,
            "iso_3166_2": "EG-SHR"
        },
        "long": {
            "default": "Al Sharqia"
        }
    },
    {
        "parent": "EG",
        "ids": {
            "fips": "EG13",
            "geonames": 360483,
            "iso_3166_2": "EG-WAD"
        },
        "long": {
            "default": "New Valley"
        }
    },
    {
        "parent": "EG",
        "ids": {
            "fips": "EG12",
            "geonames": 360621,
            "iso_3166_2": "EG-KB"
        },
        "long": {
            "default": "Qalyubia"
        }
    },
    {
        "parent": "EG",
        "ids": {
            "fips": "EG11",
            "geonames": 360631,
            "iso_3166_2": "EG-C"
        },
        "long": {
            "default": "Cairo"
        }
    },
    {
        "parent": "EG",
        "ids": {
            "fips": "EG10",
            "geonames": 360688,
            "iso_3166_2": "EG-MN"
        },
        "long": {
            "default": "Minya"
        }
    },
    {
        "parent": "EG",
        "ids": {
            "fips": "EG09",
            "geonames": 360689,
            "iso_3166_2": "EG-MNF"
        },
        "long": {
            "default": "Monufia"
        }
    },
    {
        "parent": "EG",
        "ids": {
            "fips": "EG08",
            "geonames": 360997,
            "iso_3166_2": "EG-GZ"
        },
        "long": {
            "default": "Giza"
        }
    },
    {
        "parent": "EG",
        "ids": {
            "fips": "EG07",
            "geonames": 361056,
            "iso_3166_2": "EG-IS"
        },
        "long": {
            "default": "Ismailia"
        }
    },
    {
        "parent": "EG",
        "ids": {
            "fips": "EG06",
            "geonames": 361059,
            "iso_3166_2": "EG-ALX"
        },
        "long": {
            "default": "Alexandria"
        }
    },
    {
        "parent": "EG",
        "ids": {
            "fips": "EG05",
            "geonames": 361294,
            "iso_3166_2": "EG-GH"
        },
        "long": {
            "default": "Gharbia"
        }
    },
    {
        "parent": "EG",
        "ids": {
            "fips": "EG04",
            "geonames": 361323,
            "iso_3166_2": "EG-FYM"
        },
        "long": {
            "default": "Faiyum"
        }
    },
    {
        "parent": "EG",
        "ids": {
            "fips": "EG03",
            "geonames": 361370,
            "iso_3166_2": "EG-BH"
        },
        "long": {
            "default": "Beheira"
        }
    },
    {
        "parent": "EG",
        "ids": {
            "fips": "EG02",
            "geonames": 361468,
            "iso_3166_2": "EG-BA"
        },
        "long": {
            "default": "Red Sea"
        }
    },
    {
        "parent": "EG",
        "ids": {
            "fips": "EG01",
            "geonames": 361849,
            "iso_3166_2": "EG-DK"
        },
        "long": {
            "default": "Dakahlia"
        }
    },
    {
        "parent": "EG",
        "ids": {
            "fips": "EG28",
            "geonames": 7603259,
            "iso_3166_2": "EG-LX"
        },
        "long": {
            "default": "Luxor"
        }
    }
]