[
    {
        "parent": "ER",
        "ids": {
            "fips": "ER01",
            "geonames": 448497,
            "iso_3166_2": "ER-AN"
        },
        "long": {
            "default": "Anseba"
        }
    },
    {
        "parent": "ER",
        "ids": {
            "fips": "ER02",
            "geonames": 448498,
            "iso_3166_2": "ER-DU"
        },
        "long": {
            "default": "Debub"
        }
    },
    {
        "parent": "ER",
        "ids": {
            "fips": "ER03",
            "geonames": 448499,
            "iso_3166_2": "ER-DK"
        },
        "long": {
            "default": "Southern Red Sea"
        }
    },
    {
        "parent": "ER",
        "ids": {
            "fips": "ER04",
            "geonames": 448500,
            "iso_3166_2": "ER-GB"
        },
        "long": {
            "default": "Gash-Barka"
        }
    },
    {
        "parent": "ER",
        "ids": {
            "fips": "ER05",
            "geonames": 448501,
            "iso_3166_2": "ER-MA"
        },
        "long": {
            "default": "Maekel"
        }
    },
    {
        "parent": "ER",
        "ids": {
            "fips": "ER06",
            "geonames": 448502,
            "iso_3166_2": "ER-SK"
        },
        "long": {
            "default": "Northern Red Sea"
        }
    }
]