[
    {
        "parent": "ES",
        "ids": {
            "fips": "SP31",
            "geonames": 2513413,
            "iso_3166_2": "ES-MC"
        },
        "long": {
            "default": "Murcia"
        },
        "timezone": "Europe/Madrid"
    },
    {
        "parent": "ES",
        "ids": {
            "fips": "CE",
            "geonames": 2519582,
            "iso_3166_2": "ES-CE"
        },
        "long": {
            "default": "Ceuta"
        },
        "timezone": "Europe/Madrid"
    },
    {
        "parent": "ES",
        "ids": {
            "fips": "SP07",
            "geonames": 2521383,
            "iso_3166_2": "ES-IB"
        },
        "long": {
            "default": "Balearic Islands"
        },
        "timezone": "Europe/Madrid"
    },
    {
        "parent": "ES",
        "ids": {
            "fips": "SP51",
            "geonames": 2593109,
            "iso_3166_2": "ES-AN"
        },
        "long": {
            "default": "Andalusia"
        },
        "timezone": "Europe/Madrid"
    },
    {
        "parent": "ES",
        "ids": {
            "fips": "SP53",
            "geonames": 2593110,
            "iso_3166_2": "ES-CN"
        },
        "long": {
            "default": "Canary Islands"
        },
        "timezone": "Europe/Madrid"
    },
    {
        "parent": "ES",
        "ids": {
            "fips": "SP54",
            "geonames": 2593111,
            "iso_3166_2": "ES-CM"
        },
        "long": {
            "default": "Castille-La Mancha"
        },
        "timezone": "Europe/Madrid"
    },
    {
        "parent": "ES",
        "ids": {
            "fips": "SP57",
            "geonames": 2593112,
            "iso_3166_2": "ES-EX"
        },
        "long": {
            "default": "Extremadura"
        },
        "timezone": "Europe/Madrid"
    },
    {
        "parent": "ES",
        "ids": {
            "fips": "SP60",
            "geonames": 2593113,
            "iso_3166_2": "ES-VC"
        },
        "long": {
            "default": "Valencia"
        },
        "timezone": "Europe/Madrid"
    },
    {
        "parent": "ES",
        "ids": {
            "fips": "SP34",
            "geonames": 3114710,
            "iso_3166_2": "ES-AS"
        },
        "long": {
            "default": "Asturias"
        },
        "timezone": "Europe/Madrid"
    },
    {
        "parent": "ES",
        "ids": {
            "fips": "SP32",
            "geonames": 3115609,
            "iso_3166_2": "ES-NC"
        },
        "long": {
            "default": "Navarra"
        },
        "timezone": "Europe/Madrid"
    },
    {
        "parent": "ES",
        "ids": {
            "fips": "SP29",
            "geonames": 3117732,
            "iso_3166_2": "ES-MD"
        },
        "long": {
            "default": "Madrid"
        },
        "timezone": "Europe/Madrid"
    },
    {
        "parent": "ES",
        "ids": {
            "fips": "SP27",
            "geonames": 3336897,
            "iso_3166_2": "ES-RI"
        },
        "long": {
            "default": "La Rioja"
        },
        "timezone": "Europe/Madrid"
    },
    {
        "parent": "ES",
        "ids": {
            "fips": "SP39",
            "geonames": 3336898,
            "iso_3166_2": "ES-CB"
        },
        "long": {
            "default": "Cantabria"
        },
        "timezone": "Europe/Madrid"
    },
    {
        "parent": "ES",
        "ids": {
            "fips": "SP52",
            "geonames": 3336899,
            "iso_3166_2": "ES-AR"
        },
        "long": {
            "default": "Aragon"
        },
        "timezone": "Europe/Madrid"
    },
    {
        "parent": "ES",
        "ids": {
            "fips": "SP55",
            "geonames": 3336900,
            "iso_3166_2": "ES-CL"
        },
        "long": {
            "default": "Castille and León"
        },
        "timezone": "Europe/Madrid"
    },
    {
        "parent": "ES",
        "ids": {
            "fips": "SP56",
            "geonames": 3336901,
            "iso_3166_2": "ES-CT"
        },
        "long": {
            "default": "Catalonia"
        },
        "timezone": "Europe/Madrid"
    },
    {
        "parent": "ES",
        "ids": {
            "fips": "SP58",
            "geonames": 3336902,
            "iso_3166_2": "ES-GA"
        },
        "long": {
            "default": "Galicia"
        },
        "timezone": "Europe/Madrid"
    },
    {
        "parent": "ES",
        "ids": {
            "fips": "SP59",
            "geonames": 3336903,
            "iso_3166_2": "ES-PV"
        },
        "long": {
            "default": "Basque Country"
        },
        "timezone": "Europe/Madrid"
    },
    {
        "parent": "ES",
        "ids": {
            "fips": "ML",
            "geonames": 6362988,
            "iso_3166_2": "ES-ML"
        },
        "long": {
            "default": "Melilla"
        },
        "timezone": "Europe/Madrid"
    }
]