[
    {
        "parent": "ET",
        "ids": {
            "fips": "ET44",
            "geonames": 444178,
            "iso_3166_2": "ET-AA"
        },
        "long": {
            "default": "Addis Ababa"
        }
    },
    {
        "parent": "ET",
        "ids": {
            "fips": "ET45",
            "geonames": 444179,
            "iso_3166_2": "ET-AF"
        },
        "long": {
            "default": "Āfar"
        }
    },
    {
        "parent": "ET",
        "ids": {
            "fips": "ET46",
            "geonames": 444180,
            "iso_3166_2": "ET-AM"
        },
        "long": {
            "default": "Amhara"
        }
    },
    {
        "parent": "ET",
        "ids": {
            "fips": "ET47",
            "geonames": 444181,
            "iso_3166_2": "ET-BE"
        },
        "long": {
            "default": "Bīnshangul Gumuz"
        }
    },
    {
        "parent": "ET",
        "ids": {
            "fips": "ET48",
            "geonames": 444182,
            "iso_3166_2": "ET-DD"
        },
        "long": {
            "default": "Dire Dawa"
        }
    },
    {
        "parent": "ET",
        "ids": {
            "fips": "ET49",
            "geonames": 444183,
            "iso_3166_2": "ET-GA"
        },
        "long": {
            "default": "Gambela Peoples"
        }
    },
    {
        "parent": "ET",
        "ids": {
            "fips": "ET50",
            "geonames": 444184,
            "iso_3166_2": "ET-HA"
        },
        "long": {
            "default": "Harari People"
        }
    },
    {
        "parent": "ET",
        "ids": {
            "fips": "ET51",
            "geonames": 444185,
            "iso_3166_2": "ET-OR"
        },
        "long": {
            "default": "Oromiya"
        }
    },
    {
        "parent": "ET",
        "ids": {
            "fips": "ET52",
            "geonames": 444186,
            "iso_3166_2": "ET-SO"
        },
        "long": {
            "default": "Somali"
        }
    },
    {
        "parent": "ET",
        "ids": {
            "fips": "ET53",
            "geonames": 444187,
            "iso_3166_2": "ET-TI"
        },
        "long": {
            "default": "Tigray"
        }
    },
    {
        "parent": "ET",
        "ids": {
            "fips": "ET54",
            "geonames": 444188,
            "iso_3166_2": "ET-SN"
        },
        "long": {
            "default": "Southern Nations, Nationalities, and Peoples"
        }
    }
]