[
    {
        "parent": "FI",
        "ids": {
            "fips": "FI19",
            "geonames": 830603,
            "iso_3166_2": "FI-10"
        },
        "long": {
            "default": "Lapland"
        }
    },
    {
        "parent": "FI",
        "ids": {
            "fips": "FI18",
            "geonames": 830664,
            "iso_3166_2": "FI-05"
        },
        "long": {
            "default": "Kainuu"
        }
    },
    {
        "parent": "FI",
        "ids": {
            "fips": "FI17",
            "geonames": 830667,
            "iso_3166_2": "FI-14"
        },
        "long": {
            "default": "Northern Ostrobothnia"
        }
    },
    {
        "parent": "FI",
        "ids": {
            "fips": "FI16",
            "geonames": 830675,
            "iso_3166_2": "FI-07"
        },
        "long": {
            "default": "Central Ostrobothnia"
        }
    },
    {
        "parent": "FI",
        "ids": {
            "fips": "FI15",
            "geonames": 830676,
            "iso_3166_2": "FI-12"
        },
        "long": {
            "default": "Ostrobothnia"
        }
    },
    {
        "parent": "FI",
        "ids": {
            "fips": "FI14",
            "geonames": 830682,
            "iso_3166_2": "FI-03"
        },
        "long": {
            "default": "Southern Ostrobothnia"
        }
    },
    {
        "parent": "FI",
        "ids": {
            "fips": "FI13",
            "geonames": 830685,
            "iso_3166_2": "FI-08"
        },
        "long": {
            "default": "Central Finland"
        }
    },
    {
        "parent": "FI",
        "ids": {
            "fips": "FI12",
            "geonames": 830686,
            "iso_3166_2": "FI-13"
        },
        "long": {
            "default": "North Karelia"
        }
    },
    {
        "parent": "FI",
        "ids": {
            "fips": "FI11",
            "geonames": 830690,
            "iso_3166_2": "FI-15"
        },
        "long": {
            "default": "Northern Savonia"
        }
    },
    {
        "parent": "FI",
        "ids": {
            "fips": "FI10",
            "geonames": 830695,
            "iso_3166_2": "FI-04"
        },
        "long": {
            "default": "Southern Savonia"
        }
    },
    {
        "parent": "FI",
        "ids": {
            "fips": "FI09",
            "geonames": 830699,
            "iso_3166_2": "FI-02"
        },
        "long": {
            "default": "South Karelia"
        }
    },
    {
        "parent": "FI",
        "ids": {
            "fips": "FI08",
            "geonames": 830703,
            "iso_3166_2": "FI-09"
        },
        "long": {
            "default": "Kymenlaakso"
        }
    },
    {
        "parent": "FI",
        "ids": {
            "fips": "FI06",
            "geonames": 830704,
            "iso_3166_2": "FI-11"
        },
        "long": {
            "default": "Pirkanmaa"
        }
    },
    {
        "parent": "FI",
        "ids": {
            "fips": "FI05",
            "geonames": 830705,
            "iso_3166_2": "FI-06"
        },
        "long": {
            "default": "Tavastia Proper"
        }
    },
    {
        "parent": "FI",
        "ids": {
            "fips": "FI02",
            "geonames": 830708,
            "iso_3166_2": "FI-19"
        },
        "long": {
            "default": "Southwest Finland"
        }
    },
    {
        "parent": "FI",
        "ids": {
            "fips": "FI01",
            "geonames": 830709,
            "iso_3166_2": "FI-18"
        },
        "long": {
            "default": "Uusimaa"
        }
    },
    {
        "parent": "FI",
        "ids": {
            "fips": "FI07",
            "geonames": 831040,
            "iso_3166_2": "FI-16"
        },
        "long": {
            "default": "Päijänne Tavastia"
        }
    },
    {
        "parent": "FI",
        "ids": {
            "fips": "FI04",
            "geonames": 831041,
            "iso_3166_2": "FI-17"
        },
        "long": {
            "default": "Satakunta"
        }
    },
    {
        "parent": "FI",
        "ids": {
            "fips": false,
            "geonames": false,
            "iso_3166_2": "FI-01"
        },
        "long": {
            "default": "Åland"
        }
    }
]