[
    {
        "parent": "FJ",
        "ids": {
            "fips": "FJ05",
            "geonames": 2194371,
            "iso_3166_2": "FJ-W"
        },
        "long": {
            "default": "Western"
        }
    },
    {
        "parent": "FJ",
        "ids": {
            "fips": "FJ03",
            "geonames": 2199295,
            "iso_3166_2": "FJ-N"
        },
        "long": {
            "default": "Northern"
        }
    },
    {
        "parent": "FJ",
        "ids": {
            "fips": "FJ01",
            "geonames": 2205272,
            "iso_3166_2": "FJ-C"
        },
        "long": {
            "default": "Central"
        }
    },
    {
        "parent": "FJ",
        "ids": {
            "fips": "FJ02",
            "geonames": 4036647,
            "iso_3166_2": "FJ-E"
        },
        "long": {
            "default": "Eastern"
        }
    },
    {
        "parent": "FJ",
        "ids": {
            "fips": "FJ04",
            "geonames": 6324593,
            "iso_3166_2": "FJ-R"
        },
        "long": {
            "default": "Rotuma"
        }
    }
]