[
    {
        "parent": "FM",
        "ids": {
            "fips": "FM04",
            "geonames": 2081175,
            "iso_3166_2": "FM-YAP"
        },
        "long": {
            "default": "Yap"
        }
    },
    {
        "parent": "FM",
        "ids": {
            "fips": "FM02",
            "geonames": 2081550,
            "iso_3166_2": "FM-PNI"
        },
        "long": {
            "default": "Pohnpei"
        }
    },
    {
        "parent": "FM",
        "ids": {
            "fips": "FM01",
            "geonames": 2082036,
            "iso_3166_2": "FM-KSA"
        },
        "long": {
            "default": "Kosrae"
        }
    },
    {
        "parent": "FM",
        "ids": {
            "fips": "FM03",
            "geonames": 2082282,
            "iso_3166_2": "FM-TRK"
        },
        "long": {
            "default": "Chuuk"
        }
    }
]