[
    {
        "parent": "FO",
        "ids": {
            "fips": "VG",
            "geonames": 2610816
        },
        "long": {
            "default": "Vágar"
        }
    },
    {
        "parent": "FO",
        "ids": {
            "fips": "SU",
            "geonames": 2612137
        },
        "long": {
            "default": "Suðuroy"
        }
    },
    {
        "parent": "FO",
        "ids": {
            "fips": "ST",
            "geonames": 2612225
        },
        "long": {
            "default": "Streymoy"
        }
    },
    {
        "parent": "FO",
        "ids": {
            "fips": "SA",
            "geonames": 2614219
        },
        "long": {
            "default": "Sandoy"
        }
    },
    {
        "parent": "FO",
        "ids": {
            "fips": "NO",
            "geonames": 2616145
        },
        "long": {
            "default": "Norðoyar"
        }
    },
    {
        "parent": "FO",
        "ids": {
            "fips": "OS",
            "geonames": 2622387
        },
        "long": {
            "default": "Eysturoy"
        }
    }
]