[
    {
        "parent": "FR",
        "ids": {
            "fips": "FR93",
            "geonames": 2985244,
            "iso_3166_2": "FR-U"
        },
        "long": {
            "default": "Provence-Alpes-Côte d'Azur"
        }
    },
    {
        "parent": "FR",
        "ids": {
            "fips": "FR52",
            "geonames": 2988289,
            "iso_3166_2": "FR-R"
        },
        "long": {
            "default": "Pays de la Loire"
        }
    },
    {
        "parent": "FR",
        "ids": {
            "fips": "FR11",
            "geonames": 3012874,
            "iso_3166_2": "FR-J"
        },
        "long": {
            "default": "Île-de-France"
        }
    },
    {
        "parent": "FR",
        "ids": {
            "fips": "FR94",
            "geonames": 3023519,
            "iso_3166_2": "FR-H"
        },
        "long": {
            "default": "Corsica"
        }
    },
    {
        "parent": "FR",
        "ids": {
            "fips": "FR24",
            "geonames": 3027939,
            "iso_3166_2": "FR-F"
        },
        "long": {
            "default": "Centre"
        }
    },
    {
        "parent": "FR",
        "ids": {
            "fips": "FR53",
            "geonames": 3030293,
            "iso_3166_2": "FR-E"
        },
        "long": {
            "default": "Brittany"
        }
    },
    {
        "parent": "FR",
        "ids": {
            "fips": "FR27",
            "geonames": 11071619,
            "iso_3166_2": "FR-D"
        },
        "long": {
            "default": "Burgundy"
        }
    },
    {
        "parent": "FR",
        "ids": {
            "fips": "FR75",
            "geonames": 11071620,
            "iso_3166_2": "FR-B"
        },
        "long": {
            "default": "Aquitaine"
        }
    },
    {
        "parent": "FR",
        "ids": {
            "fips": "FR28",
            "geonames": 11071621,
            "iso_3166_2": "FR-P"
        },
        "long": {
            "default": "Lower Normandy"
        }
    },
    {
        "parent": "FR",
        "ids": {
            "fips": "FR44",
            "geonames": 11071622,
            "iso_3166_2": "FR-A"
        },
        "long": {
            "default": "Alsace"
        }
    },
    {
        "parent": "FR",
        "ids": {
            "fips": "FR76",
            "geonames": 11071623,
            "iso_3166_2": "FR-K"
        },
        "long": {
            "default": "Languedoc-Roussillon"
        }
    },
    {
        "parent": "FR",
        "ids": {
            "fips": "FR32",
            "geonames": 11071624,
            "iso_3166_2": "FR-O"
        },
        "long": {
            "default": "Nord-Pas-de-Calais"
        }
    },
    {
        "parent": "FR",
        "ids": {
            "fips": "FR84",
            "geonames": 11071625,
            "iso_3166_2": "FR-C"
        },
        "long": {
            "default": "Auvergne"
        }
    },
    {
        "parent": "FR",
        "ids": {
            "fips": false,
            "geonames": false,
            "iso_3166_2": "FR-V"
        },
        "long": {
            "default": "Rhône-Alpes"
        }
    },
    {
        "parent": "FR",
        "ids": {
            "fips": false,
            "geonames": false,
            "iso_3166_2": "FR-T"
        },
        "long": {
            "default": "Poitou-Charentes"
        }
    },
    {
        "parent": "FR",
        "ids": {
            "fips": false,
            "geonames": false,
            "iso_3166_2": "FR-S"
        },
        "long": {
            "default": "Picardie"
        }
    },
    {
        "parent": "FR",
        "ids": {
            "fips": false,
            "geonames": false,
            "iso_3166_2": "FR-N"
        },
        "long": {
            "default": "Midi-Pyrénées"
        }
    },
    {
        "parent": "FR",
        "ids": {
            "fips": false,
            "geonames": false,
            "iso_3166_2": "FR-M"
        },
        "long": {
            "default": "Lorraine"
        }
    },
    {
        "parent": "FR",
        "ids": {
            "fips": false,
            "geonames": false,
            "iso_3166_2": "FR-L"
        },
        "long": {
            "default": "Limousin"
        }
    },
    {
        "parent": "FR",
        "ids": {
            "fips": false,
            "geonames": 3013755,
            "iso_3166_2": "FR-Q"
        },
        "long": {
            "default": "Upper Normandy"
        }
    },
    {
        "parent": "FR",
        "ids": {
            "fips": false,
            "geonames": false,
            "iso_3166_2": "FR-I"
        },
        "long": {
            "default": "Franche-Comté"
        }
    },
    {
        "parent": "FR",
        "ids": {
            "fips": false,
            "geonames": false,
            "iso_3166_2": "FR-G"
        },
        "long": {
            "default": "Champagne-Ardenne"
        }
    }
]