[
    {
        "parent": "GA",
        "ids": {
            "fips": "GB09",
            "geonames": 2396076,
            "iso_3166_2": "GA-9"
        },
        "long": {
            "default": "Woleu-Ntem"
        }
    },
    {
        "parent": "GA",
        "ids": {
            "fips": "GB08",
            "geonames": 2396924,
            "iso_3166_2": "GA-8"
        },
        "long": {
            "default": "Ogooué-Maritime"
        }
    },
    {
        "parent": "GA",
        "ids": {
            "fips": "GB07",
            "geonames": 2396925,
            "iso_3166_2": "GA-7"
        },
        "long": {
            "default": "Ogooué-Lolo"
        }
    },
    {
        "parent": "GA",
        "ids": {
            "fips": "GB06",
            "geonames": 2396926,
            "iso_3166_2": "GA-6"
        },
        "long": {
            "default": "Ogooué-Ivindo"
        }
    },
    {
        "parent": "GA",
        "ids": {
            "fips": "GB05",
            "geonames": 2397141,
            "iso_3166_2": "GA-5"
        },
        "long": {
            "default": "Nyanga"
        }
    },
    {
        "parent": "GA",
        "ids": {
            "fips": "GB04",
            "geonames": 2397466,
            "iso_3166_2": "GA-4"
        },
        "long": {
            "default": "Ngouni"
        }
    },
    {
        "parent": "GA",
        "ids": {
            "fips": "GB03",
            "geonames": 2397842,
            "iso_3166_2": "GA-3"
        },
        "long": {
            "default": "Moyen-Ogooué"
        }
    },
    {
        "parent": "GA",
        "ids": {
            "fips": "GB02",
            "geonames": 2400454,
            "iso_3166_2": "GA-2"
        },
        "long": {
            "default": "Haut-Ogooué"
        }
    },
    {
        "parent": "GA",
        "ids": {
            "fips": "GB01",
            "geonames": 2400682,
            "iso_3166_2": "GA-1"
        },
        "long": {
            "default": "Estuaire"
        }
    }
]