[
    {
        "parent": "GB",
        "ids": {
            "fips": "WLS",
            "geonames": 2634895,
            "iso_3166_2": "GB-WLS"
        },
        "long": {
            "default": "Wales"
        },
        "timezone": "Europe/London"
    },
    {
        "parent": "GB",
        "ids": {
            "fips": "SCT",
            "geonames": 2638360,
            "iso_3166_2": "GB-SCT"
        },
        "long": {
            "default": "Scotland"
        },
        "timezone": "Europe/London"
    },
    {
        "parent": "GB",
        "ids": {
            "fips": "NIR",
            "geonames": 2641364,
            "iso_3166_2": "GB-NIR"
        },
        "long": {
            "default": "Northern Ireland"
        },
        "timezone": "Europe/London"
    },
    {
        "parent": "GB",
        "ids": {
            "fips": "ENG",
            "geonames": 6269131,
            "iso_3166_2": "GB-ENG"
        },
        "long": {
            "default": "England"
        },
        "timezone": "Europe/London"
    }
]