[
    {
        "parent": "GD",
        "ids": {
            "fips": "GJ06",
            "geonames": 3579907,
            "iso_3166_2": "GD-06"
        },
        "long": {
            "default": "Saint Patrick"
        }
    },
    {
        "parent": "GD",
        "ids": {
            "fips": "GJ05",
            "geonames": 3579913,
            "iso_3166_2": "GD-05"
        },
        "long": {
            "default": "Saint Mark"
        }
    },
    {
        "parent": "GD",
        "ids": {
            "fips": "GJ04",
            "geonames": 3579919,
            "iso_3166_2": "GD-04"
        },
        "long": {
            "default": "Saint John"
        }
    },
    {
        "parent": "GD",
        "ids": {
            "fips": "GJ03",
            "geonames": 3579926,
            "iso_3166_2": "GD-03"
        },
        "long": {
            "default": "Saint George"
        }
    },
    {
        "parent": "GD",
        "ids": {
            "fips": "GJ02",
            "geonames": 3579932,
            "iso_3166_2": "GD-02"
        },
        "long": {
            "default": "Saint David"
        }
    },
    {
        "parent": "GD",
        "ids": {
            "fips": "GJ01",
            "geonames": 3579938,
            "iso_3166_2": "GD-01"
        },
        "long": {
            "default": "Saint Andrew"
        }
    },
    {
        "parent": "GD",
        "ids": {
            "fips": "GJ10",
            "geonames": 7303836,
            "iso_3166_2": "GD-10"
        },
        "long": {
            "default": "Southern Grenadine Islands"
        }
    }
]