[
    {
        "parent": "GE",
        "ids": {
            "fips": "GG51",
            "geonames": 611716,
            "iso_3166_2": "GE-TB"
        },
        "long": {
            "default": "T'bilisi"
        }
    },
    {
        "parent": "GE",
        "ids": {
            "fips": "GG04",
            "geonames": 615929,
            "iso_3166_2": "GE-AJ"
        },
        "long": {
            "default": "Ajaria"
        }
    },
    {
        "parent": "GE",
        "ids": {
            "fips": "GG68",
            "geonames": 865536,
            "iso_3166_2": "GE-KK"
        },
        "long": {
            "default": "Kvemo Kartli"
        }
    },
    {
        "parent": "GE",
        "ids": {
            "fips": "GG67",
            "geonames": 865537,
            "iso_3166_2": "GE-KA"
        },
        "long": {
            "default": "Kakheti"
        }
    },
    {
        "parent": "GE",
        "ids": {
            "fips": "GG65",
            "geonames": 865538,
            "iso_3166_2": "GE-GU"
        },
        "long": {
            "default": "Guria"
        }
    },
    {
        "parent": "GE",
        "ids": {
            "fips": "GG66",
            "geonames": 865539,
            "iso_3166_2": "GE-IM"
        },
        "long": {
            "default": "Imereti"
        }
    },
    {
        "parent": "GE",
        "ids": {
            "fips": "GG73",
            "geonames": 865540,
            "iso_3166_2": "GE-SK"
        },
        "long": {
            "default": "Shida Kartli"
        }
    },
    {
        "parent": "GE",
        "ids": {
            "fips": "GG69",
            "geonames": 865541,
            "iso_3166_2": "GE-MM"
        },
        "long": {
            "default": "Mtskheta-Mtianeti"
        }
    },
    {
        "parent": "GE",
        "ids": {
            "fips": "GG70",
            "geonames": 865542,
            "iso_3166_2": "GE-RL"
        },
        "long": {
            "default": "Racha-Lechkhumi and Kvemo Svaneti"
        }
    },
    {
        "parent": "GE",
        "ids": {
            "fips": "GG71",
            "geonames": 865543,
            "iso_3166_2": "GE-SZ"
        },
        "long": {
            "default": "Samegrelo and Zemo Svaneti"
        }
    },
    {
        "parent": "GE",
        "ids": {
            "fips": "GG72",
            "geonames": 865544,
            "iso_3166_2": "GE-SJ"
        },
        "long": {
            "default": "Samtskhe-Javakheti"
        }
    },
    {
        "parent": "GE",
        "ids": {
            "fips": "GG02",
            "geonames": 6643410,
            "iso_3166_2": "GE-AB"
        },
        "long": {
            "default": "Abkhazia"
        }
    }
]