[
    {
        "parent": "GG",
        "ids": {
            "fips": "GK6417213",
            "geonames": 6417213
        },
        "long": {
            "default": "St Pierre du Bois"
        }
    },
    {
        "parent": "GG",
        "ids": {
            "fips": "GK6417214",
            "geonames": 6417214
        },
        "long": {
            "default": "Torteval"
        }
    },
    {
        "parent": "GG",
        "ids": {
            "fips": "GK6417215",
            "geonames": 6417215
        },
        "long": {
            "default": "Saint Saviour"
        }
    },
    {
        "parent": "GG",
        "ids": {
            "fips": "GK6417223",
            "geonames": 6417223
        },
        "long": {
            "default": "Forest"
        }
    },
    {
        "parent": "GG",
        "ids": {
            "fips": "GK6417224",
            "geonames": 6417224
        },
        "long": {
            "default": "St Martin"
        }
    },
    {
        "parent": "GG",
        "ids": {
            "fips": "GK6417226",
            "geonames": 6417226
        },
        "long": {
            "default": "Saint Andrew"
        }
    },
    {
        "parent": "GG",
        "ids": {
            "fips": "GK6417228",
            "geonames": 6417228
        },
        "long": {
            "default": "St Peter Port"
        }
    },
    {
        "parent": "GG",
        "ids": {
            "fips": "GK6417229",
            "geonames": 6417229
        },
        "long": {
            "default": "Castel"
        }
    },
    {
        "parent": "GG",
        "ids": {
            "fips": "GK6417230",
            "geonames": 6417230
        },
        "long": {
            "default": "Vale"
        }
    },
    {
        "parent": "GG",
        "ids": {
            "fips": "GK6417233",
            "geonames": 6417233
        },
        "long": {
            "default": "St Sampson"
        }
    },
    {
        "parent": "GG",
        "ids": {
            "fips": "GK8989934",
            "geonames": 8989934
        },
        "long": {
            "default": "Alderney"
        }
    }
]