[
    {
        "parent": "GH",
        "ids": {
            "fips": "GH09",
            "geonames": 2294076,
            "iso_3166_2": "GH-WP"
        },
        "long": {
            "default": "Western"
        }
    },
    {
        "parent": "GH",
        "ids": {
            "fips": "GH08",
            "geonames": 2294234,
            "iso_3166_2": "GH-TV"
        },
        "long": {
            "default": "Volta"
        }
    },
    {
        "parent": "GH",
        "ids": {
            "fips": "GH11",
            "geonames": 2294286,
            "iso_3166_2": "GH-UW"
        },
        "long": {
            "default": "Upper West"
        }
    },
    {
        "parent": "GH",
        "ids": {
            "fips": "GH10",
            "geonames": 2294291,
            "iso_3166_2": "GH-UE"
        },
        "long": {
            "default": "Upper East"
        }
    },
    {
        "parent": "GH",
        "ids": {
            "fips": "GH06",
            "geonames": 2297169,
            "iso_3166_2": "GH-NP"
        },
        "long": {
            "default": "Northern"
        }
    },
    {
        "parent": "GH",
        "ids": {
            "fips": "GH01",
            "geonames": 2300569,
            "iso_3166_2": "GH-AA"
        },
        "long": {
            "default": "Greater Accra"
        }
    },
    {
        "parent": "GH",
        "ids": {
            "fips": "GH05",
            "geonames": 2301360,
            "iso_3166_2": "GH-EP"
        },
        "long": {
            "default": "Eastern"
        }
    },
    {
        "parent": "GH",
        "ids": {
            "fips": "GH04",
            "geonames": 2302353,
            "iso_3166_2": "GH-CP"
        },
        "long": {
            "default": "Central"
        }
    },
    {
        "parent": "GH",
        "ids": {
            "fips": "GH03",
            "geonames": 2302547,
            "iso_3166_2": "GH-BA"
        },
        "long": {
            "default": "Brong-Ahafo"
        }
    },
    {
        "parent": "GH",
        "ids": {
            "fips": "GH02",
            "geonames": 2304116,
            "iso_3166_2": "GH-AH"
        },
        "long": {
            "default": "Ashanti"
        }
    }
]