[
    {
        "parent": "GL",
        "ids": {
            "fips": "GL05",
            "geonames": 7602003,
            "iso_3166_2": "GL-QA"
        },
        "long": {
            "default": "Qaasuitsup"
        }
    },
    {
        "parent": "GL",
        "ids": {
            "fips": "GL04",
            "geonames": 7602005,
            "iso_3166_2": "GL-KU"
        },
        "long": {
            "default": "Kujalleq"
        }
    },
    {
        "parent": "GL",
        "ids": {
            "fips": "GL06",
            "geonames": 7602006,
            "iso_3166_2": "GL-QE"
        },
        "long": {
            "default": "Qeqqata"
        }
    },
    {
        "parent": "GL",
        "ids": {
            "fips": "GL07",
            "geonames": 7602007,
            "iso_3166_2": "GL-SM"
        },
        "long": {
            "default": "Sermersooq"
        }
    }
]