[
    {
        "parent": "GM",
        "ids": {
            "fips": "GA05",
            "geonames": 2411683,
            "iso_3166_2": "GM-W"
        },
        "long": {
            "default": "Western"
        }
    },
    {
        "parent": "GM",
        "ids": {
            "fips": "GA04",
            "geonames": 2411711,
            "iso_3166_2": "GM-U"
        },
        "long": {
            "default": "Upper River"
        }
    },
    {
        "parent": "GM",
        "ids": {
            "fips": "GA07",
            "geonames": 2412353,
            "iso_3166_2": "GM-N"
        },
        "long": {
            "default": "North Bank"
        }
    },
    {
        "parent": "GM",
        "ids": {
            "fips": "GA03",
            "geonames": 2412707,
            "iso_3166_2": "GM-M"
        },
        "long": {
            "default": "Central River"
        }
    },
    {
        "parent": "GM",
        "ids": {
            "fips": "GA02",
            "geonames": 2412716,
            "iso_3166_2": "GM-L"
        },
        "long": {
            "default": "Lower River"
        }
    },
    {
        "parent": "GM",
        "ids": {
            "fips": "GA01",
            "geonames": 2413875,
            "iso_3166_2": "GM-B"
        },
        "long": {
            "default": "Banjul"
        }
    }
]