[
    {
        "parent": "GN",
        "ids": {
            "fips": "GV04",
            "geonames": 2422464,
            "iso_3166_2": "GN-C"
        },
        "long": {
            "default": "Conakry"
        }
    },
    {
        "parent": "GN",
        "ids": {
            "fips": "B",
            "geonames": 8335085,
            "iso_3166_2": "GN-BK"
        },
        "long": {
            "default": "Boke"
        }
    },
    {
        "parent": "GN",
        "ids": {
            "fips": "F",
            "geonames": 8335086,
            "iso_3166_2": "GN-FA"
        },
        "long": {
            "default": "Faranah"
        }
    },
    {
        "parent": "GN",
        "ids": {
            "fips": "K",
            "geonames": 8335087,
            "iso_3166_2": "GN-KA"
        },
        "long": {
            "default": "Kankan"
        }
    },
    {
        "parent": "GN",
        "ids": {
            "fips": "D",
            "geonames": 8335088,
            "iso_3166_2": "GN-KD"
        },
        "long": {
            "default": "Kindia"
        }
    },
    {
        "parent": "GN",
        "ids": {
            "fips": "L",
            "geonames": 8335089,
            "iso_3166_2": "GN-LA"
        },
        "long": {
            "default": "Labe"
        }
    },
    {
        "parent": "GN",
        "ids": {
            "fips": "M",
            "geonames": 8335090,
            "iso_3166_2": "GN-MM"
        },
        "long": {
            "default": "Mamou"
        }
    },
    {
        "parent": "GN",
        "ids": {
            "fips": "N",
            "geonames": 8335091,
            "iso_3166_2": "GN-NZ"
        },
        "long": {
            "default": "Nzerekore"
        }
    }
]