[
    {
        "parent": "GQ",
        "ids": {
            "fips": "EK03",
            "geonames": 2310307,
            "iso_3166_2": "GQ-AN"
        },
        "long": {
            "default": "Annobón"
        }
    },
    {
        "parent": "GQ",
        "ids": {
            "fips": "EK04",
            "geonames": 2566978,
            "iso_3166_2": "GQ-BN"
        },
        "long": {
            "default": "Bioko Norte"
        }
    },
    {
        "parent": "GQ",
        "ids": {
            "fips": "EK05",
            "geonames": 2566979,
            "iso_3166_2": "GQ-BS"
        },
        "long": {
            "default": "Bioko Sur"
        }
    },
    {
        "parent": "GQ",
        "ids": {
            "fips": "EK06",
            "geonames": 2566980,
            "iso_3166_2": "GQ-CS"
        },
        "long": {
            "default": "Centro Sur"
        }
    },
    {
        "parent": "GQ",
        "ids": {
            "fips": "EK07",
            "geonames": 2566981,
            "iso_3166_2": "GQ-KN"
        },
        "long": {
            "default": "Kié-Ntem"
        }
    },
    {
        "parent": "GQ",
        "ids": {
            "fips": "EK08",
            "geonames": 2566982,
            "iso_3166_2": "GQ-LI"
        },
        "long": {
            "default": "Litoral"
        }
    },
    {
        "parent": "GQ",
        "ids": {
            "fips": "EK09",
            "geonames": 2566983,
            "iso_3166_2": "GQ-WN"
        },
        "long": {
            "default": "Wele-Nzas"
        }
    }
]