[
    {
        "parent": "GR",
        "ids": {
            "fips": "GR",
            "geonames": 736572,
            "iso_3166_2": false
        },
        "long": {
            "default": "Mount Athos"
        }
    },
    {
        "parent": "GR",
        "ids": {
            "fips": "ESYE31",
            "geonames": 6692632,
            "iso_3166_2": "GR-I"
        },
        "long": {
            "default": "Attica"
        }
    },
    {
        "parent": "GR",
        "ids": {
            "fips": "ESYE24",
            "geonames": 6697800,
            "iso_3166_2": "GR-H"
        },
        "long": {
            "default": "Central Greece"
        }
    },
    {
        "parent": "GR",
        "ids": {
            "fips": "ESYE12",
            "geonames": 6697801,
            "iso_3166_2": "GR-B"
        },
        "long": {
            "default": "Central Macedonia"
        }
    },
    {
        "parent": "GR",
        "ids": {
            "fips": "ESYE43",
            "geonames": 6697802,
            "iso_3166_2": "GR-M"
        },
        "long": {
            "default": "Crete"
        }
    },
    {
        "parent": "GR",
        "ids": {
            "fips": "ESYE11",
            "geonames": 6697803,
            "iso_3166_2": "GR-A"
        },
        "long": {
            "default": "East Macedonia and Thrace"
        }
    },
    {
        "parent": "GR",
        "ids": {
            "fips": "ESYE21",
            "geonames": 6697804,
            "iso_3166_2": "GR-D"
        },
        "long": {
            "default": "Epirus"
        }
    },
    {
        "parent": "GR",
        "ids": {
            "fips": "ESYE22",
            "geonames": 6697805,
            "iso_3166_2": "GR-F"
        },
        "long": {
            "default": "Ionian Islands"
        }
    },
    {
        "parent": "GR",
        "ids": {
            "fips": "ESYE41",
            "geonames": 6697806,
            "iso_3166_2": "GR-K"
        },
        "long": {
            "default": "North Aegean"
        }
    },
    {
        "parent": "GR",
        "ids": {
            "fips": "ESYE25",
            "geonames": 6697807,
            "iso_3166_2": "GR-J"
        },
        "long": {
            "default": "Peloponnese"
        }
    },
    {
        "parent": "GR",
        "ids": {
            "fips": "ESYE42",
            "geonames": 6697808,
            "iso_3166_2": "GR-L"
        },
        "long": {
            "default": "Southern Aegean"
        }
    },
    {
        "parent": "GR",
        "ids": {
            "fips": "ESYE14",
            "geonames": 6697809,
            "iso_3166_2": "GR-E"
        },
        "long": {
            "default": "Thessaly"
        }
    },
    {
        "parent": "GR",
        "ids": {
            "fips": "ESYE23",
            "geonames": 6697810,
            "iso_3166_2": "GR-G"
        },
        "long": {
            "default": "Western Greece"
        }
    },
    {
        "parent": "GR",
        "ids": {
            "fips": "ESYE13",
            "geonames": 6697811,
            "iso_3166_2": "GR-C"
        },
        "long": {
            "default": "Western Macedonia"
        }
    }
]