[
    {
        "parent": "GT",
        "ids": {
            "fips": "GT22",
            "geonames": 3587586,
            "iso_3166_2": "GT-ZA"
        },
        "long": {
            "default": "Zacapa"
        }
    },
    {
        "parent": "GT",
        "ids": {
            "fips": "GT21",
            "geonames": 3588257,
            "iso_3166_2": "GT-TO"
        },
        "long": {
            "default": "Totonicapán"
        }
    },
    {
        "parent": "GT",
        "ids": {
            "fips": "GT20",
            "geonames": 3588668,
            "iso_3166_2": "GT-SU"
        },
        "long": {
            "default": "Suchitepeque"
        }
    },
    {
        "parent": "GT",
        "ids": {
            "fips": "GT19",
            "geonames": 3588697,
            "iso_3166_2": "GT-SO"
        },
        "long": {
            "default": "Sololá"
        }
    },
    {
        "parent": "GT",
        "ids": {
            "fips": "GT18",
            "geonames": 3589172,
            "iso_3166_2": "GT-SR"
        },
        "long": {
            "default": "Santa Rosa"
        }
    },
    {
        "parent": "GT",
        "ids": {
            "fips": "GT17",
            "geonames": 3589801,
            "iso_3166_2": "GT-SM"
        },
        "long": {
            "default": "San Marcos"
        }
    },
    {
        "parent": "GT",
        "ids": {
            "fips": "GT16",
            "geonames": 3590686,
            "iso_3166_2": "GT-SA"
        },
        "long": {
            "default": "Sacatepéquez"
        }
    },
    {
        "parent": "GT",
        "ids": {
            "fips": "GT15",
            "geonames": 3590857,
            "iso_3166_2": "GT-RE"
        },
        "long": {
            "default": "Retalhuleu"
        }
    },
    {
        "parent": "GT",
        "ids": {
            "fips": "GT14",
            "geonames": 3590964,
            "iso_3166_2": "GT-QC"
        },
        "long": {
            "default": "Quiché"
        }
    },
    {
        "parent": "GT",
        "ids": {
            "fips": "GT13",
            "geonames": 3590978,
            "iso_3166_2": "GT-QZ"
        },
        "long": {
            "default": "Quetzaltenango"
        }
    },
    {
        "parent": "GT",
        "ids": {
            "fips": "GT12",
            "geonames": 3591410,
            "iso_3166_2": "GT-PE"
        },
        "long": {
            "default": "Petén"
        }
    },
    {
        "parent": "GT",
        "ids": {
            "fips": "GT11",
            "geonames": 3595067,
            "iso_3166_2": "GT-JU"
        },
        "long": {
            "default": "Jutiapa"
        }
    },
    {
        "parent": "GT",
        "ids": {
            "fips": "GT10",
            "geonames": 3595236,
            "iso_3166_2": "GT-JA"
        },
        "long": {
            "default": "Jalapa"
        }
    },
    {
        "parent": "GT",
        "ids": {
            "fips": "GT09",
            "geonames": 3595259,
            "iso_3166_2": "GT-IZ"
        },
        "long": {
            "default": "Izabal"
        }
    },
    {
        "parent": "GT",
        "ids": {
            "fips": "GT08",
            "geonames": 3595415,
            "iso_3166_2": "GT-HU"
        },
        "long": {
            "default": "Huehuetenango"
        }
    },
    {
        "parent": "GT",
        "ids": {
            "fips": "GT07",
            "geonames": 3595530,
            "iso_3166_2": "GT-GU"
        },
        "long": {
            "default": "Guatemala"
        }
    },
    {
        "parent": "GT",
        "ids": {
            "fips": "GT06",
            "geonames": 3595802,
            "iso_3166_2": "GT-ES"
        },
        "long": {
            "default": "Escuintla"
        }
    },
    {
        "parent": "GT",
        "ids": {
            "fips": "GT05",
            "geonames": 3596416,
            "iso_3166_2": "GT-PR"
        },
        "long": {
            "default": "El Progreso"
        }
    },
    {
        "parent": "GT",
        "ids": {
            "fips": "GT04",
            "geonames": 3598464,
            "iso_3166_2": "GT-CQ"
        },
        "long": {
            "default": "Chiquimula"
        }
    },
    {
        "parent": "GT",
        "ids": {
            "fips": "GT03",
            "geonames": 3598571,
            "iso_3166_2": "GT-CM"
        },
        "long": {
            "default": "Chimaltenango"
        }
    },
    {
        "parent": "GT",
        "ids": {
            "fips": "GT02",
            "geonames": 3599602,
            "iso_3166_2": "GT-BV"
        },
        "long": {
            "default": "Baja Verapaz"
        }
    },
    {
        "parent": "GT",
        "ids": {
            "fips": "GT01",
            "geonames": 3599773,
            "iso_3166_2": "GT-AV"
        },
        "long": {
            "default": "Alta Verapaz"
        }
    }
]