[
    {
        "parent": "GU",
        "ids": {
            "fips": "PI",
            "geonames": 4038478
        },
        "long": {
            "default": "Piti"
        }
    },
    {
        "parent": "GU",
        "ids": {
            "fips": "SR",
            "geonames": 4038555
        },
        "long": {
            "default": "Santa Rita"
        }
    },
    {
        "parent": "GU",
        "ids": {
            "fips": "SJ",
            "geonames": 4038590
        },
        "long": {
            "default": "Sinajana"
        }
    },
    {
        "parent": "GU",
        "ids": {
            "fips": "TF",
            "geonames": 4038652
        },
        "long": {
            "default": "Talofofo"
        }
    },
    {
        "parent": "GU",
        "ids": {
            "fips": "TM",
            "geonames": 4038661
        },
        "long": {
            "default": "Tamuning"
        }
    },
    {
        "parent": "GU",
        "ids": {
            "fips": "UM",
            "geonames": 4038739
        },
        "long": {
            "default": "Umatac"
        }
    },
    {
        "parent": "GU",
        "ids": {
            "fips": "YG",
            "geonames": 4038796
        },
        "long": {
            "default": "Yigo"
        }
    },
    {
        "parent": "GU",
        "ids": {
            "fips": "YN",
            "geonames": 4038811
        },
        "long": {
            "default": "Yona"
        }
    },
    {
        "parent": "GU",
        "ids": {
            "fips": "ME",
            "geonames": 4043396
        },
        "long": {
            "default": "Merizo"
        }
    },
    {
        "parent": "GU",
        "ids": {
            "fips": "MA",
            "geonames": 4043416
        },
        "long": {
            "default": "Mangilao"
        }
    },
    {
        "parent": "GU",
        "ids": {
            "fips": "AH",
            "geonames": 4043524
        },
        "long": {
            "default": "Agana Heights"
        }
    },
    {
        "parent": "GU",
        "ids": {
            "fips": "CP",
            "geonames": 4043614
        },
        "long": {
            "default": "Chalan Pago-Ordot"
        }
    },
    {
        "parent": "GU",
        "ids": {
            "fips": "AS",
            "geonames": 4043691
        },
        "long": {
            "default": "Asan"
        }
    },
    {
        "parent": "GU",
        "ids": {
            "fips": "AT",
            "geonames": 4043725
        },
        "long": {
            "default": "Agat"
        }
    },
    {
        "parent": "GU",
        "ids": {
            "fips": "DD",
            "geonames": 4043877
        },
        "long": {
            "default": "Dededo"
        }
    },
    {
        "parent": "GU",
        "ids": {
            "fips": "BA",
            "geonames": 4043885
        },
        "long": {
            "default": "Barrigada"
        }
    },
    {
        "parent": "GU",
        "ids": {
            "fips": "AN",
            "geonames": 4044019
        },
        "long": {
            "default": "Hagatna"
        }
    },
    {
        "parent": "GU",
        "ids": {
            "fips": "IN",
            "geonames": 4044041
        },
        "long": {
            "default": "Inarajan"
        }
    },
    {
        "parent": "GU",
        "ids": {
            "fips": "MT",
            "geonames": 4044148
        },
        "long": {
            "default": "Mongmong-Toto-Maite"
        }
    }
]