[
    {
        "parent": "GW",
        "ids": {
            "fips": "PU07",
            "geonames": 2368955,
            "iso_3166_2": "GW-TO"
        },
        "long": {
            "default": "Tombali"
        }
    },
    {
        "parent": "GW",
        "ids": {
            "fips": "PU02",
            "geonames": 2370360,
            "iso_3166_2": "GW-QU"
        },
        "long": {
            "default": "Quinara"
        }
    },
    {
        "parent": "GW",
        "ids": {
            "fips": "PU04",
            "geonames": 2371071,
            "iso_3166_2": "GW-OI"
        },
        "long": {
            "default": "Oio"
        }
    },
    {
        "parent": "GW",
        "ids": {
            "fips": "PU10",
            "geonames": 2372533,
            "iso_3166_2": "GW-GA"
        },
        "long": {
            "default": "Gabú"
        }
    },
    {
        "parent": "GW",
        "ids": {
            "fips": "PU06",
            "geonames": 2374312,
            "iso_3166_2": "GW-CA"
        },
        "long": {
            "default": "Cacheu"
        }
    },
    {
        "parent": "GW",
        "ids": {
            "fips": "PU05",
            "geonames": 2374689,
            "iso_3166_2": "GW-BL"
        },
        "long": {
            "default": "Bolama"
        }
    },
    {
        "parent": "GW",
        "ids": {
            "fips": "PU11",
            "geonames": 2374776,
            "iso_3166_2": "GW-BS"
        },
        "long": {
            "default": "Bissau"
        }
    },
    {
        "parent": "GW",
        "ids": {
            "fips": "PU12",
            "geonames": 2374820,
            "iso_3166_2": "GW-BM"
        },
        "long": {
            "default": "Biombo"
        }
    },
    {
        "parent": "GW",
        "ids": {
            "fips": "PU01",
            "geonames": 2375255,
            "iso_3166_2": "GW-BA"
        },
        "long": {
            "default": "Bafatá"
        }
    }
]