[
    {
        "parent": "GY",
        "ids": {
            "fips": "GY19",
            "geonames": 3375463,
            "iso_3166_2": "GY-UT"
        },
        "long": {
            "default": "Upper Takutu-Upper Essequibo"
        }
    },
    {
        "parent": "GY",
        "ids": {
            "fips": "GY18",
            "geonames": 3375469,
            "iso_3166_2": "GY-UD"
        },
        "long": {
            "default": "Upper Demerara-Berbice"
        }
    },
    {
        "parent": "GY",
        "ids": {
            "fips": "GY17",
            "geonames": 3376386,
            "iso_3166_2": "GY-PT"
        },
        "long": {
            "default": "Potaro-Siparuni"
        }
    },
    {
        "parent": "GY",
        "ids": {
            "fips": "GY16",
            "geonames": 3376407,
            "iso_3166_2": "GY-PM"
        },
        "long": {
            "default": "Pomeroon-Supenaam"
        }
    },
    {
        "parent": "GY",
        "ids": {
            "fips": "GY15",
            "geonames": 3377274,
            "iso_3166_2": "GY-MA"
        },
        "long": {
            "default": "Mahaica-Berbice"
        }
    },
    {
        "parent": "GY",
        "ids": {
            "fips": "GY14",
            "geonames": 3378741,
            "iso_3166_2": "GY-ES"
        },
        "long": {
            "default": "Essequibo Islands-West Demerara"
        }
    },
    {
        "parent": "GY",
        "ids": {
            "fips": "GY13",
            "geonames": 3378840,
            "iso_3166_2": "GY-EB"
        },
        "long": {
            "default": "East Berbice-Corentyne"
        }
    },
    {
        "parent": "GY",
        "ids": {
            "fips": "GY12",
            "geonames": 3378950,
            "iso_3166_2": "GY-DE"
        },
        "long": {
            "default": "Demerara-Mahaica"
        }
    },
    {
        "parent": "GY",
        "ids": {
            "fips": "GY11",
            "geonames": 3379023,
            "iso_3166_2": "GY-CU"
        },
        "long": {
            "default": "Cuyuni-Mazaruni"
        }
    },
    {
        "parent": "GY",
        "ids": {
            "fips": "GY10",
            "geonames": 3379515,
            "iso_3166_2": "GY-BA"
        },
        "long": {
            "default": "Barima-Waini"
        }
    }
]