[
    {
        "parent": "HK",
        "ids": {
            "fips": false,
            "geonames": 1818224,
            "iso_3166_2": false
        },
        "long": {
            "default": "Yuen Long"
        }
    },
    {
        "parent": "HK",
        "ids": {
            "fips": false,
            "geonames": 1818458,
            "iso_3166_2": false
        },
        "long": {
            "default": "Tsuen Wan"
        }
    },
    {
        "parent": "HK",
        "ids": {
            "fips": false,
            "geonames": 1818672,
            "iso_3166_2": false
        },
        "long": {
            "default": "Tai Po"
        }
    },
    {
        "parent": "HK",
        "ids": {
            "fips": false,
            "geonames": 1819049,
            "iso_3166_2": false
        },
        "long": {
            "default": "Sai Kung"
        }
    },
    {
        "parent": "HK",
        "ids": {
            "fips": false,
            "geonames": 1819708,
            "iso_3166_2": false
        },
        "long": {
            "default": "Islands"
        }
    },
    {
        "parent": "HK",
        "ids": {
            "fips": false,
            "geonames": 7533598,
            "iso_3166_2": false
        },
        "long": {
            "default": "Central and Western"
        }
    },
    {
        "parent": "HK",
        "ids": {
            "fips": false,
            "geonames": 7533607,
            "iso_3166_2": false
        },
        "long": {
            "default": "Wanchai"
        }
    },
    {
        "parent": "HK",
        "ids": {
            "fips": false,
            "geonames": 7533608,
            "iso_3166_2": false
        },
        "long": {
            "default": "Eastern"
        }
    },
    {
        "parent": "HK",
        "ids": {
            "fips": false,
            "geonames": 7533609,
            "iso_3166_2": false
        },
        "long": {
            "default": "Southern"
        }
    },
    {
        "parent": "HK",
        "ids": {
            "fips": false,
            "geonames": 7533610,
            "iso_3166_2": false
        },
        "long": {
            "default": "Yau Tsim Mong"
        }
    },
    {
        "parent": "HK",
        "ids": {
            "fips": false,
            "geonames": 7533611,
            "iso_3166_2": false
        },
        "long": {
            "default": "Sham Shui Po"
        }
    },
    {
        "parent": "HK",
        "ids": {
            "fips": false,
            "geonames": 7533612,
            "iso_3166_2": false
        },
        "long": {
            "default": "Kowloon City"
        }
    },
    {
        "parent": "HK",
        "ids": {
            "fips": false,
            "geonames": 7533613,
            "iso_3166_2": false
        },
        "long": {
            "default": "Wong Tai Sin"
        }
    },
    {
        "parent": "HK",
        "ids": {
            "fips": false,
            "geonames": 7533614,
            "iso_3166_2": false
        },
        "long": {
            "default": "Kwon Tong"
        }
    },
    {
        "parent": "HK",
        "ids": {
            "fips": false,
            "geonames": 7533615,
            "iso_3166_2": false
        },
        "long": {
            "default": "Kwai Tsing"
        }
    },
    {
        "parent": "HK",
        "ids": {
            "fips": false,
            "geonames": 7533616,
            "iso_3166_2": false
        },
        "long": {
            "default": "Tuen Mun"
        }
    },
    {
        "parent": "HK",
        "ids": {
            "fips": false,
            "geonames": 7533617,
            "iso_3166_2": false
        },
        "long": {
            "default": "North"
        }
    },
    {
        "parent": "HK",
        "ids": {
            "fips": false,
            "geonames": 7533618,
            "iso_3166_2": false
        },
        "long": {
            "default": "Sha Tin"
        }
    }
]