[
    {
        "parent": "HN",
        "ids": {
            "fips": "HO18",
            "geonames": 3600193,
            "iso_3166_2": "HN-YO"
        },
        "long": {
            "default": "Yoro"
        }
    },
    {
        "parent": "HN",
        "ids": {
            "fips": "HO17",
            "geonames": 3600456,
            "iso_3166_2": "HN-VA"
        },
        "long": {
            "default": "Valle"
        }
    },
    {
        "parent": "HN",
        "ids": {
            "fips": "HO16",
            "geonames": 3601689,
            "iso_3166_2": "HN-SB"
        },
        "long": {
            "default": "Santa Bárbara"
        }
    },
    {
        "parent": "HN",
        "ids": {
            "fips": "HO15",
            "geonames": 3604249,
            "iso_3166_2": "HN-OL"
        },
        "long": {
            "default": "Olancho"
        }
    },
    {
        "parent": "HN",
        "ids": {
            "fips": "HO14",
            "geonames": 3604318,
            "iso_3166_2": "HN-OC"
        },
        "long": {
            "default": "Ocotepeque"
        }
    },
    {
        "parent": "HN",
        "ids": {
            "fips": "HO13",
            "geonames": 3606066,
            "iso_3166_2": "HN-LE"
        },
        "long": {
            "default": "Lempira"
        }
    },
    {
        "parent": "HN",
        "ids": {
            "fips": "HO12",
            "geonames": 3607251,
            "iso_3166_2": "HN-LP"
        },
        "long": {
            "default": "La Paz"
        }
    },
    {
        "parent": "HN",
        "ids": {
            "fips": "HO11",
            "geonames": 3608814,
            "iso_3166_2": "HN-IB"
        },
        "long": {
            "default": "Islas de la Bahía"
        }
    },
    {
        "parent": "HN",
        "ids": {
            "fips": "HO10",
            "geonames": 3608833,
            "iso_3166_2": "HN-IN"
        },
        "long": {
            "default": "Intibucá"
        }
    },
    {
        "parent": "HN",
        "ids": {
            "fips": "HO09",
            "geonames": 3609583,
            "iso_3166_2": "HN-GD"
        },
        "long": {
            "default": "Gracias a Dios"
        }
    },
    {
        "parent": "HN",
        "ids": {
            "fips": "HO08",
            "geonames": 3609672,
            "iso_3166_2": "HN-FM"
        },
        "long": {
            "default": "Francisco Morazán"
        }
    },
    {
        "parent": "HN",
        "ids": {
            "fips": "HO07",
            "geonames": 3610942,
            "iso_3166_2": "HN-EP"
        },
        "long": {
            "default": "El Paraíso"
        }
    },
    {
        "parent": "HN",
        "ids": {
            "fips": "HO06",
            "geonames": 3613140,
            "iso_3166_2": "HN-CR"
        },
        "long": {
            "default": "Cortés"
        }
    },
    {
        "parent": "HN",
        "ids": {
            "fips": "HO05",
            "geonames": 3613229,
            "iso_3166_2": "HN-CP"
        },
        "long": {
            "default": "Copán"
        }
    },
    {
        "parent": "HN",
        "ids": {
            "fips": "HO04",
            "geonames": 3613319,
            "iso_3166_2": "HN-CM"
        },
        "long": {
            "default": "Comayagua"
        }
    },
    {
        "parent": "HN",
        "ids": {
            "fips": "HO03",
            "geonames": 3613358,
            "iso_3166_2": "HN-CL"
        },
        "long": {
            "default": "Colón"
        }
    },
    {
        "parent": "HN",
        "ids": {
            "fips": "HO02",
            "geonames": 3613527,
            "iso_3166_2": "HN-CH"
        },
        "long": {
            "default": "Choluteca"
        }
    },
    {
        "parent": "HN",
        "ids": {
            "fips": "HO01",
            "geonames": 3615027,
            "iso_3166_2": "HN-AT"
        },
        "long": {
            "default": "Atlántida"
        }
    }
]