[
    {
        "parent": "HR",
        "ids": {
            "fips": "HR01",
            "geonames": 3337511,
            "iso_3166_2": "HR-07"
        },
        "long": {
            "default": "Bjelovarsko-Bilogorska"
        },
        "timezone": "Europe/Zagreb"
    },
    {
        "parent": "HR",
        "ids": {
            "fips": "HR02",
            "geonames": 3337512,
            "iso_3166_2": "HR-12"
        },
        "long": {
            "default": "Brodsko-Posavska"
        },
        "timezone": "Europe/Zagreb"
    },
    {
        "parent": "HR",
        "ids": {
            "fips": "HR03",
            "geonames": 3337513,
            "iso_3166_2": "HR-19"
        },
        "long": {
            "default": "Dubrovačko-Neretvanska"
        },
        "timezone": "Europe/Zagreb"
    },
    {
        "parent": "HR",
        "ids": {
            "fips": "HR04",
            "geonames": 3337514,
            "iso_3166_2": "HR-18"
        },
        "long": {
            "default": "Istarska"
        },
        "timezone": "Europe/Zagreb"
    },
    {
        "parent": "HR",
        "ids": {
            "fips": "HR05",
            "geonames": 3337515,
            "iso_3166_2": "HR-04"
        },
        "long": {
            "default": "Karlovačka"
        },
        "timezone": "Europe/Zagreb"
    },
    {
        "parent": "HR",
        "ids": {
            "fips": "HR06",
            "geonames": 3337518,
            "iso_3166_2": "HR-06"
        },
        "long": {
            "default": "Koprivničko-Križevačka"
        },
        "timezone": "Europe/Zagreb"
    },
    {
        "parent": "HR",
        "ids": {
            "fips": "HR07",
            "geonames": 3337519,
            "iso_3166_2": "HR-02"
        },
        "long": {
            "default": "Krapinsko-Zagorska"
        },
        "timezone": "Europe/Zagreb"
    },
    {
        "parent": "HR",
        "ids": {
            "fips": "HR08",
            "geonames": 3337520,
            "iso_3166_2": "HR-09"
        },
        "long": {
            "default": "Ličko-Senjska"
        },
        "timezone": "Europe/Zagreb"
    },
    {
        "parent": "HR",
        "ids": {
            "fips": "HR09",
            "geonames": 3337521,
            "iso_3166_2": "HR-20"
        },
        "long": {
            "default": "Međimurska"
        },
        "timezone": "Europe/Zagreb"
    },
    {
        "parent": "HR",
        "ids": {
            "fips": "HR10",
            "geonames": 3337522,
            "iso_3166_2": "HR-14"
        },
        "long": {
            "default": "Osječko-Baranjska"
        },
        "timezone": "Europe/Zagreb"
    },
    {
        "parent": "HR",
        "ids": {
            "fips": "HR11",
            "geonames": 3337523,
            "iso_3166_2": "HR-11"
        },
        "long": {
            "default": "Požeško-Slavonska"
        },
        "timezone": "Europe/Zagreb"
    },
    {
        "parent": "HR",
        "ids": {
            "fips": "HR12",
            "geonames": 3337524,
            "iso_3166_2": "HR-08"
        },
        "long": {
            "default": "Primorsko-Goranska"
        },
        "timezone": "Europe/Zagreb"
    },
    {
        "parent": "HR",
        "ids": {
            "fips": "HR13",
            "geonames": 3337525,
            "iso_3166_2": "HR-15"
        },
        "long": {
            "default": "Šibensko-Kninska"
        },
        "timezone": "Europe/Zagreb"
    },
    {
        "parent": "HR",
        "ids": {
            "fips": "HR14",
            "geonames": 3337526,
            "iso_3166_2": "HR-03"
        },
        "long": {
            "default": "Sisačko-Moslavačka"
        },
        "timezone": "Europe/Zagreb"
    },
    {
        "parent": "HR",
        "ids": {
            "fips": "HR15",
            "geonames": 3337527,
            "iso_3166_2": "HR-17"
        },
        "long": {
            "default": "Splitsko-Dalmatinska"
        },
        "timezone": "Europe/Zagreb"
    },
    {
        "parent": "HR",
        "ids": {
            "fips": "HR16",
            "geonames": 3337528,
            "iso_3166_2": "HR-05"
        },
        "long": {
            "default": "Varaždinska"
        },
        "timezone": "Europe/Zagreb"
    },
    {
        "parent": "HR",
        "ids": {
            "fips": "HR18",
            "geonames": 3337529,
            "iso_3166_2": "HR-16"
        },
        "long": {
            "default": "Vukovarsko-Srijemska"
        },
        "timezone": "Europe/Zagreb"
    },
    {
        "parent": "HR",
        "ids": {
            "fips": "HR19",
            "geonames": 3337530,
            "iso_3166_2": "HR-13"
        },
        "long": {
            "default": "Zadarska"
        },
        "timezone": "Europe/Zagreb"
    },
    {
        "parent": "HR",
        "ids": {
            "fips": "HR20",
            "geonames": 3337531,
            "iso_3166_2": "HR-01"
        },
        "long": {
            "default": "Zagrebačka"
        },
        "timezone": "Europe/Zagreb"
    },
    {
        "parent": "HR",
        "ids": {
            "fips": "HR21",
            "geonames": 3337532,
            "iso_3166_2": "HR-21"
        },
        "long": {
            "default": "Grad Zagreb"
        },
        "timezone": "Europe/Zagreb"
    },
    {
        "parent": "HR",
        "ids": {
            "fips": "HR17",
            "geonames": 3337533,
            "iso_3166_2": "HR-10"
        },
        "long": {
            "default": "Virovitičko-Podravska"
        },
        "timezone": "Europe/Zagreb"
    }
]
