[
    {
        "parent": "HT",
        "ids": {
            "fips": "HA13",
            "geonames": 3716950,
            "iso_3166_2": "HT-SE"
        },
        "long": {
            "default": "Sud-Est"
        }
    },
    {
        "parent": "HT",
        "ids": {
            "fips": "HA12",
            "geonames": 3716952,
            "iso_3166_2": "HT-SD"
        },
        "long": {
            "default": "Sud"
        }
    },
    {
        "parent": "HT",
        "ids": {
            "fips": "HA11",
            "geonames": 3719432,
            "iso_3166_2": "HT-OU"
        },
        "long": {
            "default": "Ouest"
        }
    },
    {
        "parent": "HT",
        "ids": {
            "fips": "HA03",
            "geonames": 3719536,
            "iso_3166_2": "HT-NO"
        },
        "long": {
            "default": "Nord-Ouest"
        }
    },
    {
        "parent": "HT",
        "ids": {
            "fips": "HA10",
            "geonames": 3719540,
            "iso_3166_2": "HT-NE"
        },
        "long": {
            "default": "Nord-Est"
        }
    },
    {
        "parent": "HT",
        "ids": {
            "fips": "HA09",
            "geonames": 3719543,
            "iso_3166_2": "HT-ND"
        },
        "long": {
            "default": "Nord"
        }
    },
    {
        "parent": "HT",
        "ids": {
            "fips": "HA14",
            "geonames": 3724613,
            "iso_3166_2": "HT-GA"
        },
        "long": {
            "default": "GrandʼAnse"
        }
    },
    {
        "parent": "HT",
        "ids": {
            "fips": "HA07",
            "geonames": 3728069,
            "iso_3166_2": "HT-CE"
        },
        "long": {
            "default": "Centre"
        }
    },
    {
        "parent": "HT",
        "ids": {
            "fips": "HA06",
            "geonames": 3731053,
            "iso_3166_2": "HT-AR"
        },
        "long": {
            "default": "Artibonite"
        }
    },
    {
        "parent": "HT",
        "ids": {
            "fips": "HA15",
            "geonames": 7115999,
            "iso_3166_2": "HT-NI"
        },
        "long": {
            "default": "Nippes"
        }
    }
]