[
    {
        "parent": "HU",
        "ids": {
            "fips": "HU18",
            "geonames": 715593,
            "iso_3166_2": "HU-SZ"
        },
        "long": {
            "default": "Szabolcs-Szatmár-Bereg"
        }
    },
    {
        "parent": "HU",
        "ids": {
            "fips": "HU20",
            "geonames": 719637,
            "iso_3166_2": "HU-JN"
        },
        "long": {
            "default": "Jász-Nagykun-Szolnok"
        }
    },
    {
        "parent": "HU",
        "ids": {
            "fips": "HU11",
            "geonames": 720002,
            "iso_3166_2": "HU-HE"
        },
        "long": {
            "default": "Heves"
        }
    },
    {
        "parent": "HU",
        "ids": {
            "fips": "HU10",
            "geonames": 720293,
            "iso_3166_2": "HU-HB"
        },
        "long": {
            "default": "Hajdú-Bihar"
        }
    },
    {
        "parent": "HU",
        "ids": {
            "fips": "HU06",
            "geonames": 721589,
            "iso_3166_2": "HU-CS"
        },
        "long": {
            "default": "Csongrád"
        }
    },
    {
        "parent": "HU",
        "ids": {
            "fips": "HU04",
            "geonames": 722064,
            "iso_3166_2": "HU-BZ"
        },
        "long": {
            "default": "Borsod-Abaúj-Zemplén"
        }
    },
    {
        "parent": "HU",
        "ids": {
            "fips": "HU03",
            "geonames": 722433,
            "iso_3166_2": "HU-BE"
        },
        "long": {
            "default": "Bekes"
        }
    },
    {
        "parent": "HU",
        "ids": {
            "fips": "HU24",
            "geonames": 3042613,
            "iso_3166_2": "HU-ZA"
        },
        "long": {
            "default": "Zala"
        }
    },
    {
        "parent": "HU",
        "ids": {
            "fips": "HU23",
            "geonames": 3042925,
            "iso_3166_2": "HU-VE"
        },
        "long": {
            "default": "Veszprém"
        }
    },
    {
        "parent": "HU",
        "ids": {
            "fips": "HU22",
            "geonames": 3043047,
            "iso_3166_2": "HU-VA"
        },
        "long": {
            "default": "Vas"
        }
    },
    {
        "parent": "HU",
        "ids": {
            "fips": "HU21",
            "geonames": 3043845,
            "iso_3166_2": "HU-TO"
        },
        "long": {
            "default": "Tolna"
        }
    },
    {
        "parent": "HU",
        "ids": {
            "fips": "HU17",
            "geonames": 3045226,
            "iso_3166_2": "HU-SO"
        },
        "long": {
            "default": "Somogy"
        }
    },
    {
        "parent": "HU",
        "ids": {
            "fips": "HU16",
            "geonames": 3046431,
            "iso_3166_2": "HU-PE"
        },
        "long": {
            "default": "Pest"
        }
    },
    {
        "parent": "HU",
        "ids": {
            "fips": "HU14",
            "geonames": 3047348,
            "iso_3166_2": "HU-NO"
        },
        "long": {
            "default": "Nógrád"
        }
    },
    {
        "parent": "HU",
        "ids": {
            "fips": "HU12",
            "geonames": 3049518,
            "iso_3166_2": "HU-KE"
        },
        "long": {
            "default": "Komárom-Esztergom"
        }
    },
    {
        "parent": "HU",
        "ids": {
            "fips": "HU09",
            "geonames": 3051977,
            "iso_3166_2": "HU-GS"
        },
        "long": {
            "default": "Győr-Moson-Sopron"
        }
    },
    {
        "parent": "HU",
        "ids": {
            "fips": "HU08",
            "geonames": 3053028,
            "iso_3166_2": "HU-FE"
        },
        "long": {
            "default": "Fejér"
        }
    },
    {
        "parent": "HU",
        "ids": {
            "fips": "HU05",
            "geonames": 3054638,
            "iso_3166_2": "HU-BU"
        },
        "long": {
            "default": "Budapest"
        }
    },
    {
        "parent": "HU",
        "ids": {
            "fips": "HU02",
            "geonames": 3055399,
            "iso_3166_2": "HU-BA"
        },
        "long": {
            "default": "Baranya"
        }
    },
    {
        "parent": "HU",
        "ids": {
            "fips": "HU01",
            "geonames": 3055744,
            "iso_3166_2": "HU-BK"
        },
        "long": {
            "default": "Bács-Kiskun"
        }
    }
]