[
    {
        "parent": "ID",
        "ids": {
            "fips": "ID26",
            "geonames": 1213642,
            "iso_3166_2": "ID-SU"
        },
        "long": {
            "default": "North Sumatra"
        }
    },
    {
        "parent": "ID",
        "ids": {
            "fips": "ID01",
            "geonames": 1215638,
            "iso_3166_2": "ID-AC"
        },
        "long": {
            "default": "Aceh"
        }
    },
    {
        "parent": "ID",
        "ids": {
            "fips": "ID10",
            "geonames": 1621176,
            "iso_3166_2": "ID-YO"
        },
        "long": {
            "default": "Yogyakarta"
        }
    },
    {
        "parent": "ID",
        "ids": {
            "fips": "ID32",
            "geonames": 1626196,
            "iso_3166_2": "ID-SS"
        },
        "long": {
            "default": "South Sumatra"
        }
    },
    {
        "parent": "ID",
        "ids": {
            "fips": "ID24",
            "geonames": 1626197,
            "iso_3166_2": "ID-SB"
        },
        "long": {
            "default": "West Sumatra"
        }
    },
    {
        "parent": "ID",
        "ids": {
            "fips": "ID31",
            "geonames": 1626229,
            "iso_3166_2": "ID-SA"
        },
        "long": {
            "default": "North Sulawesi"
        }
    },
    {
        "parent": "ID",
        "ids": {
            "fips": "ID22",
            "geonames": 1626230,
            "iso_3166_2": "ID-SG"
        },
        "long": {
            "default": "Southeast Sulawesi"
        }
    },
    {
        "parent": "ID",
        "ids": {
            "fips": "ID21",
            "geonames": 1626231,
            "iso_3166_2": "ID-ST"
        },
        "long": {
            "default": "Central Sulawesi"
        }
    },
    {
        "parent": "ID",
        "ids": {
            "fips": "ID38",
            "geonames": 1626232,
            "iso_3166_2": "ID-SN"
        },
        "long": {
            "default": "South Sulawesi"
        }
    },
    {
        "parent": "ID",
        "ids": {
            "fips": "ID37",
            "geonames": 1629652,
            "iso_3166_2": "ID-RI"
        },
        "long": {
            "default": "Riau"
        }
    },
    {
        "parent": "ID",
        "ids": {
            "fips": "ID18",
            "geonames": 1633791,
            "iso_3166_2": "ID-NT"
        },
        "long": {
            "default": "East Nusa Tenggara"
        }
    },
    {
        "parent": "ID",
        "ids": {
            "fips": "ID17",
            "geonames": 1633792,
            "iso_3166_2": "ID-NB"
        },
        "long": {
            "default": "West Nusa Tenggara"
        }
    },
    {
        "parent": "ID",
        "ids": {
            "fips": "ID28",
            "geonames": 1636627,
            "iso_3166_2": "ID-MA"
        },
        "long": {
            "default": "Maluku"
        }
    },
    {
        "parent": "ID",
        "ids": {
            "fips": "ID15",
            "geonames": 1638535,
            "iso_3166_2": "ID-LA"
        },
        "long": {
            "default": "Lampung"
        }
    },
    {
        "parent": "ID",
        "ids": {
            "fips": "ID14",
            "geonames": 1641897,
            "iso_3166_2": "ID-KI"
        },
        "long": {
            "default": "East Kalimantan"
        }
    },
    {
        "parent": "ID",
        "ids": {
            "fips": "ID13",
            "geonames": 1641898,
            "iso_3166_2": "ID-KT"
        },
        "long": {
            "default": "Central Kalimantan"
        }
    },
    {
        "parent": "ID",
        "ids": {
            "fips": "ID12",
            "geonames": 1641899,
            "iso_3166_2": "ID-KS"
        },
        "long": {
            "default": "South Kalimantan"
        }
    },
    {
        "parent": "ID",
        "ids": {
            "fips": "ID11",
            "geonames": 1641900,
            "iso_3166_2": "ID-KB"
        },
        "long": {
            "default": "West Kalimantan"
        }
    },
    {
        "parent": "ID",
        "ids": {
            "fips": "ID08",
            "geonames": 1642668,
            "iso_3166_2": "ID-JI"
        },
        "long": {
            "default": "East Java"
        }
    },
    {
        "parent": "ID",
        "ids": {
            "fips": "ID07",
            "geonames": 1642669,
            "iso_3166_2": "ID-JT"
        },
        "long": {
            "default": "Central Java"
        }
    },
    {
        "parent": "ID",
        "ids": {
            "fips": "ID30",
            "geonames": 1642672,
            "iso_3166_2": "ID-JB"
        },
        "long": {
            "default": "West Java"
        }
    },
    {
        "parent": "ID",
        "ids": {
            "fips": "ID05",
            "geonames": 1642856,
            "iso_3166_2": "ID-JA"
        },
        "long": {
            "default": "Jambi"
        }
    },
    {
        "parent": "ID",
        "ids": {
            "fips": "ID04",
            "geonames": 1642907,
            "iso_3166_2": "ID-JK"
        },
        "long": {
            "default": "Jakarta Raya"
        }
    },
    {
        "parent": "ID",
        "ids": {
            "fips": "ID36",
            "geonames": 1643012,
            "iso_3166_2": "ID-PA"
        },
        "long": {
            "default": "Papua"
        }
    },
    {
        "parent": "ID",
        "ids": {
            "fips": "ID03",
            "geonames": 1649147,
            "iso_3166_2": "ID-BE"
        },
        "long": {
            "default": "Bengkulu"
        }
    },
    {
        "parent": "ID",
        "ids": {
            "fips": "ID02",
            "geonames": 1650535,
            "iso_3166_2": "ID-BA"
        },
        "long": {
            "default": "Bali"
        }
    },
    {
        "parent": "ID",
        "ids": {
            "fips": "ID33",
            "geonames": 1923045,
            "iso_3166_2": "ID-BT"
        },
        "long": {
            "default": "Banten"
        }
    },
    {
        "parent": "ID",
        "ids": {
            "fips": "ID34",
            "geonames": 1923046,
            "iso_3166_2": "ID-GO"
        },
        "long": {
            "default": "Gorontalo"
        }
    },
    {
        "parent": "ID",
        "ids": {
            "fips": "ID35",
            "geonames": 1923047,
            "iso_3166_2": "ID-BB"
        },
        "long": {
            "default": "Bangka–Belitung Islands"
        }
    },
    {
        "parent": "ID",
        "ids": {
            "fips": "ID29",
            "geonames": 1958070,
            "iso_3166_2": "ID-MU"
        },
        "long": {
            "default": "North Maluku"
        }
    },
    {
        "parent": "ID",
        "ids": {
            "fips": "ID39",
            "geonames": 1996549,
            "iso_3166_2": "ID-PB"
        },
        "long": {
            "default": "West Papua"
        }
    },
    {
        "parent": "ID",
        "ids": {
            "fips": "ID41",
            "geonames": 1996550,
            "iso_3166_2": "ID-SR"
        },
        "long": {
            "default": "West Sulawesi"
        }
    },
    {
        "parent": "ID",
        "ids": {
            "fips": "ID40",
            "geonames": 1996551,
            "iso_3166_2": "ID-KR"
        },
        "long": {
            "default": "Riau Islands"
        }
    },
    {
        "parent": "ID",
        "ids": {
            "fips": "ID42",
            "geonames": 8604684,
            "iso_3166_2": "ID-KU"
        },
        "long": {
            "default": "North Kalimantan"
        }
    }
]