[
    {
        "parent": "IE",
        "ids": {
            "fips": false,
            "geonames": 7521313,
            "iso_3166_2": "IE-C"
        },
        "long": {
            "default": "Connaught"
        }
    },
    {
        "parent": "IE",
        "ids": {
            "fips": false,
            "geonames": 7521314,
            "iso_3166_2": "IE-L"
        },
        "long": {
            "default": "Leinster"
        }
    },
    {
        "parent": "IE",
        "ids": {
            "fips": false,
            "geonames": 7521315,
            "iso_3166_2": "IE-M"
        },
        "long": {
            "default": "Munster"
        }
    },
    {
        "parent": "IE",
        "ids": {
            "fips": false,
            "geonames": 7521316,
            "iso_3166_2": "IE-U"
        },
        "long": {
            "default": "Ulster"
        }
    }
]