[
    {
        "parent": "IL",
        "ids": {
            "fips": "IS06",
            "geonames": 293198,
            "iso_3166_2": "IL-JM"
        },
        "long": {
            "default": "Jerusalem"
        }
    },
    {
        "parent": "IL",
        "ids": {
            "fips": "IS05",
            "geonames": 293396,
            "iso_3166_2": "IL-TA"
        },
        "long": {
            "default": "Tel Aviv"
        }
    },
    {
        "parent": "IL",
        "ids": {
            "fips": "IS04",
            "geonames": 294800,
            "iso_3166_2": "IL-HA"
        },
        "long": {
            "default": "Haifa"
        }
    },
    {
        "parent": "IL",
        "ids": {
            "fips": "IS03",
            "geonames": 294824,
            "iso_3166_2": "IL-Z"
        },
        "long": {
            "default": "Northern District"
        }
    },
    {
        "parent": "IL",
        "ids": {
            "fips": "IS02",
            "geonames": 294904,
            "iso_3166_2": "IL-M"
        },
        "long": {
            "default": "Central District"
        }
    },
    {
        "parent": "IL",
        "ids": {
            "fips": "IS01",
            "geonames": 294952,
            "iso_3166_2": "IL-D"
        },
        "long": {
            "default": "Southern District"
        }
    }
]