[
    {
        "parent": "IN",
        "ids": {
            "fips": "IN28",
            "geonames": 1252881,
            "iso_3166_2": "IN-WB"
        },
        "long": {
            "default": "West Bengal"
        }
    },
    {
        "parent": "IN",
        "ids": {
            "fips": "IN36",
            "geonames": 1253626,
            "iso_3166_2": "IN-UP"
        },
        "long": {
            "default": "Uttar Pradesh"
        }
    },
    {
        "parent": "IN",
        "ids": {
            "fips": "IN26",
            "geonames": 1254169,
            "iso_3166_2": "IN-TR"
        },
        "long": {
            "default": "Tripura"
        }
    },
    {
        "parent": "IN",
        "ids": {
            "fips": "IN40",
            "geonames": 1254788,
            "iso_3166_2": "IN-TG"
        },
        "long": {
            "default": "Telangana"
        }
    },
    {
        "parent": "IN",
        "ids": {
            "fips": "IN25",
            "geonames": 1255053,
            "iso_3166_2": "IN-TN"
        },
        "long": {
            "default": "Tamil Nadu"
        }
    },
    {
        "parent": "IN",
        "ids": {
            "fips": "IN29",
            "geonames": 1256312,
            "iso_3166_2": "IN-SK"
        },
        "long": {
            "default": "Sikkim"
        }
    },
    {
        "parent": "IN",
        "ids": {
            "fips": "IN24",
            "geonames": 1258899,
            "iso_3166_2": "IN-RJ"
        },
        "long": {
            "default": "Rajasthan"
        }
    },
    {
        "parent": "IN",
        "ids": {
            "fips": "IN23",
            "geonames": 1259223,
            "iso_3166_2": "IN-PB"
        },
        "long": {
            "default": "Punjab"
        }
    },
    {
        "parent": "IN",
        "ids": {
            "fips": "IN22",
            "geonames": 1259424,
            "iso_3166_2": "IN-PY"
        },
        "long": {
            "default": "Pondicherry"
        }
    },
    {
        "parent": "IN",
        "ids": {
            "fips": "IN21",
            "geonames": 1261029,
            "iso_3166_2": "IN-OR"
        },
        "long": {
            "default": "Odisha"
        }
    },
    {
        "parent": "IN",
        "ids": {
            "fips": "IN20",
            "geonames": 1262271,
            "iso_3166_2": "IN-NL"
        },
        "long": {
            "default": "Nagaland"
        }
    },
    {
        "parent": "IN",
        "ids": {
            "fips": "IN31",
            "geonames": 1262963,
            "iso_3166_2": "IN-MZ"
        },
        "long": {
            "default": "Mizoram"
        }
    },
    {
        "parent": "IN",
        "ids": {
            "fips": "IN18",
            "geonames": 1263207,
            "iso_3166_2": "IN-ML"
        },
        "long": {
            "default": "Meghalaya"
        }
    },
    {
        "parent": "IN",
        "ids": {
            "fips": "IN17",
            "geonames": 1263706,
            "iso_3166_2": "IN-MN"
        },
        "long": {
            "default": "Manipur"
        }
    },
    {
        "parent": "IN",
        "ids": {
            "fips": "IN16",
            "geonames": 1264418,
            "iso_3166_2": "IN-MH"
        },
        "long": {
            "default": "Maharashtra"
        }
    },
    {
        "parent": "IN",
        "ids": {
            "fips": "IN35",
            "geonames": 1264542,
            "iso_3166_2": "IN-MP"
        },
        "long": {
            "default": "Madhya Pradesh"
        }
    },
    {
        "parent": "IN",
        "ids": {
            "fips": "IN14",
            "geonames": 1265206,
            "iso_3166_2": "IN-LD"
        },
        "long": {
            "default": "Lakshadweep"
        }
    },
    {
        "parent": "IN",
        "ids": {
            "fips": "IN13",
            "geonames": 1267254,
            "iso_3166_2": "IN-KL"
        },
        "long": {
            "default": "Kerala"
        }
    },
    {
        "parent": "IN",
        "ids": {
            "fips": "IN19",
            "geonames": 1267701,
            "iso_3166_2": "IN-KA"
        },
        "long": {
            "default": "Karnataka"
        }
    },
    {
        "parent": "IN",
        "ids": {
            "fips": "IN12",
            "geonames": 1269320,
            "iso_3166_2": "IN-JK"
        },
        "long": {
            "default": "Jammu and Kashmir"
        }
    },
    {
        "parent": "IN",
        "ids": {
            "fips": "IN11",
            "geonames": 1270101,
            "iso_3166_2": "IN-HP"
        },
        "long": {
            "default": "Himachal Pradesh"
        }
    },
    {
        "parent": "IN",
        "ids": {
            "fips": "IN10",
            "geonames": 1270260,
            "iso_3166_2": "IN-HR"
        },
        "long": {
            "default": "Haryana"
        }
    },
    {
        "parent": "IN",
        "ids": {
            "fips": "IN09",
            "geonames": 1270770,
            "iso_3166_2": "IN-GJ"
        },
        "long": {
            "default": "Gujarat"
        }
    },
    {
        "parent": "IN",
        "ids": {
            "fips": "IN32",
            "geonames": 1271155,
            "iso_3166_2": "IN-DD"
        },
        "long": {
            "default": "Daman and Diu"
        }
    },
    {
        "parent": "IN",
        "ids": {
            "fips": "IN33",
            "geonames": 1271157,
            "iso_3166_2": "IN-GA"
        },
        "long": {
            "default": "Goa"
        }
    },
    {
        "parent": "IN",
        "ids": {
            "fips": "IN07",
            "geonames": 1273293,
            "iso_3166_2": "IN-DL"
        },
        "long": {
            "default": "Delhi"
        }
    },
    {
        "parent": "IN",
        "ids": {
            "fips": "IN06",
            "geonames": 1273726,
            "iso_3166_2": "IN-DN"
        },
        "long": {
            "default": "Dadra and Nagar Haveli"
        }
    },
    {
        "parent": "IN",
        "ids": {
            "fips": "IN05",
            "geonames": 1274744,
            "iso_3166_2": "IN-CH"
        },
        "long": {
            "default": "Chandigarh"
        }
    },
    {
        "parent": "IN",
        "ids": {
            "fips": "IN34",
            "geonames": 1275715,
            "iso_3166_2": "IN-BR"
        },
        "long": {
            "default": "Bihar"
        }
    },
    {
        "parent": "IN",
        "ids": {
            "fips": "IN03",
            "geonames": 1278253,
            "iso_3166_2": "IN-AS"
        },
        "long": {
            "default": "Assam"
        }
    },
    {
        "parent": "IN",
        "ids": {
            "fips": "IN30",
            "geonames": 1278341,
            "iso_3166_2": "IN-AR"
        },
        "long": {
            "default": "Arunachal Pradesh"
        }
    },
    {
        "parent": "IN",
        "ids": {
            "fips": "IN02",
            "geonames": 1278629,
            "iso_3166_2": "IN-AP"
        },
        "long": {
            "default": "Andhra Pradesh"
        }
    },
    {
        "parent": "IN",
        "ids": {
            "fips": "IN01",
            "geonames": 1278647,
            "iso_3166_2": "IN-AN"
        },
        "long": {
            "default": "Andaman and Nicobar Islands"
        }
    },
    {
        "parent": "IN",
        "ids": {
            "fips": "IN37",
            "geonames": 1444364,
            "iso_3166_2": "IN-CT"
        },
        "long": {
            "default": "Chhattisgarh"
        }
    },
    {
        "parent": "IN",
        "ids": {
            "fips": "IN38",
            "geonames": 1444365,
            "iso_3166_2": "IN-JH"
        },
        "long": {
            "default": "Jharkhand"
        }
    },
    {
        "parent": "IN",
        "ids": {
            "fips": "IN39",
            "geonames": 1444366,
            "iso_3166_2": "IN-UT"
        },
        "long": {
            "default": "Uttarakhand"
        }
    }
]