[
    {
        "parent": "IQ",
        "ids": {
            "fips": "IZ02",
            "geonames": 89341,
            "iso_3166_2": "IQ-BA"
        },
        "long": {
            "default": "Al Basra"
        }
    },
    {
        "parent": "IQ",
        "ids": {
            "fips": "IZ16",
            "geonames": 89693,
            "iso_3166_2": "IQ-WA"
        },
        "long": {
            "default": "Wāsiţ"
        }
    },
    {
        "parent": "IQ",
        "ids": {
            "fips": "IZ18",
            "geonames": 91695,
            "iso_3166_2": "IQ-SD"
        },
        "long": {
            "default": "Salah ad Din"
        }
    },
    {
        "parent": "IQ",
        "ids": {
            "fips": "IZ15",
            "geonames": 92877,
            "iso_3166_2": "IQ-NI"
        },
        "long": {
            "default": "Nīnawá"
        }
    },
    {
        "parent": "IQ",
        "ids": {
            "fips": "IZ14",
            "geonames": 93540,
            "iso_3166_2": "IQ-MA"
        },
        "long": {
            "default": "Maysan"
        }
    },
    {
        "parent": "IQ",
        "ids": {
            "fips": "IZ12",
            "geonames": 94823,
            "iso_3166_2": "IQ-KA"
        },
        "long": {
            "default": "Karbalāʼ"
        }
    },
    {
        "parent": "IQ",
        "ids": {
            "fips": "IZ11",
            "geonames": 95445,
            "iso_3166_2": "IQ-AR"
        },
        "long": {
            "default": "Arbīl"
        }
    },
    {
        "parent": "IQ",
        "ids": {
            "fips": "IZ10",
            "geonames": 96965,
            "iso_3166_2": "IQ-DI"
        },
        "long": {
            "default": "Diyālá"
        }
    },
    {
        "parent": "IQ",
        "ids": {
            "fips": "IZ09",
            "geonames": 97019,
            "iso_3166_2": "IQ-DQ"
        },
        "long": {
            "default": "Dhi Qar"
        }
    },
    {
        "parent": "IQ",
        "ids": {
            "fips": "IZ08",
            "geonames": 97270,
            "iso_3166_2": "IQ-DA"
        },
        "long": {
            "default": "Dahūk"
        }
    },
    {
        "parent": "IQ",
        "ids": {
            "fips": "IZ07",
            "geonames": 98180,
            "iso_3166_2": "IQ-BG"
        },
        "long": {
            "default": "Baghdad"
        }
    },
    {
        "parent": "IQ",
        "ids": {
            "fips": "IZ06",
            "geonames": 98227,
            "iso_3166_2": "IQ-BB"
        },
        "long": {
            "default": "Bābil"
        }
    },
    {
        "parent": "IQ",
        "ids": {
            "fips": "IZ13",
            "geonames": 98410,
            "iso_3166_2": "IQ-KI"
        },
        "long": {
            "default": "Kirkūk"
        }
    },
    {
        "parent": "IQ",
        "ids": {
            "fips": "IZ05",
            "geonames": 98465,
            "iso_3166_2": "IQ-SU"
        },
        "long": {
            "default": "As Sulaymānīyah"
        }
    },
    {
        "parent": "IQ",
        "ids": {
            "fips": "IZ17",
            "geonames": 98862,
            "iso_3166_2": "IQ-NA"
        },
        "long": {
            "default": "An Najaf"
        }
    },
    {
        "parent": "IQ",
        "ids": {
            "fips": "IZ04",
            "geonames": 99022,
            "iso_3166_2": "IQ-QA"
        },
        "long": {
            "default": "Al Qādisīyah"
        }
    },
    {
        "parent": "IQ",
        "ids": {
            "fips": "IZ03",
            "geonames": 99032,
            "iso_3166_2": "IQ-MU"
        },
        "long": {
            "default": "Al Muthanná"
        }
    },
    {
        "parent": "IQ",
        "ids": {
            "fips": "IZ01",
            "geonames": 99592,
            "iso_3166_2": "IQ-AN"
        },
        "long": {
            "default": "Al Anbar"
        }
    }
]