[
    {
        "parent": "IR",
        "ids": {
            "fips": "IR26",
            "geonames": 110791,
            "iso_3166_2": "IR-07"
        },
        "long": {
            "default": "Tehrān"
        }
    },
    {
        "parent": "IR",
        "ids": {
            "fips": "IR36",
            "geonames": 111452,
            "iso_3166_2": "IR-11"
        },
        "long": {
            "default": "Zanjan"
        }
    },
    {
        "parent": "IR",
        "ids": {
            "fips": "IR40",
            "geonames": 111821,
            "iso_3166_2": "IR-25"
        },
        "long": {
            "default": "Yazd"
        }
    },
    {
        "parent": "IR",
        "ids": {
            "fips": "IR25",
            "geonames": 116401,
            "iso_3166_2": "IR-12"
        },
        "long": {
            "default": "Semnān"
        }
    },
    {
        "parent": "IR",
        "ids": {
            "fips": "IR35",
            "geonames": 124544,
            "iso_3166_2": "IR-21"
        },
        "long": {
            "default": "Māzandarān"
        }
    },
    {
        "parent": "IR",
        "ids": {
            "fips": "IR34",
            "geonames": 124763,
            "iso_3166_2": "IR-22"
        },
        "long": {
            "default": "Markazi"
        }
    },
    {
        "parent": "IR",
        "ids": {
            "fips": "IR23",
            "geonames": 125605,
            "iso_3166_2": "IR-20"
        },
        "long": {
            "default": "Lorestān"
        }
    },
    {
        "parent": "IR",
        "ids": {
            "fips": "IR16",
            "geonames": 126584,
            "iso_3166_2": "IR-16"
        },
        "long": {
            "default": "Kordestān"
        }
    },
    {
        "parent": "IR",
        "ids": {
            "fips": "IR05",
            "geonames": 126878,
            "iso_3166_2": "IR-18"
        },
        "long": {
            "default": "Kohgīlūyeh va Būyer Aḩmad"
        }
    },
    {
        "parent": "IR",
        "ids": {
            "fips": "IR15",
            "geonames": 127082,
            "iso_3166_2": "IR-10"
        },
        "long": {
            "default": "Khuzestan"
        }
    },
    {
        "parent": "IR",
        "ids": {
            "fips": "IR13",
            "geonames": 128222,
            "iso_3166_2": "IR-17"
        },
        "long": {
            "default": "Kermānshāh"
        }
    },
    {
        "parent": "IR",
        "ids": {
            "fips": "IR29",
            "geonames": 128231,
            "iso_3166_2": "IR-15"
        },
        "long": {
            "default": "Kerman"
        }
    },
    {
        "parent": "IR",
        "ids": {
            "fips": "IR10",
            "geonames": 130801,
            "iso_3166_2": "IR-05"
        },
        "long": {
            "default": "Īlām"
        }
    },
    {
        "parent": "IR",
        "ids": {
            "fips": "IR11",
            "geonames": 131222,
            "iso_3166_2": "IR-23"
        },
        "long": {
            "default": "Hormozgan"
        }
    },
    {
        "parent": "IR",
        "ids": {
            "fips": "IR09",
            "geonames": 132142,
            "iso_3166_2": "IR-24"
        },
        "long": {
            "default": "Hamadān"
        }
    },
    {
        "parent": "IR",
        "ids": {
            "fips": "IR08",
            "geonames": 133349,
            "iso_3166_2": "IR-19"
        },
        "long": {
            "default": "Gīlān"
        }
    },
    {
        "parent": "IR",
        "ids": {
            "fips": "IR07",
            "geonames": 134766,
            "iso_3166_2": "IR-14"
        },
        "long": {
            "default": "Fars"
        }
    },
    {
        "parent": "IR",
        "ids": {
            "fips": "IR03",
            "geonames": 139677,
            "iso_3166_2": "IR-08"
        },
        "long": {
            "default": "Chahār Maḩāll va Bakhtīārī"
        }
    },
    {
        "parent": "IR",
        "ids": {
            "fips": "IR22",
            "geonames": 139816,
            "iso_3166_2": "IR-06"
        },
        "long": {
            "default": "Bushehr"
        }
    },
    {
        "parent": "IR",
        "ids": {
            "fips": "IR33",
            "geonames": 142549,
            "iso_3166_2": "IR-01"
        },
        "long": {
            "default": "Āz̄arbāyjān-e Sharqī"
        }
    },
    {
        "parent": "IR",
        "ids": {
            "fips": "IR01",
            "geonames": 142550,
            "iso_3166_2": "IR-02"
        },
        "long": {
            "default": "Āz̄ārbāyjān-e Gharbī"
        }
    },
    {
        "parent": "IR",
        "ids": {
            "fips": "IR32",
            "geonames": 413931,
            "iso_3166_2": "IR-03"
        },
        "long": {
            "default": "Ardabīl"
        }
    },
    {
        "parent": "IR",
        "ids": {
            "fips": "IR28",
            "geonames": 418862,
            "iso_3166_2": "IR-04"
        },
        "long": {
            "default": "Eşfahān"
        }
    },
    {
        "parent": "IR",
        "ids": {
            "fips": "IR37",
            "geonames": 443792,
            "iso_3166_2": "IR-27"
        },
        "long": {
            "default": "Golestān"
        }
    },
    {
        "parent": "IR",
        "ids": {
            "fips": "IR38",
            "geonames": 443793,
            "iso_3166_2": "IR-28"
        },
        "long": {
            "default": "Qazvīn"
        }
    },
    {
        "parent": "IR",
        "ids": {
            "fips": "IR39",
            "geonames": 443794,
            "iso_3166_2": "IR-26"
        },
        "long": {
            "default": "Qom"
        }
    },
    {
        "parent": "IR",
        "ids": {
            "fips": "IR04",
            "geonames": 1159456,
            "iso_3166_2": "IR-13"
        },
        "long": {
            "default": "Sistan and Baluchestan"
        }
    },
    {
        "parent": "IR",
        "ids": {
            "fips": "IR41",
            "geonames": 6201374,
            "iso_3166_2": "IR-29"
        },
        "long": {
            "default": "Khorāsān-e Jonūbī"
        }
    },
    {
        "parent": "IR",
        "ids": {
            "fips": "IR42",
            "geonames": 6201375,
            "iso_3166_2": "IR-30"
        },
        "long": {
            "default": "Khorāsān-e Raẕavī"
        }
    },
    {
        "parent": "IR",
        "ids": {
            "fips": "IR43",
            "geonames": 6201376,
            "iso_3166_2": "IR-31"
        },
        "long": {
            "default": "Khorāsān-e Shomālī"
        }
    },
    {
        "parent": "IR",
        "ids": {
            "fips": "IR44",
            "geonames": 7648907,
            "iso_3166_2": "IR-32"
        },
        "long": {
            "default": "Alborz"
        }
    }
]