[
    {
        "parent": "IS",
        "ids": {
            "fips": "IC41",
            "geonames": 3337403,
            "iso_3166_2": "IS-5"
        },
        "long": {
            "default": "Northwest Region"
        }
    },
    {
        "parent": "IS",
        "ids": {
            "fips": "IC40",
            "geonames": 3337404,
            "iso_3166_2": "IS-6"
        },
        "long": {
            "default": "Northeast Region"
        }
    },
    {
        "parent": "IS",
        "ids": {
            "fips": "IC38",
            "geonames": 3337405,
            "iso_3166_2": "IS-7"
        },
        "long": {
            "default": "East Region"
        }
    },
    {
        "parent": "IS",
        "ids": {
            "fips": "IC42",
            "geonames": 3337406,
            "iso_3166_2": "IS-8"
        },
        "long": {
            "default": "South Region"
        }
    },
    {
        "parent": "IS",
        "ids": {
            "fips": "IC39",
            "geonames": 3426182,
            "iso_3166_2": "IS-1"
        },
        "long": {
            "default": "Greater Reykjavík"
        }
    },
    {
        "parent": "IS",
        "ids": {
            "fips": "IC43",
            "geonames": 3426183,
            "iso_3166_2": "IS-2"
        },
        "long": {
            "default": "Southern Peninsula"
        }
    },
    {
        "parent": "IS",
        "ids": {
            "fips": "IC45",
            "geonames": 3426184,
            "iso_3166_2": "IS-3"
        },
        "long": {
            "default": "West Region"
        }
    },
    {
        "parent": "IS",
        "ids": {
            "fips": "IC44",
            "geonames": 3426185,
            "iso_3166_2": "IS-4"
        },
        "long": {
            "default": "Westfjords"
        }
    }
]