[
    {
        "parent": "IT",
        "ids": {
            "fips": "IT15",
            "geonames": 2523119,
            "iso_3166_2": "IT-82"
        },
        "long": {
            "default": "Sicily"
        }
    },
    {
        "parent": "IT",
        "ids": {
            "fips": "IT14",
            "geonames": 2523228,
            "iso_3166_2": "IT-88"
        },
        "long": {
            "default": "Sardinia"
        }
    },
    {
        "parent": "IT",
        "ids": {
            "fips": "IT03",
            "geonames": 2525468,
            "iso_3166_2": "IT-78"
        },
        "long": {
            "default": "Calabria"
        }
    },
    {
        "parent": "IT",
        "ids": {
            "fips": "IT20",
            "geonames": 3164604,
            "iso_3166_2": "IT-34"
        },
        "long": {
            "default": "Veneto"
        }
    },
    {
        "parent": "IT",
        "ids": {
            "fips": "IT19",
            "geonames": 3164857,
            "iso_3166_2": "IT-23"
        },
        "long": {
            "default": "Aosta Valley"
        }
    },
    {
        "parent": "IT",
        "ids": {
            "fips": "IT18",
            "geonames": 3165048,
            "iso_3166_2": "IT-55"
        },
        "long": {
            "default": "Umbria"
        }
    },
    {
        "parent": "IT",
        "ids": {
            "fips": "IT17",
            "geonames": 3165244,
            "iso_3166_2": "IT-32"
        },
        "long": {
            "default": "Trentino-Alto Adige"
        }
    },
    {
        "parent": "IT",
        "ids": {
            "fips": "IT16",
            "geonames": 3165361,
            "iso_3166_2": "IT-52"
        },
        "long": {
            "default": "Tuscany"
        }
    },
    {
        "parent": "IT",
        "ids": {
            "fips": "IT13",
            "geonames": 3169778,
            "iso_3166_2": "IT-75"
        },
        "long": {
            "default": "Apulia"
        }
    },
    {
        "parent": "IT",
        "ids": {
            "fips": "IT12",
            "geonames": 3170831,
            "iso_3166_2": "IT-21"
        },
        "long": {
            "default": "Piedmont"
        }
    },
    {
        "parent": "IT",
        "ids": {
            "fips": "IT11",
            "geonames": 3173222,
            "iso_3166_2": "IT-67"
        },
        "long": {
            "default": "Molise"
        }
    },
    {
        "parent": "IT",
        "ids": {
            "fips": "IT10",
            "geonames": 3174004,
            "iso_3166_2": "IT-57"
        },
        "long": {
            "default": "Marche"
        }
    },
    {
        "parent": "IT",
        "ids": {
            "fips": "IT09",
            "geonames": 3174618,
            "iso_3166_2": "IT-25"
        },
        "long": {
            "default": "Lombardy"
        }
    },
    {
        "parent": "IT",
        "ids": {
            "fips": "IT08",
            "geonames": 3174725,
            "iso_3166_2": "IT-42"
        },
        "long": {
            "default": "Liguria"
        }
    },
    {
        "parent": "IT",
        "ids": {
            "fips": "IT07",
            "geonames": 3174976,
            "iso_3166_2": "IT-62"
        },
        "long": {
            "default": "Lazio"
        }
    },
    {
        "parent": "IT",
        "ids": {
            "fips": "IT06",
            "geonames": 3176525,
            "iso_3166_2": "IT-36"
        },
        "long": {
            "default": "Friuli Venezia Giulia"
        }
    },
    {
        "parent": "IT",
        "ids": {
            "fips": "IT05",
            "geonames": 3177401,
            "iso_3166_2": "IT-45"
        },
        "long": {
            "default": "Emilia-Romagna"
        }
    },
    {
        "parent": "IT",
        "ids": {
            "fips": "IT04",
            "geonames": 3181042,
            "iso_3166_2": "IT-72"
        },
        "long": {
            "default": "Campania"
        }
    },
    {
        "parent": "IT",
        "ids": {
            "fips": "IT02",
            "geonames": 3182306,
            "iso_3166_2": "IT-77"
        },
        "long": {
            "default": "Basilicata"
        }
    },
    {
        "parent": "IT",
        "ids": {
            "fips": "IT01",
            "geonames": 3183560,
            "iso_3166_2": "IT-65"
        },
        "long": {
            "default": "Abruzzo"
        }
    }
]