[
    {
        "parent": "JE",
        "ids": {
            "fips": "JE3237072",
            "geonames": 3237072
        },
        "long": {
            "default": "St Clement"
        }
    },
    {
        "parent": "JE",
        "ids": {
            "fips": "JE3237073",
            "geonames": 3237073
        },
        "long": {
            "default": "St Saviour"
        }
    },
    {
        "parent": "JE",
        "ids": {
            "fips": "JE3237200",
            "geonames": 3237200
        },
        "long": {
            "default": "St. Brelade"
        }
    },
    {
        "parent": "JE",
        "ids": {
            "fips": "JE3237203",
            "geonames": 3237203
        },
        "long": {
            "default": "Grouville"
        }
    },
    {
        "parent": "JE",
        "ids": {
            "fips": "JE3237212",
            "geonames": 3237212
        },
        "long": {
            "default": "St Mary"
        }
    },
    {
        "parent": "JE",
        "ids": {
            "fips": "JE3237214",
            "geonames": 3237214
        },
        "long": {
            "default": "St Lawrence"
        }
    },
    {
        "parent": "JE",
        "ids": {
            "fips": "JE3237221",
            "geonames": 3237221
        },
        "long": {
            "default": "St Peter"
        }
    },
    {
        "parent": "JE",
        "ids": {
            "fips": "JE3237229",
            "geonames": 3237229
        },
        "long": {
            "default": "St Ouen"
        }
    },
    {
        "parent": "JE",
        "ids": {
            "fips": "JE3237497",
            "geonames": 3237497
        },
        "long": {
            "default": "St John"
        }
    },
    {
        "parent": "JE",
        "ids": {
            "fips": "JE3237530",
            "geonames": 3237530
        },
        "long": {
            "default": "Trinity"
        }
    },
    {
        "parent": "JE",
        "ids": {
            "fips": "JE3237716",
            "geonames": 3237716
        },
        "long": {
            "default": "St Martîn"
        }
    },
    {
        "parent": "JE",
        "ids": {
            "fips": "JE3237864",
            "geonames": 3237864
        },
        "long": {
            "default": "St Helier"
        }
    }
]