[
    {
        "parent": "JM",
        "ids": {
            "fips": "JM16",
            "geonames": 3488081,
            "iso_3166_2": "JM-10"
        },
        "long": {
            "default": "Westmoreland"
        }
    },
    {
        "parent": "JM",
        "ids": {
            "fips": "JM15",
            "geonames": 3488222,
            "iso_3166_2": "JM-07"
        },
        "long": {
            "default": "Trelawny"
        }
    },
    {
        "parent": "JM",
        "ids": {
            "fips": "JM14",
            "geonames": 3488688,
            "iso_3166_2": "JM-03"
        },
        "long": {
            "default": "Saint Thomas"
        }
    },
    {
        "parent": "JM",
        "ids": {
            "fips": "JM13",
            "geonames": 3488693,
            "iso_3166_2": "JM-05"
        },
        "long": {
            "default": "Saint Mary"
        }
    },
    {
        "parent": "JM",
        "ids": {
            "fips": "JM12",
            "geonames": 3488700,
            "iso_3166_2": "JM-08"
        },
        "long": {
            "default": "Saint James"
        }
    },
    {
        "parent": "JM",
        "ids": {
            "fips": "JM11",
            "geonames": 3488708,
            "iso_3166_2": "JM-11"
        },
        "long": {
            "default": "St. Elizabeth"
        }
    },
    {
        "parent": "JM",
        "ids": {
            "fips": "JM10",
            "geonames": 3488711,
            "iso_3166_2": "JM-14"
        },
        "long": {
            "default": "Saint Catherine"
        }
    },
    {
        "parent": "JM",
        "ids": {
            "fips": "JM09",
            "geonames": 3488715,
            "iso_3166_2": "JM-06"
        },
        "long": {
            "default": "Saint Ann"
        }
    },
    {
        "parent": "JM",
        "ids": {
            "fips": "JM08",
            "geonames": 3488716,
            "iso_3166_2": "JM-02"
        },
        "long": {
            "default": "Saint Andrew"
        }
    },
    {
        "parent": "JM",
        "ids": {
            "fips": "JM07",
            "geonames": 3488997,
            "iso_3166_2": "JM-04"
        },
        "long": {
            "default": "Portland"
        }
    },
    {
        "parent": "JM",
        "ids": {
            "fips": "JM04",
            "geonames": 3489586,
            "iso_3166_2": "JM-12"
        },
        "long": {
            "default": "Manchester"
        }
    },
    {
        "parent": "JM",
        "ids": {
            "fips": "JM17",
            "geonames": 3489853,
            "iso_3166_2": "JM-01"
        },
        "long": {
            "default": "Kingston"
        }
    },
    {
        "parent": "JM",
        "ids": {
            "fips": "JM02",
            "geonames": 3490145,
            "iso_3166_2": "JM-09"
        },
        "long": {
            "default": "Hanover"
        }
    },
    {
        "parent": "JM",
        "ids": {
            "fips": "JM01",
            "geonames": 3490952,
            "iso_3166_2": "JM-13"
        },
        "long": {
            "default": "Clarendon"
        }
    }
]