[
    {
        "parent": "JO",
        "ids": {
            "fips": "JO19",
            "geonames": 248380,
            "iso_3166_2": "JO-MN"
        },
        "long": {
            "default": "Ma’an"
        }
    },
    {
        "parent": "JO",
        "ids": {
            "fips": "JO18",
            "geonames": 248944,
            "iso_3166_2": "JO-IR"
        },
        "long": {
            "default": "Irbid"
        }
    },
    {
        "parent": "JO",
        "ids": {
            "fips": "JO17",
            "geonames": 250092,
            "iso_3166_2": "JO-AZ"
        },
        "long": {
            "default": "Az Zarqā’"
        }
    },
    {
        "parent": "JO",
        "ids": {
            "fips": "JO12",
            "geonames": 250199,
            "iso_3166_2": "JO-AT"
        },
        "long": {
            "default": "Aţ Ţafīlah"
        }
    },
    {
        "parent": "JO",
        "ids": {
            "fips": "JO16",
            "geonames": 250439,
            "iso_3166_2": "JO-AM"
        },
        "long": {
            "default": "Al ‘A̅şimah"
        }
    },
    {
        "parent": "JO",
        "ids": {
            "fips": "JO15",
            "geonames": 250583,
            "iso_3166_2": "JO-MA"
        },
        "long": {
            "default": "Al Mafraq"
        }
    },
    {
        "parent": "JO",
        "ids": {
            "fips": "JO09",
            "geonames": 250625,
            "iso_3166_2": "JO-KA"
        },
        "long": {
            "default": "Al Karak"
        }
    },
    {
        "parent": "JO",
        "ids": {
            "fips": "JO02",
            "geonames": 250751,
            "iso_3166_2": "JO-BA"
        },
        "long": {
            "default": "Al Balqa"
        }
    },
    {
        "parent": "JO",
        "ids": {
            "fips": "JO20",
            "geonames": 443120,
            "iso_3166_2": "JO-AJ"
        },
        "long": {
            "default": "Ajlun"
        }
    },
    {
        "parent": "JO",
        "ids": {
            "fips": "JO22",
            "geonames": 443121,
            "iso_3166_2": "JO-JA"
        },
        "long": {
            "default": "Jarash"
        }
    },
    {
        "parent": "JO",
        "ids": {
            "fips": "JO21",
            "geonames": 443122,
            "iso_3166_2": "JO-AQ"
        },
        "long": {
            "default": "Al ‘Aqabah"
        }
    },
    {
        "parent": "JO",
        "ids": {
            "fips": "JO23",
            "geonames": 443123,
            "iso_3166_2": "JO-MD"
        },
        "long": {
            "default": "Madaba"
        }
    }
]