[
    {
        "parent": "JP",
        "ids": {
            "fips": "JA46",
            "geonames": 1848649,
            "iso_3166_2": "JP-19"
        },
        "long": {
            "default": "Yamanashi"
        }
    },
    {
        "parent": "JP",
        "ids": {
            "fips": "JA45",
            "geonames": 1848681,
            "iso_3166_2": "JP-35"
        },
        "long": {
            "default": "Yamaguchi"
        }
    },
    {
        "parent": "JP",
        "ids": {
            "fips": "JA43",
            "geonames": 1848938,
            "iso_3166_2": "JP-30"
        },
        "long": {
            "default": "Wakayama"
        }
    },
    {
        "parent": "JP",
        "ids": {
            "fips": "JA42",
            "geonames": 1849872,
            "iso_3166_2": "JP-16"
        },
        "long": {
            "default": "Toyama"
        }
    },
    {
        "parent": "JP",
        "ids": {
            "fips": "JA41",
            "geonames": 1849890,
            "iso_3166_2": "JP-31"
        },
        "long": {
            "default": "Tottori"
        }
    },
    {
        "parent": "JP",
        "ids": {
            "fips": "JA40",
            "geonames": 1850144,
            "iso_3166_2": "JP-13"
        },
        "long": {
            "default": "Tokyo"
        }
    },
    {
        "parent": "JP",
        "ids": {
            "fips": "JA39",
            "geonames": 1850157,
            "iso_3166_2": "JP-36"
        },
        "long": {
            "default": "Tokushima"
        }
    },
    {
        "parent": "JP",
        "ids": {
            "fips": "JA38",
            "geonames": 1850310,
            "iso_3166_2": "JP-09"
        },
        "long": {
            "default": "Tochigi"
        }
    },
    {
        "parent": "JP",
        "ids": {
            "fips": "JA37",
            "geonames": 1851715,
            "iso_3166_2": "JP-22"
        },
        "long": {
            "default": "Shizuoka"
        }
    },
    {
        "parent": "JP",
        "ids": {
            "fips": "JA36",
            "geonames": 1852442,
            "iso_3166_2": "JP-32"
        },
        "long": {
            "default": "Shimane"
        }
    },
    {
        "parent": "JP",
        "ids": {
            "fips": "JA35",
            "geonames": 1852553,
            "iso_3166_2": "JP-25"
        },
        "long": {
            "default": "Shiga"
        }
    },
    {
        "parent": "JP",
        "ids": {
            "fips": "JA34",
            "geonames": 1853226,
            "iso_3166_2": "JP-11"
        },
        "long": {
            "default": "Saitama"
        }
    },
    {
        "parent": "JP",
        "ids": {
            "fips": "JA33",
            "geonames": 1853299,
            "iso_3166_2": "JP-41"
        },
        "long": {
            "default": "Saga"
        }
    },
    {
        "parent": "JP",
        "ids": {
            "fips": "JA32",
            "geonames": 1853904,
            "iso_3166_2": "JP-27"
        },
        "long": {
            "default": "Ōsaka"
        }
    },
    {
        "parent": "JP",
        "ids": {
            "fips": "JA47",
            "geonames": 1854345,
            "iso_3166_2": "JP-47"
        },
        "long": {
            "default": "Okinawa"
        }
    },
    {
        "parent": "JP",
        "ids": {
            "fips": "JA31",
            "geonames": 1854381,
            "iso_3166_2": "JP-33"
        },
        "long": {
            "default": "Okayama"
        }
    },
    {
        "parent": "JP",
        "ids": {
            "fips": "JA30",
            "geonames": 1854484,
            "iso_3166_2": "JP-44"
        },
        "long": {
            "default": "Oita"
        }
    },
    {
        "parent": "JP",
        "ids": {
            "fips": "JA29",
            "geonames": 1855429,
            "iso_3166_2": "JP-15"
        },
        "long": {
            "default": "Niigata"
        }
    },
    {
        "parent": "JP",
        "ids": {
            "fips": "JA28",
            "geonames": 1855608,
            "iso_3166_2": "JP-29"
        },
        "long": {
            "default": "Nara"
        }
    },
    {
        "parent": "JP",
        "ids": {
            "fips": "JA27",
            "geonames": 1856156,
            "iso_3166_2": "JP-42"
        },
        "long": {
            "default": "Nagasaki"
        }
    },
    {
        "parent": "JP",
        "ids": {
            "fips": "JA26",
            "geonames": 1856210,
            "iso_3166_2": "JP-20"
        },
        "long": {
            "default": "Nagano"
        }
    },
    {
        "parent": "JP",
        "ids": {
            "fips": "JA25",
            "geonames": 1856710,
            "iso_3166_2": "JP-45"
        },
        "long": {
            "default": "Miyazaki"
        }
    },
    {
        "parent": "JP",
        "ids": {
            "fips": "JA23",
            "geonames": 1857352,
            "iso_3166_2": "JP-24"
        },
        "long": {
            "default": "Mie"
        }
    },
    {
        "parent": "JP",
        "ids": {
            "fips": "JA22",
            "geonames": 1857907,
            "iso_3166_2": "JP-26"
        },
        "long": {
            "default": "Kyoto"
        }
    },
    {
        "parent": "JP",
        "ids": {
            "fips": "JA21",
            "geonames": 1858419,
            "iso_3166_2": "JP-43"
        },
        "long": {
            "default": "Kumamoto"
        }
    },
    {
        "parent": "JP",
        "ids": {
            "fips": "JA20",
            "geonames": 1859133,
            "iso_3166_2": "JP-39"
        },
        "long": {
            "default": "Kochi"
        }
    },
    {
        "parent": "JP",
        "ids": {
            "fips": "JA19",
            "geonames": 1860291,
            "iso_3166_2": "JP-14"
        },
        "long": {
            "default": "Kanagawa"
        }
    },
    {
        "parent": "JP",
        "ids": {
            "fips": "JA18",
            "geonames": 1860825,
            "iso_3166_2": "JP-46"
        },
        "long": {
            "default": "Kagoshima"
        }
    },
    {
        "parent": "JP",
        "ids": {
            "fips": "JA17",
            "geonames": 1860834,
            "iso_3166_2": "JP-37"
        },
        "long": {
            "default": "Kagawa"
        }
    },
    {
        "parent": "JP",
        "ids": {
            "fips": "JA15",
            "geonames": 1861387,
            "iso_3166_2": "JP-17"
        },
        "long": {
            "default": "Ishikawa"
        }
    },
    {
        "parent": "JP",
        "ids": {
            "fips": "JA13",
            "geonames": 1862047,
            "iso_3166_2": "JP-28"
        },
        "long": {
            "default": "Hyōgo"
        }
    },
    {
        "parent": "JP",
        "ids": {
            "fips": "JA11",
            "geonames": 1862413,
            "iso_3166_2": "JP-34"
        },
        "long": {
            "default": "Hiroshima"
        }
    },
    {
        "parent": "JP",
        "ids": {
            "fips": "JA10",
            "geonames": 1863501,
            "iso_3166_2": "JP-10"
        },
        "long": {
            "default": "Gunma"
        }
    },
    {
        "parent": "JP",
        "ids": {
            "fips": "JA09",
            "geonames": 1863640,
            "iso_3166_2": "JP-21"
        },
        "long": {
            "default": "Gifu"
        }
    },
    {
        "parent": "JP",
        "ids": {
            "fips": "JA07",
            "geonames": 1863958,
            "iso_3166_2": "JP-40"
        },
        "long": {
            "default": "Fukuoka"
        }
    },
    {
        "parent": "JP",
        "ids": {
            "fips": "JA06",
            "geonames": 1863983,
            "iso_3166_2": "JP-18"
        },
        "long": {
            "default": "Fukui"
        }
    },
    {
        "parent": "JP",
        "ids": {
            "fips": "JA05",
            "geonames": 1864226,
            "iso_3166_2": "JP-38"
        },
        "long": {
            "default": "Ehime"
        }
    },
    {
        "parent": "JP",
        "ids": {
            "fips": "JA01",
            "geonames": 1865694,
            "iso_3166_2": "JP-23"
        },
        "long": {
            "default": "Aichi"
        }
    },
    {
        "parent": "JP",
        "ids": {
            "fips": "JA44",
            "geonames": 2110554,
            "iso_3166_2": "JP-06"
        },
        "long": {
            "default": "Yamagata"
        }
    },
    {
        "parent": "JP",
        "ids": {
            "fips": "JA24",
            "geonames": 2111888,
            "iso_3166_2": "JP-04"
        },
        "long": {
            "default": "Miyagi"
        }
    },
    {
        "parent": "JP",
        "ids": {
            "fips": "JA16",
            "geonames": 2112518,
            "iso_3166_2": "JP-03"
        },
        "long": {
            "default": "Iwate"
        }
    },
    {
        "parent": "JP",
        "ids": {
            "fips": "JA14",
            "geonames": 2112669,
            "iso_3166_2": "JP-08"
        },
        "long": {
            "default": "Ibaraki"
        }
    },
    {
        "parent": "JP",
        "ids": {
            "fips": "JA08",
            "geonames": 2112922,
            "iso_3166_2": "JP-07"
        },
        "long": {
            "default": "Fukushima"
        }
    },
    {
        "parent": "JP",
        "ids": {
            "fips": "JA04",
            "geonames": 2113014,
            "iso_3166_2": "JP-12"
        },
        "long": {
            "default": "Chiba"
        }
    },
    {
        "parent": "JP",
        "ids": {
            "fips": "JA02",
            "geonames": 2113124,
            "iso_3166_2": "JP-05"
        },
        "long": {
            "default": "Akita"
        }
    },
    {
        "parent": "JP",
        "ids": {
            "fips": "JA12",
            "geonames": 2130037,
            "iso_3166_2": "JP-01"
        },
        "long": {
            "default": "Hokkaido"
        }
    },
    {
        "parent": "JP",
        "ids": {
            "fips": "JA03",
            "geonames": 2130656,
            "iso_3166_2": "JP-02"
        },
        "long": {
            "default": "Aomori"
        }
    }
]