[
    {
        "parent": "KE",
        "ids": {
            "fips": "KE55",
            "geonames": 178145,
            "iso_3166_2": "KE-47"
        },
        "long": {
            "default": "West Pokot"
        }
    },
    {
        "parent": "KE",
        "ids": {
            "fips": "KE54",
            "geonames": 178440,
            "iso_3166_2": "KE-46"
        },
        "long": {
            "default": "Wajir"
        }
    },
    {
        "parent": "KE",
        "ids": {
            "fips": "KE52",
            "geonames": 178837,
            "iso_3166_2": "KE-44"
        },
        "long": {
            "default": "Uasin Gishu"
        }
    },
    {
        "parent": "KE",
        "ids": {
            "fips": "KE51",
            "geonames": 178914,
            "iso_3166_2": "KE-43"
        },
        "long": {
            "default": "Turkana"
        }
    },
    {
        "parent": "KE",
        "ids": {
            "fips": "KE50",
            "geonames": 179068,
            "iso_3166_2": "KE-42"
        },
        "long": {
            "default": "Trans Nzoia"
        }
    },
    {
        "parent": "KE",
        "ids": {
            "fips": "KE49",
            "geonames": 179380,
            "iso_3166_2": "KE-41"
        },
        "long": {
            "default": "Tharaka - Nithi"
        }
    },
    {
        "parent": "KE",
        "ids": {
            "fips": "KE48",
            "geonames": 179585,
            "iso_3166_2": "KE-40"
        },
        "long": {
            "default": "Tana River"
        }
    },
    {
        "parent": "KE",
        "ids": {
            "fips": "KE46",
            "geonames": 180320,
            "iso_3166_2": "KE-38"
        },
        "long": {
            "default": "Siaya"
        }
    },
    {
        "parent": "KE",
        "ids": {
            "fips": "KE45",
            "geonames": 180782,
            "iso_3166_2": "KE-37"
        },
        "long": {
            "default": "Samburu"
        }
    },
    {
        "parent": "KE",
        "ids": {
            "fips": "KE05",
            "geonames": 184742,
            "iso_3166_2": "KE-110"
        },
        "long": {
            "default": "Nairobi Area"
        }
    },
    {
        "parent": "KE",
        "ids": {
            "fips": "KE38",
            "geonames": 185578,
            "iso_3166_2": "KE-29"
        },
        "long": {
            "default": "Murang'a"
        }
    },
    {
        "parent": "KE",
        "ids": {
            "fips": "KE37",
            "geonames": 186298,
            "iso_3166_2": "KE-28"
        },
        "long": {
            "default": "Mombasa"
        }
    },
    {
        "parent": "KE",
        "ids": {
            "fips": "KE35",
            "geonames": 186824,
            "iso_3166_2": "KE-26"
        },
        "long": {
            "default": "Meru"
        }
    },
    {
        "parent": "KE",
        "ids": {
            "fips": "KE34",
            "geonames": 187583,
            "iso_3166_2": "KE-25"
        },
        "long": {
            "default": "Marsabit"
        }
    },
    {
        "parent": "KE",
        "ids": {
            "fips": "KE33",
            "geonames": 187895,
            "iso_3166_2": "KE-24"
        },
        "long": {
            "default": "Mandera"
        }
    },
    {
        "parent": "KE",
        "ids": {
            "fips": "KE29",
            "geonames": 189794,
            "iso_3166_2": "KE-20"
        },
        "long": {
            "default": "Laikipia"
        }
    },
    {
        "parent": "KE",
        "ids": {
            "fips": "KE28",
            "geonames": 190106,
            "iso_3166_2": "KE-19"
        },
        "long": {
            "default": "Kwale"
        }
    },
    {
        "parent": "KE",
        "ids": {
            "fips": "KE27",
            "geonames": 191037,
            "iso_3166_2": "KE-18"
        },
        "long": {
            "default": "Kitui"
        }
    },
    {
        "parent": "KE",
        "ids": {
            "fips": "KE26",
            "geonames": 191242,
            "iso_3166_2": "KE-17"
        },
        "long": {
            "default": "Kisumu"
        }
    },
    {
        "parent": "KE",
        "ids": {
            "fips": "KE25",
            "geonames": 191298,
            "iso_3166_2": "KE-16"
        },
        "long": {
            "default": "Kisii"
        }
    },
    {
        "parent": "KE",
        "ids": {
            "fips": "KE24",
            "geonames": 191420,
            "iso_3166_2": "KE-15"
        },
        "long": {
            "default": "Kirinyaga"
        }
    },
    {
        "parent": "KE",
        "ids": {
            "fips": "KE23",
            "geonames": 192064,
            "iso_3166_2": "KE-14"
        },
        "long": {
            "default": "Kilifi"
        }
    },
    {
        "parent": "KE",
        "ids": {
            "fips": "KE22",
            "geonames": 192709,
            "iso_3166_2": "KE-13"
        },
        "long": {
            "default": "Kiambu"
        }
    },
    {
        "parent": "KE",
        "ids": {
            "fips": "KE21",
            "geonames": 192898,
            "iso_3166_2": "KE-12"
        },
        "long": {
            "default": "Kericho"
        }
    },
    {
        "parent": "KE",
        "ids": {
            "fips": "KE20",
            "geonames": 195271,
            "iso_3166_2": "KE-11"
        },
        "long": {
            "default": "Kakamega"
        }
    },
    {
        "parent": "KE",
        "ids": {
            "fips": "KE18",
            "geonames": 196228,
            "iso_3166_2": "KE-09"
        },
        "long": {
            "default": "Isiolo"
        }
    },
    {
        "parent": "KE",
        "ids": {
            "fips": "KE16",
            "geonames": 197744,
            "iso_3166_2": "KE-07"
        },
        "long": {
            "default": "Garissa"
        }
    },
    {
        "parent": "KE",
        "ids": {
            "fips": "KE15",
            "geonames": 198474,
            "iso_3166_2": "KE-06"
        },
        "long": {
            "default": "Embu"
        }
    },
    {
        "parent": "KE",
        "ids": {
            "fips": "KE13",
            "geonames": 199987,
            "iso_3166_2": "KE-04"
        },
        "long": {
            "default": "Busia"
        }
    },
    {
        "parent": "KE",
        "ids": {
            "fips": "KE12",
            "geonames": 200066,
            "iso_3166_2": "KE-03"
        },
        "long": {
            "default": "Bungoma"
        }
    },
    {
        "parent": "KE",
        "ids": {
            "fips": "KE10",
            "geonames": 200573,
            "iso_3166_2": "KE-01"
        },
        "long": {
            "default": "Baringo"
        }
    },
    {
        "parent": "KE",
        "ids": {
            "fips": "KE43",
            "geonames": 7603036,
            "iso_3166_2": "KE-35"
        },
        "long": {
            "default": "Nyandarua"
        }
    },
    {
        "parent": "KE",
        "ids": {
            "fips": "KE53",
            "geonames": 7667638,
            "iso_3166_2": "KE-45"
        },
        "long": {
            "default": "Vihiga"
        }
    },
    {
        "parent": "KE",
        "ids": {
            "fips": "KE30",
            "geonames": 7667643,
            "iso_3166_2": "KE-21"
        },
        "long": {
            "default": "Lamu"
        }
    },
    {
        "parent": "KE",
        "ids": {
            "fips": "KE31",
            "geonames": 7667644,
            "iso_3166_2": "KE-22"
        },
        "long": {
            "default": "Machakos"
        }
    },
    {
        "parent": "KE",
        "ids": {
            "fips": "KE32",
            "geonames": 7667645,
            "iso_3166_2": "KE-23"
        },
        "long": {
            "default": "Makueni"
        }
    },
    {
        "parent": "KE",
        "ids": {
            "fips": "KE14",
            "geonames": 7667646,
            "iso_3166_2": "KE-05"
        },
        "long": {
            "default": "Elegeyo-Marakwet"
        }
    },
    {
        "parent": "KE",
        "ids": {
            "fips": "KE47",
            "geonames": 7667652,
            "iso_3166_2": "KE-39"
        },
        "long": {
            "default": "Taita Taveta"
        }
    },
    {
        "parent": "KE",
        "ids": {
            "fips": "KE19",
            "geonames": 7667657,
            "iso_3166_2": "KE-10"
        },
        "long": {
            "default": "Kajiado"
        }
    },
    {
        "parent": "KE",
        "ids": {
            "fips": "KE44",
            "geonames": 7667661,
            "iso_3166_2": "KE-36"
        },
        "long": {
            "default": "Nyeri"
        }
    },
    {
        "parent": "KE",
        "ids": {
            "fips": "KE17",
            "geonames": 7667665,
            "iso_3166_2": "KE-08"
        },
        "long": {
            "default": "Homa Bay"
        }
    },
    {
        "parent": "KE",
        "ids": {
            "fips": "KE11",
            "geonames": 7667666,
            "iso_3166_2": "KE-02"
        },
        "long": {
            "default": "Bomet"
        }
    },
    {
        "parent": "KE",
        "ids": {
            "fips": "KE36",
            "geonames": 7667678,
            "iso_3166_2": "KE-27"
        },
        "long": {
            "default": "Migori"
        }
    },
    {
        "parent": "KE",
        "ids": {
            "fips": "KE39",
            "geonames": 7668902,
            "iso_3166_2": "KE-31"
        },
        "long": {
            "default": "Nakuru"
        }
    },
    {
        "parent": "KE",
        "ids": {
            "fips": "KE41",
            "geonames": 7668904,
            "iso_3166_2": "KE-33"
        },
        "long": {
            "default": "Narok"
        }
    },
    {
        "parent": "KE",
        "ids": {
            "fips": "KE42",
            "geonames": 7806857,
            "iso_3166_2": "KE-34"
        },
        "long": {
            "default": "Nyamira"
        }
    },
    {
        "parent": "KE",
        "ids": {
            "fips": "KE40",
            "geonames": 8051212,
            "iso_3166_2": "KE-32"
        },
        "long": {
            "default": "Nandi"
        }
    }
]