[
    {
        "parent": "KG",
        "ids": {
            "fips": "KG08",
            "geonames": 1346798,
            "iso_3166_2": "KG-O"
        },
        "long": {
            "default": "Osh"
        }
    },
    {
        "parent": "KG",
        "ids": {
            "fips": "KG09",
            "geonames": 1463580,
            "iso_3166_2": "KG-B"
        },
        "long": {
            "default": "Batken"
        }
    },
    {
        "parent": "KG",
        "ids": {
            "fips": "KG06",
            "geonames": 1527297,
            "iso_3166_2": "KG-T"
        },
        "long": {
            "default": "Talas"
        }
    },
    {
        "parent": "KG",
        "ids": {
            "fips": "KG04",
            "geonames": 1527590,
            "iso_3166_2": "KG-N"
        },
        "long": {
            "default": "Naryn"
        }
    },
    {
        "parent": "KG",
        "ids": {
            "fips": "KG07",
            "geonames": 1528260,
            "iso_3166_2": "KG-Y"
        },
        "long": {
            "default": "Ysyk-Köl"
        }
    },
    {
        "parent": "KG",
        "ids": {
            "fips": "KG01",
            "geonames": 1528334,
            "iso_3166_2": "KG-GB"
        },
        "long": {
            "default": "Bishkek"
        }
    },
    {
        "parent": "KG",
        "ids": {
            "fips": "KG03",
            "geonames": 1529778,
            "iso_3166_2": "KG-J"
        },
        "long": {
            "default": "Jalal-Abad"
        }
    },
    {
        "parent": "KG",
        "ids": {
            "fips": "KG02",
            "geonames": 1538652,
            "iso_3166_2": "KG-C"
        },
        "long": {
            "default": "Chüy"
        }
    },
    {
        "parent": "KG",
        "ids": {
            "fips": "KG10",
            "geonames": 10300944,
            "iso_3166_2": "KG-GO"
        },
        "long": {
            "default": "Osh City"
        }
    }
]