[
    {
        "parent": "KH",
        "ids": {
            "fips": "CB12",
            "geonames": 1821301,
            "iso_3166_2": "KH-15"
        },
        "long": {
            "default": "Pousaat"
        }
    },
    {
        "parent": "KH",
        "ids": {
            "fips": "CB29",
            "geonames": 1821310,
            "iso_3166_2": "KH-2"
        },
        "long": {
            "default": "Baat Dambang"
        }
    },
    {
        "parent": "KH",
        "ids": {
            "fips": "CB19",
            "geonames": 1821939,
            "iso_3166_2": "KH-21"
        },
        "long": {
            "default": "Taakaev"
        }
    },
    {
        "parent": "KH",
        "ids": {
            "fips": "CB18",
            "geonames": 1821992,
            "iso_3166_2": "KH-20"
        },
        "long": {
            "default": "Svay Rieng"
        }
    },
    {
        "parent": "KH",
        "ids": {
            "fips": "CB17",
            "geonames": 1822028,
            "iso_3166_2": "KH-19"
        },
        "long": {
            "default": "Stung Treng"
        }
    },
    {
        "parent": "KH",
        "ids": {
            "fips": "CB27",
            "geonames": 1822210,
            "iso_3166_2": "KH-22"
        },
        "long": {
            "default": "Ŏtâr Méanchey"
        }
    },
    {
        "parent": "KH",
        "ids": {
            "fips": "CB24",
            "geonames": 1822213,
            "iso_3166_2": "KH-17"
        },
        "long": {
            "default": "Siem Reap"
        }
    },
    {
        "parent": "KH",
        "ids": {
            "fips": "CB23",
            "geonames": 1822449,
            "iso_3166_2": "KH-16"
        },
        "long": {
            "default": "Ratanakiri"
        }
    },
    {
        "parent": "KH",
        "ids": {
            "fips": "CB14",
            "geonames": 1822609,
            "iso_3166_2": "KH-14"
        },
        "long": {
            "default": "Prey Veng"
        }
    },
    {
        "parent": "KH",
        "ids": {
            "fips": "CB13",
            "geonames": 1822676,
            "iso_3166_2": "KH-13"
        },
        "long": {
            "default": "Preah Vihear"
        }
    },
    {
        "parent": "KH",
        "ids": {
            "fips": "CB22",
            "geonames": 1830103,
            "iso_3166_2": "KH-12"
        },
        "long": {
            "default": "Phnom Penh"
        }
    },
    {
        "parent": "KH",
        "ids": {
            "fips": "CB30",
            "geonames": 1830206,
            "iso_3166_2": "KH-24"
        },
        "long": {
            "default": "Pailin"
        }
    },
    {
        "parent": "KH",
        "ids": {
            "fips": "CB10",
            "geonames": 1830306,
            "iso_3166_2": "KH-11"
        },
        "long": {
            "default": "Mondolkiri"
        }
    },
    {
        "parent": "KH",
        "ids": {
            "fips": "CB09",
            "geonames": 1830563,
            "iso_3166_2": "KH-10"
        },
        "long": {
            "default": "Kratie"
        }
    },
    {
        "parent": "KH",
        "ids": {
            "fips": "CB26",
            "geonames": 1830937,
            "iso_3166_2": "KH-23"
        },
        "long": {
            "default": "Kep"
        }
    },
    {
        "parent": "KH",
        "ids": {
            "fips": "CB08",
            "geonames": 1831037,
            "iso_3166_2": "KH-9"
        },
        "long": {
            "default": "Koh Kong"
        }
    },
    {
        "parent": "KH",
        "ids": {
            "fips": "CB07",
            "geonames": 1831095,
            "iso_3166_2": "KH-8"
        },
        "long": {
            "default": "Kandal"
        }
    },
    {
        "parent": "KH",
        "ids": {
            "fips": "CB21",
            "geonames": 1831111,
            "iso_3166_2": "KH-7"
        },
        "long": {
            "default": "Kampot"
        }
    },
    {
        "parent": "KH",
        "ids": {
            "fips": "CB05",
            "geonames": 1831124,
            "iso_3166_2": "KH-6"
        },
        "long": {
            "default": "Kampong Thom"
        }
    },
    {
        "parent": "KH",
        "ids": {
            "fips": "CB04",
            "geonames": 1831132,
            "iso_3166_2": "KH-5"
        },
        "long": {
            "default": "Kampong Speu"
        }
    },
    {
        "parent": "KH",
        "ids": {
            "fips": "CB03",
            "geonames": 1831166,
            "iso_3166_2": "KH-4"
        },
        "long": {
            "default": "Kampong Chhnang"
        }
    },
    {
        "parent": "KH",
        "ids": {
            "fips": "CB02",
            "geonames": 1831172,
            "iso_3166_2": "KH-3"
        },
        "long": {
            "default": "Kampong Cham"
        }
    },
    {
        "parent": "KH",
        "ids": {
            "fips": "CB28",
            "geonames": 1899262,
            "iso_3166_2": "KH-18"
        },
        "long": {
            "default": "Preah Sihanouk"
        }
    },
    {
        "parent": "KH",
        "ids": {
            "fips": "CB25",
            "geonames": 1899273,
            "iso_3166_2": "KH-1"
        },
        "long": {
            "default": "Banteay Meanchey"
        }
    }
]