[
    {
        "parent": "KI",
        "ids": {
            "fips": "KR01",
            "geonames": 2110215,
            "iso_3166_2": "KI-G"
        },
        "long": {
            "default": "Gilbert Islands"
        }
    },
    {
        "parent": "KI",
        "ids": {
            "fips": "KR02",
            "geonames": 4030940,
            "iso_3166_2": "KI-L"
        },
        "long": {
            "default": "Line Islands"
        }
    },
    {
        "parent": "KI",
        "ids": {
            "fips": "KR03",
            "geonames": 7521379,
            "iso_3166_2": "KI-P"
        },
        "long": {
            "default": "Phoenix Islands"
        }
    }
]