[
    {
        "parent": "KM",
        "ids": {
            "fips": "CN03",
            "geonames": 921780,
            "iso_3166_2": "KM-M"
        },
        "long": {
            "default": "Mohéli"
        }
    },
    {
        "parent": "KM",
        "ids": {
            "fips": "CN02",
            "geonames": 921882,
            "iso_3166_2": "KM-G"
        },
        "long": {
            "default": "Grande Comore"
        }
    },
    {
        "parent": "KM",
        "ids": {
            "fips": "CN01",
            "geonames": 922001,
            "iso_3166_2": "KM-A"
        },
        "long": {
            "default": "Anjouan"
        }
    }
]