[
    {
        "parent": "KP",
        "ids": {
            "fips": "KN12",
            "geonames": 1871856,
            "iso_3166_2": "KP-01"
        },
        "long": {
            "default": "Pyongyang"
        }
    },
    {
        "parent": "KP",
        "ids": {
            "fips": "KN15",
            "geonames": 1871952,
            "iso_3166_2": "KP-02"
        },
        "long": {
            "default": "South Pyongan"
        }
    },
    {
        "parent": "KP",
        "ids": {
            "fips": "KN11",
            "geonames": 1871954,
            "iso_3166_2": "KP-03"
        },
        "long": {
            "default": "North Pyongan"
        }
    },
    {
        "parent": "KP",
        "ids": {
            "fips": "KN09",
            "geonames": 1876101,
            "iso_3166_2": "KP-07"
        },
        "long": {
            "default": "Kangwon"
        }
    },
    {
        "parent": "KP",
        "ids": {
            "fips": "KN06",
            "geonames": 1876884,
            "iso_3166_2": "KP-05"
        },
        "long": {
            "default": "South Hwanghae"
        }
    },
    {
        "parent": "KP",
        "ids": {
            "fips": "KN07",
            "geonames": 1876888,
            "iso_3166_2": "KP-06"
        },
        "long": {
            "default": "North Hwanghae"
        }
    },
    {
        "parent": "KP",
        "ids": {
            "fips": "KN03",
            "geonames": 1877450,
            "iso_3166_2": "KP-08"
        },
        "long": {
            "default": "South Hamgyong"
        }
    },
    {
        "parent": "KP",
        "ids": {
            "fips": "KN13",
            "geonames": 2039332,
            "iso_3166_2": "KP-10"
        },
        "long": {
            "default": "Ryanggang"
        }
    },
    {
        "parent": "KP",
        "ids": {
            "fips": "KN17",
            "geonames": 2044245,
            "iso_3166_2": "KP-09"
        },
        "long": {
            "default": "North Hamgyong"
        }
    },
    {
        "parent": "KP",
        "ids": {
            "fips": "KN01",
            "geonames": 2045265,
            "iso_3166_2": "KP-04"
        },
        "long": {
            "default": "Chagang"
        }
    },
    {
        "parent": "KP",
        "ids": {
            "fips": "KN18",
            "geonames": 2054927,
            "iso_3166_2": "KP-13"
        },
        "long": {
            "default": "Rason"
        }
    }
]