[
    {
        "parent": "KR",
        "ids": {
            "fips": "KS21",
            "geonames": 1833742,
            "iso_3166_2": "KR-31"
        },
        "long": {
            "default": "Ulsan"
        }
    },
    {
        "parent": "KR",
        "ids": {
            "fips": "KS19",
            "geonames": 1835224,
            "iso_3166_2": "KR-30"
        },
        "long": {
            "default": "Daejeon"
        }
    },
    {
        "parent": "KR",
        "ids": {
            "fips": "KS15",
            "geonames": 1835327,
            "iso_3166_2": "KR-27"
        },
        "long": {
            "default": "Daegu"
        }
    },
    {
        "parent": "KR",
        "ids": {
            "fips": "KS11",
            "geonames": 1835847,
            "iso_3166_2": "KR-11"
        },
        "long": {
            "default": "Seoul"
        }
    },
    {
        "parent": "KR",
        "ids": {
            "fips": "KS10",
            "geonames": 1838519,
            "iso_3166_2": "KR-26"
        },
        "long": {
            "default": "Busan"
        }
    },
    {
        "parent": "KR",
        "ids": {
            "fips": "KS14",
            "geonames": 1841597
        },
        "long": {
            "default": "Gyeongsangbuk-do"
        }
    },
    {
        "parent": "KR",
        "ids": {
            "fips": "KS13",
            "geonames": 1841610
        },
        "long": {
            "default": "Gyeonggi-do"
        }
    },
    {
        "parent": "KR",
        "ids": {
            "fips": "KS18",
            "geonames": 1841808,
            "iso_3166_2": "KR-29"
        },
        "long": {
            "default": "Gwangju"
        }
    },
    {
        "parent": "KR",
        "ids": {
            "fips": "KS06",
            "geonames": 1843125
        },
        "long": {
            "default": "Gangwon-do"
        }
    },
    {
        "parent": "KR",
        "ids": {
            "fips": "KS12",
            "geonames": 1843561,
            "iso_3166_2": "KR-28"
        },
        "long": {
            "default": "Incheon"
        }
    },
    {
        "parent": "KR",
        "ids": {
            "fips": "KS17",
            "geonames": 1845105
        },
        "long": {
            "default": "Chungcheongnam-do"
        }
    },
    {
        "parent": "KR",
        "ids": {
            "fips": "KS05",
            "geonames": 1845106
        },
        "long": {
            "default": "Chungcheongbuk-do"
        }
    },
    {
        "parent": "KR",
        "ids": {
            "fips": "KS16",
            "geonames": 1845788
        },
        "long": {
            "default": "Jeollanam-do"
        }
    },
    {
        "parent": "KR",
        "ids": {
            "fips": "KS03",
            "geonames": 1845789
        },
        "long": {
            "default": "Jeollabuk-do"
        }
    },
    {
        "parent": "KR",
        "ids": {
            "fips": "KS01",
            "geonames": 1846265
        },
        "long": {
            "default": "Jeju-do"
        }
    },
    {
        "parent": "KR",
        "ids": {
            "fips": "KS20",
            "geonames": 1902028
        },
        "long": {
            "default": "Gyeongsangnam-do"
        }
    },
    {
        "parent": "KR",
        "ids": {
            "fips": "KS22",
            "geonames": 8394437
        },
        "long": {
            "default": "Sejong-si"
        }
    }
]