[
    {
        "parent": "KW",
        "ids": {
            "fips": "KU08",
            "geonames": 285628,
            "iso_3166_2": "KW-HA"
        },
        "long": {
            "default": "Ḩawallī"
        }
    },
    {
        "parent": "KW",
        "ids": {
            "fips": "KU02",
            "geonames": 285788,
            "iso_3166_2": "KW-KU"
        },
        "long": {
            "default": "Al Asimah"
        }
    },
    {
        "parent": "KW",
        "ids": {
            "fips": "KU05",
            "geonames": 285798,
            "iso_3166_2": "KW-JA"
        },
        "long": {
            "default": "Al Jahrāʼ"
        }
    },
    {
        "parent": "KW",
        "ids": {
            "fips": "KU07",
            "geonames": 285816,
            "iso_3166_2": "KW-FA"
        },
        "long": {
            "default": "Al Farwaniyah"
        }
    },
    {
        "parent": "KW",
        "ids": {
            "fips": "KU04",
            "geonames": 285841,
            "iso_3166_2": "KW-AH"
        },
        "long": {
            "default": "Al Aḩmadī"
        }
    },
    {
        "parent": "KW",
        "ids": {
            "fips": "KU09",
            "geonames": 7733358,
            "iso_3166_2": "KW-MU"
        },
        "long": {
            "default": "Mubārak al Kabīr"
        }
    }
]