[
    {
        "parent": "KY",
        "ids": {
            "fips": false,
            "geonames": 10346796,
            "iso_3166_2": false
        },
        "long": {
            "default": "George Town"
        }
    },
    {
        "parent": "KY",
        "ids": {
            "fips": false,
            "geonames": 10375968,
            "iso_3166_2": false
        },
        "long": {
            "default": "West Bay"
        }
    },
    {
        "parent": "KY",
        "ids": {
            "fips": false,
            "geonames": 10375969,
            "iso_3166_2": false
        },
        "long": {
            "default": "Bodden Town"
        }
    },
    {
        "parent": "KY",
        "ids": {
            "fips": false,
            "geonames": 10375970,
            "iso_3166_2": false
        },
        "long": {
            "default": "North Side"
        }
    },
    {
        "parent": "KY",
        "ids": {
            "fips": false,
            "geonames": 10375971,
            "iso_3166_2": false
        },
        "long": {
            "default": "East End"
        }
    },
    {
        "parent": "KY",
        "ids": {
            "fips": false,
            "geonames": 10375972,
            "iso_3166_2": false
        },
        "long": {
            "default": "Sister Island"
        }
    }
]