[
    {
        "parent": "KZ",
        "ids": {
            "fips": "KZ07",
            "geonames": 607847,
            "iso_3166_2": "KZ-ZAP"
        },
        "long": {
            "default": "Batys Qazaqstan"
        }
    },
    {
        "parent": "KZ",
        "ids": {
            "fips": "KZ09",
            "geonames": 608879,
            "iso_3166_2": "KZ-MAN"
        },
        "long": {
            "default": "Mangghystaū"
        }
    },
    {
        "parent": "KZ",
        "ids": {
            "fips": "KZ06",
            "geonames": 609862,
            "iso_3166_2": "KZ-ATY"
        },
        "long": {
            "default": "Atyraū"
        }
    },
    {
        "parent": "KZ",
        "ids": {
            "fips": "KZ04",
            "geonames": 610688,
            "iso_3166_2": "KZ-AKT"
        },
        "long": {
            "default": "Aqtöbe"
        }
    },
    {
        "parent": "KZ",
        "ids": {
            "fips": "KZ15",
            "geonames": 1517381,
            "iso_3166_2": "KZ-VOS"
        },
        "long": {
            "default": "Shyghys Qazaqstan"
        }
    },
    {
        "parent": "KZ",
        "ids": {
            "fips": "KZ03",
            "geonames": 1518003,
            "iso_3166_2": "KZ-AKM"
        },
        "long": {
            "default": "Aqmola"
        }
    },
    {
        "parent": "KZ",
        "ids": {
            "fips": "KZ16",
            "geonames": 1519367,
            "iso_3166_2": "KZ-SEV"
        },
        "long": {
            "default": "Soltüstik Qazaqstan"
        }
    },
    {
        "parent": "KZ",
        "ids": {
            "fips": "KZ11",
            "geonames": 1520239,
            "iso_3166_2": "KZ-PAV"
        },
        "long": {
            "default": "Pavlodar"
        }
    },
    {
        "parent": "KZ",
        "ids": {
            "fips": "KZ14",
            "geonames": 1521406,
            "iso_3166_2": "KZ-KZY"
        },
        "long": {
            "default": "Qyzylorda"
        }
    },
    {
        "parent": "KZ",
        "ids": {
            "fips": "KZ13",
            "geonames": 1521671,
            "iso_3166_2": "KZ-KUS"
        },
        "long": {
            "default": "Qostanay"
        }
    },
    {
        "parent": "KZ",
        "ids": {
            "fips": "KZ12",
            "geonames": 1523401,
            "iso_3166_2": "KZ-KAR"
        },
        "long": {
            "default": "Qaraghandy"
        }
    },
    {
        "parent": "KZ",
        "ids": {
            "fips": "KZ17",
            "geonames": 1524444,
            "iso_3166_2": "KZ-ZHA"
        },
        "long": {
            "default": "Zhambyl"
        }
    },
    {
        "parent": "KZ",
        "ids": {
            "fips": "KZ10",
            "geonames": 1524787,
            "iso_3166_2": "KZ-YUZ"
        },
        "long": {
            "default": "Ongtüstik Qazaqstan"
        }
    },
    {
        "parent": "KZ",
        "ids": {
            "fips": "KZ02",
            "geonames": 1526395,
            "iso_3166_2": "KZ-ALA"
        },
        "long": {
            "default": "Almaty"
        }
    },
    {
        "parent": "KZ",
        "ids": {
            "fips": "KZ01",
            "geonames": 1537162,
            "iso_3166_2": "KZ-ALM"
        },
        "long": {
            "default": "Almaty Oblysy"
        }
    },
    {
        "parent": "KZ",
        "ids": {
            "fips": "KZ08",
            "geonames": 1538316,
            "iso_3166_2": false
        },
        "long": {
            "default": "Bayqongyr Qalasy"
        }
    },
    {
        "parent": "KZ",
        "ids": {
            "fips": "KZ05",
            "geonames": 1538317,
            "iso_3166_2": "KZ-AST"
        },
        "long": {
            "default": "Astana Qalasy"
        }
    }
]