[
    {
        "parent": "LA",
        "ids": {
            "fips": "LA14",
            "geonames": 1652077,
            "iso_3166_2": "LA-XI"
        },
        "long": {
            "default": "Xiangkhoang"
        }
    },
    {
        "parent": "LA",
        "ids": {
            "fips": "LA13",
            "geonames": 1652210,
            "iso_3166_2": "LA-XA"
        },
        "long": {
            "default": "Xiagnabouli"
        }
    },
    {
        "parent": "LA",
        "ids": {
            "fips": "LA27",
            "geonames": 1652238,
            "iso_3166_2": "LA-VI"
        },
        "long": {
            "default": "Vientiane"
        }
    },
    {
        "parent": "LA",
        "ids": {
            "fips": "LA20",
            "geonames": 1653315,
            "iso_3166_2": "LA-SV"
        },
        "long": {
            "default": "Savannahkhét"
        }
    },
    {
        "parent": "LA",
        "ids": {
            "fips": "LA19",
            "geonames": 1653333,
            "iso_3166_2": "LA-SL"
        },
        "long": {
            "default": "Salavan"
        }
    },
    {
        "parent": "LA",
        "ids": {
            "fips": "LA18",
            "geonames": 1653893,
            "iso_3166_2": "LA-PH"
        },
        "long": {
            "default": "Phôngsali"
        }
    },
    {
        "parent": "LA",
        "ids": {
            "fips": "LA07",
            "geonames": 1654491,
            "iso_3166_2": "LA-OU"
        },
        "long": {
            "default": "Oudômxai"
        }
    },
    {
        "parent": "LA",
        "ids": {
            "fips": "LA17",
            "geonames": 1655558,
            "iso_3166_2": "LA-LP"
        },
        "long": {
            "default": "Louangphabang"
        }
    },
    {
        "parent": "LA",
        "ids": {
            "fips": "LA16",
            "geonames": 1655561,
            "iso_3166_2": "LA-LM"
        },
        "long": {
            "default": "Louang Namtha"
        }
    },
    {
        "parent": "LA",
        "ids": {
            "fips": "LA15",
            "geonames": 1656538,
            "iso_3166_2": "LA-KH"
        },
        "long": {
            "default": "Khammouan"
        }
    },
    {
        "parent": "LA",
        "ids": {
            "fips": "LA03",
            "geonames": 1657114,
            "iso_3166_2": "LA-HO"
        },
        "long": {
            "default": "Houaphan"
        }
    },
    {
        "parent": "LA",
        "ids": {
            "fips": "LA02",
            "geonames": 1657818,
            "iso_3166_2": "LA-CH"
        },
        "long": {
            "default": "Champasak"
        }
    },
    {
        "parent": "LA",
        "ids": {
            "fips": "LA01",
            "geonames": 1665045,
            "iso_3166_2": "LA-AT"
        },
        "long": {
            "default": "Attapu"
        }
    },
    {
        "parent": "LA",
        "ids": {
            "fips": "LA26",
            "geonames": 1904615,
            "iso_3166_2": "LA-XE"
        },
        "long": {
            "default": "Xékong"
        }
    },
    {
        "parent": "LA",
        "ids": {
            "fips": "LA22",
            "geonames": 1904616,
            "iso_3166_2": "LA-BK"
        },
        "long": {
            "default": "Bokeo"
        }
    },
    {
        "parent": "LA",
        "ids": {
            "fips": "LA23",
            "geonames": 1904617,
            "iso_3166_2": "LA-BL"
        },
        "long": {
            "default": "Bolikhamsai"
        }
    },
    {
        "parent": "LA",
        "ids": {
            "fips": "LA24",
            "geonames": 1904618,
            "iso_3166_2": "LA-VT"
        },
        "long": {
            "default": "Vientiane"
        }
    }
]