[
    {
        "parent": "LB",
        "ids": {
            "fips": "LE05",
            "geonames": 273607,
            "iso_3166_2": "LB-JL"
        },
        "long": {
            "default": "Mont-Liban"
        }
    },
    {
        "parent": "LB",
        "ids": {
            "fips": "LE04",
            "geonames": 276780,
            "iso_3166_2": "LB-BA"
        },
        "long": {
            "default": "Beyrouth"
        }
    },
    {
        "parent": "LB",
        "ids": {
            "fips": "LE09",
            "geonames": 278297,
            "iso_3166_2": "LB-AS"
        },
        "long": {
            "default": "Liban-Nord"
        }
    },
    {
        "parent": "LB",
        "ids": {
            "fips": "LE06",
            "geonames": 279894,
            "iso_3166_2": "LB-JA"
        },
        "long": {
            "default": "Liban-Sud"
        }
    },
    {
        "parent": "LB",
        "ids": {
            "fips": "LE08",
            "geonames": 280282,
            "iso_3166_2": "LB-BI"
        },
        "long": {
            "default": "Béqaa"
        }
    },
    {
        "parent": "LB",
        "ids": {
            "fips": "LE07",
            "geonames": 444191,
            "iso_3166_2": "LB-NA"
        },
        "long": {
            "default": "Nabatîyé"
        }
    },
    {
        "parent": "LB",
        "ids": {
            "fips": "LE10",
            "geonames": 6201370,
            "iso_3166_2": "LB-AK"
        },
        "long": {
            "default": "Aakkâr"
        }
    },
    {
        "parent": "LB",
        "ids": {
            "fips": "LE11",
            "geonames": 6201371,
            "iso_3166_2": "LB-BH"
        },
        "long": {
            "default": "Baalbek-Hermel"
        }
    }
]