[
    {
        "parent": "LC",
        "ids": {
            "fips": "ST10",
            "geonames": 3576413,
            "iso_3166_2": "LC-11"
        },
        "long": {
            "default": "Vieux-Fort"
        }
    },
    {
        "parent": "LC",
        "ids": {
            "fips": "ST09",
            "geonames": 3576441,
            "iso_3166_2": "LC-10"
        },
        "long": {
            "default": "Soufrière"
        }
    },
    {
        "parent": "LC",
        "ids": {
            "fips": "ST11",
            "geonames": 3576507,
            "iso_3166_2": false
        },
        "long": {
            "default": "Praslin"
        }
    },
    {
        "parent": "LC",
        "ids": {
            "fips": "ST08",
            "geonames": 3576567,
            "iso_3166_2": "LC-08"
        },
        "long": {
            "default": "Micoud"
        }
    },
    {
        "parent": "LC",
        "ids": {
            "fips": "ST07",
            "geonames": 3576662,
            "iso_3166_2": "LC-07"
        },
        "long": {
            "default": "Laborie"
        }
    },
    {
        "parent": "LC",
        "ids": {
            "fips": "ST06",
            "geonames": 3576685,
            "iso_3166_2": "LC-06"
        },
        "long": {
            "default": "Gros Islet"
        }
    },
    {
        "parent": "LC",
        "ids": {
            "fips": "ST05",
            "geonames": 3576764,
            "iso_3166_2": "LC-05"
        },
        "long": {
            "default": "Dennery"
        }
    },
    {
        "parent": "LC",
        "ids": {
            "fips": "ST02",
            "geonames": 3576771,
            "iso_3166_2": false
        },
        "long": {
            "default": "Dauphin"
        }
    },
    {
        "parent": "LC",
        "ids": {
            "fips": "ST04",
            "geonames": 3576794,
            "iso_3166_2": "LC-03"
        },
        "long": {
            "default": "Choiseul"
        }
    },
    {
        "parent": "LC",
        "ids": {
            "fips": "ST03",
            "geonames": 3576810,
            "iso_3166_2": "LC-02"
        },
        "long": {
            "default": "Castries"
        }
    },
    {
        "parent": "LC",
        "ids": {
            "fips": false,
            "geonames": false,
            "iso_3166_2": "LC-12"
        },
        "long": {
            "default": "Canaries"
        }
    },    {
        "parent": "LC",
        "ids": {
            "fips": "ST01",
            "geonames": 3576891,
            "iso_3166_2": "LC-01"
        },
        "long": {
            "default": "Anse-la-Raye"
        }
    }
]