[
    {
        "parent": "LI",
        "ids": {
            "fips": "LS11",
            "geonames": 3042031,
            "iso_3166_2": "LI-11"
        },
        "long": {
            "default": "Vaduz"
        }
    },
    {
        "parent": "LI",
        "ids": {
            "fips": "LS10",
            "geonames": 3042034,
            "iso_3166_2": "LI-10"
        },
        "long": {
            "default": "Triesenberg"
        }
    },
    {
        "parent": "LI",
        "ids": {
            "fips": "LS09",
            "geonames": 3042036,
            "iso_3166_2": "LI-09"
        },
        "long": {
            "default": "Triesen"
        }
    },
    {
        "parent": "LI",
        "ids": {
            "fips": "LS08",
            "geonames": 3042038,
            "iso_3166_2": "LI-08"
        },
        "long": {
            "default": "Schellenberg"
        }
    },
    {
        "parent": "LI",
        "ids": {
            "fips": "LS07",
            "geonames": 3042042,
            "iso_3166_2": "LI-07"
        },
        "long": {
            "default": "Schaan"
        }
    },
    {
        "parent": "LI",
        "ids": {
            "fips": "LS06",
            "geonames": 3042047,
            "iso_3166_2": "LI-06"
        },
        "long": {
            "default": "Ruggell"
        }
    },
    {
        "parent": "LI",
        "ids": {
            "fips": "LS05",
            "geonames": 3042050,
            "iso_3166_2": "LI-05"
        },
        "long": {
            "default": "Planken"
        }
    },
    {
        "parent": "LI",
        "ids": {
            "fips": "LS04",
            "geonames": 3042056,
            "iso_3166_2": "LI-04"
        },
        "long": {
            "default": "Mauren"
        }
    },
    {
        "parent": "LI",
        "ids": {
            "fips": "LS03",
            "geonames": 3042063,
            "iso_3166_2": "LI-03"
        },
        "long": {
            "default": "Gamprin"
        }
    },
    {
        "parent": "LI",
        "ids": {
            "fips": "LS02",
            "geonames": 3042069,
            "iso_3166_2": "LI-02"
        },
        "long": {
            "default": "Eschen"
        }
    },
    {
        "parent": "LI",
        "ids": {
            "fips": "LS01",
            "geonames": 3042074,
            "iso_3166_2": "LI-01"
        },
        "long": {
            "default": "Balzers"
        }
    }
]