[
    {
        "parent": "LK",
        "ids": {
            "fips": "CE36",
            "geonames": 1223421,
            "iso_3166_2": "LK-1"
        },
        "long": {
            "default": "Western"
        }
    },
    {
        "parent": "LK",
        "ids": {
            "fips": "CE35",
            "geonames": 1225265,
            "iso_3166_2": "LK-8"
        },
        "long": {
            "default": "Uva"
        }
    },
    {
        "parent": "LK",
        "ids": {
            "fips": "CE34",
            "geonames": 1227618,
            "iso_3166_2": "LK-3"
        },
        "long": {
            "default": "Southern"
        }
    },
    {
        "parent": "LK",
        "ids": {
            "fips": "CE33",
            "geonames": 1228435,
            "iso_3166_2": "LK-9"
        },
        "long": {
            "default": "Sabaragamuwa"
        }
    },
    {
        "parent": "LK",
        "ids": {
            "fips": "CE32",
            "geonames": 1232860,
            "iso_3166_2": "LK-6"
        },
        "long": {
            "default": "North Western"
        }
    },
    {
        "parent": "LK",
        "ids": {
            "fips": "CE30",
            "geonames": 1232870,
            "iso_3166_2": "LK-7"
        },
        "long": {
            "default": "North Central"
        }
    },
    {
        "parent": "LK",
        "ids": {
            "fips": "CE29",
            "geonames": 1249296,
            "iso_3166_2": "LK-2"
        },
        "long": {
            "default": "Central"
        }
    },
    {
        "parent": "LK",
        "ids": {
            "fips": "CE38",
            "geonames": 7671049,
            "iso_3166_2": "LK-4"
        },
        "long": {
            "default": "Northern Province"
        }
    },
    {
        "parent": "LK",
        "ids": {
            "fips": "CE37",
            "geonames": 8133521,
            "iso_3166_2": "LK-5"
        },
        "long": {
            "default": "Eastern Province"
        }
    }
]