[
    {
        "parent": "LR",
        "ids": {
            "fips": "LI10",
            "geonames": 2273898,
            "iso_3166_2": "LR-SI"
        },
        "long": {
            "default": "Sinoe"
        }
    },
    {
        "parent": "LR",
        "ids": {
            "fips": "LI09",
            "geonames": 2274688,
            "iso_3166_2": "LR-NI"
        },
        "long": {
            "default": "Nimba"
        }
    },
    {
        "parent": "LR",
        "ids": {
            "fips": "LI14",
            "geonames": 2274890,
            "iso_3166_2": "LR-MO"
        },
        "long": {
            "default": "Montserrado"
        }
    },
    {
        "parent": "LR",
        "ids": {
            "fips": "LI13",
            "geonames": 2275099,
            "iso_3166_2": "LR-MY"
        },
        "long": {
            "default": "Maryland"
        }
    },
    {
        "parent": "LR",
        "ids": {
            "fips": "LI20",
            "geonames": 2275344,
            "iso_3166_2": "LR-LO"
        },
        "long": {
            "default": "Lofa"
        }
    },
    {
        "parent": "LR",
        "ids": {
            "fips": "LI19",
            "geonames": 2276622,
            "iso_3166_2": "LR-GG"
        },
        "long": {
            "default": "Grand Gedeh"
        }
    },
    {
        "parent": "LR",
        "ids": {
            "fips": "LI12",
            "geonames": 2276627,
            "iso_3166_2": "LR-CM"
        },
        "long": {
            "default": "Grand Cape Mount"
        }
    },
    {
        "parent": "LR",
        "ids": {
            "fips": "LI11",
            "geonames": 2276630,
            "iso_3166_2": "LR-GB"
        },
        "long": {
            "default": "Grand Bassa"
        }
    },
    {
        "parent": "LR",
        "ids": {
            "fips": "LI01",
            "geonames": 2278292,
            "iso_3166_2": "LR-BG"
        },
        "long": {
            "default": "Bong"
        }
    },
    {
        "parent": "LR",
        "ids": {
            "fips": "LI15",
            "geonames": 2278324,
            "iso_3166_2": "LR-BM"
        },
        "long": {
            "default": "Bomi"
        }
    },
    {
        "parent": "LR",
        "ids": {
            "fips": "LI16",
            "geonames": 2588490,
            "iso_3166_2": "LR-GK"
        },
        "long": {
            "default": "Grand Kru"
        }
    },
    {
        "parent": "LR",
        "ids": {
            "fips": "LI17",
            "geonames": 2588491,
            "iso_3166_2": "LR-MG"
        },
        "long": {
            "default": "Margibi"
        }
    },
    {
        "parent": "LR",
        "ids": {
            "fips": "LI18",
            "geonames": 2588492,
            "iso_3166_2": "LR-RI"
        },
        "long": {
            "default": "River Cess"
        }
    },
    {
        "parent": "LR",
        "ids": {
            "fips": "LI21",
            "geonames": 2593119,
            "iso_3166_2": "LR-GP"
        },
        "long": {
            "default": "Gbarpolu"
        }
    },
    {
        "parent": "LR",
        "ids": {
            "fips": "LI22",
            "geonames": 2593120,
            "iso_3166_2": "LR-RG"
        },
        "long": {
            "default": "River Gee"
        }
    }
]