[
    {
        "parent": "LS",
        "ids": {
            "fips": "LT19",
            "geonames": 932011,
            "iso_3166_2": "LS-K"
        },
        "long": {
            "default": "Thaba-Tseka"
        }
    },
    {
        "parent": "LS",
        "ids": {
            "fips": "LT18",
            "geonames": 932184,
            "iso_3166_2": "LS-G"
        },
        "long": {
            "default": "Quthing"
        }
    },
    {
        "parent": "LS",
        "ids": {
            "fips": "LT17",
            "geonames": 932219,
            "iso_3166_2": "LS-H"
        },
        "long": {
            "default": "Qachaʼs Nek"
        }
    },
    {
        "parent": "LS",
        "ids": {
            "fips": "LT16",
            "geonames": 932418,
            "iso_3166_2": "LS-J"
        },
        "long": {
            "default": "Mokhotlong"
        }
    },
    {
        "parent": "LS",
        "ids": {
            "fips": "LT15",
            "geonames": 932439,
            "iso_3166_2": "LS-F"
        },
        "long": {
            "default": "Mohaleʼs Hoek"
        }
    },
    {
        "parent": "LS",
        "ids": {
            "fips": "LT14",
            "geonames": 932506,
            "iso_3166_2": "LS-A"
        },
        "long": {
            "default": "Maseru"
        }
    },
    {
        "parent": "LS",
        "ids": {
            "fips": "LT13",
            "geonames": 932615,
            "iso_3166_2": "LS-E"
        },
        "long": {
            "default": "Mafeteng"
        }
    },
    {
        "parent": "LS",
        "ids": {
            "fips": "LT12",
            "geonames": 932700,
            "iso_3166_2": "LS-C"
        },
        "long": {
            "default": "Leribe"
        }
    },
    {
        "parent": "LS",
        "ids": {
            "fips": "LT11",
            "geonames": 932888,
            "iso_3166_2": "LS-B"
        },
        "long": {
            "default": "Butha-Buthe"
        }
    },
    {
        "parent": "LS",
        "ids": {
            "fips": "LT10",
            "geonames": 932932,
            "iso_3166_2": "LS-D"
        },
        "long": {
            "default": "Berea"
        }
    }
]