[
    {
        "parent": "LT",
        "ids": {
            "fips": "LH56",
            "geonames": 864389,
            "iso_3166_2": "LT-AL"
        },
        "long": {
            "default": "Alytaus apskritis"
        }
    },
    {
        "parent": "LT",
        "ids": {
            "fips": "LH57",
            "geonames": 864477,
            "iso_3166_2": "LT-KU"
        },
        "long": {
            "default": "Kauno apskritis"
        }
    },
    {
        "parent": "LT",
        "ids": {
            "fips": "LH58",
            "geonames": 864478,
            "iso_3166_2": "LT-KL"
        },
        "long": {
            "default": "Klaipėdos apskritis"
        }
    },
    {
        "parent": "LT",
        "ids": {
            "fips": "LH59",
            "geonames": 864479,
            "iso_3166_2": "LT-MR"
        },
        "long": {
            "default": "Marijampolės apskritis"
        }
    },
    {
        "parent": "LT",
        "ids": {
            "fips": "LH60",
            "geonames": 864480,
            "iso_3166_2": "LT-PN"
        },
        "long": {
            "default": "Panevėžio Apskritis"
        }
    },
    {
        "parent": "LT",
        "ids": {
            "fips": "LH61",
            "geonames": 864481,
            "iso_3166_2": "LT-SA"
        },
        "long": {
            "default": "Šiaulių Apskritis"
        }
    },
    {
        "parent": "LT",
        "ids": {
            "fips": "LH62",
            "geonames": 864482,
            "iso_3166_2": "LT-TA"
        },
        "long": {
            "default": "Tauragės apskritis"
        }
    },
    {
        "parent": "LT",
        "ids": {
            "fips": "LH63",
            "geonames": 864483,
            "iso_3166_2": "LT-TE"
        },
        "long": {
            "default": "Telšių apskritis"
        }
    },
    {
        "parent": "LT",
        "ids": {
            "fips": "LH64",
            "geonames": 864484,
            "iso_3166_2": "LT-UT"
        },
        "long": {
            "default": "Utenos Apskritis"
        }
    },
    {
        "parent": "LT",
        "ids": {
            "fips": "LH65",
            "geonames": 864485,
            "iso_3166_2": "LT-VL"
        },
        "long": {
            "default": "Vilniaus Apskritis"
        }
    }
]