[
    {
        "parent": "LU",
        "ids": {
            "fips": "LU03",
            "geonames": 2960314,
            "iso_3166_2": "LU-LU"
        },
        "long": {
            "default": "Luxembourg"
        }
    },
    {
        "parent": "LU",
        "ids": {
            "fips": "LU02",
            "geonames": 2960513,
            "iso_3166_2": "LU-GR"
        },
        "long": {
            "default": "Grevenmacher"
        }
    },
    {
        "parent": "LU",
        "ids": {
            "fips": "LU01",
            "geonames": 2960655,
            "iso_3166_2": "LU-DI"
        },
        "long": {
            "default": "Diekirch"
        }
    },
    {
        "parent": "LU",
        "ids": {
            "fips": false,
            "geonames": false,
            "iso_3166_2": "LU-CA"
        },
        "long": {
            "default": "Capellen"
        }
    },
    {
        "parent": "LU",
        "ids": {
            "fips": false,
            "geonames": false,
            "iso_3166_2": "LU-CL"
        },
        "long": {
            "default": "Clervaux"
        }
    },
    {
        "parent": "LU",
        "ids": {
            "fips": false,
            "geonames": false,
            "iso_3166_2": "LU-EC"
        },
        "long": {
            "default": "Echternach"
        }
    },
    {
        "parent": "LU",
        "ids": {
            "fips": false,
            "geonames": false,
            "iso_3166_2": "LU-ES"
        },
        "long": {
            "default": "Esch-sur-Alzette"
        }
    },
    {
        "parent": "LU",
        "ids": {
            "fips": false,
            "geonames": false,
            "iso_3166_2": "LU-ME"
        },
        "long": {
            "default": "Mersch"
        }
    },
    {
        "parent": "LU",
        "ids": {
            "fips": false,
            "geonames": false,
            "iso_3166_2": "LU-RD"
        },
        "long": {
            "default": "Redange"
        }
    },
    {
        "parent": "LU",
        "ids": {
            "fips": false,
            "geonames": false,
            "iso_3166_2": "LU-RM"
        },
        "long": {
            "default": "Remich"
        }
    },
    {
        "parent": "LU",
        "ids": {
            "fips": false,
            "geonames": false,
            "iso_3166_2": "LU-VD"
        },
        "long": {
            "default": "Vianden"
        }
    },
    {
        "parent": "LU",
        "ids": {
            "fips": false,
            "geonames": false,
            "iso_3166_2": "LU-WI"
        },
        "long": {
            "default": "Wiltz"
        }
    }
]