[
    {
        "parent": "LV",
        "ids": {
            "fips": "LG33",
            "geonames": 454307,
            "iso_3166_2": "LV-106"
        },
        "long": {
            "default": "Ventspils"
        }
    },
    {
        "parent": "LV",
        "ids": {
            "fips": "LG32",
            "geonames": 454311,
            "iso_3166_2": "LV-VEN"
        },
        "long": {
            "default": "Ventspils"
        }
    },
    {
        "parent": "LV",
        "ids": {
            "fips": "LG31",
            "geonames": 454564,
            "iso_3166_2": "LV-VMR"
        },
        "long": {
            "default": "Valmieras"
        }
    },
    {
        "parent": "LV",
        "ids": {
            "fips": "LG30",
            "geonames": 454571,
            "iso_3166_2": "LV-101"
        },
        "long": {
            "default": "Valkas"
        }
    },
    {
        "parent": "LV",
        "ids": {
            "fips": "LG29",
            "geonames": 454771,
            "iso_3166_2": "LV-099"
        },
        "long": {
            "default": "Tukuma"
        }
    },
    {
        "parent": "LV",
        "ids": {
            "fips": "LG28",
            "geonames": 454968,
            "iso_3166_2": "LV-097"
        },
        "long": {
            "default": "Talsu"
        }
    },
    {
        "parent": "LV",
        "ids": {
            "fips": "LG27",
            "geonames": 455888,
            "iso_3166_2": "LV-088"
        },
        "long": {
            "default": "Saldus"
        }
    },
    {
        "parent": "LV",
        "ids": {
            "fips": "LG25",
            "geonames": 456173,
            "iso_3166_2": "LV-RIX"
        },
        "long": {
            "default": "Riga"
        }
    },
    {
        "parent": "LV",
        "ids": {
            "fips": "LG24",
            "geonames": 456197,
            "iso_3166_2": "LV-077"
        },
        "long": {
            "default": "Rēzeknes"
        }
    },
    {
        "parent": "LV",
        "ids": {
            "fips": "LG23",
            "geonames": 456203,
            "iso_3166_2": "LV-REZ"
        },
        "long": {
            "default": "Rēzekne"
        }
    },
    {
        "parent": "LV",
        "ids": {
            "fips": "LG22",
            "geonames": 456528,
            "iso_3166_2": "LV-073"
        },
        "long": {
            "default": "Preiļu"
        }
    },
    {
        "parent": "LV",
        "ids": {
            "fips": "LG21",
            "geonames": 457061,
            "iso_3166_2": "LV-067"
        },
        "long": {
            "default": "Ogres"
        }
    },
    {
        "parent": "LV",
        "ids": {
            "fips": "LG20",
            "geonames": 457712,
            "iso_3166_2": "LV-059"
        },
        "long": {
            "default": "Madonas"
        }
    },
    {
        "parent": "LV",
        "ids": {
            "fips": "LG19",
            "geonames": 457773,
            "iso_3166_2": "LV-058"
        },
        "long": {
            "default": "Ludzas"
        }
    },
    {
        "parent": "LV",
        "ids": {
            "fips": "LG18",
            "geonames": 457889,
            "iso_3166_2": "LV-054"
        },
        "long": {
            "default": "Limbažu"
        }
    },
    {
        "parent": "LV",
        "ids": {
            "fips": "LG16",
            "geonames": 457955,
            "iso_3166_2": "LV-LPX"
        },
        "long": {
            "default": "Liepāja"
        }
    },
    {
        "parent": "LV",
        "ids": {
            "fips": "LG15",
            "geonames": 458459,
            "iso_3166_2": "LV-050"
        },
        "long": {
            "default": "Kuldīgas"
        }
    },
    {
        "parent": "LV",
        "ids": {
            "fips": "LG14",
            "geonames": 458621,
            "iso_3166_2": "LV-047"
        },
        "long": {
            "default": "Krāslavas"
        }
    },
    {
        "parent": "LV",
        "ids": {
            "fips": "LG13",
            "geonames": 459202,
            "iso_3166_2": "LV-JUR"
        },
        "long": {
            "default": "Jūrmala"
        }
    },
    {
        "parent": "LV",
        "ids": {
            "fips": "LG12",
            "geonames": 459278,
            "iso_3166_2": "LV-041"
        },
        "long": {
            "default": "Jelgavas"
        }
    },
    {
        "parent": "LV",
        "ids": {
            "fips": "LG11",
            "geonames": 459281,
            "iso_3166_2": "LV-JEL"
        },
        "long": {
            "default": "Jelgava"
        }
    },
    {
        "parent": "LV",
        "ids": {
            "fips": "LG10",
            "geonames": 459282,
            "iso_3166_2": "LV-JKB"
        },
        "long": {
            "default": "Jēkabpils"
        }
    },
    {
        "parent": "LV",
        "ids": {
            "fips": "LG09",
            "geonames": 459664,
            "iso_3166_2": "LV-033"
        },
        "long": {
            "default": "Gulbenes"
        }
    },
    {
        "parent": "LV",
        "ids": {
            "fips": "LG08",
            "geonames": 460311,
            "iso_3166_2": "LV-026"
        },
        "long": {
            "default": "Dobeles"
        }
    },
    {
        "parent": "LV",
        "ids": {
            "fips": "LG07",
            "geonames": 460410,
            "iso_3166_2": "LV-DGV"
        },
        "long": {
            "default": "Daugavpils"
        }
    },
    {
        "parent": "LV",
        "ids": {
            "fips": "LG06",
            "geonames": 460414,
            "iso_3166_2": "LV-025"
        },
        "long": {
            "default": "Daugavpils"
        }
    },
    {
        "parent": "LV",
        "ids": {
            "fips": "LG05",
            "geonames": 460569,
            "iso_3166_2": "LV-022"
        },
        "long": {
            "default": "Cēsu"
        }
    },
    {
        "parent": "LV",
        "ids": {
            "fips": "LG04",
            "geonames": 461112,
            "iso_3166_2": "LV-016"
        },
        "long": {
            "default": "Bauskas"
        }
    },
    {
        "parent": "LV",
        "ids": {
            "fips": "LG03",
            "geonames": 461160,
            "iso_3166_2": "LV-015"
        },
        "long": {
            "default": "Balvu"
        }
    },
    {
        "parent": "LV",
        "ids": {
            "fips": "LG02",
            "geonames": 461525,
            "iso_3166_2": "LV-007"
        },
        "long": {
            "default": "Alūksnes"
        }
    },
    {
        "parent": "LV",
        "ids": {
            "fips": "LG01",
            "geonames": 461613,
            "iso_3166_2": "LV-002"
        },
        "long": {
            "default": "Aizkraukles"
        }
    },
    {
        "parent": "LV",
        "ids": {
            "fips": "LG60",
            "geonames": 7628298,
            "iso_3166_2": "LV-027"
        },
        "long": {
            "default": "Dundaga"
        }
    },
    {
        "parent": "LV",
        "ids": {
            "fips": "LG40",
            "geonames": 7628299,
            "iso_3166_2": "LV-006"
        },
        "long": {
            "default": "Alsungas"
        }
    },
    {
        "parent": "LV",
        "ids": {
            "fips": "A5",
            "geonames": 7628300,
            "iso_3166_2": "LV-071"
        },
        "long": {
            "default": "Pāvilostas"
        }
    },
    {
        "parent": "LV",
        "ids": {
            "fips": "LG99",
            "geonames": 7628301,
            "iso_3166_2": "LV-066"
        },
        "long": {
            "default": "Nīcas"
        }
    },
    {
        "parent": "LV",
        "ids": {
            "fips": "B6",
            "geonames": 7628302,
            "iso_3166_2": "LV-081"
        },
        "long": {
            "default": "Rucavas"
        }
    },
    {
        "parent": "LV",
        "ids": {
            "fips": "LG65",
            "geonames": 7628303,
            "iso_3166_2": "LV-032"
        },
        "long": {
            "default": "Grobiņas"
        }
    },
    {
        "parent": "LV",
        "ids": {
            "fips": "LG61",
            "geonames": 7628304,
            "iso_3166_2": "LV-028"
        },
        "long": {
            "default": "Durbes"
        }
    },
    {
        "parent": "LV",
        "ids": {
            "fips": "LG37",
            "geonames": 7628305,
            "iso_3166_2": "LV-003"
        },
        "long": {
            "default": "Aizpute"
        }
    },
    {
        "parent": "LV",
        "ids": {
            "fips": "A8",
            "geonames": 7628306,
            "iso_3166_2": "LV-074"
        },
        "long": {
            "default": "Priekules"
        }
    },
    {
        "parent": "LV",
        "ids": {
            "fips": "D7",
            "geonames": 7628307,
            "iso_3166_2": "LV-100"
        },
        "long": {
            "default": "Vaiņodes"
        }
    },
    {
        "parent": "LV",
        "ids": {
            "fips": "C9",
            "geonames": 7628308,
            "iso_3166_2": "LV-093"
        },
        "long": {
            "default": "Skrunda"
        }
    },
    {
        "parent": "LV",
        "ids": {
            "fips": "LG51",
            "geonames": 7628309,
            "iso_3166_2": "LV-018"
        },
        "long": {
            "default": "Brocēnu"
        }
    },
    {
        "parent": "LV",
        "ids": {
            "fips": "B4",
            "geonames": 7628310,
            "iso_3166_2": "LV-079"
        },
        "long": {
            "default": "Rojas"
        }
    },
    {
        "parent": "LV",
        "ids": {
            "fips": "LG77",
            "geonames": 7628311,
            "iso_3166_2": "LV-043"
        },
        "long": {
            "default": "Kandavas"
        }
    },
    {
        "parent": "LV",
        "ids": {
            "fips": "LG44",
            "geonames": 7628312,
            "iso_3166_2": "LV-010"
        },
        "long": {
            "default": "Auces"
        }
    },
    {
        "parent": "LV",
        "ids": {
            "fips": "LG73",
            "geonames": 7628313,
            "iso_3166_2": "LV-040"
        },
        "long": {
            "default": "Jaunpils"
        }
    },
    {
        "parent": "LV",
        "ids": {
            "fips": "LG62",
            "geonames": 7628314,
            "iso_3166_2": "LV-029"
        },
        "long": {
            "default": "Engures"
        }
    },
    {
        "parent": "LV",
        "ids": {
            "fips": "D5",
            "geonames": 7628315,
            "iso_3166_2": "LV-098"
        },
        "long": {
            "default": "Tērvetes"
        }
    },
    {
        "parent": "LV",
        "ids": {
            "fips": "A3",
            "geonames": 7628316,
            "iso_3166_2": "LV-069"
        },
        "long": {
            "default": "Ozolnieku"
        }
    },
    {
        "parent": "LV",
        "ids": {
            "fips": "B9",
            "geonames": 7628317,
            "iso_3166_2": "LV-083"
        },
        "long": {
            "default": "Rundāles"
        }
    },
    {
        "parent": "LV",
        "ids": {
            "fips": "LG45",
            "geonames": 7628318,
            "iso_3166_2": "LV-012"
        },
        "long": {
            "default": "Babītes"
        }
    },
    {
        "parent": "LV",
        "ids": {
            "fips": "LG95",
            "geonames": 7628319,
            "iso_3166_2": "LV-062"
        },
        "long": {
            "default": "Mārupes"
        }
    },
    {
        "parent": "LV",
        "ids": {
            "fips": "A2",
            "geonames": 7628320,
            "iso_3166_2": "LV-068"
        },
        "long": {
            "default": "Olaine"
        }
    },
    {
        "parent": "LV",
        "ids": {
            "fips": "LG67",
            "geonames": 7628321,
            "iso_3166_2": "LV-034"
        },
        "long": {
            "default": "Iecavas"
        }
    },
    {
        "parent": "LV",
        "ids": {
            "fips": "LG80",
            "geonames": 7628322,
            "iso_3166_2": "LV-052"
        },
        "long": {
            "default": "Ķekavas"
        }
    },
    {
        "parent": "LV",
        "ids": {
            "fips": "C3",
            "geonames": 7628323,
            "iso_3166_2": "LV-087"
        },
        "long": {
            "default": "Salaspils"
        }
    },
    {
        "parent": "LV",
        "ids": {
            "fips": "LG46",
            "geonames": 7628324,
            "iso_3166_2": "LV-013"
        },
        "long": {
            "default": "Baldones"
        }
    },
    {
        "parent": "LV",
        "ids": {
            "fips": "D2",
            "geonames": 7628325,
            "iso_3166_2": "LV-095"
        },
        "long": {
            "default": "Stopiņu"
        }
    },
    {
        "parent": "LV",
        "ids": {
            "fips": "LG53",
            "geonames": 7628326,
            "iso_3166_2": "LV-020"
        },
        "long": {
            "default": "Carnikava"
        }
    },
    {
        "parent": "LV",
        "ids": {
            "fips": "LG34",
            "geonames": 7628327,
            "iso_3166_2": "LV-011"
        },
        "long": {
            "default": "Ādažu"
        }
    },
    {
        "parent": "LV",
        "ids": {
            "fips": "LG64",
            "geonames": 7628328,
            "iso_3166_2": "LV-031"
        },
        "long": {
            "default": "Garkalnes"
        }
    },
    {
        "parent": "LV",
        "ids": {
            "fips": "E4",
            "geonames": 7628329,
            "iso_3166_2": "LV-105"
        },
        "long": {
            "default": "Vecumnieki"
        }
    },
    {
        "parent": "LV",
        "ids": {
            "fips": "LG79",
            "geonames": 7628330,
            "iso_3166_2": "LV-051"
        },
        "long": {
            "default": "Ķeguma"
        }
    },
    {
        "parent": "LV",
        "ids": {
            "fips": "LG87",
            "geonames": 7628331,
            "iso_3166_2": "LV-053"
        },
        "long": {
            "default": "Lielvārdes"
        }
    },
    {
        "parent": "LV",
        "ids": {
            "fips": "C8",
            "geonames": 7628332,
            "iso_3166_2": "LV-092"
        },
        "long": {
            "default": "Skrīveru"
        }
    },
    {
        "parent": "LV",
        "ids": {
            "fips": "LG71",
            "geonames": 7628333,
            "iso_3166_2": "LV-038"
        },
        "long": {
            "default": "Jaunjelgava"
        }
    },
    {
        "parent": "LV",
        "ids": {
            "fips": "LG98",
            "geonames": 7628334,
            "iso_3166_2": "LV-065"
        },
        "long": {
            "default": "Neretas"
        }
    },
    {
        "parent": "LV",
        "ids": {
            "fips": "E6",
            "geonames": 7628335,
            "iso_3166_2": "LV-107"
        },
        "long": {
            "default": "Viesītes"
        }
    },
    {
        "parent": "LV",
        "ids": {
            "fips": "C2",
            "geonames": 7628336,
            "iso_3166_2": "LV-085"
        },
        "long": {
            "default": "Salas"
        }
    },
    {
        "parent": "LV",
        "ids": {
            "fips": "LG74",
            "geonames": 7628337,
            "iso_3166_2": "LV-042"
        },
        "long": {
            "default": "Jēkabpils"
        }
    },
    {
        "parent": "LV",
        "ids": {
            "fips": "LG38",
            "geonames": 7628338,
            "iso_3166_2": "LV-004"
        },
        "long": {
            "default": "Aknīstes"
        }
    },
    {
        "parent": "LV",
        "ids": {
            "fips": "LG69",
            "geonames": 7628339,
            "iso_3166_2": "LV-036"
        },
        "long": {
            "default": "Ilūkstes"
        }
    },
    {
        "parent": "LV",
        "ids": {
            "fips": "E2",
            "geonames": 7628340,
            "iso_3166_2": "LV-103"
        },
        "long": {
            "default": "Vārkavas"
        }
    },
    {
        "parent": "LV",
        "ids": {
            "fips": "LG90",
            "geonames": 7628341,
            "iso_3166_2": "LV-056"
        },
        "long": {
            "default": "Līvānu"
        }
    },
    {
        "parent": "LV",
        "ids": {
            "fips": "E1",
            "geonames": 7628342,
            "iso_3166_2": "LV-102"
        },
        "long": {
            "default": "Varakļānu"
        }
    },
    {
        "parent": "LV",
        "ids": {
            "fips": "E8",
            "geonames": 7628343,
            "iso_3166_2": "LV-109"
        },
        "long": {
            "default": "Vilanu"
        }
    },
    {
        "parent": "LV",
        "ids": {
            "fips": "B3",
            "geonames": 7628344,
            "iso_3166_2": "LV-078"
        },
        "long": {
            "default": "Riebiņu"
        }
    },
    {
        "parent": "LV",
        "ids": {
            "fips": "LG35",
            "geonames": 7628345,
            "iso_3166_2": "LV-001"
        },
        "long": {
            "default": "Aglona"
        }
    },
    {
        "parent": "LV",
        "ids": {
            "fips": "LG56",
            "geonames": 7628346,
            "iso_3166_2": "LV-023"
        },
        "long": {
            "default": "Cibla"
        }
    },
    {
        "parent": "LV",
        "ids": {
            "fips": "E9",
            "geonames": 7628347,
            "iso_3166_2": "LV-110"
        },
        "long": {
            "default": "Zilupes"
        }
    },
    {
        "parent": "LV",
        "ids": {
            "fips": "E7",
            "geonames": 7628348,
            "iso_3166_2": "LV-108"
        },
        "long": {
            "default": "Viļakas"
        }
    },
    {
        "parent": "LV",
        "ids": {
            "fips": "LG47",
            "geonames": 7628349,
            "iso_3166_2": "LV-014"
        },
        "long": {
            "default": "Baltinava"
        }
    },
    {
        "parent": "LV",
        "ids": {
            "fips": "LG57",
            "geonames": 7628350,
            "iso_3166_2": "LV-024"
        },
        "long": {
            "default": "Dagdas"
        }
    },
    {
        "parent": "LV",
        "ids": {
            "fips": "LG78",
            "geonames": 7628351,
            "iso_3166_2": "LV-044"
        },
        "long": {
            "default": "Karsavas"
        }
    },
    {
        "parent": "LV",
        "ids": {
            "fips": "B7",
            "geonames": 7628352,
            "iso_3166_2": "LV-082"
        },
        "long": {
            "default": "Rugāju"
        }
    },
    {
        "parent": "LV",
        "ids": {
            "fips": "LG55",
            "geonames": 7628353,
            "iso_3166_2": "LV-021"
        },
        "long": {
            "default": "Cesvaine"
        }
    },
    {
        "parent": "LV",
        "ids": {
            "fips": "LG91",
            "geonames": 7628354,
            "iso_3166_2": "LV-057"
        },
        "long": {
            "default": "Lubānas"
        }
    },
    {
        "parent": "LV",
        "ids": {
            "fips": "LG85",
            "geonames": 7628355,
            "iso_3166_2": "LV-049"
        },
        "long": {
            "default": "Krustpils"
        }
    },
    {
        "parent": "LV",
        "ids": {
            "fips": "A6",
            "geonames": 7628356,
            "iso_3166_2": "LV-072"
        },
        "long": {
            "default": "Pļaviņu"
        }
    },
    {
        "parent": "LV",
        "ids": {
            "fips": "LG82",
            "geonames": 7628357,
            "iso_3166_2": "LV-046"
        },
        "long": {
            "default": "Koknese"
        }
    },
    {
        "parent": "LV",
        "ids": {
            "fips": "LG68",
            "geonames": 7628358,
            "iso_3166_2": "LV-035"
        },
        "long": {
            "default": "Ikšķiles"
        }
    },
    {
        "parent": "LV",
        "ids": {
            "fips": "B5",
            "geonames": 7628359,
            "iso_3166_2": "LV-080"
        },
        "long": {
            "default": "Ropažu"
        }
    },
    {
        "parent": "LV",
        "ids": {
            "fips": "LG70",
            "geonames": 7628360,
            "iso_3166_2": "LV-037"
        },
        "long": {
            "default": "Inčukalna"
        }
    },
    {
        "parent": "LV",
        "ids": {
            "fips": "LG84",
            "geonames": 7628361,
            "iso_3166_2": "LV-048"
        },
        "long": {
            "default": "Krimuldas"
        }
    },
    {
        "parent": "LV",
        "ids": {
            "fips": "C7",
            "geonames": 7628362,
            "iso_3166_2": "LV-091"
        },
        "long": {
            "default": "Sigulda"
        }
    },
    {
        "parent": "LV",
        "ids": {
            "fips": "LG88",
            "geonames": 7628363,
            "iso_3166_2": "LV-055"
        },
        "long": {
            "default": "Līgatnes"
        }
    },
    {
        "parent": "LV",
        "ids": {
            "fips": "LG94",
            "geonames": 7628364,
            "iso_3166_2": "LV-061"
        },
        "long": {
            "default": "Mālpils"
        }
    },
    {
        "parent": "LV",
        "ids": {
            "fips": "C6",
            "geonames": 7628365,
            "iso_3166_2": "LV-090"
        },
        "long": {
            "default": "Sējas"
        }
    },
    {
        "parent": "LV",
        "ids": {
            "fips": "C5",
            "geonames": 7628366,
            "iso_3166_2": "LV-089"
        },
        "long": {
            "default": "Saulkrastu"
        }
    },
    {
        "parent": "LV",
        "ids": {
            "fips": "C1",
            "geonames": 7628367,
            "iso_3166_2": "LV-086"
        },
        "long": {
            "default": "Salacgrīvas"
        }
    },
    {
        "parent": "LV",
        "ids": {
            "fips": "LG39",
            "geonames": 7628368,
            "iso_3166_2": "LV-005"
        },
        "long": {
            "default": "Aloja"
        }
    },
    {
        "parent": "LV",
        "ids": {
            "fips": "LG97",
            "geonames": 7628369,
            "iso_3166_2": "LV-064"
        },
        "long": {
            "default": "Naukšēnu"
        }
    },
    {
        "parent": "LV",
        "ids": {
            "fips": "B8",
            "geonames": 7628370,
            "iso_3166_2": "LV-084"
        },
        "long": {
            "default": "Rūjienas"
        }
    },
    {
        "parent": "LV",
        "ids": {
            "fips": "LG96",
            "geonames": 7628371,
            "iso_3166_2": "LV-060"
        },
        "long": {
            "default": "Mazsalacas"
        }
    },
    {
        "parent": "LV",
        "ids": {
            "fips": "LG52",
            "geonames": 7628372,
            "iso_3166_2": "LV-019"
        },
        "long": {
            "default": "Burtnieku"
        }
    },
    {
        "parent": "LV",
        "ids": {
            "fips": "A4",
            "geonames": 7628373,
            "iso_3166_2": "LV-070"
        },
        "long": {
            "default": "Pārgaujas"
        }
    },
    {
        "parent": "LV",
        "ids": {
            "fips": "LG81",
            "geonames": 7628374,
            "iso_3166_2": "LV-045"
        },
        "long": {
            "default": "Kocēnu"
        }
    },
    {
        "parent": "LV",
        "ids": {
            "fips": "LG42",
            "geonames": 7628375,
            "iso_3166_2": "LV-008"
        },
        "long": {
            "default": "Amatas"
        }
    },
    {
        "parent": "LV",
        "ids": {
            "fips": "A9",
            "geonames": 7628376,
            "iso_3166_2": "LV-075"
        },
        "long": {
            "default": "Priekuļi"
        }
    },
    {
        "parent": "LV",
        "ids": {
            "fips": "B1",
            "geonames": 7628377,
            "iso_3166_2": "LV-076"
        },
        "long": {
            "default": "Raunas"
        }
    },
    {
        "parent": "LV",
        "ids": {
            "fips": "D3",
            "geonames": 7628378,
            "iso_3166_2": "LV-096"
        },
        "long": {
            "default": "Strenču"
        }
    },
    {
        "parent": "LV",
        "ids": {
            "fips": "LG50",
            "geonames": 7628379,
            "iso_3166_2": "LV-017"
        },
        "long": {
            "default": "Beverīnas"
        }
    },
    {
        "parent": "LV",
        "ids": {
            "fips": "D1",
            "geonames": 7628380,
            "iso_3166_2": "LV-094"
        },
        "long": {
            "default": "Smiltenes"
        }
    },
    {
        "parent": "LV",
        "ids": {
            "fips": "LG72",
            "geonames": 7628381,
            "iso_3166_2": "LV-039"
        },
        "long": {
            "default": "Jaunpiebalga"
        }
    },
    {
        "parent": "LV",
        "ids": {
            "fips": "LG63",
            "geonames": 7628382,
            "iso_3166_2": "LV-030"
        },
        "long": {
            "default": "Ērgļu"
        }
    },
    {
        "parent": "LV",
        "ids": {
            "fips": "E3",
            "geonames": 7628383,
            "iso_3166_2": "LV-104"
        },
        "long": {
            "default": "Vecpiebalgas"
        }
    },
    {
        "parent": "LV",
        "ids": {
            "fips": "LG43",
            "geonames": 7628384,
            "iso_3166_2": "LV-009"
        },
        "long": {
            "default": "Apes"
        }
    },
    {
        "parent": "LV",
        "ids": {
            "fips": "F1",
            "geonames": 8299767,
            "iso_3166_2": "LV-063"
        },
        "long": {
            "default": "Mērsraga"
        }
    }
]