[
    {
        "parent": "LY",
        "ids": {
            "fips": "LY70",
            "geonames": 87204,
            "iso_3166_2": "LY-DR"
        },
        "long": {
            "default": "Darnah"
        }
    },
    {
        "parent": "LY",
        "ids": {
            "fips": "LY69",
            "geonames": 88318,
            "iso_3166_2": "LY-BA"
        },
        "long": {
            "default": "Banghāzī"
        }
    },
    {
        "parent": "LY",
        "ids": {
            "fips": "LY66",
            "geonames": 88904,
            "iso_3166_2": "LY-MJ"
        },
        "long": {
            "default": "Al Marj"
        }
    },
    {
        "parent": "LY",
        "ids": {
            "fips": "LY65",
            "geonames": 88932,
            "iso_3166_2": "LY-KF"
        },
        "long": {
            "default": "Al Kufrah"
        }
    },
    {
        "parent": "LY",
        "ids": {
            "fips": "LY63",
            "geonames": 443289,
            "iso_3166_2": "LY-JA"
        },
        "long": {
            "default": "Al Jabal al Akhḑar"
        }
    },
    {
        "parent": "LY",
        "ids": {
            "fips": "LY77",
            "geonames": 2210245,
            "iso_3166_2": "LY-TB"
        },
        "long": {
            "default": "Tripoli"
        }
    },
    {
        "parent": "LY",
        "ids": {
            "fips": "LY76",
            "geonames": 2210553,
            "iso_3166_2": "LY-SR"
        },
        "long": {
            "default": "Surt"
        }
    },
    {
        "parent": "LY",
        "ids": {
            "fips": "LY75",
            "geonames": 2212774,
            "iso_3166_2": "LY-SB"
        },
        "long": {
            "default": "Sabhā"
        }
    },
    {
        "parent": "LY",
        "ids": {
            "fips": "LY74",
            "geonames": 2214432,
            "iso_3166_2": "LY-NL"
        },
        "long": {
            "default": "Nālūt"
        }
    },
    {
        "parent": "LY",
        "ids": {
            "fips": "LY73",
            "geonames": 2214602,
            "iso_3166_2": "LY-MQ"
        },
        "long": {
            "default": "Murzuq"
        }
    },
    {
        "parent": "LY",
        "ids": {
            "fips": "LY72",
            "geonames": 2214845,
            "iso_3166_2": "LY-MI"
        },
        "long": {
            "default": "Mişrātah"
        }
    },
    {
        "parent": "LY",
        "ids": {
            "fips": "LY71",
            "geonames": 2217350,
            "iso_3166_2": "LY-GT"
        },
        "long": {
            "default": "Ghāt"
        }
    },
    {
        "parent": "LY",
        "ids": {
            "fips": "LY68",
            "geonames": 2218972,
            "iso_3166_2": "LY-ZA"
        },
        "long": {
            "default": "Az Zāwiyah"
        }
    },
    {
        "parent": "LY",
        "ids": {
            "fips": "LY78",
            "geonames": 2219413,
            "iso_3166_2": "LY-WS"
        },
        "long": {
            "default": "Ash Shāţiʼ"
        }
    },
    {
        "parent": "LY",
        "ids": {
            "fips": "LY64",
            "geonames": 2219944,
            "iso_3166_2": "LY-JU"
        },
        "long": {
            "default": "Al Jufrah"
        }
    },
    {
        "parent": "LY",
        "ids": {
            "fips": "LY67",
            "geonames": 2593778,
            "iso_3166_2": "LY-NQ"
        },
        "long": {
            "default": "An Nuqāţ al Khams"
        }
    },
    {
        "parent": "LY",
        "ids": {
            "fips": "LY79",
            "geonames": 7602688,
            "iso_3166_2": "LY-BU"
        },
        "long": {
            "default": "Al Buţnān"
        }
    },
    {
        "parent": "LY",
        "ids": {
            "fips": "LY80",
            "geonames": 7602689,
            "iso_3166_2": "LY-JG"
        },
        "long": {
            "default": "Al Jabal al Gharbi"
        }
    },
    {
        "parent": "LY",
        "ids": {
            "fips": "LY81",
            "geonames": 7602690,
            "iso_3166_2": "LY-JI"
        },
        "long": {
            "default": "Al Jafārah"
        }
    },
    {
        "parent": "LY",
        "ids": {
            "fips": "LY82",
            "geonames": 7602691,
            "iso_3166_2": "LY-MB"
        },
        "long": {
            "default": "Al Marqab"
        }
    },
    {
        "parent": "LY",
        "ids": {
            "fips": "LY83",
            "geonames": 7602692,
            "iso_3166_2": "LY-WA"
        },
        "long": {
            "default": "Al Wāḩāt"
        }
    },
    {
        "parent": "LY",
        "ids": {
            "fips": "LY84",
            "geonames": 7602693,
            "iso_3166_2": "LY-WD"
        },
        "long": {
            "default": "Wādī al Ḩayāt"
        }
    }
]