[
    {
        "parent": "MA",
        "ids": {
            "fips": "MO49",
            "geonames": 2538470,
            "iso_3166_2": "MA-07"
        },
        "long": {
            "default": "Rabat-Salé-Zemmour-Zaër"
        }
    },
    {
        "parent": "MA",
        "ids": {
            "fips": "MO48",
            "geonames": 2542710,
            "iso_3166_2": "MA-06"
        },
        "long": {
            "default": "Meknès-Tafilalet"
        }
    },
    {
        "parent": "MA",
        "ids": {
            "fips": "MO47",
            "geonames": 2542995,
            "iso_3166_2": "MA-11"
        },
        "long": {
            "default": "Marrakech-Tensift-Al Haouz"
        }
    },
    {
        "parent": "MA",
        "ids": {
            "fips": "MO46",
            "geonames": 2548882,
            "iso_3166_2": "MA-05"
        },
        "long": {
            "default": "Fès-Boulemane"
        }
    },
    {
        "parent": "MA",
        "ids": {
            "fips": "MO45",
            "geonames": 2553603,
            "iso_3166_2": "MA-08"
        },
        "long": {
            "default": "Grand Casablanca"
        }
    },
    {
        "parent": "MA",
        "ids": {
            "fips": "MO50",
            "geonames": 2597548,
            "iso_3166_2": "MA-09"
        },
        "long": {
            "default": "Chaouia-Ouardigha"
        }
    },
    {
        "parent": "MA",
        "ids": {
            "fips": "MO51",
            "geonames": 2597549,
            "iso_3166_2": "MA-10"
        },
        "long": {
            "default": "Doukkala-Abda"
        }
    },
    {
        "parent": "MA",
        "ids": {
            "fips": "MO52",
            "geonames": 2597550,
            "iso_3166_2": "MA-02"
        },
        "long": {
            "default": "Gharb-Chrarda-Beni Hssen"
        }
    },
    {
        "parent": "MA",
        "ids": {
            "fips": "MO53",
            "geonames": 2597551,
            "iso_3166_2": "MA-14"
        },
        "long": {
            "default": "Guelmim-Es Smara"
        }
    },
    {
        "parent": "MA",
        "ids": {
            "fips": "MO54",
            "geonames": 2597553,
            "iso_3166_2": "MA-04"
        },
        "long": {
            "default": "Oriental"
        }
    },
    {
        "parent": "MA",
        "ids": {
            "fips": "MO55",
            "geonames": 2597554,
            "iso_3166_2": "MA-13"
        },
        "long": {
            "default": "Souss-Massa-Drâa"
        }
    },
    {
        "parent": "MA",
        "ids": {
            "fips": "MO56",
            "geonames": 2597555,
            "iso_3166_2": "MA-12"
        },
        "long": {
            "default": "Tadla-Azilal"
        }
    },
    {
        "parent": "MA",
        "ids": {
            "fips": "MO57",
            "geonames": 2597556,
            "iso_3166_2": "MA-01"
        },
        "long": {
            "default": "Tanger-Tétouan"
        }
    },
    {
        "parent": "MA",
        "ids": {
            "fips": "MO58",
            "geonames": 2597557,
            "iso_3166_2": "MA-03"
        },
        "long": {
            "default": "Taza-Al Hoceima-Taounate"
        }
    },
    {
        "parent": "MA",
        "ids": {
            "fips": "MO59",
            "geonames": 6545402,
            "iso_3166_2": "MA-15"
        },
        "long": {
            "default": "Laâyoune-Boujdour-Sakia El Hamra"
        }
    },
    {
        "parent": "MA",
        "ids": {
            "fips": "EH",
            "geonames": 7627603,
            "iso_3166_2": "MA-16"
        },
        "long": {
            "default": "Oued ed Dahab-Lagouira"
        }
    }
]