[
  {
    "parent": "MC",
    "ids": {
      "fips": false,
      "geonames": 3319178,
      "iso_3166_2": "MC-MO"
    },
    "long": {
      "default": "Monaco-Ville"
    }
  },
  {
    "parent": "MC",
    "ids": {
      "fips": false,
      "geonames": false,
      "iso_3166_2": "MC-FO"
    },
    "long": {
      "default": "Fontvieille"
    }
  },
  {
    "parent": "MC",
    "ids": {
      "fips": false,
      "geonames": false,
      "iso_3166_2": "MC-JE"
    },
    "long": {
      "default": "Jardin Exotique"
    }
  },
  {
    "parent": "MC",
    "ids": {
      "fips": false,
      "geonames": false,
      "iso_3166_2": "MC-CL"
    },
    "long": {
      "default": "La Colle"
    }
  },
  {
    "parent": "MC",
    "ids": {
      "fips": false,
      "geonames": false,
      "iso_3166_2": "MC-CO"
    },
    "long": {
      "default": "La Condamine"
    }
  },
  {
    "parent": "MC",
    "ids": {
      "fips": false,
      "geonames": false,
      "iso_3166_2": "MC-GA"
    },
    "long": {
      "default": "La Gare"
    }
  },
  {
    "parent": "MC",
    "ids": {
      "fips": false,
      "geonames": false,
      "iso_3166_2": "MC-SO"
    },
    "long": {
      "default": "La Source"
    }
  },
  {
    "parent": "MC",
    "ids": {
      "fips": false,
      "geonames": false,
      "iso_3166_2": "MC-LA"
    },
    "long": {
      "default": "Larvotto"
    }
  },
  {
    "parent": "MC",
    "ids": {
      "fips": false,
      "geonames": false,
      "iso_3166_2": "MC-MA"
    },
    "long": {
      "default": "Malbousquet"
    }
  },
  {
    "parent": "MC",
    "ids": {
      "fips": false,
      "geonames": false,
      "iso_3166_2": "MC-VR"
    },
    "long": {
      "default": "Vallon de la Rousse"
    }
  },
  {
    "parent": "MC",
    "ids": {
      "fips": false,
      "geonames": false,
      "iso_3166_2": "MC-MG"
    },
    "long": {
      "default": "Moneghetti"
    }
  },
  {
    "parent": "MC",
    "ids": {
      "fips": false,
      "geonames": false,
      "iso_3166_2": "MC-MC"
    },
    "long": {
      "default": "Monte-Carlo"
    }
  },
  {
    "parent": "MC",
    "ids": {
      "fips": false,
      "geonames": false,
      "iso_3166_2": "MC-MU"
    },
    "long": {
      "default": "Moulins"
    }
  },
  {
    "parent": "MC",
    "ids": {
      "fips": false,
      "geonames": false,
      "iso_3166_2": "MC-PH"
    },
    "long": {
      "default": "Port-Hercule"
    }
  },
  {
    "parent": "MC",
    "ids": {
      "fips": false,
      "geonames": 3319178,
      "iso_3166_2": "MC-SR"
    },
    "long": {
      "default": "Saint-Roman"
    }
  },
  {
    "parent": "MC",
    "ids": {
      "fips": false,
      "geonames": false,
      "iso_3166_2": "MC-SD"
    },
    "long": {
      "default": "Sainte-Dévote"
    }
  },
  {
    "parent": "MC",
    "ids": {
      "fips": false,
      "geonames": false,
      "iso_3166_2": "MC-SP"
    },
    "long": {
      "default": "Spélugues"
    }
  }
]