[
    {
        "parent": "MD",
        "ids": {
            "fips": "MD73",
            "geonames": 617077,
            "iso_3166_2": "MD-ED"
        },
        "long": {
            "default": "Edineţ"
        }
    },
    {
        "parent": "MD",
        "ids": {
            "fips": "MD92",
            "geonames": 617181,
            "iso_3166_2": "MD-UN"
        },
        "long": {
            "default": "Ungheni"
        }
    },
    {
        "parent": "MD",
        "ids": {
            "fips": "MD91",
            "geonames": 617255,
            "iso_3166_2": "MD-TE"
        },
        "long": {
            "default": "Teleneşti"
        }
    },
    {
        "parent": "MD",
        "ids": {
            "fips": "MD90",
            "geonames": 617264,
            "iso_3166_2": "MD-TA"
        },
        "long": {
            "default": "Taraclia"
        }
    },
    {
        "parent": "MD",
        "ids": {
            "fips": "MD88",
            "geonames": 617283,
            "iso_3166_2": "MD-SV"
        },
        "long": {
            "default": "Ştefan-Vodă"
        }
    },
    {
        "parent": "MD",
        "ids": {
            "fips": "MD89",
            "geonames": 617301,
            "iso_3166_2": "MD-ST"
        },
        "long": {
            "default": "Strășeni"
        }
    },
    {
        "parent": "MD",
        "ids": {
            "fips": "MD87",
            "geonames": 617366,
            "iso_3166_2": "MD-SO"
        },
        "long": {
            "default": "Soroca"
        }
    },
    {
        "parent": "MD",
        "ids": {
            "fips": "MD84",
            "geonames": 617483,
            "iso_3166_2": "MD-RI"
        },
        "long": {
            "default": "Rîşcani"
        }
    },
    {
        "parent": "MD",
        "ids": {
            "fips": "MD83",
            "geonames": 617501,
            "iso_3166_2": "MD-RE"
        },
        "long": {
            "default": "Rezina"
        }
    },
    {
        "parent": "MD",
        "ids": {
            "fips": "MD82",
            "geonames": 617639,
            "iso_3166_2": "MD-OR"
        },
        "long": {
            "default": "Orhei"
        }
    },
    {
        "parent": "MD",
        "ids": {
            "fips": "MD81",
            "geonames": 617656,
            "iso_3166_2": "MD-OC"
        },
        "long": {
            "default": "Ocniţa"
        }
    },
    {
        "parent": "MD",
        "ids": {
            "fips": "MD59",
            "geonames": 617715,
            "iso_3166_2": "MD-AN"
        },
        "long": {
            "default": "Anenii Noi"
        }
    },
    {
        "parent": "MD",
        "ids": {
            "fips": "MD80",
            "geonames": 617754,
            "iso_3166_2": "MD-NI"
        },
        "long": {
            "default": "Nisporeni"
        }
    },
    {
        "parent": "MD",
        "ids": {
            "fips": "MD79",
            "geonames": 617903,
            "iso_3166_2": "MD-LE"
        },
        "long": {
            "default": "Leova"
        }
    },
    {
        "parent": "MD",
        "ids": {
            "fips": "MD85",
            "geonames": 617913,
            "iso_3166_2": "MD-SI"
        },
        "long": {
            "default": "Sîngerei"
        }
    },
    {
        "parent": "MD",
        "ids": {
            "fips": "MD69",
            "geonames": 617962,
            "iso_3166_2": "MD-CR"
        },
        "long": {
            "default": "Criuleni"
        }
    },
    {
        "parent": "MD",
        "ids": {
            "fips": "MD78",
            "geonames": 617991,
            "iso_3166_2": "MD-IA"
        },
        "long": {
            "default": "Laloveni"
        }
    },
    {
        "parent": "MD",
        "ids": {
            "fips": "MD57",
            "geonames": 618069,
            "iso_3166_2": "MD-CU"
        },
        "long": {
            "default": "Chişinău"
        }
    },
    {
        "parent": "MD",
        "ids": {
            "fips": "MD67",
            "geonames": 618119,
            "iso_3166_2": "MD-CS"
        },
        "long": {
            "default": "Căuşeni"
        }
    },
    {
        "parent": "MD",
        "ids": {
            "fips": "MD65",
            "geonames": 618142,
            "iso_3166_2": "MD-CT"
        },
        "long": {
            "default": "Cantemir"
        }
    },
    {
        "parent": "MD",
        "ids": {
            "fips": "MD66",
            "geonames": 618162,
            "iso_3166_2": "MD-CL"
        },
        "long": {
            "default": "Călăraşi"
        }
    },
    {
        "parent": "MD",
        "ids": {
            "fips": "MD64",
            "geonames": 618164,
            "iso_3166_2": "MD-CA"
        },
        "long": {
            "default": "Cahul"
        }
    },
    {
        "parent": "MD",
        "ids": {
            "fips": "MD76",
            "geonames": 618260,
            "iso_3166_2": "MD-GL"
        },
        "long": {
            "default": "Glodeni"
        }
    },
    {
        "parent": "MD",
        "ids": {
            "fips": "MD75",
            "geonames": 618331,
            "iso_3166_2": "MD-FL"
        },
        "long": {
            "default": "Floreşti"
        }
    },
    {
        "parent": "MD",
        "ids": {
            "fips": "MD74",
            "geonames": 618345,
            "iso_3166_2": "MD-FA"
        },
        "long": {
            "default": "Făleşti"
        }
    },
    {
        "parent": "MD",
        "ids": {
            "fips": "MD72",
            "geonames": 618363,
            "iso_3166_2": "MD-DU"
        },
        "long": {
            "default": "Dubăsari"
        }
    },
    {
        "parent": "MD",
        "ids": {
            "fips": "MD71",
            "geonames": 618369,
            "iso_3166_2": "MD-DR"
        },
        "long": {
            "default": "Drochia"
        }
    },
    {
        "parent": "MD",
        "ids": {
            "fips": "MD70",
            "geonames": 618381,
            "iso_3166_2": "MD-DO"
        },
        "long": {
            "default": "Donduşeni"
        }
    },
    {
        "parent": "MD",
        "ids": {
            "fips": "MD68",
            "geonames": 618430,
            "iso_3166_2": "MD-CM"
        },
        "long": {
            "default": "Cimişlia"
        }
    },
    {
        "parent": "MD",
        "ids": {
            "fips": "MD63",
            "geonames": 618511,
            "iso_3166_2": "MD-BR"
        },
        "long": {
            "default": "Briceni"
        }
    },
    {
        "parent": "MD",
        "ids": {
            "fips": "MD61",
            "geonames": 618565,
            "iso_3166_2": "MD-BS"
        },
        "long": {
            "default": "Basarabeasca"
        }
    },
    {
        "parent": "MD",
        "ids": {
            "fips": "MD77",
            "geonames": 858803,
            "iso_3166_2": "MD-HI"
        },
        "long": {
            "default": "Hînceşti"
        }
    },
    {
        "parent": "MD",
        "ids": {
            "fips": "MD86",
            "geonames": 858808,
            "iso_3166_2": "MD-SD"
        },
        "long": {
            "default": "Şoldăneşti"
        }
    },
    {
        "parent": "MD",
        "ids": {
            "fips": "MD58",
            "geonames": 858889,
            "iso_3166_2": "MD-SN"
        },
        "long": {
            "default": "Stînga Nistrului"
        }
    },
    {
        "parent": "MD",
        "ids": {
            "fips": "MD51",
            "geonames": 858895,
            "iso_3166_2": "MD-GA"
        },
        "long": {
            "default": "Găgăuzia"
        }
    },
    {
        "parent": "MD",
        "ids": {
            "fips": "MD62",
            "geonames": 861487,
            "iso_3166_2": "MD-BD"
        },
        "long": {
            "default": "Bender"
        }
    },
    {
        "parent": "MD",
        "ids": {
            "fips": "MD60",
            "geonames": 873909,
            "iso_3166_2": "MD-BA"
        },
        "long": {
            "default": "Bălţi"
        }
    }
]