[
  {
    "parent": "ME",
    "ids": {
      "fips": "MJ17",
      "geonames": 786233,
      "iso_3166_2": "ME-17"
    },
    "long": {
      "default": "Rožaje"
    }
  },
  {
    "parent": "ME",
    "ids": {
      "fips": "MJ21",
      "geonames": 3186995,
      "iso_3166_2": "ME-21"
    },
    "long": {
      "default": "Žabljak"
    }
  },
  {
    "parent": "ME",
    "ids": {
      "fips": "MJ20",
      "geonames": 3188514,
      "iso_3166_2": "ME-20"
    },
    "long": {
      "default": "Ulcinj"
    }
  },
  {
    "parent": "ME",
    "ids": {
      "fips": "MJ19",
      "geonames": 3189071,
      "iso_3166_2": "ME-19"
    },
    "long": {
      "default": "Tivat"
    }
  },
  {
    "parent": "ME",
    "ids": {
      "fips": "MJ16",
      "geonames": 3189077,
      "iso_3166_2": "ME-16"
    },
    "long": {
      "default": "Podgorica"
    }
  },
  {
    "parent": "ME",
    "ids": {
      "fips": "MJ18",
      "geonames": 3191221,
      "iso_3166_2": "ME-18"
    },
    "long": {
      "default": "Šavnik"
    }
  },
  {
    "parent": "ME",
    "ids": {
      "fips": "MJ15",
      "geonames": 3193129,
      "iso_3166_2": "ME-15"
    },
    "long": {
      "default": "Plužine"
    }
  },
  {
    "parent": "ME",
    "ids": {
      "fips": "MJ14",
      "geonames": 3193160,
      "iso_3166_2": "ME-14"
    },
    "long": {
      "default": "Pljevlja"
    }
  },
  {
    "parent": "ME",
    "ids": {
      "fips": "MJ13",
      "geonames": 3193227,
      "iso_3166_2": "ME-13"
    },
    "long": {
      "default": "Plav"
    }
  },
  {
    "parent": "ME",
    "ids": {
      "fips": "MJ12",
      "geonames": 3194493,
      "iso_3166_2": "ME-12"
    },
    "long": {
      "default": "Nikšić"
    }
  },
  {
    "parent": "ME",
    "ids": {
      "fips": "MJ11",
      "geonames": 3194925,
      "iso_3166_2": "ME-11"
    },
    "long": {
      "default": "Mojkovac"
    }
  },
  {
    "parent": "ME",
    "ids": {
      "fips": "MJ10",
      "geonames": 3197537,
      "iso_3166_2": "ME-10"
    },
    "long": {
      "default": "Kotor"
    }
  },
  {
    "parent": "ME",
    "ids": {
      "fips": "MJ09",
      "geonames": 3197895,
      "iso_3166_2": "ME-09"
    },
    "long": {
      "default": "Kolašin"
    }
  },
  {
    "parent": "ME",
    "ids": {
      "fips": "MJ03",
      "geonames": 3199070,
      "iso_3166_2": "ME-03"
    },
    "long": {
      "default": "Berane"
    }
  },
  {
    "parent": "ME",
    "ids": {
      "fips": "MJ08",
      "geonames": 3199393,
      "iso_3166_2": "ME-08"
    },
    "long": {
      "default": "Herceg Novi"
    }
  },
  {
    "parent": "ME",
    "ids": {
      "fips": "MJ07",
      "geonames": 3202193,
      "iso_3166_2": "ME-07"
    },
    "long": {
      "default": "Danilovgrad"
    }
  },
  {
    "parent": "ME",
    "ids": {
      "fips": "MJ06",
      "geonames": 3202640,
      "iso_3166_2": "ME-06"
    },
    "long": {
      "default": "Cetinje"
    }
  },
  {
    "parent": "ME",
    "ids": {
      "fips": "MJ05",
      "geonames": 3203104,
      "iso_3166_2": "ME-05"
    },
    "long": {
      "default": "Budva"
    }
  },
  {
    "parent": "ME",
    "ids": {
      "fips": "MJ04",
      "geonames": 3204173,
      "iso_3166_2": "ME-04"
    },
    "long": {
      "default": "Bijelo Polje"
    }
  },
  {
    "parent": "ME",
    "ids": {
      "fips": "MJ02",
      "geonames": 3204508,
      "iso_3166_2": "ME-02"
    },
    "long": {
      "default": "Bar"
    }
  },
  {
    "parent": "ME",
    "ids": {
      "fips": "MJ01",
      "geonames": 3343959,
      "iso_3166_2": "ME-01"
    },
    "long": {
      "default": "Andrijevica"
    }
  },
  {
    "parent": "ME",
    "ids": {
      "fips": false,
      "geonames": 3193226,
      "iso_3166_2": "ME-22"
    },
    "long": {
      "default": "Gusinje"
    }
  },
  {
    "parent": "ME",
    "ids": {
      "fips": false,
      "geonames": 3193225,
      "iso_3166_2": "ME-23"
    },
    "long": {
      "default": "Petnjica"
    }
  }
]