[
    {
        "parent": "MG",
        "ids": {
            "fips": "MA05",
            "geonames": 7670856,
            "iso_3166_2": "MG-T"
        },
        "long": {
            "default": "Antananarivo"
        }
    },
    {
        "parent": "MG",
        "ids": {
            "fips": "MA01",
            "geonames": 7670842,
            "iso_3166_2": "MG-D"
        },
        "long": {
            "default": "Antsiranana"
        }
    },
    {
        "parent": "MG",
        "ids": {
            "fips": "MA02",
            "geonames": 7670905,
            "iso_3166_2": "MG-F"
        },
        "long": {
            "default": "Fianarantsoa"
        }
    },
    {
        "parent": "MG",
        "ids": {
            "fips": "MA03",
            "geonames": 7670849,
            "iso_3166_2": "MG-M"
        },
        "long": {
            "default": "Mahajanga"
        }
    },
    {
        "parent": "MG",
        "ids": {
            "fips": "MA04",
            "geonames": 7670857,
            "iso_3166_2": "MG-A"
        },
        "long": {
            "default": "Toamasina"
        }
    },
    {
        "parent": "MG",
        "ids": {
            "fips": "MA06",
            "geonames": 7670913,
            "iso_3166_2": "MG-U"
        },
        "long": {
            "default": "Toliara"
        }
    }
]