[
    {
        "parent": "MH",
        "ids": {
            "fips": "RM007",
            "geonames": 7303491
        },
        "long": {
            "default": "Ailinginae Atoll"
        }
    },
    {
        "parent": "MH",
        "ids": {
            "fips": "RM010",
            "geonames": 7303492,
            "iso_3166_2": "MH-ALL"
        },
        "long": {
            "default": "Ailinglaplap Atoll"
        }
    },
    {
        "parent": "MH",
        "ids": {
            "fips": "RM030",
            "geonames": 7303493,
            "iso_3166_2": "MH-ALK"
        },
        "long": {
            "default": "Ailuk Atoll"
        }
    },
    {
        "parent": "MH",
        "ids": {
            "fips": "RM040",
            "geonames": 7303494,
            "iso_3166_2": "MH-ARN"
        },
        "long": {
            "default": "Arno Atoll"
        }
    },
    {
        "parent": "MH",
        "ids": {
            "fips": "RM050",
            "geonames": 7303495,
            "iso_3166_2": "MH-AUR"
        },
        "long": {
            "default": "Aur Atoll"
        }
    },
    {
        "parent": "MH",
        "ids": {
            "fips": "RM060",
            "geonames": 7303496
        },
        "long": {
            "default": "Bikar Atoll"
        }
    },
    {
        "parent": "MH",
        "ids": {
            "fips": "RM070",
            "geonames": 7303497
        },
        "long": {
            "default": "Bikini Atoll"
        }
    },
    {
        "parent": "MH",
        "ids": {
            "fips": "RM080",
            "geonames": 7303498,
            "iso_3166_2": "MH-EBO"
        },
        "long": {
            "default": "Ebon Atoll"
        }
    },
    {
        "parent": "MH",
        "ids": {
            "fips": "RM090",
            "geonames": 7303499,
            "iso_3166_2": "MH-ENI"
        },
        "long": {
            "default": "Enewetak Atoll"
        }
    },
    {
        "parent": "MH",
        "ids": {
            "fips": "RM100",
            "geonames": 7303500
        },
        "long": {
            "default": "Erikub Atoll"
        }
    },
    {
        "parent": "MH",
        "ids": {
            "fips": "RM120",
            "geonames": 7303501,
            "iso_3166_2": "MH-JAL"
        },
        "long": {
            "default": "Jaluit Atoll"
        }
    },
    {
        "parent": "MH",
        "ids": {
            "fips": "RM150",
            "geonames": 7303502,
            "iso_3166_2": "MH-KWA"
        },
        "long": {
            "default": "Kwajalein Atoll"
        }
    },
    {
        "parent": "MH",
        "ids": {
            "fips": "RM160",
            "geonames": 7303503,
            "iso_3166_2": "MH-LAE"
        },
        "long": {
            "default": "Lae Atoll"
        }
    },
    {
        "parent": "MH",
        "ids": {
            "fips": "RM180",
            "geonames": 7303504,
            "iso_3166_2": "MH-LIK"
        },
        "long": {
            "default": "Likiep Atoll"
        }
    },
    {
        "parent": "MH",
        "ids": {
            "fips": "RM190",
            "geonames": 7303505,
            "iso_3166_2": "MH-MAJ"
        },
        "long": {
            "default": "Majuro Atoll"
        }
    },
    {
        "parent": "MH",
        "ids": {
            "fips": "RM300",
            "geonames": 7303506,
            "iso_3166_2": "MH-MAL"
        },
        "long": {
            "default": "Maloelap Atoll"
        }
    },
    {
        "parent": "MH",
        "ids": {
            "fips": "RM320",
            "geonames": 7303507,
            "iso_3166_2": "MH-MIL"
        },
        "long": {
            "default": "Mili Atoll"
        }
    },
    {
        "parent": "MH",
        "ids": {
            "fips": "RM330",
            "geonames": 7303508,
            "iso_3166_2": "MH-NMK"
        },
        "long": {
            "default": "Namdrik Atoll"
        }
    },
    {
        "parent": "MH",
        "ids": {
            "fips": "RM340",
            "geonames": 7303509,
            "iso_3166_2": "MH-NMU"
        },
        "long": {
            "default": "Namu Atoll"
        }
    },
    {
        "parent": "MH",
        "ids": {
            "fips": "RM350",
            "geonames": 7303510,
            "iso_3166_2": "MH-RON"
        },
        "long": {
            "default": "Rongelap Atoll"
        }
    },
    {
        "parent": "MH",
        "ids": {
            "fips": "RM360",
            "geonames": 7303511
        },
        "long": {
            "default": "Rongrik Atoll"
        }
    },
    {
        "parent": "MH",
        "ids": {
            "fips": "RM385",
            "geonames": 7303512
        },
        "long": {
            "default": "Taka Atoll"
        }
    },
    {
        "parent": "MH",
        "ids": {
            "fips": "RM073",
            "geonames": 7303513
        },
        "long": {
            "default": "Bokak Atoll"
        }
    },
    {
        "parent": "MH",
        "ids": {
            "fips": "RM390",
            "geonames": 7303514,
            "iso_3166_2": "MH-UJA"
        },
        "long": {
            "default": "Ujae Atoll"
        }
    },
    {
        "parent": "MH",
        "ids": {
            "fips": "RM400",
            "geonames": 7303515
        },
        "long": {
            "default": "Ujelang"
        }
    },
    {
        "parent": "MH",
        "ids": {
            "fips": "RM410",
            "geonames": 7303516,
            "iso_3166_2": "MH-UTI"
        },
        "long": {
            "default": "Utrik Atoll"
        }
    },
    {
        "parent": "MH",
        "ids": {
            "fips": "RM420",
            "geonames": 7303517,
            "iso_3166_2": "MH-WTH"
        },
        "long": {
            "default": "Wotho Atoll"
        }
    },
    {
        "parent": "MH",
        "ids": {
            "fips": "RM430",
            "geonames": 7303518,
            "iso_3166_2": "MH-WTJ"
        },
        "long": {
            "default": "Wotje Atoll"
        }
    },
    {
        "parent": "MH",
        "ids": {
            "fips": "RM110",
            "geonames": 7303519,
            "iso_3166_2": "MH-JAB"
        },
        "long": {
            "default": "Jabat Island"
        }
    },
    {
        "parent": "MH",
        "ids": {
            "fips": "RM130",
            "geonames": 7303520
        },
        "long": {
            "default": "Jemo Island"
        }
    },
    {
        "parent": "MH",
        "ids": {
            "fips": "RM140",
            "geonames": 7303521,
            "iso_3166_2": "MH-KIL"
        },
        "long": {
            "default": "Kili Island"
        }
    },
    {
        "parent": "MH",
        "ids": {
            "fips": "RM170",
            "geonames": 7303522,
            "iso_3166_2": "MH-LIB"
        },
        "long": {
            "default": "Lib Island"
        }
    },
    {
        "parent": "MH",
        "ids": {
            "fips": "RM310",
            "geonames": 7303523,
            "iso_3166_2": "MH-MEJ"
        },
        "long": {
            "default": "Mejit Island"
        }
    }
]