[
    {
        "parent": "MK",
        "ids": {
            "fips": "E9",
            "geonames": 784732,
            "iso_3166_2": "MK-10"
        },
        "long": {
            "default": "Valandovo"
        }
    },
    {
        "parent": "MK",
        "ids": {
            "fips": "MK86",
            "geonames": 786339,
            "iso_3166_2": "MK-66"
        },
        "long": {
            "default": "Resen"
        }
    },
    {
        "parent": "MK",
        "ids": {
            "fips": "MK51",
            "geonames": 789090,
            "iso_3166_2": "MK-43"
        },
        "long": {
            "default": "Kratovo"
        }
    },
    {
        "parent": "MK",
        "ids": {
            "fips": "MK78",
            "geonames": 862938,
            "iso_3166_2": "MK-60"
        },
        "long": {
            "default": "Pehčevo"
        }
    },
    {
        "parent": "MK",
        "ids": {
            "fips": "MK72",
            "geonames": 862945,
            "iso_3166_2": "MK-56"
        },
        "long": {
            "default": "Novo Selo"
        }
    },
    {
        "parent": "MK",
        "ids": {
            "fips": "MK11",
            "geonames": 862946,
            "iso_3166_2": "MK-07"
        },
        "long": {
            "default": "Bosilovo"
        }
    },
    {
        "parent": "MK",
        "ids": {
            "fips": "A9",
            "geonames": 862947,
            "iso_3166_2": "MK-11"
        },
        "long": {
            "default": "Vasilevo"
        }
    },
    {
        "parent": "MK",
        "ids": {
            "fips": "E5",
            "geonames": 862949,
            "iso_3166_2": "MK-26"
        },
        "long": {
            "default": "Dojran"
        }
    },
    {
        "parent": "MK",
        "ids": {
            "fips": "MK08",
            "geonames": 862950,
            "iso_3166_2": "MK-05"
        },
        "long": {
            "default": "Bogdanci"
        }
    },
    {
        "parent": "MK",
        "ids": {
            "fips": "MK47",
            "geonames": 862953,
            "iso_3166_2": "MK-41"
        },
        "long": {
            "default": "Konče"
        }
    },
    {
        "parent": "MK",
        "ids": {
            "fips": "MK62",
            "geonames": 862956,
            "iso_3166_2": "MK-51"
        },
        "long": {
            "default": "Makedonska Kamenica"
        }
    },
    {
        "parent": "MK",
        "ids": {
            "fips": "C6",
            "geonames": 862958,
            "iso_3166_2": "MK-33"
        },
        "long": {
            "default": "Zrnovci"
        }
    },
    {
        "parent": "MK",
        "ids": {
            "fips": "MK40",
            "geonames": 862960,
            "iso_3166_2": "MK-37"
        },
        "long": {
            "default": "Karbinci"
        }
    },
    {
        "parent": "MK",
        "ids": {
            "fips": "MK25",
            "geonames": 862961,
            "iso_3166_2": "MK-24"
        },
        "long": {
            "default": "Demir Kapija"
        }
    },
    {
        "parent": "MK",
        "ids": {
            "fips": "MK87",
            "geonames": 862973,
            "iso_3166_2": "MK-67"
        },
        "long": {
            "default": "Rosoman"
        }
    },
    {
        "parent": "MK",
        "ids": {
            "fips": "MK35",
            "geonames": 862974,
            "iso_3166_2": "MK-20"
        },
        "long": {
            "default": "Gradsko"
        }
    },
    {
        "parent": "MK",
        "ids": {
            "fips": "MK60",
            "geonames": 862975,
            "iso_3166_2": "MK-49"
        },
        "long": {
            "default": "Lozovo"
        }
    },
    {
        "parent": "MK",
        "ids": {
            "fips": "MK19",
            "geonames": 862977,
            "iso_3166_2": "MK-81"
        },
        "long": {
            "default": "Češinovo-Obleševo"
        }
    },
    {
        "parent": "MK",
        "ids": {
            "fips": "E1",
            "geonames": 863468,
            "iso_3166_2": "MK-55"
        },
        "long": {
            "default": "Novaci"
        }
    },
    {
        "parent": "MK",
        "ids": {
            "fips": "MK04",
            "geonames": 863485,
            "iso_3166_2": "MK-03"
        },
        "long": {
            "default": "Berovo"
        }
    },
    {
        "parent": "MK",
        "ids": {
            "fips": "MK06",
            "geonames": 863486,
            "iso_3166_2": "MK-04"
        },
        "long": {
            "default": "Bitola"
        }
    },
    {
        "parent": "MK",
        "ids": {
            "fips": "D9",
            "geonames": 863488,
            "iso_3166_2": "MK-53"
        },
        "long": {
            "default": "Mogila"
        }
    },
    {
        "parent": "MK",
        "ids": {
            "fips": "MK01",
            "geonames": 863831,
            "iso_3166_2": "MK-02"
        },
        "long": {
            "default": "Aračinovo"
        }
    },
    {
        "parent": "MK",
        "ids": {
            "fips": "C7",
            "geonames": 863834,
            "iso_3166_2": "MK-06"
        },
        "long": {
            "default": "Bogovinje"
        }
    },
    {
        "parent": "MK",
        "ids": {
            "fips": "MK12",
            "geonames": 863835,
            "iso_3166_2": "MK-08"
        },
        "long": {
            "default": "Brvenica"
        }
    },
    {
        "parent": "MK",
        "ids": {
            "fips": "C8",
            "geonames": 863836,
            "iso_3166_2": false
        },
        "long": {
            "default": "Čair"
        }
    },
    {
        "parent": "MK",
        "ids": {
            "fips": "C9",
            "geonames": 863838,
            "iso_3166_2": "MK-80"
        },
        "long": {
            "default": "Čaška"
        }
    },
    {
        "parent": "MK",
        "ids": {
            "fips": "D1",
            "geonames": 863840,
            "iso_3166_2": false
        },
        "long": {
            "default": "Centar"
        }
    },
    {
        "parent": "MK",
        "ids": {
            "fips": "MK18",
            "geonames": 863841,
            "iso_3166_2": "MK-78"
        },
        "long": {
            "default": "Centar Župa"
        }
    },
    {
        "parent": "MK",
        "ids": {
            "fips": "MK20",
            "geonames": 863842,
            "iso_3166_2": "MK-82"
        },
        "long": {
            "default": "Čučer-Sandevo"
        }
    },
    {
        "parent": "MK",
        "ids": {
            "fips": "D2",
            "geonames": 863843,
            "iso_3166_2": "MK-21"
        },
        "long": {
            "default": "Debar"
        }
    },
    {
        "parent": "MK",
        "ids": {
            "fips": "MK22",
            "geonames": 863844,
            "iso_3166_2": "MK-23"
        },
        "long": {
            "default": "Delčevo"
        }
    },
    {
        "parent": "MK",
        "ids": {
            "fips": "D3",
            "geonames": 863846,
            "iso_3166_2": "MK-25"
        },
        "long": {
            "default": "Demir Hisar"
        }
    },
    {
        "parent": "MK",
        "ids": {
            "fips": "MK28",
            "geonames": 863849,
            "iso_3166_2": "MK-27"
        },
        "long": {
            "default": "Dolneni"
        }
    },
    {
        "parent": "MK",
        "ids": {
            "fips": "MK29",
            "geonames": 863850,
            "iso_3166_2": false
        },
        "long": {
            "default": "Opstina Gjorce Petrov"
        }
    },
    {
        "parent": "MK",
        "ids": {
            "fips": "MK30",
            "geonames": 863851,
            "iso_3166_2": false
        },
        "long": {
            "default": "Drugovo"
        }
    },
    {
        "parent": "MK",
        "ids": {
            "fips": "MK32",
            "geonames": 863853,
            "iso_3166_2": false
        },
        "long": {
            "default": "Gazi Baba"
        }
    },
    {
        "parent": "MK",
        "ids": {
            "fips": "MK33",
            "geonames": 863854,
            "iso_3166_2": "MK-18"
        },
        "long": {
            "default": "Gevgelija"
        }
    },
    {
        "parent": "MK",
        "ids": {
            "fips": "D4",
            "geonames": 863855,
            "iso_3166_2": "MK-19"
        },
        "long": {
            "default": "Gostivar"
        }
    },
    {
        "parent": "MK",
        "ids": {
            "fips": "MK36",
            "geonames": 863856,
            "iso_3166_2": "MK-34"
        },
        "long": {
            "default": "Ilinden"
        }
    },
    {
        "parent": "MK",
        "ids": {
            "fips": "D5",
            "geonames": 863858,
            "iso_3166_2": "MK-35"
        },
        "long": {
            "default": "Jegunovce"
        }
    },
    {
        "parent": "MK",
        "ids": {
            "fips": "MK41",
            "geonames": 863860,
            "iso_3166_2": false
        },
        "long": {
            "default": "Karpoš"
        }
    },
    {
        "parent": "MK",
        "ids": {
            "fips": "D6",
            "geonames": 863861,
            "iso_3166_2": "MK-36"
        },
        "long": {
            "default": "Kavadarci"
        }
    },
    {
        "parent": "MK",
        "ids": {
            "fips": "MK43",
            "geonames": 863862,
            "iso_3166_2": "MK-40"
        },
        "long": {
            "default": "Kičevo"
        }
    },
    {
        "parent": "MK",
        "ids": {
            "fips": "MK44",
            "geonames": 863863,
            "iso_3166_2": false
        },
        "long": {
            "default": "Kisela Voda"
        }
    },
    {
        "parent": "MK",
        "ids": {
            "fips": "MK46",
            "geonames": 863865,
            "iso_3166_2": "MK-42"
        },
        "long": {
            "default": "Kočani"
        }
    },
    {
        "parent": "MK",
        "ids": {
            "fips": "MK52",
            "geonames": 863869,
            "iso_3166_2": "MK-44"
        },
        "long": {
            "default": "Kriva Palanka"
        }
    },
    {
        "parent": "MK",
        "ids": {
            "fips": "MK53",
            "geonames": 863870,
            "iso_3166_2": "MK-45"
        },
        "long": {
            "default": "Krivogaštani"
        }
    },
    {
        "parent": "MK",
        "ids": {
            "fips": "MK54",
            "geonames": 863871,
            "iso_3166_2": "MK-46"
        },
        "long": {
            "default": "Kruševo"
        }
    },
    {
        "parent": "MK",
        "ids": {
            "fips": "D7",
            "geonames": 863873,
            "iso_3166_2": "MK-47"
        },
        "long": {
            "default": "Kumanovo"
        }
    },
    {
        "parent": "MK",
        "ids": {
            "fips": "MK59",
            "geonames": 863875,
            "iso_3166_2": "MK-48"
        },
        "long": {
            "default": "Lipkovo"
        }
    },
    {
        "parent": "MK",
        "ids": {
            "fips": "D8",
            "geonames": 863877,
            "iso_3166_2": "MK-52"
        },
        "long": {
            "default": "Makedonski Brod"
        }
    },
    {
        "parent": "MK",
        "ids": {
            "fips": "MK69",
            "geonames": 863881,
            "iso_3166_2": "MK-54"
        },
        "long": {
            "default": "Negotino"
        }
    },
    {
        "parent": "MK",
        "ids": {
            "fips": "E2",
            "geonames": 863883,
            "iso_3166_2": "MK-58"
        },
        "long": {
            "default": "Ohrid"
        }
    },
    {
        "parent": "MK",
        "ids": {
            "fips": "MK77",
            "geonames": 863885,
            "iso_3166_2": false
        },
        "long": {
            "default": "Oslomej"
        }
    },
    {
        "parent": "MK",
        "ids": {
            "fips": "MK79",
            "geonames": 863886,
            "iso_3166_2": "MK-59"
        },
        "long": {
            "default": "Petrovec"
        }
    },
    {
        "parent": "MK",
        "ids": {
            "fips": "MK80",
            "geonames": 863887,
            "iso_3166_2": "MK-61"
        },
        "long": {
            "default": "Plasnica"
        }
    },
    {
        "parent": "MK",
        "ids": {
            "fips": "E3",
            "geonames": 863888,
            "iso_3166_2": "MK-62"
        },
        "long": {
            "default": "Prilep"
        }
    },
    {
        "parent": "MK",
        "ids": {
            "fips": "MK83",
            "geonames": 863889,
            "iso_3166_2": "MK-63"
        },
        "long": {
            "default": "Probištip"
        }
    },
    {
        "parent": "MK",
        "ids": {
            "fips": "MK84",
            "geonames": 863890,
            "iso_3166_2": "MK-64"
        },
        "long": {
            "default": "Radoviš"
        }
    },
    {
        "parent": "MK",
        "ids": {
            "fips": "MK85",
            "geonames": 863891,
            "iso_3166_2": "MK-65"
        },
        "long": {
            "default": "Rankovce"
        }
    },
    {
        "parent": "MK",
        "ids": {
            "fips": "E4",
            "geonames": 863892,
            "iso_3166_2": "MK-50"
        },
        "long": {
            "default": "Mavrovo and Rostuša"
        }
    },
    {
        "parent": "MK",
        "ids": {
            "fips": "MK90",
            "geonames": 863894,
            "iso_3166_2": false
        },
        "long": {
            "default": "Saraj"
        }
    },
    {
        "parent": "MK",
        "ids": {
            "fips": "MK92",
            "geonames": 863896,
            "iso_3166_2": "MK-70"
        },
        "long": {
            "default": "Sopište"
        }
    },
    {
        "parent": "MK",
        "ids": {
            "fips": "MK97",
            "geonames": 863899,
            "iso_3166_2": "MK-71"
        },
        "long": {
            "default": "Staro Nagoričane"
        }
    },
    {
        "parent": "MK",
        "ids": {
            "fips": "MK98",
            "geonames": 863900,
            "iso_3166_2": "MK-83"
        },
        "long": {
            "default": "Štip"
        }
    },
    {
        "parent": "MK",
        "ids": {
            "fips": "E6",
            "geonames": 863901,
            "iso_3166_2": "MK-72"
        },
        "long": {
            "default": "Struga"
        }
    },
    {
        "parent": "MK",
        "ids": {
            "fips": "E7",
            "geonames": 863902,
            "iso_3166_2": "MK-73"
        },
        "long": {
            "default": "Strumica"
        }
    },
    {
        "parent": "MK",
        "ids": {
            "fips": "A2",
            "geonames": 863903,
            "iso_3166_2": "MK-74"
        },
        "long": {
            "default": "Studeničani"
        }
    },
    {
        "parent": "MK",
        "ids": {
            "fips": "A3",
            "geonames": 863904,
            "iso_3166_2": "MK-84"
        },
        "long": {
            "default": "Šuto Orizari"
        }
    },
    {
        "parent": "MK",
        "ids": {
            "fips": "A4",
            "geonames": 863905,
            "iso_3166_2": "MK-69"
        },
        "long": {
            "default": "Sveti Nikole"
        }
    },
    {
        "parent": "MK",
        "ids": {
            "fips": "A5",
            "geonames": 863906,
            "iso_3166_2": "MK-75"
        },
        "long": {
            "default": "Tearce"
        }
    },
    {
        "parent": "MK",
        "ids": {
            "fips": "E8",
            "geonames": 863907,
            "iso_3166_2": "MK-76"
        },
        "long": {
            "default": "Tetovo"
        }
    },
    {
        "parent": "MK",
        "ids": {
            "fips": "F1",
            "geonames": 863909,
            "iso_3166_2": "MK-13"
        },
        "long": {
            "default": "Veles"
        }
    },
    {
        "parent": "MK",
        "ids": {
            "fips": "B3",
            "geonames": 863911,
            "iso_3166_2": "MK-12"
        },
        "long": {
            "default": "Vevčani"
        }
    },
    {
        "parent": "MK",
        "ids": {
            "fips": "B4",
            "geonames": 863912,
            "iso_3166_2": "MK-14"
        },
        "long": {
            "default": "Vinica"
        }
    },
    {
        "parent": "MK",
        "ids": {
            "fips": "B6",
            "geonames": 863913,
            "iso_3166_2": false
        },
        "long": {
            "default": "Vraneštica"
        }
    },
    {
        "parent": "MK",
        "ids": {
            "fips": "B7",
            "geonames": 863914,
            "iso_3166_2": "MK-16"
        },
        "long": {
            "default": "Vrapčište"
        }
    },
    {
        "parent": "MK",
        "ids": {
            "fips": "C1",
            "geonames": 863917,
            "iso_3166_2": false
        },
        "long": {
            "default": "Zajas"
        }
    },
    {
        "parent": "MK",
        "ids": {
            "fips": "C2",
            "geonames": 863918,
            "iso_3166_2": "MK-32"
        },
        "long": {
            "default": "Zelenikovo"
        }
    },
    {
        "parent": "MK",
        "ids": {
            "fips": "C3",
            "geonames": 863919,
            "iso_3166_2": "MK-30"
        },
        "long": {
            "default": "Želino"
        }
    },
    {
        "parent": "MK",
        "ids": {
            "fips": "F3",
            "geonames": 7056266,
            "iso_3166_2": false
        },
        "long": {
            "default": "Aerodrom"
        }
    },
    {
        "parent": "MK",
        "ids": {
            "fips": "F4",
            "geonames": 7056269,
            "iso_3166_2": false
        },
        "long": {
            "default": "Butel"
        }
    },
    {
        "parent": "MK",
        "ids": {
            "fips": "F5",
            "geonames": 7056271,
            "iso_3166_2": "MK-22"
        },
        "long": {
            "default": "Debarca"
        }
    }
]