[
    {
        "parent": "ML",
        "ids": {
            "fips": "ML08",
            "geonames": 2449066,
            "iso_3166_2": "ML-6"
        },
        "long": {
            "default": "Tombouctou"
        }
    },
    {
        "parent": "ML",
        "ids": {
            "fips": "ML06",
            "geonames": 2451184,
            "iso_3166_2": "ML-3"
        },
        "long": {
            "default": "Sikasso"
        }
    },
    {
        "parent": "ML",
        "ids": {
            "fips": "ML05",
            "geonames": 2451477
        },
        "long": {
            "default": "Ségou"
        }
    },
    {
        "parent": "ML",
        "ids": {
            "fips": "ML04",
            "geonames": 2453347,
            "iso_3166_2": "ML-5"
        },
        "long": {
            "default": "Mopti"
        }
    },
    {
        "parent": "ML",
        "ids": {
            "fips": "ML07",
            "geonames": 2454532,
            "iso_3166_2": "ML-2"
        },
        "long": {
            "default": "Koulikoro"
        }
    },
    {
        "parent": "ML",
        "ids": {
            "fips": "ML03",
            "geonames": 2455517,
            "iso_3166_2": "ML-1"
        },
        "long": {
            "default": "Kayes"
        }
    },
    {
        "parent": "ML",
        "ids": {
            "fips": "ML09",
            "geonames": 2457161,
            "iso_3166_2": "ML-7"
        },
        "long": {
            "default": "Gao"
        }
    },
    {
        "parent": "ML",
        "ids": {
            "fips": "ML01",
            "geonames": 2460594,
            "iso_3166_2": "ML-BKO"
        },
        "long": {
            "default": "Bamako"
        }
    },
    {
        "parent": "ML",
        "ids": {
            "fips": "ML10",
            "geonames": 2597449,
            "iso_3166_2": "ML-8"
        },
        "long": {
            "default": "Kidal"
        }
    }
]