[
    {
        "parent": "MM",
        "ids": {
            "fips": "BM12",
            "geonames": 1293118,
            "iso_3166_2": "MM-05"
        },
        "long": {
            "default": "Tanintharyi"
        }
    },
    {
        "parent": "MM",
        "ids": {
            "fips": "BM11",
            "geonames": 1297099,
            "iso_3166_2": "MM-17"
        },
        "long": {
            "default": "Shan"
        }
    },
    {
        "parent": "MM",
        "ids": {
            "fips": "BM10",
            "geonames": 1298480,
            "iso_3166_2": "MM-01"
        },
        "long": {
            "default": "Sagain"
        }
    },
    {
        "parent": "MM",
        "ids": {
            "fips": "BM17",
            "geonames": 1298822,
            "iso_3166_2": "MM-06"
        },
        "long": {
            "default": "Yangon"
        }
    },
    {
        "parent": "MM",
        "ids": {
            "fips": "BM01",
            "geonames": 1298852,
            "iso_3166_2": "MM-16"
        },
        "long": {
            "default": "Rakhine"
        }
    },
    {
        "parent": "MM",
        "ids": {
            "fips": "BM16",
            "geonames": 1300463,
            "iso_3166_2": "MM-02"
        },
        "long": {
            "default": "Bago"
        }
    },
    {
        "parent": "MM",
        "ids": {
            "fips": "BM13",
            "geonames": 1308528,
            "iso_3166_2": "MM-15"
        },
        "long": {
            "default": "Mon"
        }
    },
    {
        "parent": "MM",
        "ids": {
            "fips": "BM08",
            "geonames": 1311871,
            "iso_3166_2": "MM-04"
        },
        "long": {
            "default": "Mandalay"
        }
    },
    {
        "parent": "MM",
        "ids": {
            "fips": "BM15",
            "geonames": 1312604,
            "iso_3166_2": "MM-03"
        },
        "long": {
            "default": "Magway"
        }
    },
    {
        "parent": "MM",
        "ids": {
            "fips": "BM06",
            "geonames": 1319539,
            "iso_3166_2": "MM-12"
        },
        "long": {
            "default": "Kayah"
        }
    },
    {
        "parent": "MM",
        "ids": {
            "fips": "BM05",
            "geonames": 1320233,
            "iso_3166_2": "MM-13"
        },
        "long": {
            "default": "Kayin"
        }
    },
    {
        "parent": "MM",
        "ids": {
            "fips": "BM04",
            "geonames": 1321702,
            "iso_3166_2": "MM-11"
        },
        "long": {
            "default": "Kachin"
        }
    },
    {
        "parent": "MM",
        "ids": {
            "fips": "BM03",
            "geonames": 1321850,
            "iso_3166_2": "MM-07"
        },
        "long": {
            "default": "Ayeyarwady"
        }
    },
    {
        "parent": "MM",
        "ids": {
            "fips": "BM02",
            "geonames": 1327132,
            "iso_3166_2": "MM-14"
        },
        "long": {
            "default": "Chin"
        }
    }
]