[
    {
        "parent": "MN",
        "ids": {
            "fips": "MG19",
            "geonames": 1514967,
            "iso_3166_2": "MN-046"
        },
        "long": {
            "default": "Uvs"
        }
    },
    {
        "parent": "MN",
        "ids": {
            "fips": "MG12",
            "geonames": 1515696,
            "iso_3166_2": "MN-043"
        },
        "long": {
            "default": "Hovd"
        }
    },
    {
        "parent": "MN",
        "ids": {
            "fips": "MG10",
            "geonames": 1515917,
            "iso_3166_2": "MN-065"
        },
        "long": {
            "default": "Govĭ-Altay"
        }
    },
    {
        "parent": "MN",
        "ids": {
            "fips": "MG09",
            "geonames": 1516012,
            "iso_3166_2": "MN-057"
        },
        "long": {
            "default": "Dzabkhan"
        }
    },
    {
        "parent": "MN",
        "ids": {
            "fips": "MG03",
            "geonames": 1516278,
            "iso_3166_2": "MN-071"
        },
        "long": {
            "default": "Bayan-Ölgiy"
        }
    },
    {
        "parent": "MN",
        "ids": {
            "fips": "MG02",
            "geonames": 1516290,
            "iso_3166_2": "MN-069"
        },
        "long": {
            "default": "Bayanhongor"
        }
    },
    {
        "parent": "MN",
        "ids": {
            "fips": "MG20",
            "geonames": 2028461,
            "iso_3166_2": "MN-1"
        },
        "long": {
            "default": "Ulaanbaatar"
        }
    },
    {
        "parent": "MN",
        "ids": {
            "fips": "MG18",
            "geonames": 2028849,
            "iso_3166_2": "MN-047"
        },
        "long": {
            "default": "Töv"
        }
    },
    {
        "parent": "MN",
        "ids": {
            "fips": "MG17",
            "geonames": 2029155,
            "iso_3166_2": "MN-051"
        },
        "long": {
            "default": "Sühbaatar"
        }
    },
    {
        "parent": "MN",
        "ids": {
            "fips": "MG16",
            "geonames": 2029432,
            "iso_3166_2": "MN-049"
        },
        "long": {
            "default": "Selenge"
        }
    },
    {
        "parent": "MN",
        "ids": {
            "fips": "MG15",
            "geonames": 2029546,
            "iso_3166_2": "MN-055"
        },
        "long": {
            "default": "Övörhangay"
        }
    },
    {
        "parent": "MN",
        "ids": {
            "fips": "MG14",
            "geonames": 2029669,
            "iso_3166_2": "MN-053"
        },
        "long": {
            "default": "Ömnögovĭ"
        }
    },
    {
        "parent": "MN",
        "ids": {
            "fips": "MG13",
            "geonames": 2030469,
            "iso_3166_2": "MN-041"
        },
        "long": {
            "default": "Hövsgöl"
        }
    },
    {
        "parent": "MN",
        "ids": {
            "fips": "MG11",
            "geonames": 2030783,
            "iso_3166_2": "MN-039"
        },
        "long": {
            "default": "Hentiy"
        }
    },
    {
        "parent": "MN",
        "ids": {
            "fips": "MG08",
            "geonames": 2031740,
            "iso_3166_2": "MN-059"
        },
        "long": {
            "default": "Middle Gobi"
        }
    },
    {
        "parent": "MN",
        "ids": {
            "fips": "MG07",
            "geonames": 2031798,
            "iso_3166_2": "MN-063"
        },
        "long": {
            "default": "East Gobi"
        }
    },
    {
        "parent": "MN",
        "ids": {
            "fips": "MG06",
            "geonames": 2031799,
            "iso_3166_2": "MN-061"
        },
        "long": {
            "default": "Dornod"
        }
    },
    {
        "parent": "MN",
        "ids": {
            "fips": "MG21",
            "geonames": 2032199,
            "iso_3166_2": "MN-067"
        },
        "long": {
            "default": "Bulgan"
        }
    },
    {
        "parent": "MN",
        "ids": {
            "fips": "MG01",
            "geonames": 2032855,
            "iso_3166_2": "MN-073"
        },
        "long": {
            "default": "Arhangay"
        }
    },
    {
        "parent": "MN",
        "ids": {
            "fips": "MG23",
            "geonames": 2055111,
            "iso_3166_2": "MN-037"
        },
        "long": {
            "default": "Darhan Uul"
        }
    },
    {
        "parent": "MN",
        "ids": {
            "fips": "MG24",
            "geonames": 2055112,
            "iso_3166_2": "MN-064"
        },
        "long": {
            "default": "Govĭ-Sumber"
        }
    },
    {
        "parent": "MN",
        "ids": {
            "fips": "MG25",
            "geonames": 2055113,
            "iso_3166_2": "MN-035"
        },
        "long": {
            "default": "Orhon"
        }
    }
]