[
    {
        "parent": "MP",
        "ids": {
            "fips": "CQ100",
            "geonames": 4041530,
            "iso_3166_2": false
        },
        "long": {
            "default": "Rota"
        }
    },
    {
        "parent": "MP",
        "ids": {
            "fips": "CQ110",
            "geonames": 4041552,
            "iso_3166_2": false
        },
        "long": {
            "default": "Saipan"
        }
    },
    {
        "parent": "MP",
        "ids": {
            "fips": "CQ120",
            "geonames": 4041650,
            "iso_3166_2": false
        },
        "long": {
            "default": "Tinian"
        }
    },
    {
        "parent": "MP",
        "ids": {
            "fips": "CQ085",
            "geonames": 7733156,
            "iso_3166_2": false
        },
        "long": {
            "default": "Northern Islands"
        }
    }
]