[
    {
        "parent": "MR",
        "ids": {
            "fips": "MR06",
            "geonames": 2375742,
            "iso_3166_2": "MR-06"
        },
        "long": {
            "default": "Trarza"
        }
    },
    {
        "parent": "MR",
        "ids": {
            "fips": "MR11",
            "geonames": 2375989,
            "iso_3166_2": "MR-11"
        },
        "long": {
            "default": "Tiris Zemmour"
        }
    },
    {
        "parent": "MR",
        "ids": {
            "fips": "MR09",
            "geonames": 2376551,
            "iso_3166_2": "MR-09"
        },
        "long": {
            "default": "Tagant"
        }
    },
    {
        "parent": "MR",
        "ids": {
            "fips": false,
            "geonames": 2377449,
            "iso_3166_2": "MR-13"
        },
        "long": {
            "default": "Nouakchott Ouest"
        }
    },
    {
        "parent": "MR",
        "ids": {
            "fips": false,
            "geonames": 8051338,
            "iso_3166_2": "MR-14"
        },
        "long": {
            "default": "Nouakchott Nord"
        }
    },
    {
        "parent": "MR",
        "ids": {
            "fips": false,
            "geonames": 8051337,
            "iso_3166_2": "MR-15"
        },
        "long": {
            "default": "Nouakchott Sud"
        }
    },
    {
        "parent": "MR",
        "ids": {
            "fips": "MR12",
            "geonames": 2378903,
            "iso_3166_2": "MR-12"
        },
        "long": {
            "default": "Inchiri"
        }
    },
    {
        "parent": "MR",
        "ids": {
            "fips": "MR02",
            "geonames": 2379024,
            "iso_3166_2": "MR-02"
        },
        "long": {
            "default": "Hodh El Gharbi"
        }
    },
    {
        "parent": "MR",
        "ids": {
            "fips": "MR01",
            "geonames": 2379025,
            "iso_3166_2": "MR-01"
        },
        "long": {
            "default": "Hodh ech Chargui"
        }
    },
    {
        "parent": "MR",
        "ids": {
            "fips": "MR10",
            "geonames": 2379216,
            "iso_3166_2": "MR-10"
        },
        "long": {
            "default": "Guidimaka"
        }
    },
    {
        "parent": "MR",
        "ids": {
            "fips": "MR04",
            "geonames": 2379384,
            "iso_3166_2": "MR-04"
        },
        "long": {
            "default": "Gorgol"
        }
    },
    {
        "parent": "MR",
        "ids": {
            "fips": "MR08",
            "geonames": 2380426,
            "iso_3166_2": "MR-08"
        },
        "long": {
            "default": "Dakhlet Nouadhibou"
        }
    },
    {
        "parent": "MR",
        "ids": {
            "fips": "MR05",
            "geonames": 2380635,
            "iso_3166_2": "MR-05"
        },
        "long": {
            "default": "Brakna"
        }
    },
    {
        "parent": "MR",
        "ids": {
            "fips": "MR03",
            "geonames": 2381344,
            "iso_3166_2": "MR-03"
        },
        "long": {
            "default": "Assaba"
        }
    },
    {
        "parent": "MR",
        "ids": {
            "fips": "MR07",
            "geonames": 2381972,
            "iso_3166_2": "MR-07"
        },
        "long": {
            "default": "Adrar"
        }
    }
]