[
    {
        "parent": "MS",
        "ids": {
            "fips": "MH03",
            "geonames": 3578039,
            "iso_3166_2": false
        },
        "long": {
            "default": "Saint Peter"
        }
    },
    {
        "parent": "MS",
        "ids": {
            "fips": "MH02",
            "geonames": 3578044,
            "iso_3166_2": false
        },
        "long": {
            "default": "Saint Georges"
        }
    },
    {
        "parent": "MS",
        "ids": {
            "fips": "MH01",
            "geonames": 3578045,
            "iso_3166_2": false
        },
        "long": {
            "default": "Saint Anthony"
        }
    }
]