[
    {
        "parent": "MU",
        "ids": {
            "fips": "MP21",
            "geonames": 448254
        },
        "long": {
            "default": "Agalega Islands"
        }
    },
    {
        "parent": "MU",
        "ids": {
            "fips": "MP20",
            "geonames": 934017,
            "iso_3166_2": "MU-SA"
        },
        "long": {
            "default": "Savanne"
        }
    },
    {
        "parent": "MU",
        "ids": {
            "fips": "MP19",
            "geonames": 934090,
            "iso_3166_2": "MU-RR"
        },
        "long": {
            "default": "Rivière du Rempart"
        }
    },
    {
        "parent": "MU",
        "ids": {
            "fips": "MP18",
            "geonames": 934153,
            "iso_3166_2": "MU-PL"
        },
        "long": {
            "default": "Port Louis"
        }
    },
    {
        "parent": "MU",
        "ids": {
            "fips": "MP17",
            "geonames": 934166,
            "iso_3166_2": "MU-PW"
        },
        "long": {
            "default": "Plaines Wilhems"
        }
    },
    {
        "parent": "MU",
        "ids": {
            "fips": "MP16",
            "geonames": 934212,
            "iso_3166_2": "MU-PA"
        },
        "long": {
            "default": "Pamplemousses"
        }
    },
    {
        "parent": "MU",
        "ids": {
            "fips": "MP15",
            "geonames": 934275,
            "iso_3166_2": "MU-MO"
        },
        "long": {
            "default": "Moka"
        }
    },
    {
        "parent": "MU",
        "ids": {
            "fips": "MP14",
            "geonames": 934466,
            "iso_3166_2": "MU-GP"
        },
        "long": {
            "default": "Grand Port"
        }
    },
    {
        "parent": "MU",
        "ids": {
            "fips": "MP13",
            "geonames": 934522,
            "iso_3166_2": "MU-FL"
        },
        "long": {
            "default": "Flacq"
        }
    },
    {
        "parent": "MU",
        "ids": {
            "fips": "MP12",
            "geonames": 934718,
            "iso_3166_2": "MU-BL"
        },
        "long": {
            "default": "Black River"
        }
    },
    {
        "parent": "MU",
        "ids": {
            "fips": "MP22",
            "geonames": 1106583
        },
        "long": {
            "default": "Cargados Carajos"
        }
    },
    {
        "parent": "MU",
        "ids": {
            "fips": "MP23",
            "geonames": 1547449
        },
        "long": {
            "default": "Rodrigues"
        }
    }
]