[
    {
        "parent": "MV",
        "ids": {
            "fips": "MV47",
            "geonames": 1281843,
            "iso_3166_2": "MV-04"
        },
        "long": {
            "default": "Vaavu Atoll"
        }
    },
    {
        "parent": "MV",
        "ids": {
            "fips": "MV46",
            "geonames": 1281881,
            "iso_3166_2": "MV-08"
        },
        "long": {
            "default": "Thaa Atoll"
        }
    },
    {
        "parent": "MV",
        "ids": {
            "fips": "MV45",
            "geonames": 1281892,
            "iso_3166_2": "MV-24"
        },
        "long": {
            "default": "Shaviyani Atoll"
        }
    },
    {
        "parent": "MV",
        "ids": {
            "fips": "MV01",
            "geonames": 1281893,
            "iso_3166_2": "MV-01"
        },
        "long": {
            "default": "Seenu"
        }
    },
    {
        "parent": "MV",
        "ids": {
            "fips": "MV44",
            "geonames": 1281918,
            "iso_3166_2": "MV-13"
        },
        "long": {
            "default": "Raa Atoll"
        }
    },
    {
        "parent": "MV",
        "ids": {
            "fips": "MV43",
            "geonames": 1281937,
            "iso_3166_2": "MV-25"
        },
        "long": {
            "default": "Noonu Atoll"
        }
    },
    {
        "parent": "MV",
        "ids": {
            "fips": "MV42",
            "geonames": 1281945,
            "iso_3166_2": "MV-29"
        },
        "long": {
            "default": "Gnyaviyani Atoll"
        }
    },
    {
        "parent": "MV",
        "ids": {
            "fips": "MV41",
            "geonames": 1281985,
            "iso_3166_2": "MV-12"
        },
        "long": {
            "default": "Meemu Atoll"
        }
    },
    {
        "parent": "MV",
        "ids": {
            "fips": "MV39",
            "geonames": 1282096,
            "iso_3166_2": "MV-03"
        },
        "long": {
            "default": "Lhaviyani Atoll"
        }
    },
    {
        "parent": "MV",
        "ids": {
            "fips": "MV05",
            "geonames": 1282101,
            "iso_3166_2": "MV-05"
        },
        "long": {
            "default": "Laamu"
        }
    },
    {
        "parent": "MV",
        "ids": {
            "fips": "MV38",
            "geonames": 1282208,
            "iso_3166_2": "MV-26"
        },
        "long": {
            "default": "Kaafu Atoll"
        }
    },
    {
        "parent": "MV",
        "ids": {
            "fips": "MV37",
            "geonames": 1282293,
            "iso_3166_2": "MV-23"
        },
        "long": {
            "default": "Haa Dhaalu Atoll"
        }
    },
    {
        "parent": "MV",
        "ids": {
            "fips": "MV36",
            "geonames": 1282294,
            "iso_3166_2": "MV-07"
        },
        "long": {
            "default": "Haa Alifu Atoll"
        }
    },
    {
        "parent": "MV",
        "ids": {
            "fips": "MV35",
            "geonames": 1282328,
            "iso_3166_2": "MV-28"
        },
        "long": {
            "default": "Gaafu Dhaalu Atoll"
        }
    },
    {
        "parent": "MV",
        "ids": {
            "fips": "MV34",
            "geonames": 1282329,
            "iso_3166_2": "MV-27"
        },
        "long": {
            "default": "Gaafu Alifu Atoll"
        }
    },
    {
        "parent": "MV",
        "ids": {
            "fips": "MV33",
            "geonames": 1282393,
            "iso_3166_2": "MV-14"
        },
        "long": {
            "default": "Faafu Atoll"
        }
    },
    {
        "parent": "MV",
        "ids": {
            "fips": "MV32",
            "geonames": 1282447,
            "iso_3166_2": "MV-17"
        },
        "long": {
            "default": "Dhaalu Atoll"
        }
    },
    {
        "parent": "MV",
        "ids": {
            "fips": "MV31",
            "geonames": 1282478,
            "iso_3166_2": "MV-20"
        },
        "long": {
            "default": "Baa Atoll"
        }
    },
    {
        "parent": "MV",
        "ids": {
            "fips": "MV30",
            "geonames": 1282497,
            "iso_3166_2": "MV-02"
        },
        "long": {
            "default": "Northern Ari Atoll"
        }
    },
    {
        "parent": "MV",
        "ids": {
            "fips": false,
            "geonames": 10346475,
            "iso_3166_2": "MV-00"
        },
        "long": {
            "default": "Southern Ari Atoll"
        }
    }
]