[
    {
        "parent": "MW",
        "ids": {
            "fips": false,
            "geonames": 923817,
            "iso_3166_2": "MW-S"
        },
        "long": {
            "default": "Southern Region"
        }
    },
    {
        "parent": "MW",
        "ids": {
            "fips": false,
            "geonames": 924591,
            "iso_3166_2": "MW-N"
        },
        "long": {
            "default": "Northern Region"
        }
    },
    {
        "parent": "MW",
        "ids": {
            "fips": false,
            "geonames": 931597,
            "iso_3166_2": "MW-C"
        },
        "long": {
            "default": "Central Region"
        }
    }
]