[
    {
        "parent": "MX",
        "ids": {
            "fips": "MX31",
            "geonames": 3514211,
            "iso_3166_2": "MX-YUC"
        },
        "long": {
            "default": "Yucatán"
        }
    },
    {
        "parent": "MX",
        "ids": {
            "fips": "MX30",
            "geonames": 3514780,
            "iso_3166_2": "MX-VER"
        },
        "long": {
            "default": "Veracruz"
        }
    },
    {
        "parent": "MX",
        "ids": {
            "fips": "MX29",
            "geonames": 3515359,
            "iso_3166_2": "MX-TLA"
        },
        "long": {
            "default": "Tlaxcala"
        }
    },
    {
        "parent": "MX",
        "ids": {
            "fips": "MX28",
            "geonames": 3516391,
            "iso_3166_2": "MX-TAM"
        },
        "long": {
            "default": "Tamaulipas"
        }
    },
    {
        "parent": "MX",
        "ids": {
            "fips": "MX27",
            "geonames": 3516458,
            "iso_3166_2": "MX-TAB"
        },
        "long": {
            "default": "Tabasco"
        }
    },
    {
        "parent": "MX",
        "ids": {
            "fips": "MX23",
            "geonames": 3520887,
            "iso_3166_2": "MX-ROO"
        },
        "long": {
            "default": "Quintana Roo"
        }
    },
    {
        "parent": "MX",
        "ids": {
            "fips": "MX22",
            "geonames": 3520914,
            "iso_3166_2": "MX-QUE"
        },
        "long": {
            "default": "Querétaro"
        }
    },
    {
        "parent": "MX",
        "ids": {
            "fips": "MX21",
            "geonames": 3521082,
            "iso_3166_2": "MX-PUE"
        },
        "long": {
            "default": "Puebla"
        }
    },
    {
        "parent": "MX",
        "ids": {
            "fips": "MX20",
            "geonames": 3522509,
            "iso_3166_2": "MX-OAX"
        },
        "long": {
            "default": "Oaxaca"
        }
    },
    {
        "parent": "MX",
        "ids": {
            "fips": "MX19",
            "geonames": 3522542,
            "iso_3166_2": "MX-NLE"
        },
        "long": {
            "default": "Nuevo León"
        }
    },
    {
        "parent": "MX",
        "ids": {
            "fips": "MX17",
            "geonames": 3522961,
            "iso_3166_2": "MX-MOR"
        },
        "long": {
            "default": "Morelos"
        }
    },
    {
        "parent": "MX",
        "ids": {
            "fips": "MX15",
            "geonames": 3523272,
            "iso_3166_2": "MX-MEX"
        },
        "long": {
            "default": "México"
        }
    },
    {
        "parent": "MX",
        "ids": {
            "fips": "MX13",
            "geonames": 3527115,
            "iso_3166_2": "MX-HID"
        },
        "long": {
            "default": "Hidalgo"
        }
    },
    {
        "parent": "MX",
        "ids": {
            "fips": "MX12",
            "geonames": 3527213,
            "iso_3166_2": "MX-GRO"
        },
        "long": {
            "default": "Guerrero"
        }
    },
    {
        "parent": "MX",
        "ids": {
            "fips": "MX09",
            "geonames": 3527646,
            "iso_3166_2": "MX-DIF"
        },
        "long": {
            "default": "Distrito Federal"
        }
    },
    {
        "parent": "MX",
        "ids": {
            "fips": "MX05",
            "geonames": 3531011,
            "iso_3166_2": "MX-CHP"
        },
        "long": {
            "default": "Chiapas"
        }
    },
    {
        "parent": "MX",
        "ids": {
            "fips": "MX04",
            "geonames": 3531730,
            "iso_3166_2": "MX-CAM"
        },
        "long": {
            "default": "Campeche"
        }
    },
    {
        "parent": "MX",
        "ids": {
            "fips": "MX32",
            "geonames": 3979840,
            "iso_3166_2": "MX-ZAC"
        },
        "long": {
            "default": "Zacatecas"
        }
    },
    {
        "parent": "MX",
        "ids": {
            "fips": "MX26",
            "geonames": 3982846,
            "iso_3166_2": "MX-SON"
        },
        "long": {
            "default": "Sonora"
        }
    },
    {
        "parent": "MX",
        "ids": {
            "fips": "MX25",
            "geonames": 3983035,
            "iso_3166_2": "MX-SIN"
        },
        "long": {
            "default": "Sinaloa"
        }
    },
    {
        "parent": "MX",
        "ids": {
            "fips": "MX24",
            "geonames": 3985605,
            "iso_3166_2": "MX-SLP"
        },
        "long": {
            "default": "San Luis Potosí"
        }
    },
    {
        "parent": "MX",
        "ids": {
            "fips": "MX18",
            "geonames": 3995012,
            "iso_3166_2": "MX-NAY"
        },
        "long": {
            "default": "Nayarit"
        }
    },
    {
        "parent": "MX",
        "ids": {
            "fips": "MX16",
            "geonames": 3995955,
            "iso_3166_2": "MX-MIC"
        },
        "long": {
            "default": "Michoacán"
        }
    },
    {
        "parent": "MX",
        "ids": {
            "fips": "MX14",
            "geonames": 4004156,
            "iso_3166_2": "MX-JAL"
        },
        "long": {
            "default": "Jalisco"
        }
    },
    {
        "parent": "MX",
        "ids": {
            "fips": "MX11",
            "geonames": 4005267,
            "iso_3166_2": "MX-GUA"
        },
        "long": {
            "default": "Guanajuato"
        }
    },
    {
        "parent": "MX",
        "ids": {
            "fips": "MX10",
            "geonames": 4011741,
            "iso_3166_2": "MX-DUR"
        },
        "long": {
            "default": "Durango"
        }
    },
    {
        "parent": "MX",
        "ids": {
            "fips": "MX08",
            "geonames": 4013513,
            "iso_3166_2": "MX-COL"
        },
        "long": {
            "default": "Colima"
        }
    },
    {
        "parent": "MX",
        "ids": {
            "fips": "MX07",
            "geonames": 4013674,
            "iso_3166_2": "MX-COA"
        },
        "long": {
            "default": "Coahuila"
        }
    },
    {
        "parent": "MX",
        "ids": {
            "fips": "MX06",
            "geonames": 4014336,
            "iso_3166_2": "MX-CHH"
        },
        "long": {
            "default": "Chihuahua"
        }
    },
    {
        "parent": "MX",
        "ids": {
            "fips": "MX03",
            "geonames": 4017698,
            "iso_3166_2": "MX-BCS"
        },
        "long": {
            "default": "Baja California Sur"
        }
    },
    {
        "parent": "MX",
        "ids": {
            "fips": "MX02",
            "geonames": 4017700,
            "iso_3166_2": "MX-BCN"
        },
        "long": {
            "default": "Baja California"
        }
    },
    {
        "parent": "MX",
        "ids": {
            "fips": "MX01",
            "geonames": 4019231,
            "iso_3166_2": "MX-AGU"
        },
        "long": {
            "default": "Aguascalientes"
        }
    }
]