[
    {
        "parent": "MY",
        "ids": {
            "fips": "MY04",
            "geonames": 1733035,
            "iso_3166_2": "MY-04"
        },
        "long": {
            "default": "Melaka"
        }
    },
    {
        "parent": "MY",
        "ids": {
            "fips": "MY13",
            "geonames": 1733036,
            "iso_3166_2": "MY-11"
        },
        "long": {
            "default": "Terengganu"
        }
    },
    {
        "parent": "MY",
        "ids": {
            "fips": "MY12",
            "geonames": 1733037,
            "iso_3166_2": "MY-10"
        },
        "long": {
            "default": "Selangor"
        }
    },
    {
        "parent": "MY",
        "ids": {
            "fips": "MY11",
            "geonames": 1733038,
            "iso_3166_2": "MY-13"
        },
        "long": {
            "default": "Sarawak"
        }
    },
    {
        "parent": "MY",
        "ids": {
            "fips": "MY16",
            "geonames": 1733039,
            "iso_3166_2": "MY-12"
        },
        "long": {
            "default": "Sabah"
        }
    },
    {
        "parent": "MY",
        "ids": {
            "fips": "MY08",
            "geonames": 1733040,
            "iso_3166_2": "MY-09"
        },
        "long": {
            "default": "Perlis"
        }
    },
    {
        "parent": "MY",
        "ids": {
            "fips": "MY07",
            "geonames": 1733041,
            "iso_3166_2": "MY-08"
        },
        "long": {
            "default": "Perak"
        }
    },
    {
        "parent": "MY",
        "ids": {
            "fips": "MY06",
            "geonames": 1733042,
            "iso_3166_2": "MY-06"
        },
        "long": {
            "default": "Pahang"
        }
    },
    {
        "parent": "MY",
        "ids": {
            "fips": "MY05",
            "geonames": 1733043,
            "iso_3166_2": "MY-05"
        },
        "long": {
            "default": "Negeri Sembilan"
        }
    },
    {
        "parent": "MY",
        "ids": {
            "fips": "MY03",
            "geonames": 1733044,
            "iso_3166_2": "MY-03"
        },
        "long": {
            "default": "Kelantan"
        }
    },
    {
        "parent": "MY",
        "ids": {
            "fips": "MY14",
            "geonames": 1733046,
            "iso_3166_2": "MY-14"
        },
        "long": {
            "default": "Kuala Lumpur"
        }
    },
    {
        "parent": "MY",
        "ids": {
            "fips": "MY09",
            "geonames": 1733047,
            "iso_3166_2": "MY-07"
        },
        "long": {
            "default": "Penang"
        }
    },
    {
        "parent": "MY",
        "ids": {
            "fips": "MY02",
            "geonames": 1733048,
            "iso_3166_2": "MY-02"
        },
        "long": {
            "default": "Kedah"
        }
    },
    {
        "parent": "MY",
        "ids": {
            "fips": "MY01",
            "geonames": 1733049,
            "iso_3166_2": "MY-01"
        },
        "long": {
            "default": "Johor"
        }
    },
    {
        "parent": "MY",
        "ids": {
            "fips": "MY15",
            "geonames": 1734240,
            "iso_3166_2": "MY-15"
        },
        "long": {
            "default": "Labuan"
        }
    },
    {
        "parent": "MY",
        "ids": {
            "fips": "MY17",
            "geonames": 1996552,
            "iso_3166_2": "MY-16"
        },
        "long": {
            "default": "Putrajaya"
        }
    }
]