[
    {
        "parent": "MZ",
        "ids": {
            "fips": "MZ09",
            "geonames": 1024312,
            "iso_3166_2": "MZ-Q"
        },
        "long": {
            "default": "Zambézia"
        }
    },
    {
        "parent": "MZ",
        "ids": {
            "fips": "MZ08",
            "geonames": 1026010,
            "iso_3166_2": "MZ-T"
        },
        "long": {
            "default": "Tete"
        }
    },
    {
        "parent": "MZ",
        "ids": {
            "fips": "MZ05",
            "geonames": 1026804,
            "iso_3166_2": "MZ-S"
        },
        "long": {
            "default": "Sofala"
        }
    },
    {
        "parent": "MZ",
        "ids": {
            "fips": "MZ07",
            "geonames": 1030006,
            "iso_3166_2": "MZ-A"
        },
        "long": {
            "default": "Niassa"
        }
    },
    {
        "parent": "MZ",
        "ids": {
            "fips": "MZ06",
            "geonames": 1033354,
            "iso_3166_2": "MZ-N"
        },
        "long": {
            "default": "Nampula"
        }
    },
    {
        "parent": "MZ",
        "ids": {
            "fips": "MZ04",
            "geonames": 1040649,
            "iso_3166_2": "MZ-L"
        },
        "long": {
            "default": "Maputo"
        }
    },
    {
        "parent": "MZ",
        "ids": {
            "fips": "MZ10",
            "geonames": 1040947,
            "iso_3166_2": "MZ-B"
        },
        "long": {
            "default": "Manica"
        }
    },
    {
        "parent": "MZ",
        "ids": {
            "fips": "MZ03",
            "geonames": 1045110,
            "iso_3166_2": "MZ-I"
        },
        "long": {
            "default": "Inhambane"
        }
    },
    {
        "parent": "MZ",
        "ids": {
            "fips": "MZ02",
            "geonames": 1046058,
            "iso_3166_2": "MZ-G"
        },
        "long": {
            "default": "Gaza"
        }
    },
    {
        "parent": "MZ",
        "ids": {
            "fips": "MZ01",
            "geonames": 1051823,
            "iso_3166_2": "MZ-P"
        },
        "long": {
            "default": "Cabo Delgado"
        }
    },
    {
        "parent": "MZ",
        "ids": {
            "fips": "MZ11",
            "geonames": 1105845,
            "iso_3166_2": "MZ-MPM"
        },
        "long": {
            "default": "Maputo City"
        }
    }
]