[
    {
        "parent": "NA",
        "ids": {
            "fips": "WA28",
            "geonames": 1090052,
            "iso_3166_2": "NA-CA"
        },
        "long": {
            "default": "Zambezi"
        }
    },
    {
        "parent": "NA",
        "ids": {
            "fips": "WA21",
            "geonames": 3352137,
            "iso_3166_2": "NA-KH"
        },
        "long": {
            "default": "Khomas"
        }
    },
    {
        "parent": "NA",
        "ids": {
            "fips": "WA29",
            "geonames": 3371199,
            "iso_3166_2": "NA-ER"
        },
        "long": {
            "default": "Erongo"
        }
    },
    {
        "parent": "NA",
        "ids": {
            "fips": "WA30",
            "geonames": 3371200,
            "iso_3166_2": "NA-HA"
        },
        "long": {
            "default": "Hardap"
        }
    },
    {
        "parent": "NA",
        "ids": {
            "fips": "WA31",
            "geonames": 3371201,
            "iso_3166_2": "NA-KA"
        },
        "long": {
            "default": "Karas"
        }
    },
    {
        "parent": "NA",
        "ids": {
            "fips": "WA32",
            "geonames": 3371202,
            "iso_3166_2": "NA-KU"
        },
        "long": {
            "default": "Kunene"
        }
    },
    {
        "parent": "NA",
        "ids": {
            "fips": "WA33",
            "geonames": 3371203,
            "iso_3166_2": "NA-OW"
        },
        "long": {
            "default": "Ohangwena"
        }
    },
    {
        "parent": "NA",
        "ids": {
            "fips": "WA35",
            "geonames": 3371205,
            "iso_3166_2": "NA-OH"
        },
        "long": {
            "default": "Omaheke"
        }
    },
    {
        "parent": "NA",
        "ids": {
            "fips": "WA36",
            "geonames": 3371206,
            "iso_3166_2": "NA-OS"
        },
        "long": {
            "default": "Omusati"
        }
    },
    {
        "parent": "NA",
        "ids": {
            "fips": "WA37",
            "geonames": 3371207,
            "iso_3166_2": "NA-ON"
        },
        "long": {
            "default": "Oshana"
        }
    },
    {
        "parent": "NA",
        "ids": {
            "fips": "WA38",
            "geonames": 3371208,
            "iso_3166_2": "NA-OT"
        },
        "long": {
            "default": "Oshikoto"
        }
    },
    {
        "parent": "NA",
        "ids": {
            "fips": "WA39",
            "geonames": 3371209,
            "iso_3166_2": "NA-OD"
        },
        "long": {
            "default": "Otjozondjupa"
        }
    },
    {
        "parent": "NA",
        "ids": {
            "fips": "WA40",
            "geonames": 8693188,
            "iso_3166_2": "NA-KE"
        },
        "long": {
            "default": "Kavango East"
        }
    },
    {
        "parent": "NA",
        "ids": {
            "fips": "WA41",
            "geonames": 8693189,
            "iso_3166_2": "NA-KW"
        },
        "long": {
            "default": "Kavango West"
        }
    }
]