[
    {
        "parent": "NC",
        "ids": {
            "fips": false,
            "geonames": 2140464,
            "iso_3166_2": false
        },
        "long": {
            "default": "South Province"
        }
    },
    {
        "parent": "NC",
        "ids": {
            "fips": false,
            "geonames": 2140685,
            "iso_3166_2": false
        },
        "long": {
            "default": "North Province"
        }
    },
    {
        "parent": "NC",
        "ids": {
            "fips": false,
            "geonames": 7521415,
            "iso_3166_2": false
        },
        "long": {
            "default": "Loyalty Islands"
        }
    }
]