[
    {
        "parent": "NE",
        "ids": {
            "fips": "NG07",
            "geonames": 2437797,
            "iso_3166_2": "NE-7"
        },
        "long": {
            "default": "Zinder"
        }
    },
    {
        "parent": "NE",
        "ids": {
            "fips": "NG06",
            "geonames": 2439374,
            "iso_3166_2": "NE-5"
        },
        "long": {
            "default": "Tahoua"
        }
    },
    {
        "parent": "NE",
        "ids": {
            "fips": "NG04",
            "geonames": 2441289,
            "iso_3166_2": "NE-4"
        },
        "long": {
            "default": "Maradi"
        }
    },
    {
        "parent": "NE",
        "ids": {
            "fips": "NG03",
            "geonames": 2445486,
            "iso_3166_2": "NE-3"
        },
        "long": {
            "default": "Dosso"
        }
    },
    {
        "parent": "NE",
        "ids": {
            "fips": "NG02",
            "geonames": 2445702,
            "iso_3166_2": "NE-2"
        },
        "long": {
            "default": "Diffa"
        }
    },
    {
        "parent": "NE",
        "ids": {
            "fips": "NG01",
            "geonames": 2448083,
            "iso_3166_2": "NE-1"
        },
        "long": {
            "default": "Agadez"
        }
    },
    {
        "parent": "NE",
        "ids": {
            "fips": "NG09",
            "geonames": 2595293
        },
        "long": {
            "default": "Tillabéri"
        }
    },
    {
        "parent": "NE",
        "ids": {
            "fips": "NG08",
            "geonames": 2595294,
            "iso_3166_2": "NE-8"
        },
        "long": {
            "default": "Niamey"
        }
    }
]