[
    {
        "parent": "NG",
        "ids": {
            "fips": "NI51",
            "geonames": 2322907,
            "iso_3166_2": "NG-SO"
        },
        "long": {
            "default": "Sokoto"
        }
    },
    {
        "parent": "NG",
        "ids": {
            "fips": "NI50",
            "geonames": 2324433,
            "iso_3166_2": "NG-RI"
        },
        "long": {
            "default": "Rivers"
        }
    },
    {
        "parent": "NG",
        "ids": {
            "fips": "NI49",
            "geonames": 2324828
        },
        "long": {
            "default": "Plateau"
        }
    },
    {
        "parent": "NG",
        "ids": {
            "fips": "NI32",
            "geonames": 2325190,
            "iso_3166_2": "NG-OY"
        },
        "long": {
            "default": "Oyo"
        }
    },
    {
        "parent": "NG",
        "ids": {
            "fips": "NI48",
            "geonames": 2326168,
            "iso_3166_2": "NG-ON"
        },
        "long": {
            "default": "Ondo"
        }
    },
    {
        "parent": "NG",
        "ids": {
            "fips": "NI16",
            "geonames": 2327546,
            "iso_3166_2": "NG-OG"
        },
        "long": {
            "default": "Ogun"
        }
    },
    {
        "parent": "NG",
        "ids": {
            "fips": "NI31",
            "geonames": 2328925,
            "iso_3166_2": "NG-NI"
        },
        "long": {
            "default": "Niger"
        }
    },
    {
        "parent": "NG",
        "ids": {
            "fips": "NI05",
            "geonames": 2332453,
            "iso_3166_2": "NG-LA"
        },
        "long": {
            "default": "Lagos"
        }
    },
    {
        "parent": "NG",
        "ids": {
            "fips": "NI30",
            "geonames": 2332785,
            "iso_3166_2": "NG-KW"
        },
        "long": {
            "default": "Kwara"
        }
    },
    {
        "parent": "NG",
        "ids": {
            "fips": "NI24",
            "geonames": 2334797,
            "iso_3166_2": "NG-KT"
        },
        "long": {
            "default": "Katsina"
        }
    },
    {
        "parent": "NG",
        "ids": {
            "fips": "NI29",
            "geonames": 2335196,
            "iso_3166_2": "NG-KN"
        },
        "long": {
            "default": "Kano"
        }
    },
    {
        "parent": "NG",
        "ids": {
            "fips": "NI23",
            "geonames": 2335722,
            "iso_3166_2": "NG-KD"
        },
        "long": {
            "default": "Kaduna"
        }
    },
    {
        "parent": "NG",
        "ids": {
            "fips": "NI28",
            "geonames": 2337542,
            "iso_3166_2": "NG-IM"
        },
        "long": {
            "default": "Imo"
        }
    },
    {
        "parent": "NG",
        "ids": {
            "fips": "NI22",
            "geonames": 2345891,
            "iso_3166_2": "NG-CR"
        },
        "long": {
            "default": "Cross River"
        }
    },
    {
        "parent": "NG",
        "ids": {
            "fips": "NI27",
            "geonames": 2346794,
            "iso_3166_2": "NG-BO"
        },
        "long": {
            "default": "Borno"
        }
    },
    {
        "parent": "NG",
        "ids": {
            "fips": "NI26",
            "geonames": 2347266,
            "iso_3166_2": "NG-BE"
        },
        "long": {
            "default": "Benue"
        }
    },
    {
        "parent": "NG",
        "ids": {
            "fips": "NI46",
            "geonames": 2347468,
            "iso_3166_2": "NG-BA"
        },
        "long": {
            "default": "Bauchi"
        }
    },
    {
        "parent": "NG",
        "ids": {
            "fips": "NI25",
            "geonames": 2349961,
            "iso_3166_2": "NG-AN"
        },
        "long": {
            "default": "Anambra"
        }
    },
    {
        "parent": "NG",
        "ids": {
            "fips": "NI21",
            "geonames": 2350813,
            "iso_3166_2": "NG-AK"
        },
        "long": {
            "default": "Akwa Ibom"
        }
    },
    {
        "parent": "NG",
        "ids": {
            "fips": "NI11",
            "geonames": 2352776,
            "iso_3166_2": "NG-FC"
        },
        "long": {
            "default": "Abuja Federal Capital Territory"
        }
    },
    {
        "parent": "NG",
        "ids": {
            "fips": "NI45",
            "geonames": 2565340,
            "iso_3166_2": "NG-AB"
        },
        "long": {
            "default": "Abia"
        }
    },
    {
        "parent": "NG",
        "ids": {
            "fips": "NI36",
            "geonames": 2565341,
            "iso_3166_2": "NG-DE"
        },
        "long": {
            "default": "Delta"
        }
    },
    {
        "parent": "NG",
        "ids": {
            "fips": "NI35",
            "geonames": 2565342,
            "iso_3166_2": "NG-AD"
        },
        "long": {
            "default": "Adamawa"
        }
    },
    {
        "parent": "NG",
        "ids": {
            "fips": "NI37",
            "geonames": 2565343,
            "iso_3166_2": "NG-ED"
        },
        "long": {
            "default": "Edo"
        }
    },
    {
        "parent": "NG",
        "ids": {
            "fips": "NI47",
            "geonames": 2565344,
            "iso_3166_2": "NG-EN"
        },
        "long": {
            "default": "Enugu"
        }
    },
    {
        "parent": "NG",
        "ids": {
            "fips": "NI39",
            "geonames": 2565345,
            "iso_3166_2": "NG-JI"
        },
        "long": {
            "default": "Jigawa"
        }
    },
    {
        "parent": "NG",
        "ids": {
            "fips": "NI52",
            "geonames": 2595344,
            "iso_3166_2": "NG-BY"
        },
        "long": {
            "default": "Bayelsa"
        }
    },
    {
        "parent": "NG",
        "ids": {
            "fips": "NI53",
            "geonames": 2595345,
            "iso_3166_2": "NG-EB"
        },
        "long": {
            "default": "Ebonyi"
        }
    },
    {
        "parent": "NG",
        "ids": {
            "fips": "NI54",
            "geonames": 2595346,
            "iso_3166_2": "NG-EK"
        },
        "long": {
            "default": "Ekiti"
        }
    },
    {
        "parent": "NG",
        "ids": {
            "fips": "NI55",
            "geonames": 2595347,
            "iso_3166_2": "NG-GO"
        },
        "long": {
            "default": "Gombe"
        }
    },
    {
        "parent": "NG",
        "ids": {
            "fips": "NI56",
            "geonames": 2595348,
            "iso_3166_2": "NG-NA"
        },
        "long": {
            "default": "Nassarawa"
        }
    },
    {
        "parent": "NG",
        "ids": {
            "fips": "NI57",
            "geonames": 2595349,
            "iso_3166_2": "NG-ZA"
        },
        "long": {
            "default": "Zamfara"
        }
    },
    {
        "parent": "NG",
        "ids": {
            "fips": "NI40",
            "geonames": 2597363,
            "iso_3166_2": "NG-KE"
        },
        "long": {
            "default": "Kebbi"
        }
    },
    {
        "parent": "NG",
        "ids": {
            "fips": "NI41",
            "geonames": 2597364,
            "iso_3166_2": "NG-KO"
        },
        "long": {
            "default": "Kogi"
        }
    },
    {
        "parent": "NG",
        "ids": {
            "fips": "NI42",
            "geonames": 2597365,
            "iso_3166_2": "NG-OS"
        },
        "long": {
            "default": "Osun"
        }
    },
    {
        "parent": "NG",
        "ids": {
            "fips": "NI43",
            "geonames": 2597366,
            "iso_3166_2": "NG-TA"
        },
        "long": {
            "default": "Taraba"
        }
    },
    {
        "parent": "NG",
        "ids": {
            "fips": "NI44",
            "geonames": 2597367,
            "iso_3166_2": "NG-YO"
        },
        "long": {
            "default": "Yobe"
        }
    }
]