[
    {
        "parent": "NI",
        "ids": {
            "fips": "NU15",
            "geonames": 3617051,
            "iso_3166_2": "NI-RI"
        },
        "long": {
            "default": "Rivas"
        }
    },
    {
        "parent": "NI",
        "ids": {
            "fips": "NU14",
            "geonames": 3617056,
            "iso_3166_2": "NI-SJ"
        },
        "long": {
            "default": "Río San Juan"
        }
    },
    {
        "parent": "NI",
        "ids": {
            "fips": "NU13",
            "geonames": 3617458,
            "iso_3166_2": "NI-NS"
        },
        "long": {
            "default": "Nueva Segovia"
        }
    },
    {
        "parent": "NI",
        "ids": {
            "fips": "NU12",
            "geonames": 3617707,
            "iso_3166_2": "NI-MT"
        },
        "long": {
            "default": "Matagalpa"
        }
    },
    {
        "parent": "NI",
        "ids": {
            "fips": "NU11",
            "geonames": 3617722,
            "iso_3166_2": "NI-MS"
        },
        "long": {
            "default": "Masaya"
        }
    },
    {
        "parent": "NI",
        "ids": {
            "fips": "NU10",
            "geonames": 3617762,
            "iso_3166_2": "NI-MN"
        },
        "long": {
            "default": "Managua"
        }
    },
    {
        "parent": "NI",
        "ids": {
            "fips": "NU09",
            "geonames": 3617796,
            "iso_3166_2": "NI-MD"
        },
        "long": {
            "default": "Madriz"
        }
    },
    {
        "parent": "NI",
        "ids": {
            "fips": "NU08",
            "geonames": 3618029,
            "iso_3166_2": "NI-LE"
        },
        "long": {
            "default": "León"
        }
    },
    {
        "parent": "NI",
        "ids": {
            "fips": "NU07",
            "geonames": 3618928,
            "iso_3166_2": "NI-JI"
        },
        "long": {
            "default": "Jinotega"
        }
    },
    {
        "parent": "NI",
        "ids": {
            "fips": "NU06",
            "geonames": 3619135,
            "iso_3166_2": "NI-GR"
        },
        "long": {
            "default": "Granada"
        }
    },
    {
        "parent": "NI",
        "ids": {
            "fips": "NU05",
            "geonames": 3619193,
            "iso_3166_2": "NI-ES"
        },
        "long": {
            "default": "Estelí"
        }
    },
    {
        "parent": "NI",
        "ids": {
            "fips": "NU04",
            "geonames": 3620368,
            "iso_3166_2": "NI-CO"
        },
        "long": {
            "default": "Chontales"
        }
    },
    {
        "parent": "NI",
        "ids": {
            "fips": "NU03",
            "geonames": 3620380,
            "iso_3166_2": "NI-CI"
        },
        "long": {
            "default": "Chinandega"
        }
    },
    {
        "parent": "NI",
        "ids": {
            "fips": "NU02",
            "geonames": 3620481,
            "iso_3166_2": "NI-CA"
        },
        "long": {
            "default": "Carazo"
        }
    },
    {
        "parent": "NI",
        "ids": {
            "fips": "NU01",
            "geonames": 3620673,
            "iso_3166_2": "NI-BO"
        },
        "long": {
            "default": "Boaco"
        }
    },
    {
        "parent": "NI",
        "ids": {
            "fips": "NU17",
            "geonames": 3830307,
            "iso_3166_2": "NI-AN"
        },
        "long": {
            "default": "Atlántico Norte"
        }
    },
    {
        "parent": "NI",
        "ids": {
            "fips": "NU18",
            "geonames": 3830308,
            "iso_3166_2": "NI-AS"
        },
        "long": {
            "default": "Atlántico Sur"
        }
    }
]