[
    {
        "parent": "NL",
        "ids": {
            "fips": "NL11",
            "geonames": 2743698,
            "iso_3166_2": "NL-ZH"
        },
        "long": {
            "default": "South Holland"
        },
        "timezone": "Europe/Amsterdam"
    },
    {
        "parent": "NL",
        "ids": {
            "fips": "NL10",
            "geonames": 2744011,
            "iso_3166_2": "NL-ZE"
        },
        "long": {
            "default": "Zeeland"
        },
        "timezone": "Europe/Amsterdam"
    },
    {
        "parent": "NL",
        "ids": {
            "fips": "NL09",
            "geonames": 2745909,
            "iso_3166_2": "NL-UT"
        },
        "long": {
            "default": "Utrecht"
        },
        "timezone": "Europe/Amsterdam"
    },
    {
        "parent": "NL",
        "ids": {
            "fips": "NL15",
            "geonames": 2748838,
            "iso_3166_2": "NL-OV"
        },
        "long": {
            "default": "Overijssel"
        },
        "timezone": "Europe/Amsterdam"
    },
    {
        "parent": "NL",
        "ids": {
            "fips": "NL07",
            "geonames": 2749879,
            "iso_3166_2": "NL-NH"
        },
        "long": {
            "default": "North Holland"
        },
        "timezone": "Europe/Amsterdam"
    },
    {
        "parent": "NL",
        "ids": {
            "fips": "NL06",
            "geonames": 2749990,
            "iso_3166_2": "NL-NB"
        },
        "long": {
            "default": "North Brabant"
        },
        "timezone": "Europe/Amsterdam"
    },
    {
        "parent": "NL",
        "ids": {
            "fips": "NL05",
            "geonames": 2751596,
            "iso_3166_2": "NL-LI"
        },
        "long": {
            "default": "Limburg"
        },
        "timezone": "Europe/Amsterdam"
    },
    {
        "parent": "NL",
        "ids": {
            "fips": "NL04",
            "geonames": 2755249,
            "iso_3166_2": "NL-GR"
        },
        "long": {
            "default": "Groningen"
        },
        "timezone": "Europe/Amsterdam"
    },
    {
        "parent": "NL",
        "ids": {
            "fips": "NL03",
            "geonames": 2755634,
            "iso_3166_2": "NL-GE"
        },
        "long": {
            "default": "Gelderland"
        },
        "timezone": "Europe/Amsterdam"
    },
    {
        "parent": "NL",
        "ids": {
            "fips": "NL02",
            "geonames": 2755812,
            "iso_3166_2": "NL-FR"
        },
        "long": {
            "default": "Friesland"
        },
        "timezone": "Europe/Amsterdam"
    },
    {
        "parent": "NL",
        "ids": {
            "fips": "NL01",
            "geonames": 2756631,
            "iso_3166_2": "NL-DR"
        },
        "long": {
            "default": "Drenthe"
        },
        "timezone": "Europe/Amsterdam"
    },
    {
        "parent": "NL",
        "ids": {
            "fips": "NL16",
            "geonames": 3319179,
            "iso_3166_2": "NL-FL"
        },
        "long": {
            "default": "Flevoland"
        },
        "timezone": "Europe/Amsterdam"
    }
]
