[
    {
        "parent": "NO",
        "ids": {
            "fips": "NO05",
            "geonames": 780166,
            "iso_3166_2": "NO-20"
        },
        "long": {
            "default": "Finnmark Fylke"
        }
    },
    {
        "parent": "NO",
        "ids": {
            "fips": "NO20",
            "geonames": 3132015,
            "iso_3166_2": "NO-07"
        },
        "long": {
            "default": "Vestfold"
        }
    },
    {
        "parent": "NO",
        "ids": {
            "fips": "NO19",
            "geonames": 3132064,
            "iso_3166_2": "NO-10"
        },
        "long": {
            "default": "Vest-Agder"
        }
    },
    {
        "parent": "NO",
        "ids": {
            "fips": "NO18",
            "geonames": 3133897,
            "iso_3166_2": "NO-19"
        },
        "long": {
            "default": "Troms"
        }
    },
    {
        "parent": "NO",
        "ids": {
            "fips": "NO17",
            "geonames": 3134723,
            "iso_3166_2": "NO-08"
        },
        "long": {
            "default": "Telemark"
        }
    },
    {
        "parent": "NO",
        "ids": {
            "fips": "NO16",
            "geonames": 3137400,
            "iso_3166_2": "NO-16"
        },
        "long": {
            "default": "Sør-Trøndelag"
        }
    },
    {
        "parent": "NO",
        "ids": {
            "fips": "NO15",
            "geonames": 3137966,
            "iso_3166_2": "NO-14"
        },
        "long": {
            "default": "Sogn og Fjordane"
        }
    },
    {
        "parent": "NO",
        "ids": {
            "fips": "NO14",
            "geonames": 3141558,
            "iso_3166_2": "NO-11"
        },
        "long": {
            "default": "Rogaland"
        }
    },
    {
        "parent": "NO",
        "ids": {
            "fips": "NO13",
            "geonames": 3143188,
            "iso_3166_2": "NO-01"
        },
        "long": {
            "default": "Østfold"
        }
    },
    {
        "parent": "NO",
        "ids": {
            "fips": "NO12",
            "geonames": 3143242,
            "iso_3166_2": "NO-03"
        },
        "long": {
            "default": "Oslo"
        }
    },
    {
        "parent": "NO",
        "ids": {
            "fips": "NO11",
            "geonames": 3143487,
            "iso_3166_2": "NO-05"
        },
        "long": {
            "default": "Oppland"
        }
    },
    {
        "parent": "NO",
        "ids": {
            "fips": "NO10",
            "geonames": 3144148,
            "iso_3166_2": "NO-17"
        },
        "long": {
            "default": "Nord-Trøndelag"
        }
    },
    {
        "parent": "NO",
        "ids": {
            "fips": "NO09",
            "geonames": 3144301,
            "iso_3166_2": "NO-18"
        },
        "long": {
            "default": "Nordland"
        }
    },
    {
        "parent": "NO",
        "ids": {
            "fips": "NO08",
            "geonames": 3145495,
            "iso_3166_2": "NO-15"
        },
        "long": {
            "default": "Møre og Romsdal"
        }
    },
    {
        "parent": "NO",
        "ids": {
            "fips": "NO07",
            "geonames": 3151864,
            "iso_3166_2": "NO-12"
        },
        "long": {
            "default": "Hordaland"
        }
    },
    {
        "parent": "NO",
        "ids": {
            "fips": "NO06",
            "geonames": 3153403,
            "iso_3166_2": "NO-04"
        },
        "long": {
            "default": "Hedmark"
        }
    },
    {
        "parent": "NO",
        "ids": {
            "fips": "NO04",
            "geonames": 3159665,
            "iso_3166_2": "NO-06"
        },
        "long": {
            "default": "Buskerud"
        }
    },
    {
        "parent": "NO",
        "ids": {
            "fips": "NO02",
            "geonames": 3162354,
            "iso_3166_2": "NO-09"
        },
        "long": {
            "default": "Aust-Agder"
        }
    },
    {
        "parent": "NO",
        "ids": {
            "fips": "NO01",
            "geonames": 3163480,
            "iso_3166_2": "NO-02"
        },
        "long": {
            "default": "Akershus"
        }
    }
]