[
    {
        "parent": "NP",
        "ids": {
            "fips": false,
            "geonames": 7289705,
            "iso_3166_2": "NP-5"
        },
        "long": {
            "default": "Far Western"
        }
    },
    {
        "parent": "NP",
        "ids": {
            "fips": false,
            "geonames": 7289706,
            "iso_3166_2": "NP-2"
        },
        "long": {
            "default": "Mid Western"
        }
    },
    {
        "parent": "NP",
        "ids": {
            "fips": false,
            "geonames": 7289707,
            "iso_3166_2": "NP-1"
        },
        "long": {
            "default": "Central Region"
        }
    },
    {
        "parent": "NP",
        "ids": {
            "fips": "ER",
            "geonames": 7289708,
            "iso_3166_2": "NP-4"
        },
        "long": {
            "default": "Eastern Region"
        }
    },
    {
        "parent": "NP",
        "ids": {
            "fips": false,
            "geonames": 7289709,
            "iso_3166_2": "NP-3"
        },
        "long": {
            "default": "Western Region"
        }
    }
]