[
    {
        "parent": "NR",
        "ids": {
            "fips": "NR14",
            "geonames": 2110418,
            "iso_3166_2": "NR-14"
        },
        "long": {
            "default": "Yaren"
        }
    },
    {
        "parent": "NR",
        "ids": {
            "fips": "NR13",
            "geonames": 2110420,
            "iso_3166_2": "NR-13"
        },
        "long": {
            "default": "Uaboe"
        }
    },
    {
        "parent": "NR",
        "ids": {
            "fips": "NR12",
            "geonames": 2110423,
            "iso_3166_2": "NR-12"
        },
        "long": {
            "default": "Nibok"
        }
    },
    {
        "parent": "NR",
        "ids": {
            "fips": "NR11",
            "geonames": 2110431,
            "iso_3166_2": "NR-11"
        },
        "long": {
            "default": "Meneng"
        }
    },
    {
        "parent": "NR",
        "ids": {
            "fips": "NR10",
            "geonames": 2110432,
            "iso_3166_2": "NR-10"
        },
        "long": {
            "default": "Ijuw"
        }
    },
    {
        "parent": "NR",
        "ids": {
            "fips": "NR09",
            "geonames": 2110435,
            "iso_3166_2": "NR-09"
        },
        "long": {
            "default": "Ewa"
        }
    },
    {
        "parent": "NR",
        "ids": {
            "fips": "NR08",
            "geonames": 2110437,
            "iso_3166_2": "NR-08"
        },
        "long": {
            "default": "Denigomodu"
        }
    },
    {
        "parent": "NR",
        "ids": {
            "fips": "NR07",
            "geonames": 2110440,
            "iso_3166_2": "NR-07"
        },
        "long": {
            "default": "Buada"
        }
    },
    {
        "parent": "NR",
        "ids": {
            "fips": "NR06",
            "geonames": 2110441,
            "iso_3166_2": "NR-06"
        },
        "long": {
            "default": "Boe"
        }
    },
    {
        "parent": "NR",
        "ids": {
            "fips": "NR05",
            "geonames": 2110442,
            "iso_3166_2": "NR-05"
        },
        "long": {
            "default": "Baiti"
        }
    },
    {
        "parent": "NR",
        "ids": {
            "fips": "NR04",
            "geonames": 2110445,
            "iso_3166_2": "NR-04"
        },
        "long": {
            "default": "Anibare"
        }
    },
    {
        "parent": "NR",
        "ids": {
            "fips": "NR03",
            "geonames": 2110448,
            "iso_3166_2": "NR-03"
        },
        "long": {
            "default": "Anetan"
        }
    },
    {
        "parent": "NR",
        "ids": {
            "fips": "NR02",
            "geonames": 2110449,
            "iso_3166_2": "NR-02"
        },
        "long": {
            "default": "Anabar"
        }
    },
    {
        "parent": "NR",
        "ids": {
            "fips": "NR01",
            "geonames": 2110451,
            "iso_3166_2": "NR-01"
        },
        "long": {
            "default": "Aiwo"
        }
    }
]