[
    {
        "parent": "NZ",
        "ids": {
            "fips": "G2",
            "geonames": 2179538,
            "iso_3166_2": "NZ-WGN"
        },
        "long": {
            "default": "Wellington"
        },
        "timezone": "Pacific/Auckland"
    },
    {
        "parent": "NZ",
        "ids": {
            "fips": "F3",
            "geonames": 2179671,
            "iso_3166_2": "NZ-MWT"
        },
        "long": {
            "default": "Manawatu-Wanganui"
        },
        "timezone": "Pacific/Auckland"
    },
    {
        "parent": "NZ",
        "ids": {
            "fips": "G1",
            "geonames": 2180293,
            "iso_3166_2": "NZ-WKO"
        },
        "long": {
            "default": "Waikato"
        },
        "timezone": "Pacific/Auckland"
    },
    {
        "parent": "NZ",
        "ids": {
            "fips": "TAS",
            "geonames": 2181818,
            "iso_3166_2": "NZ-TAS"
        },
        "long": {
            "default": "Tasman"
        },
        "timezone": "Pacific/Auckland"
    },
    {
        "parent": "NZ",
        "ids": {
            "fips": "F9",
            "geonames": 2181872,
            "iso_3166_2": "NZ-TKI"
        },
        "long": {
            "default": "Taranaki"
        },
        "timezone": "Pacific/Auckland"
    },
    {
        "parent": "NZ",
        "ids": {
            "fips": "F8",
            "geonames": 2182501,
            "iso_3166_2": "NZ-STL"
        },
        "long": {
            "default": "Southland"
        },
        "timezone": "Pacific/Auckland"
    },
    {
        "parent": "NZ",
        "ids": {
            "fips": "E8",
            "geonames": 2182560,
            "iso_3166_2": "NZ-BOP"
        },
        "long": {
            "default": "Bay of Plenty"
        },
        "timezone": "Pacific/Auckland"
    },
    {
        "parent": "NZ",
        "ids": {
            "fips": "F6",
            "geonames": 2185978,
            "iso_3166_2": "NZ-NTL"
        },
        "long": {
            "default": "Northland"
        },
        "timezone": "Pacific/Auckland"
    },
    {
        "parent": "NZ",
        "ids": {
            "fips": "F4",
            "geonames": 2187304,
            "iso_3166_2": "NZ-MBH"
        },
        "long": {
            "default": "Marlborough"
        },
        "timezone": "Pacific/Auckland"
    },
    {
        "parent": "NZ",
        "ids": {
            "fips": "F2",
            "geonames": 2190146,
            "iso_3166_2": "NZ-HKB"
        },
        "long": {
            "default": "Hawke's Bay"
        },
        "timezone": "Pacific/Auckland"
    },
    {
        "parent": "NZ",
        "ids": {
            "fips": "F1",
            "geonames": 2190767,
            "iso_3166_2": "NZ-GIS"
        },
        "long": {
            "default": "Gisborne"
        },
        "timezone": "Pacific/Auckland"
    },
    {
        "parent": "NZ",
        "ids": {
            "fips": "E9",
            "geonames": 2192628,
            "iso_3166_2": "NZ-CAN"
        },
        "long": {
            "default": "Canterbury"
        },
        "timezone": "Pacific/Auckland"
    },
    {
        "parent": "NZ",
        "ids": {
            "fips": "E7",
            "geonames": 2193734,
            "iso_3166_2": "NZ-AUK"
        },
        "long": {
            "default": "Auckland"
        },
        "timezone": "Pacific/Auckland"
    },
    {
        "parent": "NZ",
        "ids": {
            "fips": "NZ10",
            "geonames": 4033013,
            "iso_3166_2": "NZ-CIT"
        },
        "long": {
            "default": "Chatham Islands"
        },
        "timezone": "Pacific/Auckland"
    },
    {
        "parent": "NZ",
        "ids": {
            "fips": "F5",
            "geonames": 6612108,
            "iso_3166_2": "NZ-NSN"
        },
        "long": {
            "default": "Nelson"
        },
        "timezone": "Pacific/Auckland"
    },
    {
        "parent": "NZ",
        "ids": {
            "fips": "F7",
            "geonames": 6612109,
            "iso_3166_2": "NZ-OTA"
        },
        "long": {
            "default": "Otago"
        },
        "timezone": "Pacific/Auckland"
    },
    {
        "parent": "NZ",
        "ids": {
            "fips": "G3",
            "geonames": 6612113,
            "iso_3166_2": "NZ-WTC"
        },
        "long": {
            "default": "West Coast"
        },
        "timezone": "Pacific/Auckland"
    }
]