[
    {
        "parent": "OM",
        "ids": {
            "fips": "MU01",
            "geonames": 411735,
            "iso_3166_2": "OM-DA"
        },
        "long": {
            "default": "Ad Dākhilīyah"
        }
    },
    {
        "parent": "OM",
        "ids": {
            "fips": "MU02",
            "geonames": 411736,
            "iso_3166_2": "OM-BJ"
        },
        "long": {
            "default": "Al Batinah South Governorate"
        }
    },
    {
        "parent": "OM",
        "ids": {
            "fips": "MU03",
            "geonames": 411737,
            "iso_3166_2": "OM-WU"
        },
        "long": {
            "default": "Al Wusţá"
        }
    },
    {
        "parent": "OM",
        "ids": {
            "fips": "MU04",
            "geonames": 411738,
            "iso_3166_2": "OM-SJ"
        },
        "long": {
            "default": "Ash Sharqiyah South Governorate"
        }
    },
    {
        "parent": "OM",
        "ids": {
            "fips": "MU09",
            "geonames": 411739,
            "iso_3166_2": "OM-ZA"
        },
        "long": {
            "default": "Az̧ Z̧āhirah"
        }
    },
    {
        "parent": "OM",
        "ids": {
            "fips": "MU06",
            "geonames": 411740,
            "iso_3166_2": "OM-MA"
        },
        "long": {
            "default": "Masqaţ"
        }
    },
    {
        "parent": "OM",
        "ids": {
            "fips": "MU07",
            "geonames": 411741,
            "iso_3166_2": "OM-MU"
        },
        "long": {
            "default": "Musandam"
        }
    },
    {
        "parent": "OM",
        "ids": {
            "fips": "MU08",
            "geonames": 411742,
            "iso_3166_2": "OM-ZU"
        },
        "long": {
            "default": "Z̧ufār"
        }
    },
    {
        "parent": "OM",
        "ids": {
            "fips": "MU10",
            "geonames": 7110710,
            "iso_3166_2": "OM-BU"
        },
        "long": {
            "default": "Al Buraymi"
        }
    },
    {
        "parent": "OM",
        "ids": {
            "fips": "MU12",
            "geonames": 8394433,
            "iso_3166_2": "OM-SS"
        },
        "long": {
            "default": "Ash Sharqiyah North Governorate"
        }
    },
    {
        "parent": "OM",
        "ids": {
            "fips": "MU11",
            "geonames": 8394434,
            "iso_3166_2": "OM-BS"
        },
        "long": {
            "default": "Al Batinah North Governorate"
        }
    }
]