[
    {
        "parent": "PA",
        "ids": {
            "fips": "PM10",
            "geonames": 3700159,
            "iso_3166_2": "PA-9"
        },
        "long": {
            "default": "Veraguas"
        }
    },
    {
        "parent": "PA",
        "ids": {
            "fips": "PM09",
            "geonames": 3701537,
            "iso_3166_2": "PA-KY"
        },
        "long": {
            "default": "Kuna Yala"
        }
    },
    {
        "parent": "PA",
        "ids": {
            "fips": "PM08",
            "geonames": 3703433,
            "iso_3166_2": "PA-8"
        },
        "long": {
            "default": "Panamá"
        }
    },
    {
        "parent": "PA",
        "ids": {
            "fips": "PM07",
            "geonames": 3704961,
            "iso_3166_2": "PA-7"
        },
        "long": {
            "default": "Los Santos"
        }
    },
    {
        "parent": "PA",
        "ids": {
            "fips": "PM06",
            "geonames": 3708710,
            "iso_3166_2": "PA-6"
        },
        "long": {
            "default": "Herrera"
        }
    },
    {
        "parent": "PA",
        "ids": {
            "fips": "PM05",
            "geonames": 3711671,
            "iso_3166_2": "PA-5"
        },
        "long": {
            "default": "Darién"
        }
    },
    {
        "parent": "PA",
        "ids": {
            "fips": "PM04",
            "geonames": 3712073,
            "iso_3166_2": "PA-3"
        },
        "long": {
            "default": "Colón"
        }
    },
    {
        "parent": "PA",
        "ids": {
            "fips": "PM03",
            "geonames": 3712162,
            "iso_3166_2": "PA-2"
        },
        "long": {
            "default": "Coclé"
        }
    },
    {
        "parent": "PA",
        "ids": {
            "fips": "PM02",
            "geonames": 3712410,
            "iso_3166_2": "PA-4"
        },
        "long": {
            "default": "Chiriquí"
        }
    },
    {
        "parent": "PA",
        "ids": {
            "fips": "PM01",
            "geonames": 3713954,
            "iso_3166_2": "PA-1"
        },
        "long": {
            "default": "Bocas del Toro"
        }
    },
    {
        "parent": "PA",
        "ids": {
            "fips": "PM11",
            "geonames": 7303686,
            "iso_3166_2": "PA-EM"
        },
        "long": {
            "default": "Emberá"
        }
    },
    {
        "parent": "PA",
        "ids": {
            "fips": "PM12",
            "geonames": 7303688,
            "iso_3166_2": "PA-NB"
        },
        "long": {
            "default": "Ngöbe-Buglé"
        }
    },
    {
        "parent": "PA",
        "ids": {
            "fips": false,
            "geonames": false,
            "iso_3166_2": "PA-10"
        },
        "long": {
            "default": "Panamá Oeste"
        }
    }
]