[
    {
        "parent": "PE",
        "ids": {
            "fips": "PE25",
            "geonames": 3691099,
            "iso_3166_2": "PE-UCA"
        },
        "long": {
            "default": "Ucayali"
        }
    },
    {
        "parent": "PE",
        "ids": {
            "fips": "PE24",
            "geonames": 3691146,
            "iso_3166_2": "PE-TUM"
        },
        "long": {
            "default": "Tumbes"
        }
    },
    {
        "parent": "PE",
        "ids": {
            "fips": "PE22",
            "geonames": 3692385,
            "iso_3166_2": "PE-SAM"
        },
        "long": {
            "default": "San Martín"
        }
    },
    {
        "parent": "PE",
        "ids": {
            "fips": "PE20",
            "geonames": 3693525,
            "iso_3166_2": "PE-PIU"
        },
        "long": {
            "default": "Piura"
        }
    },
    {
        "parent": "PE",
        "ids": {
            "fips": "PE16",
            "geonames": 3695238,
            "iso_3166_2": "PE-LOR"
        },
        "long": {
            "default": "Loreto"
        }
    },
    {
        "parent": "PE",
        "ids": {
            "fips": "PE14",
            "geonames": 3695753,
            "iso_3166_2": "PE-LAM"
        },
        "long": {
            "default": "Lambayeque"
        }
    },
    {
        "parent": "PE",
        "ids": {
            "fips": "PE13",
            "geonames": 3695781,
            "iso_3166_2": "PE-LAL"
        },
        "long": {
            "default": "La Libertad"
        }
    },
    {
        "parent": "PE",
        "ids": {
            "fips": "PE10",
            "geonames": 3696416,
            "iso_3166_2": "PE-HUC"
        },
        "long": {
            "default": "Huanuco"
        }
    },
    {
        "parent": "PE",
        "ids": {
            "fips": "PE06",
            "geonames": 3699087,
            "iso_3166_2": "PE-CAJ"
        },
        "long": {
            "default": "Cajamarca"
        }
    },
    {
        "parent": "PE",
        "ids": {
            "fips": "PE02",
            "geonames": 3699674,
            "iso_3166_2": "PE-ANC"
        },
        "long": {
            "default": "Ancash"
        }
    },
    {
        "parent": "PE",
        "ids": {
            "fips": "PE01",
            "geonames": 3699699,
            "iso_3166_2": "PE-AMA"
        },
        "long": {
            "default": "Amazonas"
        }
    },
    {
        "parent": "PE",
        "ids": {
            "fips": "PE23",
            "geonames": 3928127,
            "iso_3166_2": "PE-TAC"
        },
        "long": {
            "default": "Tacna"
        }
    },
    {
        "parent": "PE",
        "ids": {
            "fips": "PE21",
            "geonames": 3931275,
            "iso_3166_2": "PE-PUN"
        },
        "long": {
            "default": "Puno"
        }
    },
    {
        "parent": "PE",
        "ids": {
            "fips": "PE19",
            "geonames": 3932834,
            "iso_3166_2": "PE-PAS"
        },
        "long": {
            "default": "Pasco"
        }
    },
    {
        "parent": "PE",
        "ids": {
            "fips": "PE18",
            "geonames": 3934607,
            "iso_3166_2": "PE-MOQ"
        },
        "long": {
            "default": "Moquegua"
        }
    },
    {
        "parent": "PE",
        "ids": {
            "fips": "PE17",
            "geonames": 3935619,
            "iso_3166_2": "PE-MDD"
        },
        "long": {
            "default": "Madre de Dios"
        }
    },
    {
        "parent": "PE",
        "ids": {
            "fips": "LMA",
            "geonames": 3936451,
            "iso_3166_2": "PE-LMA"
        },
        "long": {
            "default": "Lima"
        }
    },
    {
        "parent": "PE",
        "ids": {
            "fips": "PE15",
            "geonames": 3936452,
            "iso_3166_2": "PE-LIM"
        },
        "long": {
            "default": "Lima region"
        }
    },
    {
        "parent": "PE",
        "ids": {
            "fips": "PE12",
            "geonames": 3937485,
            "iso_3166_2": "PE-JUN"
        },
        "long": {
            "default": "Junín"
        }
    },
    {
        "parent": "PE",
        "ids": {
            "fips": "PE11",
            "geonames": 3938526,
            "iso_3166_2": "PE-ICA"
        },
        "long": {
            "default": "Ica"
        }
    },
    {
        "parent": "PE",
        "ids": {
            "fips": "PE09",
            "geonames": 3939467,
            "iso_3166_2": "PE-HUV"
        },
        "long": {
            "default": "Huancavelica"
        }
    },
    {
        "parent": "PE",
        "ids": {
            "fips": "PE08",
            "geonames": 3941583,
            "iso_3166_2": "PE-CUS"
        },
        "long": {
            "default": "Cusco"
        }
    },
    {
        "parent": "PE",
        "ids": {
            "fips": "PE07",
            "geonames": 3946080,
            "iso_3166_2": "PE-CAL"
        },
        "long": {
            "default": "Callao"
        }
    },
    {
        "parent": "PE",
        "ids": {
            "fips": "PE05",
            "geonames": 3947018,
            "iso_3166_2": "PE-AYA"
        },
        "long": {
            "default": "Ayacucho"
        }
    },
    {
        "parent": "PE",
        "ids": {
            "fips": "PE04",
            "geonames": 3947319,
            "iso_3166_2": "PE-ARE"
        },
        "long": {
            "default": "Arequipa"
        }
    },
    {
        "parent": "PE",
        "ids": {
            "fips": "PE03",
            "geonames": 3947421,
            "iso_3166_2": "PE-APU"
        },
        "long": {
            "default": "Apurímac"
        }
    }
]