[
    {
        "parent": "PF",
        "ids": {
            "fips": "FP04",
            "geonames": 4019991,
            "iso_3166_2": false
        },
        "long": {
            "default": "Îles Marquises"
        }
    },
    {
        "parent": "PF",
        "ids": {
            "fips": "FP03",
            "geonames": 4030621,
            "iso_3166_2": false
        },
        "long": {
            "default": "Îles Tuamotu-Gambier"
        }
    },
    {
        "parent": "PF",
        "ids": {
            "fips": "FP02",
            "geonames": 4034364,
            "iso_3166_2": false
        },
        "long": {
            "default": "Leeward Islands"
        }
    },
    {
        "parent": "PF",
        "ids": {
            "fips": "FP01",
            "geonames": 4034365,
            "iso_3166_2": false
        },
        "long": {
            "default": "Îles du Vent"
        }
    },
    {
        "parent": "PF",
        "ids": {
            "fips": "FP05",
            "geonames": 4034366,
            "iso_3166_2": false
        },
        "long": {
            "default": "Îles Australes"
        }
    }
]