[
    {
        "parent": "PG",
        "ids": {
            "fips": "PP17",
            "geonames": 2083546,
            "iso_3166_2": "PG-WBK"
        },
        "long": {
            "default": "West New Britain"
        }
    },
    {
        "parent": "PG",
        "ids": {
            "fips": "PP06",
            "geonames": 2083549,
            "iso_3166_2": "PG-WPD"
        },
        "long": {
            "default": "Western Province"
        }
    },
    {
        "parent": "PG",
        "ids": {
            "fips": "PP16",
            "geonames": 2083551,
            "iso_3166_2": "PG-WHM"
        },
        "long": {
            "default": "Western Highlands"
        }
    },
    {
        "parent": "PG",
        "ids": {
            "fips": "PP05",
            "geonames": 2086331,
            "iso_3166_2": "PG-SHM"
        },
        "long": {
            "default": "Southern Highlands"
        }
    },
    {
        "parent": "PG",
        "ids": {
            "fips": "PP18",
            "geonames": 2087246,
            "iso_3166_2": "PG-SAN"
        },
        "long": {
            "default": "Sandaun"
        }
    },
    {
        "parent": "PG",
        "ids": {
            "fips": "PP07",
            "geonames": 2089470,
            "iso_3166_2": "PG-NSB"
        },
        "long": {
            "default": "Bougainville"
        }
    },
    {
        "parent": "PG",
        "ids": {
            "fips": "PP04",
            "geonames": 2089478,
            "iso_3166_2": "PG-NPP"
        },
        "long": {
            "default": "Northern Province"
        }
    },
    {
        "parent": "PG",
        "ids": {
            "fips": "PP15",
            "geonames": 2089693,
            "iso_3166_2": "PG-NIK"
        },
        "long": {
            "default": "New Ireland"
        }
    },
    {
        "parent": "PG",
        "ids": {
            "fips": "PP20",
            "geonames": 2089856,
            "iso_3166_2": "PG-NCD"
        },
        "long": {
            "default": "National Capital"
        }
    },
    {
        "parent": "PG",
        "ids": {
            "fips": "PP14",
            "geonames": 2090468,
            "iso_3166_2": "PG-MPL"
        },
        "long": {
            "default": "Morobe"
        }
    },
    {
        "parent": "PG",
        "ids": {
            "fips": "PP13",
            "geonames": 2091495,
            "iso_3166_2": "PG-MRL"
        },
        "long": {
            "default": "Manus"
        }
    },
    {
        "parent": "PG",
        "ids": {
            "fips": "PP12",
            "geonames": 2091993,
            "iso_3166_2": "PG-MPM"
        },
        "long": {
            "default": "Madang"
        }
    },
    {
        "parent": "PG",
        "ids": {
            "fips": "PP02",
            "geonames": 2096633,
            "iso_3166_2": "PG-GPK"
        },
        "long": {
            "default": "Gulf"
        }
    },
    {
        "parent": "PG",
        "ids": {
            "fips": "PP19",
            "geonames": 2097655,
            "iso_3166_2": "PG-EPW"
        },
        "long": {
            "default": "Enga"
        }
    },
    {
        "parent": "PG",
        "ids": {
            "fips": "PP11",
            "geonames": 2097846,
            "iso_3166_2": "PG-ESW"
        },
        "long": {
            "default": "East Sepik"
        }
    },
    {
        "parent": "PG",
        "ids": {
            "fips": "PP10",
            "geonames": 2097853,
            "iso_3166_2": "PG-EBR"
        },
        "long": {
            "default": "East New Britain"
        }
    },
    {
        "parent": "PG",
        "ids": {
            "fips": "PP09",
            "geonames": 2097855,
            "iso_3166_2": "PG-EHG"
        },
        "long": {
            "default": "Eastern Highlands"
        }
    },
    {
        "parent": "PG",
        "ids": {
            "fips": "PP08",
            "geonames": 2098593,
            "iso_3166_2": "PG-CPK"
        },
        "long": {
            "default": "Chimbu"
        }
    },
    {
        "parent": "PG",
        "ids": {
            "fips": "PP03",
            "geonames": 2132895,
            "iso_3166_2": "PG-MBA"
        },
        "long": {
            "default": "Milne Bay"
        }
    },
    {
        "parent": "PG",
        "ids": {
            "fips": "PP01",
            "geonames": 2133763,
            "iso_3166_2": "PG-CPM"
        },
        "long": {
            "default": "Central Province"
        }
    },
    {
        "parent": "PG",
        "ids": {
            "fips": "PP21",
            "geonames": 8521658,
            "iso_3166_2": "PG-HLA"
        },
        "long": {
            "default": "Hela"
        }
    },
    {
        "parent": "PG",
        "ids": {
            "fips": "PP22",
            "geonames": 8521660,
            "iso_3166_2": "PG-JWK"
        },
        "long": {
            "default": "Jiwaka"
        }
    }
]