[
    {
        "parent": "PH",
        "ids": {
            "fips": "RP14",
            "geonames": 7115989,
            "iso_3166_2": "PH-14"
        },
        "long": {
            "default": "Autonomous Region in Muslim Mindanao"
        }
    },
    {
        "parent": "PH",
        "ids": {
            "fips": "RP10",
            "geonames": 7521295,
            "iso_3166_2": "PH-10"
        },
        "long": {
            "default": "Northern Mindanao"
        }
    },
    {
        "parent": "PH",
        "ids": {
            "fips": "RP41",
            "geonames": 7521296,
            "iso_3166_2": "PH-41"
        },
        "long": {
            "default": "Mimaropa"
        }
    },
    {
        "parent": "PH",
        "ids": {
            "fips": "RP02",
            "geonames": 7521297,
            "iso_3166_2": "PH-02"
        },
        "long": {
            "default": "Cagayan Valley"
        }
    },
    {
        "parent": "PH",
        "ids": {
            "fips": "RP12",
            "geonames": 7521298,
            "iso_3166_2": "PH-12"
        },
        "long": {
            "default": "Soccsksargen"
        }
    },
    {
        "parent": "PH",
        "ids": {
            "fips": "RP13",
            "geonames": 7521299,
            "iso_3166_2": "PH-13"
        },
        "long": {
            "default": "Caraga"
        }
    },
    {
        "parent": "PH",
        "ids": {
            "fips": "RP15",
            "geonames": 7521300,
            "iso_3166_2": "PH-15"
        },
        "long": {
            "default": "Cordillera"
        }
    },
    {
        "parent": "PH",
        "ids": {
            "fips": "RP01",
            "geonames": 7521301,
            "iso_3166_2": "PH-01"
        },
        "long": {
            "default": "Ilocos"
        }
    },
    {
        "parent": "PH",
        "ids": {
            "fips": "RP40",
            "geonames": 7521303,
            "iso_3166_2": "PH-40"
        },
        "long": {
            "default": "Calabarzon"
        }
    },
    {
        "parent": "PH",
        "ids": {
            "fips": "RP06",
            "geonames": 7521304,
            "iso_3166_2": "PH-06"
        },
        "long": {
            "default": "Western Visayas"
        }
    },
    {
        "parent": "PH",
        "ids": {
            "fips": "RP03",
            "geonames": 7521305,
            "iso_3166_2": "PH-03"
        },
        "long": {
            "default": "Central Luzon"
        }
    },
    {
        "parent": "PH",
        "ids": {
            "fips": "RP07",
            "geonames": 7521306,
            "iso_3166_2": "PH-07"
        },
        "long": {
            "default": "Central Visayas"
        }
    },
    {
        "parent": "PH",
        "ids": {
            "fips": "RP08",
            "geonames": 7521307,
            "iso_3166_2": "PH-08"
        },
        "long": {
            "default": "Eastern Visayas"
        }
    },
    {
        "parent": "PH",
        "ids": {
            "fips": "RP09",
            "geonames": 7521308,
            "iso_3166_2": "PH-09"
        },
        "long": {
            "default": "Zamboanga Peninsula"
        }
    },
    {
        "parent": "PH",
        "ids": {
            "fips": "RP11",
            "geonames": 7521309,
            "iso_3166_2": "PH-11"
        },
        "long": {
            "default": "Davao"
        }
    },
    {
        "parent": "PH",
        "ids": {
            "fips": "RP05",
            "geonames": 7521310,
            "iso_3166_2": "PH-05"
        },
        "long": {
            "default": "Bicol"
        }
    },
    {
        "parent": "PH",
        "ids": {
            "fips": "NCR",
            "geonames": 7521311,
            "iso_3166_2": "PH-00"
        },
        "long": {
            "default": "Capital Region"
        }
    }
]