[
    {
        "parent": "PK",
        "ids": {
            "fips": "PK08",
            "geonames": 1162015,
            "iso_3166_2": "PK-IS"
        },
        "long": {
            "default": "Islāmābād"
        }
    },
    {
        "parent": "PK",
        "ids": {
            "fips": "PK05",
            "geonames": 1164807,
            "iso_3166_2": "PK-SD"
        },
        "long": {
            "default": "Sindh"
        }
    },
    {
        "parent": "PK",
        "ids": {
            "fips": "PK04",
            "geonames": 1167710,
            "iso_3166_2": "PK-PB"
        },
        "long": {
            "default": "Punjab"
        }
    },
    {
        "parent": "PK",
        "ids": {
            "fips": "PK03",
            "geonames": 1168873,
            "iso_3166_2": "PK-KP"
        },
        "long": {
            "default": "Khyber Pakhtunkhwa"
        }
    },
    {
        "parent": "PK",
        "ids": {
            "fips": "PK07",
            "geonames": 1168878,
            "iso_3166_2": "PK-GB"
        },
        "long": {
            "default": "Gilgit-Baltistan"
        }
    },
    {
        "parent": "PK",
        "ids": {
            "fips": "PK01",
            "geonames": 1179245,
            "iso_3166_2": "PK-TA"
        },
        "long": {
            "default": "Federally Administered Tribal Areas"
        }
    },
    {
        "parent": "PK",
        "ids": {
            "fips": "PK02",
            "geonames": 1183606,
            "iso_3166_2": "PK-BA"
        },
        "long": {
            "default": "Balochistān"
        }
    },
    {
        "parent": "PK",
        "ids": {
            "fips": "PK06",
            "geonames": 1184196,
            "iso_3166_2": "PK-JK"
        },
        "long": {
            "default": "Azad Kashmir"
        }
    }
]