[
    {
        "parent": "PR",
        "ids": {
            "fips": false,
            "geonames": 4562487,
            "iso_3166_2": false
        },
        "long": {
            "default": "Adjuntas"
        }
    },
    {
        "parent": "PR",
        "ids": {
            "fips": false,
            "geonames": 4562503,
            "iso_3166_2": false
        },
        "long": {
            "default": "Aguada"
        }
    },
    {
        "parent": "PR",
        "ids": {
            "fips": false,
            "geonames": 4562512,
            "iso_3166_2": false
        },
        "long": {
            "default": "Aguadilla"
        }
    },
    {
        "parent": "PR",
        "ids": {
            "fips": false,
            "geonames": 4562516,
            "iso_3166_2": false
        },
        "long": {
            "default": "Aguas Buenas"
        }
    },
    {
        "parent": "PR",
        "ids": {
            "fips": false,
            "geonames": 4562531,
            "iso_3166_2": false
        },
        "long": {
            "default": "Aibonito"
        }
    },
    {
        "parent": "PR",
        "ids": {
            "fips": false,
            "geonames": 4562605,
            "iso_3166_2": false
        },
        "long": {
            "default": "Añasco"
        }
    },
    {
        "parent": "PR",
        "ids": {
            "fips": false,
            "geonames": 4562640,
            "iso_3166_2": false
        },
        "long": {
            "default": "Arecibo"
        }
    },
    {
        "parent": "PR",
        "ids": {
            "fips": false,
            "geonames": 4562682,
            "iso_3166_2": false
        },
        "long": {
            "default": "Arroyo"
        }
    },
    {
        "parent": "PR",
        "ids": {
            "fips": false,
            "geonames": 4562771,
            "iso_3166_2": false
        },
        "long": {
            "default": "Barceloneta"
        }
    },
    {
        "parent": "PR",
        "ids": {
            "fips": false,
            "geonames": 4562779,
            "iso_3166_2": false
        },
        "long": {
            "default": "Barranquitas"
        }
    },
    {
        "parent": "PR",
        "ids": {
            "fips": false,
            "geonames": 4562837,
            "iso_3166_2": false
        },
        "long": {
            "default": "Bayamón"
        }
    },
    {
        "parent": "PR",
        "ids": {
            "fips": false,
            "geonames": 4562997,
            "iso_3166_2": false
        },
        "long": {
            "default": "Cabo Rojo"
        }
    },
    {
        "parent": "PR",
        "ids": {
            "fips": false,
            "geonames": 4563011,
            "iso_3166_2": false
        },
        "long": {
            "default": "Caguas"
        }
    },
    {
        "parent": "PR",
        "ids": {
            "fips": false,
            "geonames": 4563065,
            "iso_3166_2": false
        },
        "long": {
            "default": "Camuy"
        }
    },
    {
        "parent": "PR",
        "ids": {
            "fips": false,
            "geonames": 4563169,
            "iso_3166_2": false
        },
        "long": {
            "default": "Canovanas"
        }
    },
    {
        "parent": "PR",
        "ids": {
            "fips": false,
            "geonames": 4563244,
            "iso_3166_2": false
        },
        "long": {
            "default": "Carolina"
        }
    },
    {
        "parent": "PR",
        "ids": {
            "fips": false,
            "geonames": 4563299,
            "iso_3166_2": false
        },
        "long": {
            "default": "Catano"
        }
    },
    {
        "parent": "PR",
        "ids": {
            "fips": false,
            "geonames": 4563309,
            "iso_3166_2": false
        },
        "long": {
            "default": "Cayey"
        }
    },
    {
        "parent": "PR",
        "ids": {
            "fips": false,
            "geonames": 4563380,
            "iso_3166_2": false
        },
        "long": {
            "default": "Ceiba"
        }
    },
    {
        "parent": "PR",
        "ids": {
            "fips": false,
            "geonames": 4563774,
            "iso_3166_2": false
        },
        "long": {
            "default": "Ciales"
        }
    },
    {
        "parent": "PR",
        "ids": {
            "fips": false,
            "geonames": 4563778,
            "iso_3166_2": false
        },
        "long": {
            "default": "Cidra"
        }
    },
    {
        "parent": "PR",
        "ids": {
            "fips": false,
            "geonames": 4563812,
            "iso_3166_2": false
        },
        "long": {
            "default": "Coamo"
        }
    },
    {
        "parent": "PR",
        "ids": {
            "fips": false,
            "geonames": 4563921,
            "iso_3166_2": false
        },
        "long": {
            "default": "Comerio"
        }
    },
    {
        "parent": "PR",
        "ids": {
            "fips": false,
            "geonames": 4564004,
            "iso_3166_2": false
        },
        "long": {
            "default": "Corozal"
        }
    },
    {
        "parent": "PR",
        "ids": {
            "fips": false,
            "geonames": 4564071,
            "iso_3166_2": false
        },
        "long": {
            "default": "Culebra"
        }
    },
    {
        "parent": "PR",
        "ids": {
            "fips": false,
            "geonames": 4564134,
            "iso_3166_2": false
        },
        "long": {
            "default": "Dorado"
        }
    },
    {
        "parent": "PR",
        "ids": {
            "fips": false,
            "geonames": 4564949,
            "iso_3166_2": false
        },
        "long": {
            "default": "Fajardo"
        }
    },
    {
        "parent": "PR",
        "ids": {
            "fips": false,
            "geonames": 4564993,
            "iso_3166_2": false
        },
        "long": {
            "default": "Florida"
        }
    },
    {
        "parent": "PR",
        "ids": {
            "fips": false,
            "geonames": 4565091,
            "iso_3166_2": false
        },
        "long": {
            "default": "Guanica"
        }
    },
    {
        "parent": "PR",
        "ids": {
            "fips": false,
            "geonames": 4565107,
            "iso_3166_2": false
        },
        "long": {
            "default": "Guayama"
        }
    },
    {
        "parent": "PR",
        "ids": {
            "fips": false,
            "geonames": 4565112,
            "iso_3166_2": false
        },
        "long": {
            "default": "Guayanilla"
        }
    },
    {
        "parent": "PR",
        "ids": {
            "fips": false,
            "geonames": 4565120,
            "iso_3166_2": false
        },
        "long": {
            "default": "Guaynabo"
        }
    },
    {
        "parent": "PR",
        "ids": {
            "fips": false,
            "geonames": 4565126,
            "iso_3166_2": false
        },
        "long": {
            "default": "Gurabo"
        }
    },
    {
        "parent": "PR",
        "ids": {
            "fips": false,
            "geonames": 4565348,
            "iso_3166_2": false
        },
        "long": {
            "default": "Hatillo"
        }
    },
    {
        "parent": "PR",
        "ids": {
            "fips": false,
            "geonames": 4565381,
            "iso_3166_2": false
        },
        "long": {
            "default": "Hormigueros"
        }
    },
    {
        "parent": "PR",
        "ids": {
            "fips": false,
            "geonames": 4565449,
            "iso_3166_2": false
        },
        "long": {
            "default": "Humacao"
        }
    },
    {
        "parent": "PR",
        "ids": {
            "fips": false,
            "geonames": 4565581,
            "iso_3166_2": false
        },
        "long": {
            "default": "Isabela"
        }
    },
    {
        "parent": "PR",
        "ids": {
            "fips": false,
            "geonames": 4565684,
            "iso_3166_2": false
        },
        "long": {
            "default": "Municipio de Jayuya"
        }
    },
    {
        "parent": "PR",
        "ids": {
            "fips": false,
            "geonames": 4565713,
            "iso_3166_2": false
        },
        "long": {
            "default": "Juana Diaz"
        }
    },
    {
        "parent": "PR",
        "ids": {
            "fips": false,
            "geonames": 4565720,
            "iso_3166_2": false
        },
        "long": {
            "default": "Municipio de Juncos"
        }
    },
    {
        "parent": "PR",
        "ids": {
            "fips": false,
            "geonames": 4565900,
            "iso_3166_2": false
        },
        "long": {
            "default": "Lajas"
        }
    },
    {
        "parent": "PR",
        "ids": {
            "fips": false,
            "geonames": 4565910,
            "iso_3166_2": false
        },
        "long": {
            "default": "Lares"
        }
    },
    {
        "parent": "PR",
        "ids": {
            "fips": false,
            "geonames": 4565961,
            "iso_3166_2": false
        },
        "long": {
            "default": "Las Marias"
        }
    },
    {
        "parent": "PR",
        "ids": {
            "fips": false,
            "geonames": 4565981,
            "iso_3166_2": false
        },
        "long": {
            "default": "Las Piedras"
        }
    },
    {
        "parent": "PR",
        "ids": {
            "fips": false,
            "geonames": 4566025,
            "iso_3166_2": false
        },
        "long": {
            "default": "Loiza"
        }
    },
    {
        "parent": "PR",
        "ids": {
            "fips": false,
            "geonames": 4566106,
            "iso_3166_2": false
        },
        "long": {
            "default": "Luquillo"
        }
    },
    {
        "parent": "PR",
        "ids": {
            "fips": false,
            "geonames": 4566138,
            "iso_3166_2": false
        },
        "long": {
            "default": "Manati"
        }
    },
    {
        "parent": "PR",
        "ids": {
            "fips": false,
            "geonames": 4566180,
            "iso_3166_2": false
        },
        "long": {
            "default": "Maricao"
        }
    },
    {
        "parent": "PR",
        "ids": {
            "fips": false,
            "geonames": 4566209,
            "iso_3166_2": false
        },
        "long": {
            "default": "Maunabo"
        }
    },
    {
        "parent": "PR",
        "ids": {
            "fips": false,
            "geonames": 4566217,
            "iso_3166_2": false
        },
        "long": {
            "default": "Mayaguez"
        }
    },
    {
        "parent": "PR",
        "ids": {
            "fips": false,
            "geonames": 4566272,
            "iso_3166_2": false
        },
        "long": {
            "default": "Moca"
        }
    },
    {
        "parent": "PR",
        "ids": {
            "fips": false,
            "geonames": 4566334,
            "iso_3166_2": false
        },
        "long": {
            "default": "Morovis"
        }
    },
    {
        "parent": "PR",
        "ids": {
            "fips": false,
            "geonames": 4566397,
            "iso_3166_2": false
        },
        "long": {
            "default": "Naguabo"
        }
    },
    {
        "parent": "PR",
        "ids": {
            "fips": false,
            "geonames": 4566403,
            "iso_3166_2": false
        },
        "long": {
            "default": "Naranjito"
        }
    },
    {
        "parent": "PR",
        "ids": {
            "fips": false,
            "geonames": 4566456,
            "iso_3166_2": false
        },
        "long": {
            "default": "Orocovis"
        }
    },
    {
        "parent": "PR",
        "ids": {
            "fips": false,
            "geonames": 4566654,
            "iso_3166_2": false
        },
        "long": {
            "default": "Patillas"
        }
    },
    {
        "parent": "PR",
        "ids": {
            "fips": false,
            "geonames": 4566689,
            "iso_3166_2": false
        },
        "long": {
            "default": "Penuelas"
        }
    },
    {
        "parent": "PR",
        "ids": {
            "fips": false,
            "geonames": 4566886,
            "iso_3166_2": false
        },
        "long": {
            "default": "Ponce"
        }
    },
    {
        "parent": "PR",
        "ids": {
            "fips": false,
            "geonames": 4567727,
            "iso_3166_2": false
        },
        "long": {
            "default": "Rincon"
        }
    },
    {
        "parent": "PR",
        "ids": {
            "fips": false,
            "geonames": 4567734,
            "iso_3166_2": false
        },
        "long": {
            "default": "Quebradillas"
        }
    },
    {
        "parent": "PR",
        "ids": {
            "fips": false,
            "geonames": 4567823,
            "iso_3166_2": false
        },
        "long": {
            "default": "Rio Grande"
        }
    },
    {
        "parent": "PR",
        "ids": {
            "fips": false,
            "geonames": 4568015,
            "iso_3166_2": false
        },
        "long": {
            "default": "Sabana Grande"
        }
    },
    {
        "parent": "PR",
        "ids": {
            "fips": false,
            "geonames": 4568043,
            "iso_3166_2": false
        },
        "long": {
            "default": "Salinas"
        }
    },
    {
        "parent": "PR",
        "ids": {
            "fips": false,
            "geonames": 4568105,
            "iso_3166_2": false
        },
        "long": {
            "default": "San German"
        }
    },
    {
        "parent": "PR",
        "ids": {
            "fips": false,
            "geonames": 4568138,
            "iso_3166_2": false
        },
        "long": {
            "default": "San Juan"
        }
    },
    {
        "parent": "PR",
        "ids": {
            "fips": false,
            "geonames": 4568150,
            "iso_3166_2": false
        },
        "long": {
            "default": "San Lorenzo"
        }
    },
    {
        "parent": "PR",
        "ids": {
            "fips": false,
            "geonames": 4568177,
            "iso_3166_2": false
        },
        "long": {
            "default": "San Sebastian"
        }
    },
    {
        "parent": "PR",
        "ids": {
            "fips": false,
            "geonames": 4568213,
            "iso_3166_2": false
        },
        "long": {
            "default": "Santa Isabel Municipio"
        }
    },
    {
        "parent": "PR",
        "ids": {
            "fips": false,
            "geonames": 4568404,
            "iso_3166_2": false
        },
        "long": {
            "default": "Toa Alta"
        }
    },
    {
        "parent": "PR",
        "ids": {
            "fips": false,
            "geonames": 4568408,
            "iso_3166_2": false
        },
        "long": {
            "default": "Toa Baja"
        }
    },
    {
        "parent": "PR",
        "ids": {
            "fips": false,
            "geonames": 4568452,
            "iso_3166_2": false
        },
        "long": {
            "default": "Trujillo Alto"
        }
    },
    {
        "parent": "PR",
        "ids": {
            "fips": false,
            "geonames": 4568491,
            "iso_3166_2": false
        },
        "long": {
            "default": "Utuado"
        }
    },
    {
        "parent": "PR",
        "ids": {
            "fips": false,
            "geonames": 4568529,
            "iso_3166_2": false
        },
        "long": {
            "default": "Vega Alta"
        }
    },
    {
        "parent": "PR",
        "ids": {
            "fips": false,
            "geonames": 4568534,
            "iso_3166_2": false
        },
        "long": {
            "default": "Vega Baja"
        }
    },
    {
        "parent": "PR",
        "ids": {
            "fips": false,
            "geonames": 4568684,
            "iso_3166_2": false
        },
        "long": {
            "default": "Villalba"
        }
    },
    {
        "parent": "PR",
        "ids": {
            "fips": false,
            "geonames": 4568909,
            "iso_3166_2": false
        },
        "long": {
            "default": "Yabucoa"
        }
    },
    {
        "parent": "PR",
        "ids": {
            "fips": false,
            "geonames": 4568918,
            "iso_3166_2": false
        },
        "long": {
            "default": "Yauco"
        }
    },
    {
        "parent": "PR",
        "ids": {
            "fips": false,
            "geonames": 4568924,
            "iso_3166_2": false
        },
        "long": {
            "default": "Vieques Municipality"
        }
    }
]