[
    {
        "parent": "PS",
        "ids": {
            "fips": false,
            "geonames": 281132,
            "iso_3166_2": false
        },
        "long": {
            "default": "Gaza Strip"
        }
    },
    {
        "parent": "PS",
        "ids": {
            "fips": false,
            "geonames": 285153,
            "iso_3166_2": false
        },
        "long": {
            "default": "West Bank"
        }
    },
    {
        "parent": "PS",
        "ids": {
            "fips": false,
            "geonames": 7870463,
            "iso_3166_2": "PS-BTH"
        },
        "long": {
            "default": "Bethlehem"
        }
    },
    {
        "parent": "PS",
        "ids": {
            "fips": false,
            "geonames": 7870268,
            "iso_3166_2": "PS-DEB"
        },
        "long": {
            "default": "Deir El Balah"
        }
    },
    {
        "parent": "PS",
        "ids": {
            "fips": false,
            "geonames": 11184609,
            "iso_3166_2": "PS-GZA"
        },
        "long": {
            "default": "Gaza"
        }
    },
    {
        "parent": "PS",
        "ids": {
            "fips": false,
            "geonames": 7870658,
            "iso_3166_2": "PS-HBN"
        },
        "long": {
            "default": "Hebron"
        }
    },
    {
        "parent": "PS",
        "ids": {
            "fips": false,
            "geonames": 7828733,
            "iso_3166_2": "PS-JEN"
        },
        "long": {
            "default": "Jenin"
        }
    },
    {
        "parent": "PS",
        "ids": {
            "fips": false,
            "geonames": 7870653,
            "iso_3166_2": "PS-JRH"
        },
        "long": {
            "default": "Jericho and Al Aghwar"
        }
    },
    {
        "parent": "PS",
        "ids": {
            "fips": false,
            "geonames": 7870654,
            "iso_3166_2": "PS-JEM"
        },
        "long": {
            "default": "Jerusalem"
        }
    },
    {
        "parent": "PS",
        "ids": {
            "fips": false,
            "geonames": 7871092,
            "iso_3166_2": "PS-KYS"
        },
        "long": {
            "default": "Khan Yunis"
        }
    },
    {
        "parent": "PS",
        "ids": {
            "fips": false,
            "geonames": 7870555,
            "iso_3166_2": "PS-NBS"
        },
        "long": {
            "default": "Nablus"
        }
    },
    {
        "parent": "PS",
        "ids": {
            "fips": false,
            "geonames": 7870263,
            "iso_3166_2": "PS-NGZ"
        },
        "long": {
            "default": "North Gaza"
        }
    },
    {
        "parent": "PS",
        "ids": {
            "fips": false,
            "geonames": 7870649,
            "iso_3166_2": "PS-QQA"
        },
        "long": {
            "default": "Qalqilya"
        }
    },
    {
        "parent": "PS",
        "ids": {
            "fips": false,
            "geonames": 7870260,
            "iso_3166_2": "PS-RFH"
        },
        "long": {
            "default": "Rafah"
        }
    },
    {
        "parent": "PS",
        "ids": {
            "fips": false,
            "geonames": 7870657,
            "iso_3166_2": "PS-RBH"
        },
        "long": {
            "default": "Ramallah"
        }
    },
    {
        "parent": "PS",
        "ids": {
            "fips": false,
            "geonames": 7870652,
            "iso_3166_2": "PS-SLT"
        },
        "long": {
            "default": "Salfit"
        }
    },
    {
        "parent": "PS",
        "ids": {
            "fips": false,
            "geonames": 7870648,
            "iso_3166_2": "PS-TBS"
        },
        "long": {
            "default": "Tubas"
        }
    },
    {
        "parent": "PS",
        "ids": {
            "fips": false,
            "geonames": 7870644,
            "iso_3166_2": "PS-TKM"
        },
        "long": {
            "default": "Tulkarm"
        }
    }
]