[
    {
        "parent": "PT",
        "ids": {
            "fips": "PO19",
            "geonames": 2262961,
            "iso_3166_2": "PT-15"
        },
        "long": {
            "default": "Setúbal"
        }
    },
    {
        "parent": "PT",
        "ids": {
            "fips": "PO18",
            "geonames": 2263478,
            "iso_3166_2": "PT-14"
        },
        "long": {
            "default": "Santarém"
        }
    },
    {
        "parent": "PT",
        "ids": {
            "fips": "PO16",
            "geonames": 2264507,
            "iso_3166_2": "PT-12"
        },
        "long": {
            "default": "Portalegre"
        }
    },
    {
        "parent": "PT",
        "ids": {
            "fips": "PO14",
            "geonames": 2267056,
            "iso_3166_2": "PT-11"
        },
        "long": {
            "default": "Lisbon"
        }
    },
    {
        "parent": "PT",
        "ids": {
            "fips": "PO13",
            "geonames": 2267094,
            "iso_3166_2": "PT-10"
        },
        "long": {
            "default": "Leiria"
        }
    },
    {
        "parent": "PT",
        "ids": {
            "fips": "PO09",
            "geonames": 2268337,
            "iso_3166_2": "PT-08"
        },
        "long": {
            "default": "Faro"
        }
    },
    {
        "parent": "PT",
        "ids": {
            "fips": "PO08",
            "geonames": 2268404,
            "iso_3166_2": "PT-07"
        },
        "long": {
            "default": "Évora"
        }
    },
    {
        "parent": "PT",
        "ids": {
            "fips": "PO06",
            "geonames": 2269513,
            "iso_3166_2": "PT-05"
        },
        "long": {
            "default": "Castelo Branco"
        }
    },
    {
        "parent": "PT",
        "ids": {
            "fips": "PO03",
            "geonames": 2270984,
            "iso_3166_2": "PT-02"
        },
        "long": {
            "default": "Beja"
        }
    },
    {
        "parent": "PT",
        "ids": {
            "fips": "PO10",
            "geonames": 2593105,
            "iso_3166_2": "PT-30"
        },
        "long": {
            "default": "Madeira"
        }
    },
    {
        "parent": "PT",
        "ids": {
            "fips": "PO22",
            "geonames": 2732264,
            "iso_3166_2": "PT-18"
        },
        "long": {
            "default": "Viseu"
        }
    },
    {
        "parent": "PT",
        "ids": {
            "fips": "PO21",
            "geonames": 2732437,
            "iso_3166_2": "PT-17"
        },
        "long": {
            "default": "Vila Real"
        }
    },
    {
        "parent": "PT",
        "ids": {
            "fips": "PO20",
            "geonames": 2732772,
            "iso_3166_2": "PT-16"
        },
        "long": {
            "default": "Viana do Castelo"
        }
    },
    {
        "parent": "PT",
        "ids": {
            "fips": "PO17",
            "geonames": 2735941,
            "iso_3166_2": "PT-13"
        },
        "long": {
            "default": "Porto"
        }
    },
    {
        "parent": "PT",
        "ids": {
            "fips": "PO11",
            "geonames": 2738782,
            "iso_3166_2": "PT-09"
        },
        "long": {
            "default": "Guarda"
        }
    },
    {
        "parent": "PT",
        "ids": {
            "fips": "PO07",
            "geonames": 2740636,
            "iso_3166_2": "PT-06"
        },
        "long": {
            "default": "Coimbra"
        }
    },
    {
        "parent": "PT",
        "ids": {
            "fips": "PO05",
            "geonames": 2742026,
            "iso_3166_2": "PT-04"
        },
        "long": {
            "default": "Bragança"
        }
    },
    {
        "parent": "PT",
        "ids": {
            "fips": "PO04",
            "geonames": 2742031,
            "iso_3166_2": "PT-03"
        },
        "long": {
            "default": "Braga"
        }
    },
    {
        "parent": "PT",
        "ids": {
            "fips": "PO02",
            "geonames": 2742610,
            "iso_3166_2": "PT-01"
        },
        "long": {
            "default": "Aveiro"
        }
    },
    {
        "parent": "PT",
        "ids": {
            "fips": "PO23",
            "geonames": 3411865,
            "iso_3166_2": "PT-20"
        },
        "long": {
            "default": "Azores"
        }
    }
]