[
    {
        "parent": "PW",
        "ids": {
            "fips": "PS11",
            "geonames": 1559532,
            "iso_3166_2": "PW-224"
        },
        "long": {
            "default": "Ngatpang"
        }
    },
    {
        "parent": "PW",
        "ids": {
            "fips": "PS16",
            "geonames": 1559630,
            "iso_3166_2": "PW-370"
        },
        "long": {
            "default": "Sonsorol"
        }
    },
    {
        "parent": "PW",
        "ids": {
            "fips": "PS05",
            "geonames": 1559774,
            "iso_3166_2": "PW-100"
        },
        "long": {
            "default": "Kayangel"
        }
    },
    {
        "parent": "PW",
        "ids": {
            "fips": "PS04",
            "geonames": 1559776,
            "iso_3166_2": "PW-050"
        },
        "long": {
            "default": "Hatohobei"
        }
    },
    {
        "parent": "PW",
        "ids": {
            "fips": "PS01",
            "geonames": 1559964,
            "iso_3166_2": "PW-002"
        },
        "long": {
            "default": "Aimeliik"
        }
    },
    {
        "parent": "PW",
        "ids": {
            "fips": "PS02",
            "geonames": 4037645,
            "iso_3166_2": "PW-004"
        },
        "long": {
            "default": "Airai"
        }
    },
    {
        "parent": "PW",
        "ids": {
            "fips": "PS03",
            "geonames": 4037653,
            "iso_3166_2": "PW-010"
        },
        "long": {
            "default": "Angaur"
        }
    },
    {
        "parent": "PW",
        "ids": {
            "fips": "PS06",
            "geonames": 4037892,
            "iso_3166_2": "PW-150"
        },
        "long": {
            "default": "Koror"
        }
    },
    {
        "parent": "PW",
        "ids": {
            "fips": "PS07",
            "geonames": 4037930,
            "iso_3166_2": "PW-212"
        },
        "long": {
            "default": "Melekeok"
        }
    },
    {
        "parent": "PW",
        "ids": {
            "fips": "PS08",
            "geonames": 4037962,
            "iso_3166_2": "PW-214"
        },
        "long": {
            "default": "Ngaraard"
        }
    },
    {
        "parent": "PW",
        "ids": {
            "fips": "PS12",
            "geonames": 4037976,
            "iso_3166_2": "PW-226"
        },
        "long": {
            "default": "Ngchesar"
        }
    },
    {
        "parent": "PW",
        "ids": {
            "fips": "PS09",
            "geonames": 4038037,
            "iso_3166_2": "PW-218"
        },
        "long": {
            "default": "Ngarchelong"
        }
    },
    {
        "parent": "PW",
        "ids": {
            "fips": "PS10",
            "geonames": 4038043,
            "iso_3166_2": "PW-222"
        },
        "long": {
            "default": "Ngardmau"
        }
    },
    {
        "parent": "PW",
        "ids": {
            "fips": "PS13",
            "geonames": 4038068,
            "iso_3166_2": "PW-227"
        },
        "long": {
            "default": "Ngaremlengui"
        }
    },
    {
        "parent": "PW",
        "ids": {
            "fips": "PS14",
            "geonames": 4038179,
            "iso_3166_2": "PW-228"
        },
        "long": {
            "default": "Ngiwal"
        }
    },
    {
        "parent": "PW",
        "ids": {
            "fips": "PS15",
            "geonames": 4038261,
            "iso_3166_2": "PW-350"
        },
        "long": {
            "default": "Peleliu"
        }
    }
]