[
    {
        "parent": "PY",
        "ids": {
            "fips": "PA17",
            "geonames": 3437027,
            "iso_3166_2": "PY-2"
        },
        "long": {
            "default": "San Pedro"
        }
    },
    {
        "parent": "PY",
        "ids": {
            "fips": "PA16",
            "geonames": 3437443,
            "iso_3166_2": "PY-15"
        },
        "long": {
            "default": "Presidente Hayes"
        }
    },
    {
        "parent": "PY",
        "ids": {
            "fips": "PA15",
            "geonames": 3437599,
            "iso_3166_2": "PY-9"
        },
        "long": {
            "default": "Paraguarí"
        }
    },
    {
        "parent": "PY",
        "ids": {
            "fips": "PA13",
            "geonames": 3437677,
            "iso_3166_2": "PY-12"
        },
        "long": {
            "default": "Ñeembucú"
        }
    },
    {
        "parent": "PY",
        "ids": {
            "fips": "PA12",
            "geonames": 3437727,
            "iso_3166_2": "PY-8"
        },
        "long": {
            "default": "Misiones"
        }
    },
    {
        "parent": "PY",
        "ids": {
            "fips": "PA11",
            "geonames": 3437923,
            "iso_3166_2": "PY-7"
        },
        "long": {
            "default": "Itapúa"
        }
    },
    {
        "parent": "PY",
        "ids": {
            "fips": "PA10",
            "geonames": 3438049,
            "iso_3166_2": "PY-4"
        },
        "long": {
            "default": "Guairá"
        }
    },
    {
        "parent": "PY",
        "ids": {
            "fips": "PA08",
            "geonames": 3438827,
            "iso_3166_2": "PY-3"
        },
        "long": {
            "default": "Cordillera"
        }
    },
    {
        "parent": "PY",
        "ids": {
            "fips": "PA07",
            "geonames": 3438833,
            "iso_3166_2": "PY-1"
        },
        "long": {
            "default": "Concepción"
        }
    },
    {
        "parent": "PY",
        "ids": {
            "fips": "PA06",
            "geonames": 3439137,
            "iso_3166_2": "PY-11"
        },
        "long": {
            "default": "Central"
        }
    },
    {
        "parent": "PY",
        "ids": {
            "fips": "PA19",
            "geonames": 3439216,
            "iso_3166_2": "PY-14"
        },
        "long": {
            "default": "Canindeyú"
        }
    },
    {
        "parent": "PY",
        "ids": {
            "fips": "PA05",
            "geonames": 3439296,
            "iso_3166_2": "PY-6"
        },
        "long": {
            "default": "Caazapá"
        }
    },
    {
        "parent": "PY",
        "ids": {
            "fips": "PA04",
            "geonames": 3439312,
            "iso_3166_2": "PY-5"
        },
        "long": {
            "default": "Caaguazú"
        }
    },
    {
        "parent": "PY",
        "ids": {
            "fips": "PA02",
            "geonames": 3439433,
            "iso_3166_2": "PY-13"
        },
        "long": {
            "default": "Amambay"
        }
    },
    {
        "parent": "PY",
        "ids": {
            "fips": "PA01",
            "geonames": 3439440,
            "iso_3166_2": "PY-10"
        },
        "long": {
            "default": "Alto Paraná"
        }
    },
    {
        "parent": "PY",
        "ids": {
            "fips": "PA23",
            "geonames": 3439441,
            "iso_3166_2": "PY-16"
        },
        "long": {
            "default": "Alto Paraguay"
        }
    },
    {
        "parent": "PY",
        "ids": {
            "fips": "PA22",
            "geonames": 3474570,
            "iso_3166_2": "PY-ASU"
        },
        "long": {
            "default": "Asunción"
        }
    },
    {
        "parent": "PY",
        "ids": {
            "fips": "PA24",
            "geonames": 3867442,
            "iso_3166_2": "PY-19"
        },
        "long": {
            "default": "Boquerón"
        }
    }
]