[
    {
        "parent": "QA",
        "ids": {
            "fips": "QA08",
            "geonames": 389462,
            "iso_3166_2": "QA-MS"
        },
        "long": {
            "default": "Ash Shamāl"
        }
    },
    {
        "parent": "QA",
        "ids": {
            "fips": "QA04",
            "geonames": 389465,
            "iso_3166_2": "QA-KH"
        },
        "long": {
            "default": "Al Khawr"
        }
    },
    {
        "parent": "QA",
        "ids": {
            "fips": "QA09",
            "geonames": 389467,
            "iso_3166_2": "QA-US"
        },
        "long": {
            "default": "Umm Şalāl"
        }
    },
    {
        "parent": "QA",
        "ids": {
            "fips": "QA06",
            "geonames": 389469,
            "iso_3166_2": "QA-RA"
        },
        "long": {
            "default": "Ar Rayyān"
        }
    },
    {
        "parent": "QA",
        "ids": {
            "fips": "QA01",
            "geonames": 389470,
            "iso_3166_2": "QA-DA"
        },
        "long": {
            "default": "Ad Dawḩah"
        }
    },
    {
        "parent": "QA",
        "ids": {
            "fips": "QA10",
            "geonames": 389472,
            "iso_3166_2": "QA-WA"
        },
        "long": {
            "default": "Al Wakrah"
        }
    },
    {
        "parent": "QA",
        "ids": {
            "fips": "QA13",
            "geonames": 8030540,
            "iso_3166_2": "QA-ZA"
        },
        "long": {
            "default": "Az̧ Z̧a‘āyin"
        }
    }
]