[
    {
        "parent": "RO",
        "ids": {
            "fips": "RO40",
            "geonames": 662447,
            "iso_3166_2": "RO-VN"
        },
        "long": {
            "default": "Vrancea"
        }
    },
    {
        "parent": "RO",
        "ids": {
            "fips": "RO39",
            "geonames": 662892,
            "iso_3166_2": "RO-VL"
        },
        "long": {
            "default": "Vâlcea"
        }
    },
    {
        "parent": "RO",
        "ids": {
            "fips": "RO38",
            "geonames": 663116,
            "iso_3166_2": "RO-VS"
        },
        "long": {
            "default": "Vaslui"
        }
    },
    {
        "parent": "RO",
        "ids": {
            "fips": "RO37",
            "geonames": 664517,
            "iso_3166_2": "RO-TL"
        },
        "long": {
            "default": "Tulcea"
        }
    },
    {
        "parent": "RO",
        "ids": {
            "fips": "RO36",
            "geonames": 665091,
            "iso_3166_2": "RO-TM"
        },
        "long": {
            "default": "Timiş"
        }
    },
    {
        "parent": "RO",
        "ids": {
            "fips": "RO35",
            "geonames": 665283,
            "iso_3166_2": "RO-TR"
        },
        "long": {
            "default": "Teleorman"
        }
    },
    {
        "parent": "RO",
        "ids": {
            "fips": "RO34",
            "geonames": 665849,
            "iso_3166_2": "RO-SV"
        },
        "long": {
            "default": "Suceava"
        }
    },
    {
        "parent": "RO",
        "ids": {
            "fips": "RO33",
            "geonames": 667267,
            "iso_3166_2": "RO-SB"
        },
        "long": {
            "default": "Sibiu"
        }
    },
    {
        "parent": "RO",
        "ids": {
            "fips": "RO32",
            "geonames": 667869,
            "iso_3166_2": "RO-SM"
        },
        "long": {
            "default": "Satu Mare"
        }
    },
    {
        "parent": "RO",
        "ids": {
            "fips": "RO31",
            "geonames": 668248,
            "iso_3166_2": "RO-SJ"
        },
        "long": {
            "default": "Sălaj"
        }
    },
    {
        "parent": "RO",
        "ids": {
            "fips": "RO30",
            "geonames": 669737,
            "iso_3166_2": "RO-PH"
        },
        "long": {
            "default": "Prahova"
        }
    },
    {
        "parent": "RO",
        "ids": {
            "fips": "RO29",
            "geonames": 671857,
            "iso_3166_2": "RO-OT"
        },
        "long": {
            "default": "Olt"
        }
    },
    {
        "parent": "RO",
        "ids": {
            "fips": "RO28",
            "geonames": 672460,
            "iso_3166_2": "RO-NT"
        },
        "long": {
            "default": "Neamţ"
        }
    },
    {
        "parent": "RO",
        "ids": {
            "fips": "RO27",
            "geonames": 672628,
            "iso_3166_2": "RO-MS"
        },
        "long": {
            "default": "Mureş"
        }
    },
    {
        "parent": "RO",
        "ids": {
            "fips": "RO26",
            "geonames": 673612,
            "iso_3166_2": "RO-MH"
        },
        "long": {
            "default": "Mehedinţi"
        }
    },
    {
        "parent": "RO",
        "ids": {
            "fips": "RO25",
            "geonames": 673887,
            "iso_3166_2": "RO-MM"
        },
        "long": {
            "default": "Maramureş"
        }
    },
    {
        "parent": "RO",
        "ids": {
            "fips": "RO23",
            "geonames": 675809,
            "iso_3166_2": "RO-IS"
        },
        "long": {
            "default": "Iaşi"
        }
    },
    {
        "parent": "RO",
        "ids": {
            "fips": "RO22",
            "geonames": 675848,
            "iso_3166_2": "RO-IL"
        },
        "long": {
            "default": "Ialomiţa"
        }
    },
    {
        "parent": "RO",
        "ids": {
            "fips": "RO21",
            "geonames": 675917,
            "iso_3166_2": "RO-HD"
        },
        "long": {
            "default": "Hunedoara"
        }
    },
    {
        "parent": "RO",
        "ids": {
            "fips": "RO20",
            "geonames": 676309,
            "iso_3166_2": "RO-HR"
        },
        "long": {
            "default": "Harghita"
        }
    },
    {
        "parent": "RO",
        "ids": {
            "fips": "RO19",
            "geonames": 676898,
            "iso_3166_2": "RO-GJ"
        },
        "long": {
            "default": "Gorj"
        }
    },
    {
        "parent": "RO",
        "ids": {
            "fips": "RO42",
            "geonames": 677104,
            "iso_3166_2": "RO-GR"
        },
        "long": {
            "default": "Giurgiu"
        }
    },
    {
        "parent": "RO",
        "ids": {
            "fips": "RO18",
            "geonames": 677692,
            "iso_3166_2": "RO-GL"
        },
        "long": {
            "default": "Galaţi"
        }
    },
    {
        "parent": "RO",
        "ids": {
            "fips": "RO17",
            "geonames": 679134,
            "iso_3166_2": "RO-DJ"
        },
        "long": {
            "default": "Dolj"
        }
    },
    {
        "parent": "RO",
        "ids": {
            "fips": "RO16",
            "geonames": 679385,
            "iso_3166_2": "RO-DB"
        },
        "long": {
            "default": "Dâmboviţa"
        }
    },
    {
        "parent": "RO",
        "ids": {
            "fips": "RO15",
            "geonames": 680428,
            "iso_3166_2": "RO-CV"
        },
        "long": {
            "default": "Covasna"
        }
    },
    {
        "parent": "RO",
        "ids": {
            "fips": "RO14",
            "geonames": 680962,
            "iso_3166_2": "RO-CT"
        },
        "long": {
            "default": "Constanța"
        }
    },
    {
        "parent": "RO",
        "ids": {
            "fips": "RO13",
            "geonames": 681291,
            "iso_3166_2": "RO-CJ"
        },
        "long": {
            "default": "Cluj"
        }
    },
    {
        "parent": "RO",
        "ids": {
            "fips": "RO12",
            "geonames": 682714,
            "iso_3166_2": "RO-CS"
        },
        "long": {
            "default": "Caraş-Severin"
        }
    },
    {
        "parent": "RO",
        "ids": {
            "fips": "RO41",
            "geonames": 683016,
            "iso_3166_2": "RO-CL"
        },
        "long": {
            "default": "Călăraşi"
        }
    },
    {
        "parent": "RO",
        "ids": {
            "fips": "RO11",
            "geonames": 683121,
            "iso_3166_2": "RO-BZ"
        },
        "long": {
            "default": "Buzău"
        }
    },
    {
        "parent": "RO",
        "ids": {
            "fips": "RO10",
            "geonames": 683504,
            "iso_3166_2": "RO-B"
        },
        "long": {
            "default": "Bucureşti"
        }
    },
    {
        "parent": "RO",
        "ids": {
            "fips": "RO09",
            "geonames": 683843,
            "iso_3166_2": "RO-BV"
        },
        "long": {
            "default": "Braşov"
        }
    },
    {
        "parent": "RO",
        "ids": {
            "fips": "RO08",
            "geonames": 683901,
            "iso_3166_2": "RO-BR"
        },
        "long": {
            "default": "Brăila"
        }
    },
    {
        "parent": "RO",
        "ids": {
            "fips": "RO07",
            "geonames": 684038,
            "iso_3166_2": "RO-BT"
        },
        "long": {
            "default": "Botoşani"
        }
    },
    {
        "parent": "RO",
        "ids": {
            "fips": "RO06",
            "geonames": 684647,
            "iso_3166_2": "RO-BN"
        },
        "long": {
            "default": "Bistriţa-Năsăud"
        }
    },
    {
        "parent": "RO",
        "ids": {
            "fips": "RO05",
            "geonames": 684878,
            "iso_3166_2": "RO-BH"
        },
        "long": {
            "default": "Bihor"
        }
    },
    {
        "parent": "RO",
        "ids": {
            "fips": "RO04",
            "geonames": 685947,
            "iso_3166_2": "RO-BC"
        },
        "long": {
            "default": "Bacău"
        }
    },
    {
        "parent": "RO",
        "ids": {
            "fips": "RO03",
            "geonames": 686192,
            "iso_3166_2": "RO-AG"
        },
        "long": {
            "default": "Argeş"
        }
    },
    {
        "parent": "RO",
        "ids": {
            "fips": "RO02",
            "geonames": 686253,
            "iso_3166_2": "RO-AR"
        },
        "long": {
            "default": "Arad"
        }
    },
    {
        "parent": "RO",
        "ids": {
            "fips": "RO01",
            "geonames": 686581,
            "iso_3166_2": "RO-AB"
        },
        "long": {
            "default": "Alba"
        }
    },
    {
        "parent": "RO",
        "ids": {
            "fips": "RO43",
            "geonames": 865518,
            "iso_3166_2": "RO-IF"
        },
        "long": {
            "default": "Ilfov"
        }
    }
]