[
    {
        "parent": "RU",
        "ids": {
            "fips": "RS88",
            "geonames": 468898,
            "iso_3166_2": "RU-YAR"
        },
        "long": {
            "default": "Jaroslavl"
        }
    },
    {
        "parent": "RU",
        "ids": {
            "fips": "RS86",
            "geonames": 472039,
            "iso_3166_2": "RU-VOR"
        },
        "long": {
            "default": "Voronezh"
        }
    },
    {
        "parent": "RU",
        "ids": {
            "fips": "RS85",
            "geonames": 472454,
            "iso_3166_2": "RU-VLG"
        },
        "long": {
            "default": "Vologda"
        }
    },
    {
        "parent": "RU",
        "ids": {
            "fips": "RS84",
            "geonames": 472755,
            "iso_3166_2": "RU-VGG"
        },
        "long": {
            "default": "Volgograd"
        }
    },
    {
        "parent": "RU",
        "ids": {
            "fips": "RS81",
            "geonames": 479119,
            "iso_3166_2": "RU-ULY"
        },
        "long": {
            "default": "Ulyanovsk"
        }
    },
    {
        "parent": "RU",
        "ids": {
            "fips": "RS80",
            "geonames": 479613,
            "iso_3166_2": "RU-UD"
        },
        "long": {
            "default": "Udmurtiya"
        }
    },
    {
        "parent": "RU",
        "ids": {
            "fips": "RS77",
            "geonames": 480041,
            "iso_3166_2": "RU-TVE"
        },
        "long": {
            "default": "Tverskaya"
        }
    },
    {
        "parent": "RU",
        "ids": {
            "fips": "RS76",
            "geonames": 480508,
            "iso_3166_2": "RU-TUL"
        },
        "long": {
            "default": "Tula"
        }
    },
    {
        "parent": "RU",
        "ids": {
            "fips": "RS73",
            "geonames": 484048,
            "iso_3166_2": "RU-TA"
        },
        "long": {
            "default": "Tatarstan"
        }
    },
    {
        "parent": "RU",
        "ids": {
            "fips": "RS72",
            "geonames": 484638,
            "iso_3166_2": "RU-TAM"
        },
        "long": {
            "default": "Tambov"
        }
    },
    {
        "parent": "RU",
        "ids": {
            "fips": "RS70",
            "geonames": 487839,
            "iso_3166_2": "RU-STA"
        },
        "long": {
            "default": "Stavropol'skiy"
        }
    },
    {
        "parent": "RU",
        "ids": {
            "fips": "RS69",
            "geonames": 491684,
            "iso_3166_2": "RU-SMO"
        },
        "long": {
            "default": "Smolensk"
        }
    },
    {
        "parent": "RU",
        "ids": {
            "fips": "RS67",
            "geonames": 498671,
            "iso_3166_2": "RU-SAR"
        },
        "long": {
            "default": "Saratov"
        }
    },
    {
        "parent": "RU",
        "ids": {
            "fips": "RS65",
            "geonames": 499068,
            "iso_3166_2": "RU-SAM"
        },
        "long": {
            "default": "Samara"
        }
    },
    {
        "parent": "RU",
        "ids": {
            "fips": "RS62",
            "geonames": 500059,
            "iso_3166_2": "RU-RYA"
        },
        "long": {
            "default": "Ryazan"
        }
    },
    {
        "parent": "RU",
        "ids": {
            "fips": "RS61",
            "geonames": 501165,
            "iso_3166_2": "RU-ROS"
        },
        "long": {
            "default": "Rostov"
        }
    },
    {
        "parent": "RU",
        "ids": {
            "fips": "RS60",
            "geonames": 504338,
            "iso_3166_2": "RU-PSK"
        },
        "long": {
            "default": "Pskov"
        }
    },
    {
        "parent": "RU",
        "ids": {
            "fips": "RS90",
            "geonames": 511180,
            "iso_3166_2": "RU-PER"
        },
        "long": {
            "default": "Perm"
        }
    },
    {
        "parent": "RU",
        "ids": {
            "fips": "RS57",
            "geonames": 511555,
            "iso_3166_2": "RU-PNZ"
        },
        "long": {
            "default": "Penza"
        }
    },
    {
        "parent": "RU",
        "ids": {
            "fips": "RS56",
            "geonames": 514801,
            "iso_3166_2": "RU-ORL"
        },
        "long": {
            "default": "Oryol"
        }
    },
    {
        "parent": "RU",
        "ids": {
            "fips": "RS55",
            "geonames": 515001,
            "iso_3166_2": "RU-ORE"
        },
        "long": {
            "default": "Orenburg"
        }
    },
    {
        "parent": "RU",
        "ids": {
            "fips": "RS52",
            "geonames": 519324,
            "iso_3166_2": "RU-NGR"
        },
        "long": {
            "default": "Novgorod"
        }
    },
    {
        "parent": "RU",
        "ids": {
            "fips": "RS68",
            "geonames": 519969,
            "iso_3166_2": "RU-SE"
        },
        "long": {
            "default": "North Ossetia"
        }
    },
    {
        "parent": "RU",
        "ids": {
            "fips": "RS50",
            "geonames": 522652,
            "iso_3166_2": "RU-NEN"
        },
        "long": {
            "default": "Nenetskiy Avtonomnyy Okrug"
        }
    },
    {
        "parent": "RU",
        "ids": {
            "fips": "RS49",
            "geonames": 524304,
            "iso_3166_2": "RU-MUR"
        },
        "long": {
            "default": "Murmansk"
        }
    },
    {
        "parent": "RU",
        "ids": {
            "fips": "RS48",
            "geonames": 524894,
            "iso_3166_2": "RU-MOW"
        },
        "long": {
            "default": "Moscow"
        }
    },
    {
        "parent": "RU",
        "ids": {
            "fips": "RS47",
            "geonames": 524925,
            "iso_3166_2": "RU-MOS"
        },
        "long": {
            "default": "Moscow region"
        }
    },
    {
        "parent": "RU",
        "ids": {
            "fips": "RS46",
            "geonames": 525369,
            "iso_3166_2": "RU-MO"
        },
        "long": {
            "default": "Mordoviya"
        }
    },
    {
        "parent": "RU",
        "ids": {
            "fips": "RS45",
            "geonames": 529352,
            "iso_3166_2": "RU-ME"
        },
        "long": {
            "default": "Mariy-El"
        }
    },
    {
        "parent": "RU",
        "ids": {
            "fips": "RS43",
            "geonames": 535120,
            "iso_3166_2": "RU-LIP"
        },
        "long": {
            "default": "Lipetsk"
        }
    },
    {
        "parent": "RU",
        "ids": {
            "fips": "RS42",
            "geonames": 536199,
            "iso_3166_2": "RU-LEN"
        },
        "long": {
            "default": "Leningrad"
        }
    },
    {
        "parent": "RU",
        "ids": {
            "fips": "RS66",
            "geonames": 536203,
            "iso_3166_2": "RU-SPE"
        },
        "long": {
            "default": "St. Petersburg"
        }
    },
    {
        "parent": "RU",
        "ids": {
            "fips": "RS41",
            "geonames": 538555,
            "iso_3166_2": "RU-KRS"
        },
        "long": {
            "default": "Kursk"
        }
    },
    {
        "parent": "RU",
        "ids": {
            "fips": "RS38",
            "geonames": 542415,
            "iso_3166_2": "RU-KDA"
        },
        "long": {
            "default": "Krasnodarskiy"
        }
    },
    {
        "parent": "RU",
        "ids": {
            "fips": "RS37",
            "geonames": 543871,
            "iso_3166_2": "RU-KOS"
        },
        "long": {
            "default": "Kostroma"
        }
    },
    {
        "parent": "RU",
        "ids": {
            "fips": "RS34",
            "geonames": 545854,
            "iso_3166_2": "RU-KO"
        },
        "long": {
            "default": "Komi"
        }
    },
    {
        "parent": "RU",
        "ids": {
            "fips": "RS33",
            "geonames": 548389,
            "iso_3166_2": "RU-KIR"
        },
        "long": {
            "default": "Kirov"
        }
    },
    {
        "parent": "RU",
        "ids": {
            "fips": "RS28",
            "geonames": 552548,
            "iso_3166_2": "RU-KR"
        },
        "long": {
            "default": "Karelia"
        }
    },
    {
        "parent": "RU",
        "ids": {
            "fips": "RS27",
            "geonames": 552927,
            "iso_3166_2": "RU-KC"
        },
        "long": {
            "default": "Karachayevo-Cherkesiya"
        }
    },
    {
        "parent": "RU",
        "ids": {
            "fips": "RS25",
            "geonames": 553899,
            "iso_3166_2": "RU-KLU"
        },
        "long": {
            "default": "Kaluga"
        }
    },
    {
        "parent": "RU",
        "ids": {
            "fips": "RS24",
            "geonames": 553972,
            "iso_3166_2": "RU-KL"
        },
        "long": {
            "default": "Kalmykiya"
        }
    },
    {
        "parent": "RU",
        "ids": {
            "fips": "RS23",
            "geonames": 554230,
            "iso_3166_2": "RU-KGD"
        },
        "long": {
            "default": "Kaliningrad"
        }
    },
    {
        "parent": "RU",
        "ids": {
            "fips": "RS22",
            "geonames": 554667,
            "iso_3166_2": "RU-KB"
        },
        "long": {
            "default": "Kabardino-Balkariya"
        }
    },
    {
        "parent": "RU",
        "ids": {
            "fips": "RS21",
            "geonames": 555235,
            "iso_3166_2": "RU-IVA"
        },
        "long": {
            "default": "Ivanovo"
        }
    },
    {
        "parent": "RU",
        "ids": {
            "fips": "RS19",
            "geonames": 556349,
            "iso_3166_2": "RU-IN"
        },
        "long": {
            "default": "Ingushetiya"
        }
    },
    {
        "parent": "RU",
        "ids": {
            "fips": "RS51",
            "geonames": 559838,
            "iso_3166_2": "RU-NIZ"
        },
        "long": {
            "default": "Nizhniy Novgorod"
        }
    },
    {
        "parent": "RU",
        "ids": {
            "fips": "RS17",
            "geonames": 567293,
            "iso_3166_2": "RU-DA"
        },
        "long": {
            "default": "Dagestan"
        }
    },
    {
        "parent": "RU",
        "ids": {
            "fips": "RS16",
            "geonames": 567395,
            "iso_3166_2": "RU-CU"
        },
        "long": {
            "default": "Chuvashia"
        }
    },
    {
        "parent": "RU",
        "ids": {
            "fips": "RS12",
            "geonames": 569665,
            "iso_3166_2": "RU-CE"
        },
        "long": {
            "default": "Chechnya"
        }
    },
    {
        "parent": "RU",
        "ids": {
            "fips": "RS10",
            "geonames": 571473,
            "iso_3166_2": "RU-BRY"
        },
        "long": {
            "default": "Bryansk"
        }
    },
    {
        "parent": "RU",
        "ids": {
            "fips": "RS09",
            "geonames": 578071,
            "iso_3166_2": "RU-BEL"
        },
        "long": {
            "default": "Belgorod"
        }
    },
    {
        "parent": "RU",
        "ids": {
            "fips": "RS08",
            "geonames": 578853,
            "iso_3166_2": "RU-BA"
        },
        "long": {
            "default": "Bashkortostan"
        }
    },
    {
        "parent": "RU",
        "ids": {
            "fips": "RS07",
            "geonames": 580491,
            "iso_3166_2": "RU-AST"
        },
        "long": {
            "default": "Astrakhan"
        }
    },
    {
        "parent": "RU",
        "ids": {
            "fips": "RS06",
            "geonames": 581043,
            "iso_3166_2": "RU-ARK"
        },
        "long": {
            "default": "Arkhangelskaya"
        }
    },
    {
        "parent": "RU",
        "ids": {
            "fips": "RS01",
            "geonames": 584222,
            "iso_3166_2": "RU-AD"
        },
        "long": {
            "default": "Adygeya"
        }
    },
    {
        "parent": "RU",
        "ids": {
            "fips": "RS83",
            "geonames": 826294,
            "iso_3166_2": "RU-VLA"
        },
        "long": {
            "default": "Vladimir"
        }
    },
    {
        "parent": "RU",
        "ids": {
            "fips": "RS87",
            "geonames": 1486462,
            "iso_3166_2": "RU-YAN"
        },
        "long": {
            "default": "Yamalo-Nenetskiy Avtonomnyy Okrug"
        }
    },
    {
        "parent": "RU",
        "ids": {
            "fips": "RS78",
            "geonames": 1488747,
            "iso_3166_2": "RU-TYU"
        },
        "long": {
            "default": "Tyumen"
        }
    },
    {
        "parent": "RU",
        "ids": {
            "fips": "RS79",
            "geonames": 1488873,
            "iso_3166_2": "RU-TY"
        },
        "long": {
            "default": "Tyva"
        }
    },
    {
        "parent": "RU",
        "ids": {
            "fips": "RS75",
            "geonames": 1489421,
            "iso_3166_2": "RU-TOM"
        },
        "long": {
            "default": "Tomsk"
        }
    },
    {
        "parent": "RU",
        "ids": {
            "fips": "RS71",
            "geonames": 1490542,
            "iso_3166_2": "RU-SVE"
        },
        "long": {
            "default": "Sverdlovsk"
        }
    },
    {
        "parent": "RU",
        "ids": {
            "fips": "RS54",
            "geonames": 1496152,
            "iso_3166_2": "RU-OMS"
        },
        "long": {
            "default": "Omsk"
        }
    },
    {
        "parent": "RU",
        "ids": {
            "fips": "RS53",
            "geonames": 1496745,
            "iso_3166_2": "RU-NVS"
        },
        "long": {
            "default": "Novosibirsk"
        }
    },
    {
        "parent": "RU",
        "ids": {
            "fips": "RS40",
            "geonames": 1501312,
            "iso_3166_2": "RU-KGN"
        },
        "long": {
            "default": "Kurgan"
        }
    },
    {
        "parent": "RU",
        "ids": {
            "fips": "RS91",
            "geonames": 1502020,
            "iso_3166_2": "RU-KYA"
        },
        "long": {
            "default": "Krasnoyarsk"
        }
    },
    {
        "parent": "RU",
        "ids": {
            "fips": "RS32",
            "geonames": 1503773,
            "iso_3166_2": "RU-KHM"
        },
        "long": {
            "default": "Khanty-Mansiyskiy Avtonomnyy Okrug"
        }
    },
    {
        "parent": "RU",
        "ids": {
            "fips": "RS31",
            "geonames": 1503834,
            "iso_3166_2": "RU-KK"
        },
        "long": {
            "default": "Khakasiya"
        }
    },
    {
        "parent": "RU",
        "ids": {
            "fips": "RS29",
            "geonames": 1503900,
            "iso_3166_2": "RU-KEM"
        },
        "long": {
            "default": "Kemerovo"
        }
    },
    {
        "parent": "RU",
        "ids": {
            "fips": "RS03",
            "geonames": 1506272,
            "iso_3166_2": "RU-AL"
        },
        "long": {
            "default": "Altay Republic"
        }
    },
    {
        "parent": "RU",
        "ids": {
            "fips": "RS13",
            "geonames": 1508290,
            "iso_3166_2": "RU-CHE"
        },
        "long": {
            "default": "Chelyabinsk"
        }
    },
    {
        "parent": "RU",
        "ids": {
            "fips": "RS04",
            "geonames": 1511732,
            "iso_3166_2": "RU-ALT"
        },
        "long": {
            "default": "Altay Region"
        }
    },
    {
        "parent": "RU",
        "ids": {
            "fips": "RS63",
            "geonames": 2013162,
            "iso_3166_2": "RU-SA"
        },
        "long": {
            "default": "Sakha"
        }
    },
    {
        "parent": "RU",
        "ids": {
            "fips": "RS59",
            "geonames": 2017623,
            "iso_3166_2": "RU-PRI"
        },
        "long": {
            "default": "Primorskiy"
        }
    },
    {
        "parent": "RU",
        "ids": {
            "fips": "RS30",
            "geonames": 2022888,
            "iso_3166_2": "RU-KHA"
        },
        "long": {
            "default": "Khabarovsk Krai"
        }
    },
    {
        "parent": "RU",
        "ids": {
            "fips": "RS20",
            "geonames": 2023468,
            "iso_3166_2": "RU-IRK"
        },
        "long": {
            "default": "Irkutsk"
        }
    },
    {
        "parent": "RU",
        "ids": {
            "fips": "RS89",
            "geonames": 2026639,
            "iso_3166_2": "RU-YEV"
        },
        "long": {
            "default": "Yevreyskaya Autonomous Region"
        }
    },
    {
        "parent": "RU",
        "ids": {
            "fips": "RS05",
            "geonames": 2027748,
            "iso_3166_2": "RU-AMU"
        },
        "long": {
            "default": "Amur"
        }
    },
    {
        "parent": "RU",
        "ids": {
            "fips": "RS11",
            "geonames": 2050915,
            "iso_3166_2": "RU-BU"
        },
        "long": {
            "default": "Buryatiya"
        }
    },
    {
        "parent": "RU",
        "ids": {
            "fips": "RS64",
            "geonames": 2121529,
            "iso_3166_2": "RU-SAK"
        },
        "long": {
            "default": "Sakhalin"
        }
    },
    {
        "parent": "RU",
        "ids": {
            "fips": "RS44",
            "geonames": 2123627,
            "iso_3166_2": "RU-MAG"
        },
        "long": {
            "default": "Magadan"
        }
    },
    {
        "parent": "RU",
        "ids": {
            "fips": "RS92",
            "geonames": 2125072,
            "iso_3166_2": "RU-KAM"
        },
        "long": {
            "default": "Kamchatka"
        }
    },
    {
        "parent": "RU",
        "ids": {
            "fips": "RS15",
            "geonames": 2126099,
            "iso_3166_2": "RU-CHU"
        },
        "long": {
            "default": "Chukotskiy Autonomous Region"
        }
    },
    {
        "parent": "RU",
        "ids": {
            "fips": "RS93",
            "geonames": 7779061,
            "iso_3166_2": "RU-ZAB"
        },
        "long": {
            "default": "Zabaykalskiy"
        }
    }
]