[
    {
        "parent": "RW",
        "ids": {
            "fips": "RW11",
            "geonames": 6413337,
            "iso_3166_2": "RW-02"
        },
        "long": {
            "default": "Eastern Province"
        }
    },
    {
        "parent": "RW",
        "ids": {
            "fips": "RW12",
            "geonames": 6413338,
            "iso_3166_2": "RW-01"
        },
        "long": {
            "default": "Kigali"
        }
    },
    {
        "parent": "RW",
        "ids": {
            "fips": "RW13",
            "geonames": 6413339,
            "iso_3166_2": "RW-03"
        },
        "long": {
            "default": "Northern Province"
        }
    },
    {
        "parent": "RW",
        "ids": {
            "fips": "RW14",
            "geonames": 6413340,
            "iso_3166_2": "RW-04"
        },
        "long": {
            "default": "Western Province"
        }
    },
    {
        "parent": "RW",
        "ids": {
            "fips": "RW15",
            "geonames": 6413341,
            "iso_3166_2": "RW-05"
        },
        "long": {
            "default": "Southern Province"
        }
    }
]