[
    {
        "parent": "SA",
        "ids": {
            "fips": "SA19",
            "geonames": 101627,
            "iso_3166_2": "SA-07"
        },
        "long": {
            "default": "Tabuk"
        }
    },
    {
        "parent": "SA",
        "ids": {
            "fips": "SA16",
            "geonames": 103628,
            "iso_3166_2": "SA-10"
        },
        "long": {
            "default": "Najran"
        }
    },
    {
        "parent": "SA",
        "ids": {
            "fips": "SA14",
            "geonames": 104514,
            "iso_3166_2": "SA-02"
        },
        "long": {
            "default": "Makkah"
        }
    },
    {
        "parent": "SA",
        "ids": {
            "fips": "SA17",
            "geonames": 105298,
            "iso_3166_2": "SA-09"
        },
        "long": {
            "default": "Jizan"
        }
    },
    {
        "parent": "SA",
        "ids": {
            "fips": "SA13",
            "geonames": 106280,
            "iso_3166_2": "SA-06"
        },
        "long": {
            "default": "Ḩāʼil"
        }
    },
    {
        "parent": "SA",
        "ids": {
            "fips": "SA11",
            "geonames": 108179,
            "iso_3166_2": "SA-14"
        },
        "long": {
            "default": "'Asir"
        }
    },
    {
        "parent": "SA",
        "ids": {
            "fips": "SA06",
            "geonames": 108241,
            "iso_3166_2": "SA-04"
        },
        "long": {
            "default": "Ash Sharqīyah"
        }
    },
    {
        "parent": "SA",
        "ids": {
            "fips": "SA10",
            "geonames": 108411,
            "iso_3166_2": "SA-01"
        },
        "long": {
            "default": "Ar Riyāḑ"
        }
    },
    {
        "parent": "SA",
        "ids": {
            "fips": "SA08",
            "geonames": 108933,
            "iso_3166_2": "SA-05"
        },
        "long": {
            "default": "Al-Qassim"
        }
    },
    {
        "parent": "SA",
        "ids": {
            "fips": "SA05",
            "geonames": 109224,
            "iso_3166_2": "SA-03"
        },
        "long": {
            "default": "Al Madīnah al Munawwarah"
        }
    },
    {
        "parent": "SA",
        "ids": {
            "fips": "SA20",
            "geonames": 109470,
            "iso_3166_2": "SA-12"
        },
        "long": {
            "default": "Al Jawf"
        }
    },
    {
        "parent": "SA",
        "ids": {
            "fips": "SA15",
            "geonames": 109579,
            "iso_3166_2": "SA-08"
        },
        "long": {
            "default": "Al Ḩudūd ash Shamālīyah"
        }
    },
    {
        "parent": "SA",
        "ids": {
            "fips": "SA02",
            "geonames": 109954,
            "iso_3166_2": "SA-11"
        },
        "long": {
            "default": "Al Bahah"
        }
    }
]