[
    {
        "parent": "SB",
        "ids": {
            "fips": "BP11",
            "geonames": 2101556,
            "iso_3166_2": "SB-WE"
        },
        "long": {
            "default": "Western"
        }
    },
    {
        "parent": "SB",
        "ids": {
            "fips": "BP03",
            "geonames": 2106552,
            "iso_3166_2": "SB-ML"
        },
        "long": {
            "default": "Malaita"
        }
    },
    {
        "parent": "SB",
        "ids": {
            "fips": "BP07",
            "geonames": 2108262,
            "iso_3166_2": "SB-IS"
        },
        "long": {
            "default": "Isabel"
        }
    },
    {
        "parent": "SB",
        "ids": {
            "fips": "BP06",
            "geonames": 2108831,
            "iso_3166_2": "SB-GU"
        },
        "long": {
            "default": "Guadalcanal"
        }
    },
    {
        "parent": "SB",
        "ids": {
            "fips": "BP10",
            "geonames": 2109495,
            "iso_3166_2": "SB-CE"
        },
        "long": {
            "default": "Central"
        }
    },
    {
        "parent": "SB",
        "ids": {
            "fips": "BP09",
            "geonames": 2178472,
            "iso_3166_2": "SB-TE"
        },
        "long": {
            "default": "Temotu"
        }
    },
    {
        "parent": "SB",
        "ids": {
            "fips": "BP08",
            "geonames": 2178730,
            "iso_3166_2": "SB-MK"
        },
        "long": {
            "default": "Makira"
        }
    },
    {
        "parent": "SB",
        "ids": {
            "fips": "BP12",
            "geonames": 7280292,
            "iso_3166_2": "SB-CH"
        },
        "long": {
            "default": "Choiseul"
        }
    },
    {
        "parent": "SB",
        "ids": {
            "fips": "BP13",
            "geonames": 7280293,
            "iso_3166_2": "SB-RB"
        },
        "long": {
            "default": "Rennell and Bellona"
        }
    },
    {
        "parent": "SB",
        "ids": {
            "fips": "BP14",
            "geonames": 9259067,
            "iso_3166_2": "SB-CT"
        },
        "long": {
            "default": "Honiara"
        }
    }
]