[
    {
        "parent": "SC",
        "ids": {
            "fips": "SE23",
            "geonames": 241151,
            "iso_3166_2": "SC-23"
        },
        "long": {
            "default": "Takamaka"
        }
    },
    {
        "parent": "SC",
        "ids": {
            "fips": "SE22",
            "geonames": 241181,
            "iso_3166_2": "SC-22"
        },
        "long": {
            "default": "Saint Louis"
        }
    },
    {
        "parent": "SC",
        "ids": {
            "fips": "SE27",
            "geonames": 241215,
            "iso_3166_2": "SC-21"
        },
        "long": {
            "default": "Port Glaud"
        }
    },
    {
        "parent": "SC",
        "ids": {
            "fips": "SE20",
            "geonames": 241221,
            "iso_3166_2": "SC-20"
        },
        "long": {
            "default": "Pointe Larue"
        }
    },
    {
        "parent": "SC",
        "ids": {
            "fips": "SE19",
            "geonames": 241224,
            "iso_3166_2": "SC-19"
        },
        "long": {
            "default": "Plaisance"
        }
    },
    {
        "parent": "SC",
        "ids": {
            "fips": "SE18",
            "geonames": 241251,
            "iso_3166_2": "SC-18"
        },
        "long": {
            "default": "Mont Fleuri"
        }
    },
    {
        "parent": "SC",
        "ids": {
            "fips": "SE17",
            "geonames": 241252,
            "iso_3166_2": "SC-17"
        },
        "long": {
            "default": "Mont Buxton"
        }
    },
    {
        "parent": "SC",
        "ids": {
            "fips": "SE26",
            "geonames": 241302,
            "iso_3166_2": "SC-16"
        },
        "long": {
            "default": "English River"
        }
    },
    {
        "parent": "SC",
        "ids": {
            "fips": "SE25",
            "geonames": 241311,
            "iso_3166_2": "SC-15"
        },
        "long": {
            "default": "La Digue"
        }
    },
    {
        "parent": "SC",
        "ids": {
            "fips": "SE24",
            "geonames": 241330,
            "iso_3166_2": "SC-13"
        },
        "long": {
            "default": "Grand Anse Mahe"
        }
    },
    {
        "parent": "SC",
        "ids": {
            "fips": "SE14",
            "geonames": 241331,
            "iso_3166_2": "SC-14"
        },
        "long": {
            "default": "Grand Anse Praslin"
        }
    },
    {
        "parent": "SC",
        "ids": {
            "fips": "SE12",
            "geonames": 241336,
            "iso_3166_2": "SC-12"
        },
        "long": {
            "default": "Glacis"
        }
    },
    {
        "parent": "SC",
        "ids": {
            "fips": "SE11",
            "geonames": 241396,
            "iso_3166_2": "SC-11"
        },
        "long": {
            "default": "Cascade"
        }
    },
    {
        "parent": "SC",
        "ids": {
            "fips": "SE10",
            "geonames": 241424,
            "iso_3166_2": "SC-10"
        },
        "long": {
            "default": "Bel Ombre"
        }
    },
    {
        "parent": "SC",
        "ids": {
            "fips": "SE09",
            "geonames": 241426,
            "iso_3166_2": "SC-09"
        },
        "long": {
            "default": "Bel Air"
        }
    },
    {
        "parent": "SC",
        "ids": {
            "fips": "SE08",
            "geonames": 241428,
            "iso_3166_2": "SC-08"
        },
        "long": {
            "default": "Beau Vallon"
        }
    },
    {
        "parent": "SC",
        "ids": {
            "fips": "SE07",
            "geonames": 241438,
            "iso_3166_2": "SC-07"
        },
        "long": {
            "default": "Baie Sainte Anne"
        }
    },
    {
        "parent": "SC",
        "ids": {
            "fips": "SE06",
            "geonames": 241439,
            "iso_3166_2": "SC-06"
        },
        "long": {
            "default": "Baie Lazare"
        }
    },
    {
        "parent": "SC",
        "ids": {
            "fips": "SE05",
            "geonames": 241444,
            "iso_3166_2": "SC-05"
        },
        "long": {
            "default": "Anse Royale"
        }
    },
    {
        "parent": "SC",
        "ids": {
            "fips": "SE03",
            "geonames": 241447,
            "iso_3166_2": "SC-03"
        },
        "long": {
            "default": "Anse Etoile"
        }
    },
    {
        "parent": "SC",
        "ids": {
            "fips": "SE02",
            "geonames": 241449,
            "iso_3166_2": "SC-02"
        },
        "long": {
            "default": "Anse Boileau"
        }
    },
    {
        "parent": "SC",
        "ids": {
            "fips": "SE01",
            "geonames": 241450,
            "iso_3166_2": "SC-01"
        },
        "long": {
            "default": "Anse-aux-Pins"
        }
    },
    {
        "parent": "SC",
        "ids": {
            "fips": "SE29",
            "geonames": 448408,
            "iso_3166_2": "SC-24"
        },
        "long": {
            "default": "Les Mamelles"
        }
    },
    {
        "parent": "SC",
        "ids": {
            "fips": "SE30",
            "geonames": 448409,
            "iso_3166_2": "SC-25"
        },
        "long": {
            "default": "Roche Caiman"
        }
    },
    {
        "parent": "SC",
        "ids": {
            "fips": "SE28",
            "geonames": 448410,
            "iso_3166_2": "SC-04"
        },
        "long": {
            "default": "Au Cap"
        }
    }
]