[
    {
        "parent": "SD",
        "ids": {
            "fips": "SU43",
            "geonames": 378389,
            "iso_3166_2": "SD-NO"
        },
        "long": {
            "default": "Northern State"
        }
    },
    {
        "parent": "SD",
        "ids": {
            "fips": "SU29",
            "geonames": 379253,
            "iso_3166_2": "SD-KH"
        },
        "long": {
            "default": "Khartoum"
        }
    },
    {
        "parent": "SD",
        "ids": {
            "fips": "SU36",
            "geonames": 408646,
            "iso_3166_2": "SD-RS"
        },
        "long": {
            "default": "Red Sea"
        }
    },
    {
        "parent": "SD",
        "ids": {
            "fips": "SU38",
            "geonames": 408648,
            "iso_3166_2": "SD-GZ"
        },
        "long": {
            "default": "Al Jazīrah"
        }
    },
    {
        "parent": "SD",
        "ids": {
            "fips": "SU39",
            "geonames": 408649,
            "iso_3166_2": "SD-GD"
        },
        "long": {
            "default": "Al Qaḑārif"
        }
    },
    {
        "parent": "SD",
        "ids": {
            "fips": "SU41",
            "geonames": 408653,
            "iso_3166_2": "SD-NW"
        },
        "long": {
            "default": "White Nile"
        }
    },
    {
        "parent": "SD",
        "ids": {
            "fips": "SU42",
            "geonames": 408654,
            "iso_3166_2": "SD-NB"
        },
        "long": {
            "default": "Blue Nile"
        }
    },
    {
        "parent": "SD",
        "ids": {
            "fips": "SU47",
            "geonames": 408658,
            "iso_3166_2": "SD-DW"
        },
        "long": {
            "default": "Western Darfur"
        }
    },
    {
        "parent": "SD",
        "ids": {
            "fips": "SU62",
            "geonames": 408659,
            "iso_3166_2": "SD-GK"
        },
        "long": {
            "default": "West Kordofan"
        }
    },
    {
        "parent": "SD",
        "ids": {
            "fips": "SU49",
            "geonames": 408660,
            "iso_3166_2": "SD-DS"
        },
        "long": {
            "default": "Southern Darfur"
        }
    },
    {
        "parent": "SD",
        "ids": {
            "fips": "SU50",
            "geonames": 408661,
            "iso_3166_2": "SD-KS"
        },
        "long": {
            "default": "Southern Kordofan"
        }
    },
    {
        "parent": "SD",
        "ids": {
            "fips": "SU52",
            "geonames": 408663,
            "iso_3166_2": "SD-KA"
        },
        "long": {
            "default": "Kassala"
        }
    },
    {
        "parent": "SD",
        "ids": {
            "fips": "SU53",
            "geonames": 408664,
            "iso_3166_2": "SD-NR"
        },
        "long": {
            "default": "River Nile"
        }
    },
    {
        "parent": "SD",
        "ids": {
            "fips": "SU55",
            "geonames": 408666,
            "iso_3166_2": "SD-DN"
        },
        "long": {
            "default": "Northern Darfur"
        }
    },
    {
        "parent": "SD",
        "ids": {
            "fips": "SU56",
            "geonames": 408667,
            "iso_3166_2": "SD-KN"
        },
        "long": {
            "default": "North Kurdufān"
        }
    },
    {
        "parent": "SD",
        "ids": {
            "fips": "SU58",
            "geonames": 408669,
            "iso_3166_2": "SD-SI"
        },
        "long": {
            "default": "Sinnār"
        }
    },
    {
        "parent": "SD",
        "ids": {
            "fips": "SU60",
            "geonames": 8394435,
            "iso_3166_2": "SD-DE"
        },
        "long": {
            "default": "Eastern Darfur"
        }
    },
    {
        "parent": "SD",
        "ids": {
            "fips": "SU61",
            "geonames": 8394436,
            "iso_3166_2": "SD-DC"
        },
        "long": {
            "default": "Central Darfur"
        }
    }
]