[
    {
        "parent": "SE",
        "ids": {
            "fips": "SW14",
            "geonames": 604010,
            "iso_3166_2": "SE-BD"
        },
        "long": {
            "default": "Norrbotten"
        }
    },
    {
        "parent": "SE",
        "ids": {
            "fips": "SW25",
            "geonames": 2664179,
            "iso_3166_2": "SE-U"
        },
        "long": {
            "default": "Västmanland"
        }
    },
    {
        "parent": "SE",
        "ids": {
            "fips": "SW24",
            "geonames": 2664292,
            "iso_3166_2": "SE-Y"
        },
        "long": {
            "default": "Västernorrland"
        }
    },
    {
        "parent": "SE",
        "ids": {
            "fips": "SW23",
            "geonames": 2664415,
            "iso_3166_2": "SE-AC"
        },
        "long": {
            "default": "Västerbotten"
        }
    },
    {
        "parent": "SE",
        "ids": {
            "fips": "SW22",
            "geonames": 2664870,
            "iso_3166_2": "SE-S"
        },
        "long": {
            "default": "Värmland"
        }
    },
    {
        "parent": "SE",
        "ids": {
            "fips": "SW21",
            "geonames": 2666218,
            "iso_3166_2": "SE-C"
        },
        "long": {
            "default": "Uppsala"
        }
    },
    {
        "parent": "SE",
        "ids": {
            "fips": "SW26",
            "geonames": 2673722,
            "iso_3166_2": "SE-AB"
        },
        "long": {
            "default": "Stockholm"
        }
    },
    {
        "parent": "SE",
        "ids": {
            "fips": "SW18",
            "geonames": 2676207,
            "iso_3166_2": "SE-D"
        },
        "long": {
            "default": "Södermanland"
        }
    },
    {
        "parent": "SE",
        "ids": {
            "fips": "SW16",
            "geonames": 2685867,
            "iso_3166_2": "SE-E"
        },
        "long": {
            "default": "Östergötland"
        }
    },
    {
        "parent": "SE",
        "ids": {
            "fips": "SW15",
            "geonames": 2686655,
            "iso_3166_2": "SE-T"
        },
        "long": {
            "default": "Örebro"
        }
    },
    {
        "parent": "SE",
        "ids": {
            "fips": "SW12",
            "geonames": 2699050,
            "iso_3166_2": "SE-G"
        },
        "long": {
            "default": "Kronoberg"
        }
    },
    {
        "parent": "SE",
        "ids": {
            "fips": "SW10",
            "geonames": 2699767,
            "iso_3166_2": "SE-W"
        },
        "long": {
            "default": "Dalarna"
        }
    },
    {
        "parent": "SE",
        "ids": {
            "fips": "SW09",
            "geonames": 2702259,
            "iso_3166_2": "SE-H"
        },
        "long": {
            "default": "Kalmar"
        }
    },
    {
        "parent": "SE",
        "ids": {
            "fips": "SW08",
            "geonames": 2702976,
            "iso_3166_2": "SE-F"
        },
        "long": {
            "default": "Jönköping"
        }
    },
    {
        "parent": "SE",
        "ids": {
            "fips": "SW07",
            "geonames": 2703330,
            "iso_3166_2": "SE-Z"
        },
        "long": {
            "default": "Jämtland"
        }
    },
    {
        "parent": "SE",
        "ids": {
            "fips": "SW06",
            "geonames": 2708794,
            "iso_3166_2": "SE-N"
        },
        "long": {
            "default": "Halland"
        }
    },
    {
        "parent": "SE",
        "ids": {
            "fips": "SW05",
            "geonames": 2711508,
            "iso_3166_2": "SE-I"
        },
        "long": {
            "default": "Gotland"
        }
    },
    {
        "parent": "SE",
        "ids": {
            "fips": "SW03",
            "geonames": 2712411,
            "iso_3166_2": "SE-X"
        },
        "long": {
            "default": "Gävleborg"
        }
    },
    {
        "parent": "SE",
        "ids": {
            "fips": "SW02",
            "geonames": 2721357,
            "iso_3166_2": "SE-K"
        },
        "long": {
            "default": "Blekinge"
        }
    },
    {
        "parent": "SE",
        "ids": {
            "fips": "SW27",
            "geonames": 3337385,
            "iso_3166_2": "SE-M"
        },
        "long": {
            "default": "Skåne"
        }
    },
    {
        "parent": "SE",
        "ids": {
            "fips": "SW28",
            "geonames": 3337386,
            "iso_3166_2": "SE-O"
        },
        "long": {
            "default": "Västra Götaland"
        }
    }
]