[
    {
        "parent": "SG",
        "ids": {
            "fips": "SN01",
            "geonames": 7535954,
            "iso_3166_2": "SG-01"
        },
        "long": {
            "default": "Central Singapore"
        }
    },
    {
        "parent": "SG",
        "ids": {
            "fips": "SN02",
            "geonames": 7535955,
            "iso_3166_2": "SG-02"
        },
        "long": {
            "default": "North East"
        }
    },
    {
        "parent": "SG",
        "ids": {
            "fips": "SN04",
            "geonames": 7535956,
            "iso_3166_2": "SG-04"
        },
        "long": {
            "default": "South East"
        }
    },
    {
        "parent": "SG",
        "ids": {
            "fips": "SN05",
            "geonames": 7535957,
            "iso_3166_2": "SG-05"
        },
        "long": {
            "default": "South West"
        }
    },
    {
        "parent": "SG",
        "ids": {
            "fips": "SN03",
            "geonames": 7535958,
            "iso_3166_2": "SG-03"
        },
        "long": {
            "default": "North West"
        }
    }
]