[
    {
        "parent": "SH",
        "ids": {
            "fips": "SH01",
            "geonames": 2411430,
            "iso_3166_2": "SH-AC"
        },
        "long": {
            "default": "Ascension"
        }
    },
    {
        "parent": "SH",
        "ids": {
            "fips": "SH03",
            "geonames": 3370684,
            "iso_3166_2": "SH-TA"
        },
        "long": {
            "default": "Tristan da Cunha"
        }
    },
    {
        "parent": "SH",
        "ids": {
            "fips": "SH02",
            "geonames": 6930057,
            "iso_3166_2": "SH-HL"
        },
        "long": {
            "default": "Saint Helena"
        }
    }
]