[
    {
        "parent": "SI",
        "ids": {
            "fips": "N5",
            "geonames": 3186843,
            "iso_3166_2": "SI-190"
        },
        "long": {
            "default": "Žalec"
        }
    },
    {
        "parent": "SI",
        "ids": {
            "fips": "E7",
            "geonames": 3186905,
            "iso_3166_2": "SI-142"
        },
        "long": {
            "default": "Zagorje ob Savi"
        }
    },
    {
        "parent": "SI",
        "ids": {
            "fips": "E5",
            "geonames": 3187213,
            "iso_3166_2": "SI-140"
        },
        "long": {
            "default": "Vrhnika"
        }
    },
    {
        "parent": "SI",
        "ids": {
            "fips": "D5",
            "geonames": 3188687,
            "iso_3166_2": "SI-131"
        },
        "long": {
            "default": "Tržič"
        }
    },
    {
        "parent": "SI",
        "ids": {
            "fips": "D4",
            "geonames": 3188885,
            "iso_3166_2": "SI-130"
        },
        "long": {
            "default": "Trebnje"
        }
    },
    {
        "parent": "SI",
        "ids": {
            "fips": "D3",
            "geonames": 3188914,
            "iso_3166_2": "SI-129"
        },
        "long": {
            "default": "Trbovlje"
        }
    },
    {
        "parent": "SI",
        "ids": {
            "fips": "D2",
            "geonames": 3189037,
            "iso_3166_2": "SI-128"
        },
        "long": {
            "default": "Tolmin"
        }
    },
    {
        "parent": "SI",
        "ids": {
            "fips": "D7",
            "geonames": 3189074,
            "iso_3166_2": "SI-133"
        },
        "long": {
            "default": "Velenje"
        }
    },
    {
        "parent": "SI",
        "ids": {
            "fips": "C5",
            "geonames": 3190509,
            "iso_3166_2": "SI-124"
        },
        "long": {
            "default": "Šmarje pri Jelšah"
        }
    },
    {
        "parent": "SI",
        "ids": {
            "fips": "C4",
            "geonames": 3190529,
            "iso_3166_2": "SI-114"
        },
        "long": {
            "default": "Slovenska Konjice"
        }
    },
    {
        "parent": "SI",
        "ids": {
            "fips": "L8",
            "geonames": 3190533,
            "iso_3166_2": "SI-113"
        },
        "long": {
            "default": "Slovenska Bistrica"
        }
    },
    {
        "parent": "SI",
        "ids": {
            "fips": "C2",
            "geonames": 3190535,
            "iso_3166_2": "SI-112"
        },
        "long": {
            "default": "Slovenj Gradec"
        }
    },
    {
        "parent": "SI",
        "ids": {
            "fips": "B9",
            "geonames": 3190716,
            "iso_3166_2": "SI-122"
        },
        "long": {
            "default": "Škofja Loka"
        }
    },
    {
        "parent": "SI",
        "ids": {
            "fips": "B7",
            "geonames": 3190944,
            "iso_3166_2": "SI-111"
        },
        "long": {
            "default": "Sežana"
        }
    },
    {
        "parent": "SI",
        "ids": {
            "fips": "B6",
            "geonames": 3190949,
            "iso_3166_2": "SI-110"
        },
        "long": {
            "default": "Sevnica"
        }
    },
    {
        "parent": "SI",
        "ids": {
            "fips": "L7",
            "geonames": 3191028,
            "iso_3166_2": "SI-120"
        },
        "long": {
            "default": "Šentjur"
        }
    },
    {
        "parent": "SI",
        "ids": {
            "fips": "L1",
            "geonames": 3191679,
            "iso_3166_2": "SI-104"
        },
        "long": {
            "default": "Ribnica"
        }
    },
    {
        "parent": "SI",
        "ids": {
            "fips": "A3",
            "geonames": 3192062,
            "iso_3166_2": "SI-102"
        },
        "long": {
            "default": "Radovljica"
        }
    },
    {
        "parent": "SI",
        "ids": {
            "fips": "A2",
            "geonames": 3192120,
            "iso_3166_2": "SI-101"
        },
        "long": {
            "default": "Radlje ob Dravi"
        }
    },
    {
        "parent": "SI",
        "ids": {
            "fips": "K7",
            "geonames": 3192240,
            "iso_3166_2": "SI-096"
        },
        "long": {
            "default": "Ptuj"
        }
    },
    {
        "parent": "SI",
        "ids": {
            "fips": "SI94",
            "geonames": 3192672,
            "iso_3166_2": "SI-094"
        },
        "long": {
            "default": "Postojna"
        }
    },
    {
        "parent": "SI",
        "ids": {
            "fips": "J9",
            "geonames": 3193340,
            "iso_3166_2": "SI-090"
        },
        "long": {
            "default": "Piran"
        }
    },
    {
        "parent": "SI",
        "ids": {
            "fips": "SI87",
            "geonames": 3193964,
            "iso_3166_2": "SI-087"
        },
        "long": {
            "default": "Ormož"
        }
    },
    {
        "parent": "SI",
        "ids": {
            "fips": "J7",
            "geonames": 3194350,
            "iso_3166_2": "SI-085"
        },
        "long": {
            "default": "Novo Mesto"
        }
    },
    {
        "parent": "SI",
        "ids": {
            "fips": "SI84",
            "geonames": 3194451,
            "iso_3166_2": "SI-084"
        },
        "long": {
            "default": "Nova Gorica"
        }
    },
    {
        "parent": "SI",
        "ids": {
            "fips": "SI80",
            "geonames": 3194647,
            "iso_3166_2": "SI-080"
        },
        "long": {
            "default": "Murska Sobota"
        }
    },
    {
        "parent": "SI",
        "ids": {
            "fips": "SI79",
            "geonames": 3194791,
            "iso_3166_2": "SI-079"
        },
        "long": {
            "default": "Mozirje"
        }
    },
    {
        "parent": "SI",
        "ids": {
            "fips": "SI73",
            "geonames": 3195213,
            "iso_3166_2": "SI-073"
        },
        "long": {
            "default": "Metlika"
        }
    },
    {
        "parent": "SI",
        "ids": {
            "fips": "J2",
            "geonames": 3195505,
            "iso_3166_2": "SI-070"
        },
        "long": {
            "default": "Maribor"
        }
    },
    {
        "parent": "SI",
        "ids": {
            "fips": "SI64",
            "geonames": 3196288,
            "iso_3166_2": "SI-064"
        },
        "long": {
            "default": "Logatec"
        }
    },
    {
        "parent": "SI",
        "ids": {
            "fips": "I6",
            "geonames": 3196306,
            "iso_3166_2": "SI-063"
        },
        "long": {
            "default": "Ljutomer"
        }
    },
    {
        "parent": "SI",
        "ids": {
            "fips": "I5",
            "geonames": 3196424,
            "iso_3166_2": "SI-060"
        },
        "long": {
            "default": "Litija"
        }
    },
    {
        "parent": "SI",
        "ids": {
            "fips": "I3",
            "geonames": 3196684,
            "iso_3166_2": "SI-058"
        },
        "long": {
            "default": "Lenart"
        }
    },
    {
        "parent": "SI",
        "ids": {
            "fips": "SI57",
            "geonames": 3196759,
            "iso_3166_2": "SI-057"
        },
        "long": {
            "default": "Laško"
        }
    },
    {
        "parent": "SI",
        "ids": {
            "fips": "SI54",
            "geonames": 3197146,
            "iso_3166_2": "SI-054"
        },
        "long": {
            "default": "Krško"
        }
    },
    {
        "parent": "SI",
        "ids": {
            "fips": "SI52",
            "geonames": 3197377,
            "iso_3166_2": "SI-052"
        },
        "long": {
            "default": "Kranj"
        }
    },
    {
        "parent": "SI",
        "ids": {
            "fips": "SI50",
            "geonames": 3197752,
            "iso_3166_2": "SI-050"
        },
        "long": {
            "default": "Koper-Capodistria"
        }
    },
    {
        "parent": "SI",
        "ids": {
            "fips": "H7",
            "geonames": 3197942,
            "iso_3166_2": "SI-048"
        },
        "long": {
            "default": "Kočevje"
        }
    },
    {
        "parent": "SI",
        "ids": {
            "fips": "H6",
            "geonames": 3198364,
            "iso_3166_2": "SI-043"
        },
        "long": {
            "default": "Kamnik"
        }
    },
    {
        "parent": "SI",
        "ids": {
            "fips": "H4",
            "geonames": 3198646,
            "iso_3166_2": "SI-041"
        },
        "long": {
            "default": "Jesenice"
        }
    },
    {
        "parent": "SI",
        "ids": {
            "fips": "SI40",
            "geonames": 3199016,
            "iso_3166_2": "SI-040"
        },
        "long": {
            "default": "Izola-Isola"
        }
    },
    {
        "parent": "SI",
        "ids": {
            "fips": "SI38",
            "geonames": 3199130,
            "iso_3166_2": "SI-038"
        },
        "long": {
            "default": "Ilirska Bistrica"
        }
    },
    {
        "parent": "SI",
        "ids": {
            "fips": "SI36",
            "geonames": 3199169,
            "iso_3166_2": "SI-036"
        },
        "long": {
            "default": "Idrija"
        }
    },
    {
        "parent": "SI",
        "ids": {
            "fips": "SI34",
            "geonames": 3199296,
            "iso_3166_2": "SI-034"
        },
        "long": {
            "default": "Hrastnik"
        }
    },
    {
        "parent": "SI",
        "ids": {
            "fips": "SI32",
            "geonames": 3199522,
            "iso_3166_2": "SI-032"
        },
        "long": {
            "default": "Grosuplje"
        }
    },
    {
        "parent": "SI",
        "ids": {
            "fips": "SI29",
            "geonames": 3200196,
            "iso_3166_2": "SI-029"
        },
        "long": {
            "default": "Gornja Radgona"
        }
    },
    {
        "parent": "SI",
        "ids": {
            "fips": "SI25",
            "geonames": 3201252,
            "iso_3166_2": "SI-025"
        },
        "long": {
            "default": "Dravograd"
        }
    },
    {
        "parent": "SI",
        "ids": {
            "fips": "G7",
            "geonames": 3201729,
            "iso_3166_2": "SI-023"
        },
        "long": {
            "default": "Domžale"
        }
    },
    {
        "parent": "SI",
        "ids": {
            "fips": "SI17",
            "geonames": 3202332,
            "iso_3166_2": "SI-017"
        },
        "long": {
            "default": "Črnomelj"
        }
    },
    {
        "parent": "SI",
        "ids": {
            "fips": "SI13",
            "geonames": 3202707,
            "iso_3166_2": "SI-013"
        },
        "long": {
            "default": "Cerknica"
        }
    },
    {
        "parent": "SI",
        "ids": {
            "fips": "SI11",
            "geonames": 3202780,
            "iso_3166_2": "SI-011"
        },
        "long": {
            "default": "Celje"
        }
    },
    {
        "parent": "SI",
        "ids": {
            "fips": "SI08",
            "geonames": 3203411,
            "iso_3166_2": "SI-009"
        },
        "long": {
            "default": "Brežice"
        }
    },
    {
        "parent": "SI",
        "ids": {
            "fips": "SI01",
            "geonames": 3204853,
            "iso_3166_2": "SI-001"
        },
        "long": {
            "default": "Ajdovščina"
        }
    },
    {
        "parent": "SI",
        "ids": {
            "fips": "SI35",
            "geonames": 3239050,
            "iso_3166_2": "SI-035"
        },
        "long": {
            "default": "Hrpelje-Kozina"
        }
    },
    {
        "parent": "SI",
        "ids": {
            "fips": "SI19",
            "geonames": 3239051,
            "iso_3166_2": "SI-019"
        },
        "long": {
            "default": "Divača"
        }
    },
    {
        "parent": "SI",
        "ids": {
            "fips": "SI91",
            "geonames": 3239054,
            "iso_3166_2": "SI-091"
        },
        "long": {
            "default": "Pivka"
        }
    },
    {
        "parent": "SI",
        "ids": {
            "fips": "I7",
            "geonames": 3239056,
            "iso_3166_2": "SI-065"
        },
        "long": {
            "default": "Loška Dolina"
        }
    },
    {
        "parent": "SI",
        "ids": {
            "fips": "SI66",
            "geonames": 3239059,
            "iso_3166_2": "SI-066"
        },
        "long": {
            "default": "Loški Potok"
        }
    },
    {
        "parent": "SI",
        "ids": {
            "fips": "SI88",
            "geonames": 3239061,
            "iso_3166_2": "SI-088"
        },
        "long": {
            "default": "Osilnica"
        }
    },
    {
        "parent": "SI",
        "ids": {
            "fips": "D8",
            "geonames": 3239062,
            "iso_3166_2": "SI-134"
        },
        "long": {
            "default": "Velike Lašče"
        }
    },
    {
        "parent": "SI",
        "ids": {
            "fips": "C1",
            "geonames": 3239066,
            "iso_3166_2": "SI-123"
        },
        "long": {
            "default": "Škofljica"
        }
    },
    {
        "parent": "SI",
        "ids": {
            "fips": "SI37",
            "geonames": 3239069,
            "iso_3166_2": "SI-037"
        },
        "long": {
            "default": "Ig"
        }
    },
    {
        "parent": "SI",
        "ids": {
            "fips": "SI09",
            "geonames": 3239071,
            "iso_3166_2": "SI-008"
        },
        "long": {
            "default": "Brezovica"
        }
    },
    {
        "parent": "SI",
        "ids": {
            "fips": "SI05",
            "geonames": 3239073,
            "iso_3166_2": "SI-005"
        },
        "long": {
            "default": "Borovnica"
        }
    },
    {
        "parent": "SI",
        "ids": {
            "fips": "E1",
            "geonames": 3239075,
            "iso_3166_2": "SI-136"
        },
        "long": {
            "default": "Vipava"
        }
    },
    {
        "parent": "SI",
        "ids": {
            "fips": "SI49",
            "geonames": 3239078,
            "iso_3166_2": "SI-049"
        },
        "long": {
            "default": "Komen"
        }
    },
    {
        "parent": "SI",
        "ids": {
            "fips": "J5",
            "geonames": 3239080,
            "iso_3166_2": "SI-075"
        },
        "long": {
            "default": "Miren-Kostanjevica"
        }
    },
    {
        "parent": "SI",
        "ids": {
            "fips": "SI07",
            "geonames": 3239083,
            "iso_3166_2": "SI-007"
        },
        "long": {
            "default": "Brda"
        }
    },
    {
        "parent": "SI",
        "ids": {
            "fips": "SI44",
            "geonames": 3239086,
            "iso_3166_2": "SI-044"
        },
        "long": {
            "default": "Kanal"
        }
    },
    {
        "parent": "SI",
        "ids": {
            "fips": "F2",
            "geonames": 3239087,
            "iso_3166_2": "SI-147"
        },
        "long": {
            "default": "Žiri"
        }
    },
    {
        "parent": "SI",
        "ids": {
            "fips": "SI14",
            "geonames": 3239091,
            "iso_3166_2": "SI-014"
        },
        "long": {
            "default": "Cerkno"
        }
    },
    {
        "parent": "SI",
        "ids": {
            "fips": "F1",
            "geonames": 3239093,
            "iso_3166_2": "SI-146"
        },
        "long": {
            "default": "Železniki"
        }
    },
    {
        "parent": "SI",
        "ids": {
            "fips": "SI27",
            "geonames": 3239095,
            "iso_3166_2": "SI-027"
        },
        "long": {
            "default": "Gorenja Vas-Poljane"
        }
    },
    {
        "parent": "SI",
        "ids": {
            "fips": false,
            "geonames": 3239096,
            "iso_3166_2": "SI-021"
        },
        "long": {
            "default": "Dobrova-Horjul-Polhov Gradec"
        }
    },
    {
        "parent": "SI",
        "ids": {
            "fips": "SI46",
            "geonames": 3239098,
            "iso_3166_2": "SI-046"
        },
        "long": {
            "default": "Kobarid"
        }
    },
    {
        "parent": "SI",
        "ids": {
            "fips": "SI06",
            "geonames": 3239100,
            "iso_3166_2": "SI-006"
        },
        "long": {
            "default": "Bovec"
        }
    },
    {
        "parent": "SI",
        "ids": {
            "fips": "SI04",
            "geonames": 3239101,
            "iso_3166_2": "SI-004"
        },
        "long": {
            "default": "Bohinj"
        }
    },
    {
        "parent": "SI",
        "ids": {
            "fips": "SI03",
            "geonames": 3239103,
            "iso_3166_2": "SI-003"
        },
        "long": {
            "default": "Bled"
        }
    },
    {
        "parent": "SI",
        "ids": {
            "fips": "SI82",
            "geonames": 3239104,
            "iso_3166_2": "SI-082"
        },
        "long": {
            "default": "Naklo"
        }
    },
    {
        "parent": "SI",
        "ids": {
            "fips": "SI53",
            "geonames": 3239105,
            "iso_3166_2": "SI-053"
        },
        "long": {
            "default": "Kranjska Gora"
        }
    },
    {
        "parent": "SI",
        "ids": {
            "fips": "K5",
            "geonames": 3239107,
            "iso_3166_2": "SI-095"
        },
        "long": {
            "default": "Preddvor"
        }
    },
    {
        "parent": "SI",
        "ids": {
            "fips": "SI12",
            "geonames": 3239110,
            "iso_3166_2": "SI-012"
        },
        "long": {
            "default": "Cerklje na Gorenjskem"
        }
    },
    {
        "parent": "SI",
        "ids": {
            "fips": "B2",
            "geonames": 3239111,
            "iso_3166_2": "SI-117"
        },
        "long": {
            "default": "Šenčur"
        }
    },
    {
        "parent": "SI",
        "ids": {
            "fips": "E3",
            "geonames": 3239112,
            "iso_3166_2": "SI-138"
        },
        "long": {
            "default": "Vodice"
        }
    },
    {
        "parent": "SI",
        "ids": {
            "fips": "SI71",
            "geonames": 3239113,
            "iso_3166_2": "SI-071"
        },
        "long": {
            "default": "Medvode"
        }
    },
    {
        "parent": "SI",
        "ids": {
            "fips": "SI72",
            "geonames": 3239114,
            "iso_3166_2": "SI-072"
        },
        "long": {
            "default": "Mengeš"
        }
    },
    {
        "parent": "SI",
        "ids": {
            "fips": "SI22",
            "geonames": 3239115,
            "iso_3166_2": "SI-022"
        },
        "long": {
            "default": "Dol pri Ljubljani"
        }
    },
    {
        "parent": "SI",
        "ids": {
            "fips": "SI77",
            "geonames": 3239132,
            "iso_3166_2": "SI-077"
        },
        "long": {
            "default": "Moravče"
        }
    },
    {
        "parent": "SI",
        "ids": {
            "fips": "SI30",
            "geonames": 3239133,
            "iso_3166_2": "SI-030"
        },
        "long": {
            "default": "Gornji Grad"
        }
    },
    {
        "parent": "SI",
        "ids": {
            "fips": "I9",
            "geonames": 3239134,
            "iso_3166_2": "SI-067"
        },
        "long": {
            "default": "Luče"
        }
    },
    {
        "parent": "SI",
        "ids": {
            "fips": "K8",
            "geonames": 3239175,
            "iso_3166_2": "SI-103"
        },
        "long": {
            "default": "Ravne na Koroškem"
        }
    },
    {
        "parent": "SI",
        "ids": {
            "fips": "SI74",
            "geonames": 3239177,
            "iso_3166_2": "SI-074"
        },
        "long": {
            "default": "Mežica"
        }
    },
    {
        "parent": "SI",
        "ids": {
            "fips": "SI81",
            "geonames": 3239179,
            "iso_3166_2": "SI-081"
        },
        "long": {
            "default": "Muta"
        }
    },
    {
        "parent": "SI",
        "ids": {
            "fips": "E6",
            "geonames": 3239180,
            "iso_3166_2": "SI-141"
        },
        "long": {
            "default": "Vuzenica"
        }
    },
    {
        "parent": "SI",
        "ids": {
            "fips": "SI16",
            "geonames": 3239181,
            "iso_3166_2": "SI-016"
        },
        "long": {
            "default": "Črna na Koroškem"
        }
    },
    {
        "parent": "SI",
        "ids": {
            "fips": "SI62",
            "geonames": 3239184,
            "iso_3166_2": "SI-062"
        },
        "long": {
            "default": "Ljubno"
        }
    },
    {
        "parent": "SI",
        "ids": {
            "fips": "C7",
            "geonames": 3239185,
            "iso_3166_2": "SI-126"
        },
        "long": {
            "default": "Šoštanj"
        }
    },
    {
        "parent": "SI",
        "ids": {
            "fips": "C6",
            "geonames": 3239187,
            "iso_3166_2": "SI-125"
        },
        "long": {
            "default": "Šmartno ob Paki"
        }
    },
    {
        "parent": "SI",
        "ids": {
            "fips": "SI68",
            "geonames": 3239188,
            "iso_3166_2": "SI-068"
        },
        "long": {
            "default": "Lukovica"
        }
    },
    {
        "parent": "SI",
        "ids": {
            "fips": "SI99",
            "geonames": 3239189,
            "iso_3166_2": "SI-099"
        },
        "long": {
            "default": "Radeče"
        }
    },
    {
        "parent": "SI",
        "ids": {
            "fips": "SI39",
            "geonames": 3239191,
            "iso_3166_2": "SI-039"
        },
        "long": {
            "default": "Ivančna Gorica"
        }
    },
    {
        "parent": "SI",
        "ids": {
            "fips": "SI20",
            "geonames": 3239193,
            "iso_3166_2": "SI-020"
        },
        "long": {
            "default": "Dobrepolje"
        }
    },
    {
        "parent": "SI",
        "ids": {
            "fips": "B1",
            "geonames": 3239195,
            "iso_3166_2": "SI-109"
        },
        "long": {
            "default": "Semič"
        }
    },
    {
        "parent": "SI",
        "ids": {
            "fips": "B4",
            "geonames": 3239197,
            "iso_3166_2": "SI-119"
        },
        "long": {
            "default": "Šentjernej"
        }
    },
    {
        "parent": "SI",
        "ids": {
            "fips": "B8",
            "geonames": 3239199,
            "iso_3166_2": "SI-121"
        },
        "long": {
            "default": "Škocjan"
        }
    },
    {
        "parent": "SI",
        "ids": {
            "fips": "C9",
            "geonames": 3239200,
            "iso_3166_2": "SI-127"
        },
        "long": {
            "default": "Štore"
        }
    },
    {
        "parent": "SI",
        "ids": {
            "fips": "N3",
            "geonames": 3239202,
            "iso_3166_2": "SI-139"
        },
        "long": {
            "default": "Vojnik"
        }
    },
    {
        "parent": "SI",
        "ids": {
            "fips": "E2",
            "geonames": 3239204,
            "iso_3166_2": "SI-137"
        },
        "long": {
            "default": "Vitanje"
        }
    },
    {
        "parent": "SI",
        "ids": {
            "fips": "F3",
            "geonames": 3239205,
            "iso_3166_2": "SI-144"
        },
        "long": {
            "default": "Zreče"
        }
    },
    {
        "parent": "SI",
        "ids": {
            "fips": "SI76",
            "geonames": 3239207,
            "iso_3166_2": "SI-076"
        },
        "long": {
            "default": "Mislinja"
        }
    },
    {
        "parent": "SI",
        "ids": {
            "fips": "L3",
            "geonames": 3239211,
            "iso_3166_2": "SI-108"
        },
        "long": {
            "default": "Ruše"
        }
    },
    {
        "parent": "SI",
        "ids": {
            "fips": "SI55",
            "geonames": 3239213,
            "iso_3166_2": "SI-055"
        },
        "long": {
            "default": "Kungota"
        }
    },
    {
        "parent": "SI",
        "ids": {
            "fips": "B3",
            "geonames": 3239214,
            "iso_3166_2": "SI-118"
        },
        "long": {
            "default": "Šentilj"
        }
    },
    {
        "parent": "SI",
        "ids": {
            "fips": "SI89",
            "geonames": 3239215,
            "iso_3166_2": "SI-089"
        },
        "long": {
            "default": "Pesnica"
        }
    },
    {
        "parent": "SI",
        "ids": {
            "fips": "SI26",
            "geonames": 3239216,
            "iso_3166_2": "SI-026"
        },
        "long": {
            "default": "Duplek"
        }
    },
    {
        "parent": "SI",
        "ids": {
            "fips": "SI98",
            "geonames": 3239224,
            "iso_3166_2": "SI-098"
        },
        "long": {
            "default": "Rače-Fram"
        }
    },
    {
        "parent": "SI",
        "ids": {
            "fips": "C8",
            "geonames": 3239226,
            "iso_3166_2": "SI-115"
        },
        "long": {
            "default": "Starše"
        }
    },
    {
        "parent": "SI",
        "ids": {
            "fips": "SI45",
            "geonames": 3239227,
            "iso_3166_2": "SI-045"
        },
        "long": {
            "default": "Kidričevo"
        }
    },
    {
        "parent": "SI",
        "ids": {
            "fips": "J1",
            "geonames": 3239229,
            "iso_3166_2": "SI-069"
        },
        "long": {
            "default": "Majšperk"
        }
    },
    {
        "parent": "SI",
        "ids": {
            "fips": "N2",
            "geonames": 3239231,
            "iso_3166_2": "SI-135"
        },
        "long": {
            "default": "Videm"
        }
    },
    {
        "parent": "SI",
        "ids": {
            "fips": "A7",
            "geonames": 3239234,
            "iso_3166_2": "SI-106"
        },
        "long": {
            "default": "Rogaška Slatina"
        }
    },
    {
        "parent": "SI",
        "ids": {
            "fips": "A8",
            "geonames": 3239237,
            "iso_3166_2": "SI-107"
        },
        "long": {
            "default": "Rogatec"
        }
    },
    {
        "parent": "SI",
        "ids": {
            "fips": "SI92",
            "geonames": 3239241,
            "iso_3166_2": "SI-092"
        },
        "long": {
            "default": "Podčetrtek"
        }
    },
    {
        "parent": "SI",
        "ids": {
            "fips": "SI51",
            "geonames": 3239243,
            "iso_3166_2": "SI-051"
        },
        "long": {
            "default": "Kozje"
        }
    },
    {
        "parent": "SI",
        "ids": {
            "fips": "SI28",
            "geonames": 3239245,
            "iso_3166_2": "SI-028"
        },
        "long": {
            "default": "Gorišnica"
        }
    },
    {
        "parent": "SI",
        "ids": {
            "fips": "E9",
            "geonames": 3239247,
            "iso_3166_2": "SI-143"
        },
        "long": {
            "default": "Zavrč"
        }
    },
    {
        "parent": "SI",
        "ids": {
            "fips": "SI24",
            "geonames": 3239248,
            "iso_3166_2": "SI-024"
        },
        "long": {
            "default": "Dornava"
        }
    },
    {
        "parent": "SI",
        "ids": {
            "fips": "SI42",
            "geonames": 3239251,
            "iso_3166_2": "SI-042"
        },
        "long": {
            "default": "Juršinci"
        }
    },
    {
        "parent": "SI",
        "ids": {
            "fips": "D1",
            "geonames": 3239259,
            "iso_3166_2": "SI-116"
        },
        "long": {
            "default": "Sveti Jurij"
        }
    },
    {
        "parent": "SI",
        "ids": {
            "fips": "A1",
            "geonames": 3239262,
            "iso_3166_2": "SI-100"
        },
        "long": {
            "default": "Radenci"
        }
    },
    {
        "parent": "SI",
        "ids": {
            "fips": "SI97",
            "geonames": 3239268,
            "iso_3166_2": "SI-097"
        },
        "long": {
            "default": "Puconci"
        }
    },
    {
        "parent": "SI",
        "ids": {
            "fips": "A6",
            "geonames": 3239270,
            "iso_3166_2": "SI-105"
        },
        "long": {
            "default": "Rogašovci"
        }
    },
    {
        "parent": "SI",
        "ids": {
            "fips": "I2",
            "geonames": 3239272,
            "iso_3166_2": "SI-056"
        },
        "long": {
            "default": "Kuzma"
        }
    },
    {
        "parent": "SI",
        "ids": {
            "fips": "SI31",
            "geonames": 3239275,
            "iso_3166_2": "SI-031"
        },
        "long": {
            "default": "Gornji Petrovci"
        }
    },
    {
        "parent": "SI",
        "ids": {
            "fips": "SI78",
            "geonames": 3239279,
            "iso_3166_2": "SI-078"
        },
        "long": {
            "default": "Moravske Toplice"
        }
    },
    {
        "parent": "SI",
        "ids": {
            "fips": "SI47",
            "geonames": 3239280,
            "iso_3166_2": "SI-047"
        },
        "long": {
            "default": "Kobilje"
        }
    },
    {
        "parent": "SI",
        "ids": {
            "fips": "SI02",
            "geonames": 3239282,
            "iso_3166_2": "SI-002"
        },
        "long": {
            "default": "Beltinci"
        }
    },
    {
        "parent": "SI",
        "ids": {
            "fips": "D6",
            "geonames": 3239283,
            "iso_3166_2": "SI-132"
        },
        "long": {
            "default": "Turnišče"
        }
    },
    {
        "parent": "SI",
        "ids": {
            "fips": "SI86",
            "geonames": 3239285,
            "iso_3166_2": "SI-086"
        },
        "long": {
            "default": "Odranci"
        }
    },
    {
        "parent": "SI",
        "ids": {
            "fips": "SI15",
            "geonames": 3239286,
            "iso_3166_2": "SI-015"
        },
        "long": {
            "default": "Črenšovci"
        }
    },
    {
        "parent": "SI",
        "ids": {
            "fips": "SI83",
            "geonames": 3239294,
            "iso_3166_2": "SI-083"
        },
        "long": {
            "default": "Nazarje"
        }
    },
    {
        "parent": "SI",
        "ids": {
            "fips": "SI61",
            "geonames": 3239318,
            "iso_3166_2": "SI-061"
        },
        "long": {
            "default": "Ljubljana"
        }
    },
    {
        "parent": "SI",
        "ids": {
            "fips": "N7",
            "geonames": 3344893,
            "iso_3166_2": "SI-192"
        },
        "long": {
            "default": "Žirovnica"
        }
    },
    {
        "parent": "SI",
        "ids": {
            "fips": "H5",
            "geonames": 3344894,
            "iso_3166_2": "SI-163"
        },
        "long": {
            "default": "Jezersko"
        }
    },
    {
        "parent": "SI",
        "ids": {
            "fips": "M2",
            "geonames": 3344895,
            "iso_3166_2": "SI-180"
        },
        "long": {
            "default": "Solčava"
        }
    },
    {
        "parent": "SI",
        "ids": {
            "fips": "H8",
            "geonames": 3344896,
            "iso_3166_2": "SI-164"
        },
        "long": {
            "default": "Komenda"
        }
    },
    {
        "parent": "SI",
        "ids": {
            "fips": "H3",
            "geonames": 3344897,
            "iso_3166_2": "SI-162"
        },
        "long": {
            "default": "Horjul"
        }
    },
    {
        "parent": "SI",
        "ids": {
            "fips": "L6",
            "geonames": 3344898,
            "iso_3166_2": "SI-183"
        },
        "long": {
            "default": "Šempeter-Vrtojba"
        }
    },
    {
        "parent": "SI",
        "ids": {
            "fips": "F6",
            "geonames": 3344899,
            "iso_3166_2": "SI-150"
        },
        "long": {
            "default": "Bloke"
        }
    },
    {
        "parent": "SI",
        "ids": {
            "fips": "M1",
            "geonames": 3344900,
            "iso_3166_2": "SI-179"
        },
        "long": {
            "default": "Sodražica"
        }
    },
    {
        "parent": "SI",
        "ids": {
            "fips": "M8",
            "geonames": 3344901,
            "iso_3166_2": "SI-186"
        },
        "long": {
            "default": "Trzin"
        }
    },
    {
        "parent": "SI",
        "ids": {
            "fips": "K6",
            "geonames": 3344902,
            "iso_3166_2": "SI-175"
        },
        "long": {
            "default": "Prevalje"
        }
    },
    {
        "parent": "SI",
        "ids": {
            "fips": "N4",
            "geonames": 3344903,
            "iso_3166_2": "SI-189"
        },
        "long": {
            "default": "Vransko"
        }
    },
    {
        "parent": "SI",
        "ids": {
            "fips": "M5",
            "geonames": 3344904,
            "iso_3166_2": "SI-184"
        },
        "long": {
            "default": "Tabor"
        }
    },
    {
        "parent": "SI",
        "ids": {
            "fips": "F7",
            "geonames": 3344905,
            "iso_3166_2": "SI-151"
        },
        "long": {
            "default": "Braslovče"
        }
    },
    {
        "parent": "SI",
        "ids": {
            "fips": "K3",
            "geonames": 3344906,
            "iso_3166_2": "SI-173"
        },
        "long": {
            "default": "Polzela"
        }
    },
    {
        "parent": "SI",
        "ids": {
            "fips": "K4",
            "geonames": 3344907,
            "iso_3166_2": "SI-174"
        },
        "long": {
            "default": "Prebold"
        }
    },
    {
        "parent": "SI",
        "ids": {
            "fips": "H9",
            "geonames": 3344908,
            "iso_3166_2": "SI-165"
        },
        "long": {
            "default": "Kostel"
        }
    },
    {
        "parent": "SI",
        "ids": {
            "fips": "N8",
            "geonames": 3344909,
            "iso_3166_2": "SI-193"
        },
        "long": {
            "default": "Žužemberk"
        }
    },
    {
        "parent": "SI",
        "ids": {
            "fips": "G6",
            "geonames": 3344910,
            "iso_3166_2": "SI-157"
        },
        "long": {
            "default": "Dolenjske Toplice"
        }
    },
    {
        "parent": "SI",
        "ids": {
            "fips": "J6",
            "geonames": 3344911,
            "iso_3166_2": "SI-170"
        },
        "long": {
            "default": "Mirna Peč"
        }
    },
    {
        "parent": "SI",
        "ids": {
            "fips": "F5",
            "geonames": 3344912,
            "iso_3166_2": "SI-149"
        },
        "long": {
            "default": "Bistrica ob Sotli"
        }
    },
    {
        "parent": "SI",
        "ids": {
            "fips": "G2",
            "geonames": 3344913,
            "iso_3166_2": "SI-154"
        },
        "long": {
            "default": "Dobje"
        }
    },
    {
        "parent": "SI",
        "ids": {
            "fips": "G3",
            "geonames": 3344914,
            "iso_3166_2": "SI-155"
        },
        "long": {
            "default": "Dobrna"
        }
    },
    {
        "parent": "SI",
        "ids": {
            "fips": "J8",
            "geonames": 3344915,
            "iso_3166_2": "SI-171"
        },
        "long": {
            "default": "Oplotnica"
        }
    },
    {
        "parent": "SI",
        "ids": {
            "fips": "K2",
            "geonames": 3344916,
            "iso_3166_2": "SI-093"
        },
        "long": {
            "default": "Podvelka"
        }
    },
    {
        "parent": "SI",
        "ids": {
            "fips": "L2",
            "geonames": 3344917,
            "iso_3166_2": "SI-177"
        },
        "long": {
            "default": "Ribnica na Pohorju"
        }
    },
    {
        "parent": "SI",
        "ids": {
            "fips": "I8",
            "geonames": 3344918,
            "iso_3166_2": "SI-167"
        },
        "long": {
            "default": "Lovrenc na Pohorju"
        }
    },
    {
        "parent": "SI",
        "ids": {
            "fips": "L5",
            "geonames": 3344919,
            "iso_3166_2": "SI-178"
        },
        "long": {
            "default": "Selnica ob Dravi"
        }
    },
    {
        "parent": "SI",
        "ids": {
            "fips": "H1",
            "geonames": 3344920,
            "iso_3166_2": "SI-160"
        },
        "long": {
            "default": "Hoče-Slivnica"
        }
    },
    {
        "parent": "SI",
        "ids": {
            "fips": "J4",
            "geonames": 3344921,
            "iso_3166_2": "SI-169"
        },
        "long": {
            "default": "Miklavž na Dravskem Polju"
        }
    },
    {
        "parent": "SI",
        "ids": {
            "fips": "G9",
            "geonames": 3344922,
            "iso_3166_2": "SI-159"
        },
        "long": {
            "default": "Hajdina"
        }
    },
    {
        "parent": "SI",
        "ids": {
            "fips": "N6",
            "geonames": 3344923,
            "iso_3166_2": "SI-191"
        },
        "long": {
            "default": "Žetale"
        }
    },
    {
        "parent": "SI",
        "ids": {
            "fips": "K1",
            "geonames": 3344924,
            "iso_3166_2": "SI-172"
        },
        "long": {
            "default": "Podlehnik"
        }
    },
    {
        "parent": "SI",
        "ids": {
            "fips": "J3",
            "geonames": 3344925,
            "iso_3166_2": "SI-168"
        },
        "long": {
            "default": "Markovci"
        }
    },
    {
        "parent": "SI",
        "ids": {
            "fips": "G1",
            "geonames": 3344926,
            "iso_3166_2": "SI-018"
        },
        "long": {
            "default": "Destrnik"
        }
    },
    {
        "parent": "SI",
        "ids": {
            "fips": "M7",
            "geonames": 3344927,
            "iso_3166_2": "SI-185"
        },
        "long": {
            "default": "Trnovska Vas"
        }
    },
    {
        "parent": "SI",
        "ids": {
            "fips": "M4",
            "geonames": 3344928,
            "iso_3166_2": "SI-182"
        },
        "long": {
            "default": "Sveti Andraž v Slovenskih Goricah"
        }
    },
    {
        "parent": "SI",
        "ids": {
            "fips": "F9",
            "geonames": 3344929,
            "iso_3166_2": "SI-153"
        },
        "long": {
            "default": "Cerkvenjak"
        }
    },
    {
        "parent": "SI",
        "ids": {
            "fips": "F4",
            "geonames": 3344930,
            "iso_3166_2": "SI-148"
        },
        "long": {
            "default": "Benedikt"
        }
    },
    {
        "parent": "SI",
        "ids": {
            "fips": "M3",
            "geonames": 3344931,
            "iso_3166_2": "SI-181"
        },
        "long": {
            "default": "Sveta Ana"
        }
    },
    {
        "parent": "SI",
        "ids": {
            "fips": "I1",
            "geonames": 3344932,
            "iso_3166_2": "SI-166"
        },
        "long": {
            "default": "Križevci"
        }
    },
    {
        "parent": "SI",
        "ids": {
            "fips": "N1",
            "geonames": 3344933,
            "iso_3166_2": "SI-188"
        },
        "long": {
            "default": "Veržej"
        }
    },
    {
        "parent": "SI",
        "ids": {
            "fips": "M9",
            "geonames": 3344934,
            "iso_3166_2": "SI-187"
        },
        "long": {
            "default": "Velika Polana"
        }
    },
    {
        "parent": "SI",
        "ids": {
            "fips": "I4",
            "geonames": 3344935,
            "iso_3166_2": "SI-059"
        },
        "long": {
            "default": "Lendava"
        }
    },
    {
        "parent": "SI",
        "ids": {
            "fips": "G5",
            "geonames": 3344936,
            "iso_3166_2": "SI-156"
        },
        "long": {
            "default": "Dobrovnik"
        }
    },
    {
        "parent": "SI",
        "ids": {
            "fips": "M6",
            "geonames": 3344937,
            "iso_3166_2": "SI-010"
        },
        "long": {
            "default": "Tišina"
        }
    },
    {
        "parent": "SI",
        "ids": {
            "fips": "F8",
            "geonames": 3344938,
            "iso_3166_2": "SI-152"
        },
        "long": {
            "default": "Cankova"
        }
    },
    {
        "parent": "SI",
        "ids": {
            "fips": "G8",
            "geonames": 3344939,
            "iso_3166_2": "SI-158"
        },
        "long": {
            "default": "Grad"
        }
    },
    {
        "parent": "SI",
        "ids": {
            "fips": "H2",
            "geonames": 3344940,
            "iso_3166_2": "SI-161"
        },
        "long": {
            "default": "Hodoš"
        }
    },
    {
        "parent": "SI",
        "ids": {
            "fips": "K9",
            "geonames": 3344941,
            "iso_3166_2": "SI-176"
        },
        "long": {
            "default": "Razkrižje"
        }
    },
    {
        "parent": "SI",
        "ids": {
            "fips": "L9",
            "geonames": 3344942,
            "iso_3166_2": "SI-194"
        },
        "long": {
            "default": "Šmartno pri Litiji"
        }
    },
    {
        "parent": "SI",
        "ids": {
            "fips": "L4",
            "geonames": 3344943,
            "iso_3166_2": "SI-033"
        },
        "long": {
            "default": "Šalovci"
        }
    },
    {
        "parent": "SI",
        "ids": {
            "fips": "N9",
            "geonames": 8133579,
            "iso_3166_2": "SI-195"
        },
        "long": {
            "default": "Apače"
        }
    },
    {
        "parent": "SI",
        "ids": {
            "fips": "O1",
            "geonames": 8133580,
            "iso_3166_2": "SI-196"
        },
        "long": {
            "default": "Cirkulane"
        }
    },
    {
        "parent": "SI",
        "ids": {
            "fips": "O3",
            "geonames": 8133581,
            "iso_3166_2": "SI-197"
        },
        "long": {
            "default": "Kostanjevica na Krki"
        }
    },
    {
        "parent": "SI",
        "ids": {
            "fips": "O4",
            "geonames": 8133582,
            "iso_3166_2": "SI-208"
        },
        "long": {
            "default": "Log–Dragomer"
        }
    },
    {
        "parent": "SI",
        "ids": {
            "fips": "O5",
            "geonames": 8133583,
            "iso_3166_2": "SI-198"
        },
        "long": {
            "default": "Makole"
        }
    },
    {
        "parent": "SI",
        "ids": {
            "fips": "O7",
            "geonames": 8133584,
            "iso_3166_2": "SI-199"
        },
        "long": {
            "default": "Mokronog-Trebelno"
        }
    },
    {
        "parent": "SI",
        "ids": {
            "fips": "O8",
            "geonames": 8133585,
            "iso_3166_2": "SI-200"
        },
        "long": {
            "default": "Poljčane"
        }
    },
    {
        "parent": "SI",
        "ids": {
            "fips": "O9",
            "geonames": 8133586,
            "iso_3166_2": "SI-209"
        },
        "long": {
            "default": "Rečica ob Savinji"
        }
    },
    {
        "parent": "SI",
        "ids": {
            "fips": false,
            "geonames": 8133587,
            "iso_3166_2": "SI-201"
        },
        "long": {
            "default": "Renče-Vogrsko"
        }
    },
    {
        "parent": "SI",
        "ids": {
            "fips": false,
            "geonames": 8133588,
            "iso_3166_2": "SI-202"
        },
        "long": {
            "default": "Središče ob Dravi"
        }
    },
    {
        "parent": "SI",
        "ids": {
            "fips": false,
            "geonames": 8133589,
            "iso_3166_2": "SI-203"
        },
        "long": {
            "default": "Straža"
        }
    },
    {
        "parent": "SI",
        "ids": {
            "fips": false,
            "geonames": 8133590,
            "iso_3166_2": "SI-204"
        },
        "long": {
            "default": "Sveta Trojica v Slovenskih Goricah"
        }
    },
    {
        "parent": "SI",
        "ids": {
            "fips": false,
            "geonames": 8133591,
            "iso_3166_2": "SI-205"
        },
        "long": {
            "default": "Sveti Tomaž"
        }
    },
    {
        "parent": "SI",
        "ids": {
            "fips": false,
            "geonames": 8133592,
            "iso_3166_2": "SI-211"
        },
        "long": {
            "default": "Šentrupert"
        }
    },
    {
        "parent": "SI",
        "ids": {
            "fips": false,
            "geonames": 8133593,
            "iso_3166_2": "SI-206"
        },
        "long": {
            "default": "Šmarješke Toplice"
        }
    },
    {
        "parent": "SI",
        "ids": {
            "fips": false,
            "geonames": 8469236,
            "iso_3166_2": "SI-210"
        },
        "long": {
            "default": "Sveti Jurij v Slovenskih Goricah"
        }
    },
    {
        "parent": "SI",
        "ids": {
            "fips": false,
            "geonames": 8986279,
            "iso_3166_2": "SI-207"
        },
        "long": {
            "default": "Gorje"
        }
    },
    {
        "parent": "SI",
        "ids": {
            "fips": false,
            "geonames": false,
            "iso_3166_2": "SI-212"
        },
        "long": {
            "default": "Mirna"
        }
    }
]