[
    {
        "parent": "SK",
        "ids": {
            "fips": "LO03",
            "geonames": 865084,
            "iso_3166_2": "SK-KI"
        },
        "long": {
            "default": "Košický"
        }
    },
    {
        "parent": "SK",
        "ids": {
            "fips": "LO05",
            "geonames": 865085,
            "iso_3166_2": "SK-PV"
        },
        "long": {
            "default": "Prešovský"
        }
    },
    {
        "parent": "SK",
        "ids": {
            "fips": "LO08",
            "geonames": 3056506,
            "iso_3166_2": "SK-ZI"
        },
        "long": {
            "default": "Žilinský"
        }
    },
    {
        "parent": "SK",
        "ids": {
            "fips": "LO01",
            "geonames": 3343954,
            "iso_3166_2": "SK-BC"
        },
        "long": {
            "default": "Banskobystrický"
        }
    },
    {
        "parent": "SK",
        "ids": {
            "fips": "LO02",
            "geonames": 3343955,
            "iso_3166_2": "SK-BL"
        },
        "long": {
            "default": "Bratislavský"
        }
    },
    {
        "parent": "SK",
        "ids": {
            "fips": "LO04",
            "geonames": 3343956,
            "iso_3166_2": "SK-NI"
        },
        "long": {
            "default": "Nitriansky"
        }
    },
    {
        "parent": "SK",
        "ids": {
            "fips": "LO06",
            "geonames": 3343957,
            "iso_3166_2": "SK-TC"
        },
        "long": {
            "default": "Trenčiansky"
        }
    },
    {
        "parent": "SK",
        "ids": {
            "fips": "LO07",
            "geonames": 3343958,
            "iso_3166_2": "SK-TA"
        },
        "long": {
            "default": "Trnavský"
        }
    }
]