[
    {
        "parent": "SL",
        "ids": {
            "fips": "SL04",
            "geonames": 2403068,
            "iso_3166_2": "SL-W"
        },
        "long": {
            "default": "Western Area"
        }
    },
    {
        "parent": "SL",
        "ids": {
            "fips": "SL03",
            "geonames": 2403745,
            "iso_3166_2": "SL-S"
        },
        "long": {
            "default": "Southern Province"
        }
    },
    {
        "parent": "SL",
        "ids": {
            "fips": "SL02",
            "geonames": 2404798,
            "iso_3166_2": "SL-N"
        },
        "long": {
            "default": "Northern Province"
        }
    },
    {
        "parent": "SL",
        "ids": {
            "fips": "SL01",
            "geonames": 2409543,
            "iso_3166_2": "SL-E"
        },
        "long": {
            "default": "Eastern Province"
        }
    }
]