[
    {
        "parent": "SM",
        "ids": {
            "fips": "SM09",
            "geonames": 3166650,
            "iso_3166_2": "SM-09"
        },
        "long": {
            "default": "Serravalle"
        }
    },
    {
        "parent": "SM",
        "ids": {
            "fips": "SM02",
            "geonames": 3178807,
            "iso_3166_2": "SM-02"
        },
        "long": {
            "default": "Chiesanuova"
        }
    },
    {
        "parent": "SM",
        "ids": {
            "fips": "SM07",
            "geonames": 3345302,
            "iso_3166_2": "SM-07"
        },
        "long": {
            "default": "San Marino"
        }
    },
    {
        "parent": "SM",
        "ids": {
            "fips": "SM01",
            "geonames": 3345303,
            "iso_3166_2": "SM-01"
        },
        "long": {
            "default": "Acquaviva"
        }
    },
    {
        "parent": "SM",
        "ids": {
            "fips": "SM06",
            "geonames": 3345304,
            "iso_3166_2": "SM-06"
        },
        "long": {
            "default": "Borgo Maggiore"
        }
    },
    {
        "parent": "SM",
        "ids": {
            "fips": "SM03",
            "geonames": 3345305,
            "iso_3166_2": "SM-03"
        },
        "long": {
            "default": "Domagnano"
        }
    },
    {
        "parent": "SM",
        "ids": {
            "fips": "SM04",
            "geonames": 3345306,
            "iso_3166_2": "SM-04"
        },
        "long": {
            "default": "Faetano"
        }
    },
    {
        "parent": "SM",
        "ids": {
            "fips": "SM05",
            "geonames": 3345307,
            "iso_3166_2": "SM-05"
        },
        "long": {
            "default": "Fiorentino"
        }
    },
    {
        "parent": "SM",
        "ids": {
            "fips": "SM08",
            "geonames": 3345308,
            "iso_3166_2": "SM-08"
        },
        "long": {
            "default": "Montegiardino"
        }
    }
]