[
    {
        "parent": "SN",
        "ids": {
            "fips": "SG12",
            "geonames": 2243939,
            "iso_3166_2": "SN-ZG"
        },
        "long": {
            "default": "Ziguinchor"
        }
    },
    {
        "parent": "SN",
        "ids": {
            "fips": "SG07",
            "geonames": 2244800,
            "iso_3166_2": "SN-TH"
        },
        "long": {
            "default": "Thiès"
        }
    },
    {
        "parent": "SN",
        "ids": {
            "fips": "SG05",
            "geonames": 2244990,
            "iso_3166_2": "SN-TC"
        },
        "long": {
            "default": "Tambacounda"
        }
    },
    {
        "parent": "SN",
        "ids": {
            "fips": "SG14",
            "geonames": 2246451,
            "iso_3166_2": "SN-SL"
        },
        "long": {
            "default": "Saint-Louis"
        }
    },
    {
        "parent": "SN",
        "ids": {
            "fips": "SG15",
            "geonames": 2248753,
            "iso_3166_2": "SN-MT"
        },
        "long": {
            "default": "Matam"
        }
    },
    {
        "parent": "SN",
        "ids": {
            "fips": "SG13",
            "geonames": 2249221,
            "iso_3166_2": "SN-LG"
        },
        "long": {
            "default": "Louga"
        }
    },
    {
        "parent": "SN",
        "ids": {
            "fips": "SG11",
            "geonames": 2249781,
            "iso_3166_2": "SN-KD"
        },
        "long": {
            "default": "Kolda"
        }
    },
    {
        "parent": "SN",
        "ids": {
            "fips": "SG10",
            "geonames": 2250804,
            "iso_3166_2": "SN-KL"
        },
        "long": {
            "default": "Kaolack"
        }
    },
    {
        "parent": "SN",
        "ids": {
            "fips": "SG09",
            "geonames": 2251910,
            "iso_3166_2": "SN-FK"
        },
        "long": {
            "default": "Fatick"
        }
    },
    {
        "parent": "SN",
        "ids": {
            "fips": "SG03",
            "geonames": 2252308,
            "iso_3166_2": "SN-DB"
        },
        "long": {
            "default": "Diourbel"
        }
    },
    {
        "parent": "SN",
        "ids": {
            "fips": "SG01",
            "geonames": 2253350,
            "iso_3166_2": "SN-DK"
        },
        "long": {
            "default": "Dakar"
        }
    },
    {
        "parent": "SN",
        "ids": {
            "fips": "SG16",
            "geonames": 7303935,
            "iso_3166_2": "SN-KA"
        },
        "long": {
            "default": "Kaffrine"
        }
    },
    {
        "parent": "SN",
        "ids": {
            "fips": "SG17",
            "geonames": 7303936,
            "iso_3166_2": "SN-KE"
        },
        "long": {
            "default": "Kédougou"
        }
    },
    {
        "parent": "SN",
        "ids": {
            "fips": "SG18",
            "geonames": 7303937,
            "iso_3166_2": "SN-SE"
        },
        "long": {
            "default": "Sédhiou"
        }
    }
]