[
    {
        "parent": "SO",
        "ids": {
            "fips": "SO20",
            "geonames": 50360,
            "iso_3166_2": "SO-WO"
        },
        "long": {
            "default": "Woqooyi Galbeed"
        }
    },
    {
        "parent": "SO",
        "ids": {
            "fips": "SO19",
            "geonames": 51230,
            "iso_3166_2": "SO-TO"
        },
        "long": {
            "default": "Togdheer"
        }
    },
    {
        "parent": "SO",
        "ids": {
            "fips": "SO14",
            "geonames": 51966,
            "iso_3166_2": "SO-SH"
        },
        "long": {
            "default": "Lower Shabeelle"
        }
    },
    {
        "parent": "SO",
        "ids": {
            "fips": "SO13",
            "geonames": 51967,
            "iso_3166_2": "SO-SD"
        },
        "long": {
            "default": "Middle Shabele"
        }
    },
    {
        "parent": "SO",
        "ids": {
            "fips": "SO12",
            "geonames": 52187,
            "iso_3166_2": "SO-SA"
        },
        "long": {
            "default": "Sanaag"
        }
    },
    {
        "parent": "SO",
        "ids": {
            "fips": "SO18",
            "geonames": 53477,
            "iso_3166_2": "SO-NU"
        },
        "long": {
            "default": "Nugaal"
        }
    },
    {
        "parent": "SO",
        "ids": {
            "fips": "SO10",
            "geonames": 53707,
            "iso_3166_2": "SO-MU"
        },
        "long": {
            "default": "Mudug"
        }
    },
    {
        "parent": "SO",
        "ids": {
            "fips": "SO09",
            "geonames": 56083,
            "iso_3166_2": "SO-JH"
        },
        "long": {
            "default": "Lower Juba"
        }
    },
    {
        "parent": "SO",
        "ids": {
            "fips": "SO08",
            "geonames": 56084,
            "iso_3166_2": "SO-JD"
        },
        "long": {
            "default": "Middle Juba"
        }
    },
    {
        "parent": "SO",
        "ids": {
            "fips": "SO07",
            "geonames": 57060,
            "iso_3166_2": "SO-HI"
        },
        "long": {
            "default": "Hiiraan"
        }
    },
    {
        "parent": "SO",
        "ids": {
            "fips": "SO06",
            "geonames": 58802,
            "iso_3166_2": "SO-GE"
        },
        "long": {
            "default": "Gedo"
        }
    },
    {
        "parent": "SO",
        "ids": {
            "fips": "SO05",
            "geonames": 59362,
            "iso_3166_2": "SO-GA"
        },
        "long": {
            "default": "Galguduud"
        }
    },
    {
        "parent": "SO",
        "ids": {
            "fips": "SO04",
            "geonames": 64538,
            "iso_3166_2": "SO-BY"
        },
        "long": {
            "default": "Bay"
        }
    },
    {
        "parent": "SO",
        "ids": {
            "fips": "SO03",
            "geonames": 64661,
            "iso_3166_2": "SO-BR"
        },
        "long": {
            "default": "Bari"
        }
    },
    {
        "parent": "SO",
        "ids": {
            "fips": "SO02",
            "geonames": 64833,
            "iso_3166_2": "SO-BN"
        },
        "long": {
            "default": "Banaadir"
        }
    },
    {
        "parent": "SO",
        "ids": {
            "fips": "SO01",
            "geonames": 64982,
            "iso_3166_2": "SO-BK"
        },
        "long": {
            "default": "Bakool"
        }
    },
    {
        "parent": "SO",
        "ids": {
            "fips": "SO21",
            "geonames": 6268943,
            "iso_3166_2": "SO-AW"
        },
        "long": {
            "default": "Awdal"
        }
    },
    {
        "parent": "SO",
        "ids": {
            "fips": "SO22",
            "geonames": 6268947,
            "iso_3166_2": "SO-SO"
        },
        "long": {
            "default": "Sool"
        }
    }
]