[
    {
        "parent": "SR",
        "ids": {
            "fips": "NS19",
            "geonames": 3382761,
            "iso_3166_2": "SR-WA"
        },
        "long": {
            "default": "Wanica"
        }
    },
    {
        "parent": "SR",
        "ids": {
            "fips": "NS18",
            "geonames": 3383062,
            "iso_3166_2": "SR-SI"
        },
        "long": {
            "default": "Sipaliwini"
        }
    },
    {
        "parent": "SR",
        "ids": {
            "fips": "NS17",
            "geonames": 3383110,
            "iso_3166_2": "SR-SA"
        },
        "long": {
            "default": "Saramacca"
        }
    },
    {
        "parent": "SR",
        "ids": {
            "fips": "NS16",
            "geonames": 3383329,
            "iso_3166_2": "SR-PM"
        },
        "long": {
            "default": "Paramaribo"
        }
    },
    {
        "parent": "SR",
        "ids": {
            "fips": "NS15",
            "geonames": 3383337,
            "iso_3166_2": "SR-PR"
        },
        "long": {
            "default": "Para"
        }
    },
    {
        "parent": "SR",
        "ids": {
            "fips": "NS14",
            "geonames": 3383438,
            "iso_3166_2": "SR-NI"
        },
        "long": {
            "default": "Nickerie"
        }
    },
    {
        "parent": "SR",
        "ids": {
            "fips": "NS13",
            "geonames": 3383560,
            "iso_3166_2": "SR-MA"
        },
        "long": {
            "default": "Marowijne"
        }
    },
    {
        "parent": "SR",
        "ids": {
            "fips": "NS12",
            "geonames": 3384397,
            "iso_3166_2": "SR-CR"
        },
        "long": {
            "default": "Coronie"
        }
    },
    {
        "parent": "SR",
        "ids": {
            "fips": "NS11",
            "geonames": 3384418,
            "iso_3166_2": "SR-CM"
        },
        "long": {
            "default": "Commewijne"
        }
    },
    {
        "parent": "SR",
        "ids": {
            "fips": "NS10",
            "geonames": 3384481,
            "iso_3166_2": "SR-BR"
        },
        "long": {
            "default": "Brokopondo"
        }
    }
]