[
    {
        "parent": "SS",
        "ids": {
            "fips": "07",
            "geonames": 381229,
            "iso_3166_2": "SS-NU"
        },
        "long": {
            "default": "Upper Nile"
        }
    },
    {
        "parent": "SS",
        "ids": {
            "fips": "04",
            "geonames": 408647,
            "iso_3166_2": "SS-LK"
        },
        "long": {
            "default": "Lakes"
        }
    },
    {
        "parent": "SS",
        "ids": {
            "fips": "06",
            "geonames": 408650,
            "iso_3166_2": "SS-UY"
        },
        "long": {
            "default": "Unity"
        }
    },
    {
        "parent": "SS",
        "ids": {
            "fips": "01",
            "geonames": 408655,
            "iso_3166_2": "SS-EC"
        },
        "long": {
            "default": "Central Equatoria"
        }
    },
    {
        "parent": "SS",
        "ids": {
            "fips": "10",
            "geonames": 408656,
            "iso_3166_2": "SS-EW"
        },
        "long": {
            "default": "Western Equatoria"
        }
    },
    {
        "parent": "SS",
        "ids": {
            "fips": "09",
            "geonames": 408657,
            "iso_3166_2": "SS-BW"
        },
        "long": {
            "default": "Western Bahr al Ghazal"
        }
    },
    {
        "parent": "SS",
        "ids": {
            "fips": "03",
            "geonames": 408662,
            "iso_3166_2": "SS-JG"
        },
        "long": {
            "default": "Jonglei"
        }
    },
    {
        "parent": "SS",
        "ids": {
            "fips": "05",
            "geonames": 408665,
            "iso_3166_2": "SS-BN"
        },
        "long": {
            "default": "Northern Bahr al Ghazal"
        }
    },
    {
        "parent": "SS",
        "ids": {
            "fips": "02",
            "geonames": 408668,
            "iso_3166_2": "SS-EE"
        },
        "long": {
            "default": "Eastern Equatoria"
        }
    },
    {
        "parent": "SS",
        "ids": {
            "fips": "08",
            "geonames": 408670,
            "iso_3166_2": "SS-WR"
        },
        "long": {
            "default": "Warrap"
        }
    }
]