[
    {
        "parent": "SV",
        "ids": {
            "fips": "ES14",
            "geonames": 3582882,
            "iso_3166_2": "SV-US"
        },
        "long": {
            "default": "Usulután"
        }
    },
    {
        "parent": "SV",
        "ids": {
            "fips": "ES13",
            "geonames": 3583101,
            "iso_3166_2": "SV-SO"
        },
        "long": {
            "default": "Sonsonate"
        }
    },
    {
        "parent": "SV",
        "ids": {
            "fips": "ES12",
            "geonames": 3583176,
            "iso_3166_2": "SV-SV"
        },
        "long": {
            "default": "San Vicente"
        }
    },
    {
        "parent": "SV",
        "ids": {
            "fips": "ES11",
            "geonames": 3583332,
            "iso_3166_2": "SV-SA"
        },
        "long": {
            "default": "Santa Ana"
        }
    },
    {
        "parent": "SV",
        "ids": {
            "fips": "ES10",
            "geonames": 3583360,
            "iso_3166_2": "SV-SS"
        },
        "long": {
            "default": "San Salvador"
        }
    },
    {
        "parent": "SV",
        "ids": {
            "fips": "ES09",
            "geonames": 3583462,
            "iso_3166_2": "SV-SM"
        },
        "long": {
            "default": "San Miguel"
        }
    },
    {
        "parent": "SV",
        "ids": {
            "fips": "ES08",
            "geonames": 3584317,
            "iso_3166_2": "SV-MO"
        },
        "long": {
            "default": "Morazán"
        }
    },
    {
        "parent": "SV",
        "ids": {
            "fips": "ES07",
            "geonames": 3584767,
            "iso_3166_2": "SV-UN"
        },
        "long": {
            "default": "La Unión"
        }
    },
    {
        "parent": "SV",
        "ids": {
            "fips": "ES06",
            "geonames": 3585087,
            "iso_3166_2": "SV-PA"
        },
        "long": {
            "default": "La Paz"
        }
    },
    {
        "parent": "SV",
        "ids": {
            "fips": "ES05",
            "geonames": 3585155,
            "iso_3166_2": "SV-LI"
        },
        "long": {
            "default": "La Libertad"
        }
    },
    {
        "parent": "SV",
        "ids": {
            "fips": "ES04",
            "geonames": 3586831,
            "iso_3166_2": "SV-CU"
        },
        "long": {
            "default": "Cuscatlán"
        }
    },
    {
        "parent": "SV",
        "ids": {
            "fips": "ES03",
            "geonames": 3587090,
            "iso_3166_2": "SV-CH"
        },
        "long": {
            "default": "Chalatenango"
        }
    },
    {
        "parent": "SV",
        "ids": {
            "fips": "ES02",
            "geonames": 3587217,
            "iso_3166_2": "SV-CA"
        },
        "long": {
            "default": "Cabañas"
        }
    },
    {
        "parent": "SV",
        "ids": {
            "fips": "ES01",
            "geonames": 3587425,
            "iso_3166_2": "SV-AH"
        },
        "long": {
            "default": "Ahuachapán"
        }
    }
]