[
    {
        "parent": "SY",
        "ids": {
            "fips": "SY14",
            "geonames": 163342,
            "iso_3166_2": "SY-TA"
        },
        "long": {
            "default": "Tartus"
        }
    },
    {
        "parent": "SY",
        "ids": {
            "fips": "SY13",
            "geonames": 167541,
            "iso_3166_2": "SY-DI"
        },
        "long": {
            "default": "Dimashq"
        }
    },
    {
        "parent": "SY",
        "ids": {
            "fips": "SY12",
            "geonames": 169387,
            "iso_3166_2": "SY-ID"
        },
        "long": {
            "default": "Idlib"
        }
    },
    {
        "parent": "SY",
        "ids": {
            "fips": "SY11",
            "geonames": 169575,
            "iso_3166_2": "SY-HI"
        },
        "long": {
            "default": "Homs"
        }
    },
    {
        "parent": "SY",
        "ids": {
            "fips": "SY10",
            "geonames": 170015,
            "iso_3166_2": "SY-HM"
        },
        "long": {
            "default": "Hama"
        }
    },
    {
        "parent": "SY",
        "ids": {
            "fips": "SY09",
            "geonames": 170062,
            "iso_3166_2": "SY-HL"
        },
        "long": {
            "default": "Aleppo"
        }
    },
    {
        "parent": "SY",
        "ids": {
            "fips": "SY08",
            "geonames": 170652,
            "iso_3166_2": "SY-RD"
        },
        "long": {
            "default": "Rif-dimashq"
        }
    },
    {
        "parent": "SY",
        "ids": {
            "fips": "SY07",
            "geonames": 170792,
            "iso_3166_2": "SY-DY"
        },
        "long": {
            "default": "Deir ez-Zor"
        }
    },
    {
        "parent": "SY",
        "ids": {
            "fips": "SY06",
            "geonames": 170903,
            "iso_3166_2": "SY-DR"
        },
        "long": {
            "default": "Daraa"
        }
    },
    {
        "parent": "SY",
        "ids": {
            "fips": "SY05",
            "geonames": 172410,
            "iso_3166_2": "SY-SU"
        },
        "long": {
            "default": "As-Suwayda"
        }
    },
    {
        "parent": "SY",
        "ids": {
            "fips": "SY04",
            "geonames": 172957,
            "iso_3166_2": "SY-RA"
        },
        "long": {
            "default": "Ar-Raqqah"
        }
    },
    {
        "parent": "SY",
        "ids": {
            "fips": "SY03",
            "geonames": 173336,
            "iso_3166_2": "SY-QU"
        },
        "long": {
            "default": "Quneitra"
        }
    },
    {
        "parent": "SY",
        "ids": {
            "fips": "SY02",
            "geonames": 173578,
            "iso_3166_2": "SY-LA"
        },
        "long": {
            "default": "Latakia"
        }
    },
    {
        "parent": "SY",
        "ids": {
            "fips": "SY01",
            "geonames": 173813,
            "iso_3166_2": "SY-HA"
        },
        "long": {
            "default": "Al-Hasakah"
        }
    }
]