[
    {
        "parent": "SZ",
        "ids": {
            "fips": "WZ04",
            "geonames": 934867,
            "iso_3166_2": "SZ-SH"
        },
        "long": {
            "default": "Shiselweni"
        }
    },
    {
        "parent": "SZ",
        "ids": {
            "fips": "WZ03",
            "geonames": 934994,
            "iso_3166_2": "SZ-MA"
        },
        "long": {
            "default": "Manzini"
        }
    },
    {
        "parent": "SZ",
        "ids": {
            "fips": "WZ02",
            "geonames": 935042,
            "iso_3166_2": "SZ-LU"
        },
        "long": {
            "default": "Lubombo"
        }
    },
    {
        "parent": "SZ",
        "ids": {
            "fips": "WZ01",
            "geonames": 935085,
            "iso_3166_2": "SZ-HH"
        },
        "long": {
            "default": "Hhohho"
        }
    }
]