[
    {
        "parent": "TD",
        "ids": {
            "fips": "CD13",
            "geonames": 242048,
            "iso_3166_2": "TD-SA"
        },
        "long": {
            "default": "Salamat"
        }
    },
    {
        "parent": "TD",
        "ids": {
            "fips": "CD12",
            "geonames": 242246,
            "iso_3166_2": "TD-OD"
        },
        "long": {
            "default": "Ouadaï"
        }
    },
    {
        "parent": "TD",
        "ids": {
            "fips": "CD02",
            "geonames": 244877,
            "iso_3166_2": "TD-WF"
        },
        "long": {
            "default": "Wadi Fira"
        }
    },
    {
        "parent": "TD",
        "ids": {
            "fips": "CD14",
            "geonames": 2425287,
            "iso_3166_2": "TD-TA"
        },
        "long": {
            "default": "Tandjilé"
        }
    },
    {
        "parent": "TD",
        "ids": {
            "fips": "CD17",
            "geonames": 2427315,
            "iso_3166_2": "TD-MC"
        },
        "long": {
            "default": "Moyen-Chari"
        }
    },
    {
        "parent": "TD",
        "ids": {
            "fips": "CD16",
            "geonames": 2428132,
            "iso_3166_2": "TD-ME"
        },
        "long": {
            "default": "Mayo-Kebbi Est"
        }
    },
    {
        "parent": "TD",
        "ids": {
            "fips": "CD09",
            "geonames": 2429058,
            "iso_3166_2": "TD-LR"
        },
        "long": {
            "default": "Logone Oriental"
        }
    },
    {
        "parent": "TD",
        "ids": {
            "fips": "CD08",
            "geonames": 2429060,
            "iso_3166_2": "TD-LO"
        },
        "long": {
            "default": "Logone Occidental"
        }
    },
    {
        "parent": "TD",
        "ids": {
            "fips": "CD07",
            "geonames": 2429323,
            "iso_3166_2": "TD-LC"
        },
        "long": {
            "default": "Lac"
        }
    },
    {
        "parent": "TD",
        "ids": {
            "fips": "CD06",
            "geonames": 2430873,
            "iso_3166_2": "TD-KA"
        },
        "long": {
            "default": "Kanem"
        }
    },
    {
        "parent": "TD",
        "ids": {
            "fips": "CD05",
            "geonames": 2431555,
            "iso_3166_2": "TD-GR"
        },
        "long": {
            "default": "Guéra"
        }
    },
    {
        "parent": "TD",
        "ids": {
            "fips": "CD15",
            "geonames": 2434478,
            "iso_3166_2": "TD-CB"
        },
        "long": {
            "default": "Chari-Baguirmi"
        }
    },
    {
        "parent": "TD",
        "ids": {
            "fips": "CD01",
            "geonames": 2435899,
            "iso_3166_2": "TD-BA"
        },
        "long": {
            "default": "Batha"
        }
    },
    {
        "parent": "TD",
        "ids": {
            "fips": "CD23",
            "geonames": 7602866,
            "iso_3166_2": "TD-BO"
        },
        "long": {
            "default": "Borkou"
        }
    },
    {
        "parent": "TD",
        "ids": {
            "fips": "CD18",
            "geonames": 7603251,
            "iso_3166_2": "TD-HL"
        },
        "long": {
            "default": "Hadjer-Lamis"
        }
    },
    {
        "parent": "TD",
        "ids": {
            "fips": "CD19",
            "geonames": 7603252,
            "iso_3166_2": "TD-MA"
        },
        "long": {
            "default": "Mandoul"
        }
    },
    {
        "parent": "TD",
        "ids": {
            "fips": "CD20",
            "geonames": 7603253,
            "iso_3166_2": "TD-MO"
        },
        "long": {
            "default": "Mayo-Kebbi Ouest"
        }
    },
    {
        "parent": "TD",
        "ids": {
            "fips": "CD21",
            "geonames": 7603254,
            "iso_3166_2": "TD-ND"
        },
        "long": {
            "default": "N’Djaména"
        }
    },
    {
        "parent": "TD",
        "ids": {
            "fips": "CD22",
            "geonames": 7603255,
            "iso_3166_2": "TD-BG"
        },
        "long": {
            "default": "Barh el Gazel"
        }
    },
    {
        "parent": "TD",
        "ids": {
            "fips": "CD25",
            "geonames": 7603257,
            "iso_3166_2": "TD-SI"
        },
        "long": {
            "default": "Sila"
        }
    },
    {
        "parent": "TD",
        "ids": {
            "fips": "CD26",
            "geonames": 7603258,
            "iso_3166_2": "TD-TI"
        },
        "long": {
            "default": "Tibesti"
        }
    },
    {
        "parent": "TD",
        "ids": {
            "fips": "CD28",
            "geonames": 8604857,
            "iso_3166_2": "TD-EO"
        },
        "long": {
            "default": "Ennedi-Ouest"
        }
    },
    {
        "parent": "TD",
        "ids": {
            "fips": "CD27",
            "geonames": 8604858,
            "iso_3166_2": "TD-EE"
        },
        "long": {
            "default": "Ennedi-Est"
        }
    }
]