[
    {
        "parent": "TF",
        "ids": {
            "fips": "FS02",
            "geonames": 936339,
            "iso_3166_2": false
        },
        "long": {
            "default": "Crozet"
        }
    },
    {
        "parent": "TF",
        "ids": {
            "fips": "FS03",
            "geonames": 1546558,
            "iso_3166_2": false
        },
        "long": {
            "default": "Kerguelen"
        }
    },
    {
        "parent": "TF",
        "ids": {
            "fips": "FS01",
            "geonames": 1547221,
            "iso_3166_2": false
        },
        "long": {
            "default": "Saint-Paul-et-Amsterdam"
        }
    },
    {
        "parent": "TF",
        "ids": {
            "fips": "FS05",
            "geonames": 6690916,
            "iso_3166_2": false
        },
        "long": {
            "default": "Îles Éparses"
        }
    },
    {
        "parent": "TF",
        "ids": {
            "fips": "FS04",
            "geonames": 6690917,
            "iso_3166_2": false
        },
        "long": {
            "default": "Terre-Adélie"
        }
    }
]