[
    {
        "parent": "TG",
        "ids": {
            "fips": "TO26",
            "geonames": 2364205,
            "iso_3166_2": "TG-S"
        },
        "long": {
            "default": "Savanes"
        }
    },
    {
        "parent": "TG",
        "ids": {
            "fips": "TO25",
            "geonames": 2364370,
            "iso_3166_2": "TG-P"
        },
        "long": {
            "default": "Plateaux"
        }
    },
    {
        "parent": "TG",
        "ids": {
            "fips": "TO24",
            "geonames": 2365173,
            "iso_3166_2": "TG-M"
        },
        "long": {
            "default": "Maritime"
        }
    },
    {
        "parent": "TG",
        "ids": {
            "fips": "TO22",
            "geonames": 2367237,
            "iso_3166_2": "TG-C"
        },
        "long": {
            "default": "Centrale"
        }
    },
    {
        "parent": "TG",
        "ids": {
            "fips": "TO23",
            "geonames": 2597439,
            "iso_3166_2": "TG-K"
        },
        "long": {
            "default": "Kara"
        }
    }
]