[
    {
        "parent": "TH",
        "ids": {
            "fips": "TH15",
            "geonames": 1149965,
            "iso_3166_2": "TH-61"
        },
        "long": {
            "default": "Uthai Thani"
        }
    },
    {
        "parent": "TH",
        "ids": {
            "fips": "TH65",
            "geonames": 1150006,
            "iso_3166_2": "TH-92"
        },
        "long": {
            "default": "Trang"
        }
    },
    {
        "parent": "TH",
        "ids": {
            "fips": "TH08",
            "geonames": 1150489,
            "iso_3166_2": "TH-63"
        },
        "long": {
            "default": "Tak"
        }
    },
    {
        "parent": "TH",
        "ids": {
            "fips": "TH60",
            "geonames": 1150514,
            "iso_3166_2": "TH-84"
        },
        "long": {
            "default": "Surat Thani"
        }
    },
    {
        "parent": "TH",
        "ids": {
            "fips": "TH09",
            "geonames": 1150532,
            "iso_3166_2": "TH-64"
        },
        "long": {
            "default": "Sukhothai"
        }
    },
    {
        "parent": "TH",
        "ids": {
            "fips": "TH52",
            "geonames": 1150953,
            "iso_3166_2": "TH-70"
        },
        "long": {
            "default": "Ratchaburi"
        }
    },
    {
        "parent": "TH",
        "ids": {
            "fips": "TH59",
            "geonames": 1150964,
            "iso_3166_2": "TH-85"
        },
        "long": {
            "default": "Ranong"
        }
    },
    {
        "parent": "TH",
        "ids": {
            "fips": "TH57",
            "geonames": 1151073,
            "iso_3166_2": "TH-77"
        },
        "long": {
            "default": "Prachuap Khiri Khan"
        }
    },
    {
        "parent": "TH",
        "ids": {
            "fips": "TH62",
            "geonames": 1151253,
            "iso_3166_2": "TH-83"
        },
        "long": {
            "default": "Phuket"
        }
    },
    {
        "parent": "TH",
        "ids": {
            "fips": "TH56",
            "geonames": 1151416,
            "iso_3166_2": "TH-76"
        },
        "long": {
            "default": "Phetchaburi"
        }
    },
    {
        "parent": "TH",
        "ids": {
            "fips": "TH61",
            "geonames": 1151462,
            "iso_3166_2": "TH-82"
        },
        "long": {
            "default": "Phangnga"
        }
    },
    {
        "parent": "TH",
        "ids": {
            "fips": "TH01",
            "geonames": 1152221,
            "iso_3166_2": "TH-58"
        },
        "long": {
            "default": "Mae Hong Son"
        }
    },
    {
        "parent": "TH",
        "ids": {
            "fips": "TH05",
            "geonames": 1152467,
            "iso_3166_2": "TH-51"
        },
        "long": {
            "default": "Lamphun"
        }
    },
    {
        "parent": "TH",
        "ids": {
            "fips": "TH06",
            "geonames": 1152472,
            "iso_3166_2": "TH-52"
        },
        "long": {
            "default": "Lampang"
        }
    },
    {
        "parent": "TH",
        "ids": {
            "fips": "TH63",
            "geonames": 1152631,
            "iso_3166_2": "TH-81"
        },
        "long": {
            "default": "Krabi"
        }
    },
    {
        "parent": "TH",
        "ids": {
            "fips": "TH50",
            "geonames": 1153080,
            "iso_3166_2": "TH-71"
        },
        "long": {
            "default": "Kanchanaburi"
        }
    },
    {
        "parent": "TH",
        "ids": {
            "fips": "TH11",
            "geonames": 1153089,
            "iso_3166_2": "TH-62"
        },
        "long": {
            "default": "Kamphaeng Phet"
        }
    },
    {
        "parent": "TH",
        "ids": {
            "fips": "TH58",
            "geonames": 1153555,
            "iso_3166_2": "TH-86"
        },
        "long": {
            "default": "Chumphon"
        }
    },
    {
        "parent": "TH",
        "ids": {
            "fips": "TH03",
            "geonames": 1153668,
            "iso_3166_2": "TH-57"
        },
        "long": {
            "default": "Chiang Rai"
        }
    },
    {
        "parent": "TH",
        "ids": {
            "fips": "TH02",
            "geonames": 1153670,
            "iso_3166_2": "TH-50"
        },
        "long": {
            "default": "Chiang Mai"
        }
    },
    {
        "parent": "TH",
        "ids": {
            "fips": "TH72",
            "geonames": 1604767,
            "iso_3166_2": "TH-35"
        },
        "long": {
            "default": "Yasothon"
        }
    },
    {
        "parent": "TH",
        "ids": {
            "fips": "TH70",
            "geonames": 1604869,
            "iso_3166_2": "TH-95"
        },
        "long": {
            "default": "Yala"
        }
    },
    {
        "parent": "TH",
        "ids": {
            "fips": "TH10",
            "geonames": 1605214,
            "iso_3166_2": "TH-53"
        },
        "long": {
            "default": "Uttaradit"
        }
    },
    {
        "parent": "TH",
        "ids": {
            "fips": "TH49",
            "geonames": 1605277,
            "iso_3166_2": "TH-23"
        },
        "long": {
            "default": "Trat"
        }
    },
    {
        "parent": "TH",
        "ids": {
            "fips": "TH29",
            "geonames": 1606029,
            "iso_3166_2": "TH-32"
        },
        "long": {
            "default": "Surin"
        }
    },
    {
        "parent": "TH",
        "ids": {
            "fips": "TH51",
            "geonames": 1606032,
            "iso_3166_2": "TH-72"
        },
        "long": {
            "default": "Suphan Buri"
        }
    },
    {
        "parent": "TH",
        "ids": {
            "fips": "TH68",
            "geonames": 1606146,
            "iso_3166_2": "TH-90"
        },
        "long": {
            "default": "Songkhla"
        }
    },
    {
        "parent": "TH",
        "ids": {
            "fips": "TH30",
            "geonames": 1606238,
            "iso_3166_2": "TH-33"
        },
        "long": {
            "default": "Sisaket"
        }
    },
    {
        "parent": "TH",
        "ids": {
            "fips": "TH33",
            "geonames": 1606269,
            "iso_3166_2": "TH-17"
        },
        "long": {
            "default": "Sing Buri"
        }
    },
    {
        "parent": "TH",
        "ids": {
            "fips": "TH67",
            "geonames": 1606375,
            "iso_3166_2": "TH-91"
        },
        "long": {
            "default": "Satun"
        }
    },
    {
        "parent": "TH",
        "ids": {
            "fips": "TH37",
            "geonames": 1606417,
            "iso_3166_2": "TH-19"
        },
        "long": {
            "default": "Sara Buri"
        }
    },
    {
        "parent": "TH",
        "ids": {
            "fips": "TH54",
            "geonames": 1606585,
            "iso_3166_2": "TH-75"
        },
        "long": {
            "default": "Samut Songkhram"
        }
    },
    {
        "parent": "TH",
        "ids": {
            "fips": "TH55",
            "geonames": 1606587,
            "iso_3166_2": "TH-74"
        },
        "long": {
            "default": "Samut Sakhon"
        }
    },
    {
        "parent": "TH",
        "ids": {
            "fips": "TH42",
            "geonames": 1606589,
            "iso_3166_2": "TH-11"
        },
        "long": {
            "default": "Samut Prakan"
        }
    },
    {
        "parent": "TH",
        "ids": {
            "fips": "TH20",
            "geonames": 1606789,
            "iso_3166_2": "TH-47"
        },
        "long": {
            "default": "Sakon Nakhon"
        }
    },
    {
        "parent": "TH",
        "ids": {
            "fips": "TH25",
            "geonames": 1607000,
            "iso_3166_2": "TH-45"
        },
        "long": {
            "default": "Roi Et"
        }
    },
    {
        "parent": "TH",
        "ids": {
            "fips": "TH47",
            "geonames": 1607016,
            "iso_3166_2": "TH-21"
        },
        "long": {
            "default": "Rayong"
        }
    },
    {
        "parent": "TH",
        "ids": {
            "fips": "TH36",
            "geonames": 1607530,
            "iso_3166_2": "TH-14"
        },
        "long": {
            "default": "Phra Nakhon Si Ayutthaya"
        }
    },
    {
        "parent": "TH",
        "ids": {
            "fips": "TH07",
            "geonames": 1607551,
            "iso_3166_2": "TH-54"
        },
        "long": {
            "default": "Phrae"
        }
    },
    {
        "parent": "TH",
        "ids": {
            "fips": "TH12",
            "geonames": 1607707,
            "iso_3166_2": "TH-65"
        },
        "long": {
            "default": "Phitsanulok"
        }
    },
    {
        "parent": "TH",
        "ids": {
            "fips": "TH13",
            "geonames": 1607724,
            "iso_3166_2": "TH-66"
        },
        "long": {
            "default": "Phichit"
        }
    },
    {
        "parent": "TH",
        "ids": {
            "fips": "TH14",
            "geonames": 1607736,
            "iso_3166_2": "TH-67"
        },
        "long": {
            "default": "Phetchabun"
        }
    },
    {
        "parent": "TH",
        "ids": {
            "fips": "TH41",
            "geonames": 1607758,
            "iso_3166_2": "TH-56"
        },
        "long": {
            "default": "Phayao"
        }
    },
    {
        "parent": "TH",
        "ids": {
            "fips": "TH66",
            "geonames": 1607778,
            "iso_3166_2": "TH-93"
        },
        "long": {
            "default": "Phatthalung"
        }
    },
    {
        "parent": "TH",
        "ids": {
            "fips": "TH69",
            "geonames": 1607976,
            "iso_3166_2": "TH-94"
        },
        "long": {
            "default": "Pattani"
        }
    },
    {
        "parent": "TH",
        "ids": {
            "fips": "TH39",
            "geonames": 1607982,
            "iso_3166_2": "TH-13"
        },
        "long": {
            "default": "Pathum Thani"
        }
    },
    {
        "parent": "TH",
        "ids": {
            "fips": "TH38",
            "geonames": 1608132,
            "iso_3166_2": "TH-12"
        },
        "long": {
            "default": "Nonthaburi"
        }
    },
    {
        "parent": "TH",
        "ids": {
            "fips": "TH17",
            "geonames": 1608231,
            "iso_3166_2": "TH-43"
        },
        "long": {
            "default": "Nong Khai"
        }
    },
    {
        "parent": "TH",
        "ids": {
            "fips": "TH31",
            "geonames": 1608408,
            "iso_3166_2": "TH-96"
        },
        "long": {
            "default": "Narathiwat"
        }
    },
    {
        "parent": "TH",
        "ids": {
            "fips": "TH04",
            "geonames": 1608451,
            "iso_3166_2": "TH-55"
        },
        "long": {
            "default": "Nan"
        }
    },
    {
        "parent": "TH",
        "ids": {
            "fips": "TH64",
            "geonames": 1608525,
            "iso_3166_2": "TH-80"
        },
        "long": {
            "default": "Nakhon Si Thammarat"
        }
    },
    {
        "parent": "TH",
        "ids": {
            "fips": "TH16",
            "geonames": 1608526,
            "iso_3166_2": "TH-60"
        },
        "long": {
            "default": "Nakhon Sawan"
        }
    },
    {
        "parent": "TH",
        "ids": {
            "fips": "TH27",
            "geonames": 1608528,
            "iso_3166_2": "TH-30"
        },
        "long": {
            "default": "Nakhon Ratchasima"
        }
    },
    {
        "parent": "TH",
        "ids": {
            "fips": "TH73",
            "geonames": 1608530,
            "iso_3166_2": "TH-48"
        },
        "long": {
            "default": "Nakhon Phanom"
        }
    },
    {
        "parent": "TH",
        "ids": {
            "fips": "TH53",
            "geonames": 1608533,
            "iso_3166_2": "TH-73"
        },
        "long": {
            "default": "Nakhon Pathom"
        }
    },
    {
        "parent": "TH",
        "ids": {
            "fips": "TH43",
            "geonames": 1608538,
            "iso_3166_2": "TH-26"
        },
        "long": {
            "default": "Nakhon Nayok"
        }
    },
    {
        "parent": "TH",
        "ids": {
            "fips": "TH78",
            "geonames": 1608595,
            "iso_3166_2": "TH-49"
        },
        "long": {
            "default": "Mukdahan"
        }
    },
    {
        "parent": "TH",
        "ids": {
            "fips": "TH24",
            "geonames": 1608899,
            "iso_3166_2": "TH-44"
        },
        "long": {
            "default": "Maha Sarakham"
        }
    },
    {
        "parent": "TH",
        "ids": {
            "fips": "TH34",
            "geonames": 1609031,
            "iso_3166_2": "TH-16"
        },
        "long": {
            "default": "Lop Buri"
        }
    },
    {
        "parent": "TH",
        "ids": {
            "fips": "TH18",
            "geonames": 1609070,
            "iso_3166_2": "TH-42"
        },
        "long": {
            "default": "Loei"
        }
    },
    {
        "parent": "TH",
        "ids": {
            "fips": "TH40",
            "geonames": 1609348,
            "iso_3166_2": "TH-10"
        },
        "long": {
            "default": "Bangkok"
        }
    },
    {
        "parent": "TH",
        "ids": {
            "fips": "TH22",
            "geonames": 1609775,
            "iso_3166_2": "TH-40"
        },
        "long": {
            "default": "Khon Kaen"
        }
    },
    {
        "parent": "TH",
        "ids": {
            "fips": "TH23",
            "geonames": 1610468,
            "iso_3166_2": "TH-46"
        },
        "long": {
            "default": "Kalasin"
        }
    },
    {
        "parent": "TH",
        "ids": {
            "fips": "TH46",
            "geonames": 1611108,
            "iso_3166_2": "TH-20"
        },
        "long": {
            "default": "Chon Buri"
        }
    },
    {
        "parent": "TH",
        "ids": {
            "fips": "TH48",
            "geonames": 1611268,
            "iso_3166_2": "TH-22"
        },
        "long": {
            "default": "Chanthaburi"
        }
    },
    {
        "parent": "TH",
        "ids": {
            "fips": "TH26",
            "geonames": 1611406,
            "iso_3166_2": "TH-36"
        },
        "long": {
            "default": "Chaiyaphum"
        }
    },
    {
        "parent": "TH",
        "ids": {
            "fips": "TH32",
            "geonames": 1611415,
            "iso_3166_2": "TH-18"
        },
        "long": {
            "default": "Chai Nat"
        }
    },
    {
        "parent": "TH",
        "ids": {
            "fips": "TH44",
            "geonames": 1611438,
            "iso_3166_2": "TH-24"
        },
        "long": {
            "default": "Chachoengsao"
        }
    },
    {
        "parent": "TH",
        "ids": {
            "fips": "TH28",
            "geonames": 1611452,
            "iso_3166_2": "TH-31"
        },
        "long": {
            "default": "Buriram"
        }
    },
    {
        "parent": "TH",
        "ids": {
            "fips": "TH35",
            "geonames": 1621034,
            "iso_3166_2": "TH-15"
        },
        "long": {
            "default": "Ang Thong"
        }
    },
    {
        "parent": "TH",
        "ids": {
            "fips": "TH76",
            "geonames": 1906686,
            "iso_3166_2": "TH-41"
        },
        "long": {
            "default": "Udon Thani"
        }
    },
    {
        "parent": "TH",
        "ids": {
            "fips": "TH74",
            "geonames": 1906687,
            "iso_3166_2": "TH-25"
        },
        "long": {
            "default": "Prachin Buri"
        }
    },
    {
        "parent": "TH",
        "ids": {
            "fips": "TH75",
            "geonames": 1906688,
            "iso_3166_2": "TH-34"
        },
        "long": {
            "default": "Ubon Ratchathani"
        }
    },
    {
        "parent": "TH",
        "ids": {
            "fips": "TH77",
            "geonames": 1906689,
            "iso_3166_2": "TH-37"
        },
        "long": {
            "default": "Amnat Charoen"
        }
    },
    {
        "parent": "TH",
        "ids": {
            "fips": "TH79",
            "geonames": 1906690,
            "iso_3166_2": "TH-39"
        },
        "long": {
            "default": "Nong Bua Lamphu"
        }
    },
    {
        "parent": "TH",
        "ids": {
            "fips": "TH80",
            "geonames": 1906691,
            "iso_3166_2": "TH-27"
        },
        "long": {
            "default": "Sa Kaeo"
        }
    },
    {
        "parent": "TH",
        "ids": {
            "fips": "TH81",
            "geonames": 8133594,
            "iso_3166_2": "TH-38"
        },
        "long": {
            "default": "Bueng Kan"
        }
    },
    {
        "parent": "TH",
        "ids": {
            "fips": false,
            "geonames": false,
            "iso_3166_2": "TH-S"
        },
        "long": {
            "default": "Phatthaya"
        }
    }
]