[
    {
        "parent": "TJ",
        "ids": {
            "fips": "TI03",
            "geonames": 1221092,
            "iso_3166_2": "TJ-SU"
        },
        "long": {
            "default": "Sughd"
        }
    },
    {
        "parent": "TJ",
        "ids": {
            "fips": "TI01",
            "geonames": 1221692,
            "iso_3166_2": "TJ-GB"
        },
        "long": {
            "default": "Gorno-Badakhshan"
        }
    },
    {
        "parent": "TJ",
        "ids": {
            "fips": "TI02",
            "geonames": 1347488,
            "iso_3166_2": "TJ-KT"
        },
        "long": {
            "default": "Khatlon"
        }
    },
    {
        "parent": "TJ",
        "ids": {
            "fips": false,
            "geonames": 7280679,
            "iso_3166_2": "TJ-DU"
        },
        "long": {
            "default": "Dushanbe"
        }
    }
]