[
    {
        "parent": "TK",
        "ids": {
            "fips": "N",
            "geonames": 4031091,
            "iso_3166_2": false
        },
        "long": {
            "default": "Nukunonu"
        }
    },
    {
        "parent": "TK",
        "ids": {
            "fips": "F",
            "geonames": 4031112,
            "iso_3166_2": false
        },
        "long": {
            "default": "Fakaofo"
        }
    },
    {
        "parent": "TK",
        "ids": {
            "fips": "A",
            "geonames": 4031116,
            "iso_3166_2": false
        },
        "long": {
            "default": "Atafu"
        }
    }
]