[
    {
        "parent": "TL",
        "ids": {
            "fips": "VI",
            "geonames": 1622470,
            "iso_3166_2": "TL-VI"
        },
        "long": {
            "default": "Viqueque"
        }
    },
    {
        "parent": "TL",
        "ids": {
            "fips": "MF",
            "geonames": 1636309,
            "iso_3166_2": "TL-MF"
        },
        "long": {
            "default": "Manufahi"
        }
    },
    {
        "parent": "TL",
        "ids": {
            "fips": "MT",
            "geonames": 1636525,
            "iso_3166_2": "TL-MT"
        },
        "long": {
            "default": "Manatuto"
        }
    },
    {
        "parent": "TL",
        "ids": {
            "fips": "LI",
            "geonames": 1637729,
            "iso_3166_2": "TL-LI"
        },
        "long": {
            "default": "Liquiçá"
        }
    },
    {
        "parent": "TL",
        "ids": {
            "fips": "LA",
            "geonames": 1638294,
            "iso_3166_2": "TL-LA"
        },
        "long": {
            "default": "Lautém"
        }
    },
    {
        "parent": "TL",
        "ids": {
            "fips": "CO",
            "geonames": 1639462,
            "iso_3166_2": "TL-CO"
        },
        "long": {
            "default": "Cova Lima"
        }
    },
    {
        "parent": "TL",
        "ids": {
            "fips": "ER",
            "geonames": 1644865,
            "iso_3166_2": "TL-ER"
        },
        "long": {
            "default": "Ermera"
        }
    },
    {
        "parent": "TL",
        "ids": {
            "fips": "DI",
            "geonames": 1645456,
            "iso_3166_2": "TL-DI"
        },
        "long": {
            "default": "Díli"
        }
    },
    {
        "parent": "TL",
        "ids": {
            "fips": "BO",
            "geonames": 1648513,
            "iso_3166_2": "TL-BO"
        },
        "long": {
            "default": "Bobonaro"
        }
    },
    {
        "parent": "TL",
        "ids": {
            "fips": "BA",
            "geonames": 1649538,
            "iso_3166_2": "TL-BA"
        },
        "long": {
            "default": "Baucau"
        }
    },
    {
        "parent": "TL",
        "ids": {
            "fips": "OE",
            "geonames": 1651539,
            "iso_3166_2": "TL-OE"
        },
        "long": {
            "default": "Oecussi"
        }
    },
    {
        "parent": "TL",
        "ids": {
            "fips": "AN",
            "geonames": 1651809,
            "iso_3166_2": "TL-AN"
        },
        "long": {
            "default": "Ainaro"
        }
    },
    {
        "parent": "TL",
        "ids": {
            "fips": "AL",
            "geonames": 1651815,
            "iso_3166_2": "TL-AL"
        },
        "long": {
            "default": "Aileu"
        }
    }
]