[
    {
        "parent": "TM",
        "ids": {
            "fips": "TX02",
            "geonames": 162152,
            "iso_3166_2": "TM-B"
        },
        "long": {
            "default": "Balkan"
        },
        "timezone": "Asia/Ashgabat"
    },
    {
        "parent": "TM",
        "ids": {
            "fips": "TX01",
            "geonames": 162181,
            "iso_3166_2": "TM-A"
        },
        "long": {
            "default": "Ahal"
        },
        "timezone": "Asia/Ashgabat"
    },
    {
        "parent": "TM",
        "ids": {
            "fips": "TX03",
            "geonames": 601465,
            "iso_3166_2": "TM-D"
        },
        "long": {
            "default": "Daşoguz"
        },
        "timezone": "Asia/Ashgabat"
    },
    {
        "parent": "TM",
        "ids": {
            "fips": "TX05",
            "geonames": 1218666,
            "iso_3166_2": "TM-M"
        },
        "long": {
            "default": "Mary"
        },
        "timezone": "Asia/Ashgabat"
    },
    {
        "parent": "TM",
        "ids": {
            "fips": "TX04",
            "geonames": 1219651,
            "iso_3166_2": "TM-L"
        },
        "long": {
            "default": "Lebap"
        },
        "timezone": "Asia/Ashgabat"
    }
]
