[
    {
        "parent": "TN",
        "ids": {
            "fips": "TS37",
            "geonames": 2464038,
            "iso_3166_2": "TN-22"
        },
        "long": {
            "default": "Zaghwān"
        },
        "timezone": "Africa/Tunis"
    },
    {
        "parent": "TN",
        "ids": {
            "fips": "TS36",
            "geonames": 2464464,
            "iso_3166_2": "TN-11"
        },
        "long": {
            "default": "Tūnis"
        },
        "timezone": "Africa/Tunis"
    },
    {
        "parent": "TN",
        "ids": {
            "fips": "TS35",
            "geonames": 2464645,
            "iso_3166_2": "TN-72"
        },
        "long": {
            "default": "Tawzar"
        },
        "timezone": "Africa/Tunis"
    },
    {
        "parent": "TN",
        "ids": {
            "fips": "TS34",
            "geonames": 2464698,
            "iso_3166_2": "TN-83"
        },
        "long": {
            "default": "Tataouine"
        },
        "timezone": "Africa/Tunis"
    },
    {
        "parent": "TN",
        "ids": {
            "fips": "TS23",
            "geonames": 2464912,
            "iso_3166_2": "TN-51"
        },
        "long": {
            "default": "Sūsah"
        },
        "timezone": "Africa/Tunis"
    },
    {
        "parent": "TN",
        "ids": {
            "fips": "TS22",
            "geonames": 2465027,
            "iso_3166_2": "TN-34"
        },
        "long": {
            "default": "Silyānah"
        },
        "timezone": "Africa/Tunis"
    },
    {
        "parent": "TN",
        "ids": {
            "fips": "TS33",
            "geonames": 2465837,
            "iso_3166_2": "TN-43"
        },
        "long": {
            "default": "Sīdī Bū Zayd"
        },
        "timezone": "Africa/Tunis"
    },
    {
        "parent": "TN",
        "ids": {
            "fips": "TS32",
            "geonames": 2467450,
            "iso_3166_2": "TN-61"
        },
        "long": {
            "default": "Şafāqis"
        },
        "timezone": "Africa/Tunis"
    },
    {
        "parent": "TN",
        "ids": {
            "fips": "TS31",
            "geonames": 2468014,
            "iso_3166_2": "TN-73"
        },
        "long": {
            "default": "Qibilī"
        },
        "timezone": "Africa/Tunis"
    },
    {
        "parent": "TN",
        "ids": {
            "fips": "TS30",
            "geonames": 2468351,
            "iso_3166_2": "TN-71"
        },
        "long": {
            "default": "Gafsa"
        },
        "timezone": "Africa/Tunis"
    },
    {
        "parent": "TN",
        "ids": {
            "fips": "TS29",
            "geonames": 2468365,
            "iso_3166_2": "TN-81"
        },
        "long": {
            "default": "Qābis"
        },
        "timezone": "Africa/Tunis"
    },
    {
        "parent": "TN",
        "ids": {
            "fips": "TS19",
            "geonames": 2468576,
            "iso_3166_2": "TN-21"
        },
        "long": {
            "default": "Nābul"
        },
        "timezone": "Africa/Tunis"
    },
    {
        "parent": "TN",
        "ids": {
            "fips": "TS28",
            "geonames": 2469470,
            "iso_3166_2": "TN-82"
        },
        "long": {
            "default": "Madanīn"
        },
        "timezone": "Africa/Tunis"
    },
    {
        "parent": "TN",
        "ids": {
            "fips": "TS06",
            "geonames": 2470085,
            "iso_3166_2": "TN-32"
        },
        "long": {
            "default": "Jundūbah"
        },
        "timezone": "Africa/Tunis"
    },
    {
        "parent": "TN",
        "ids": {
            "fips": "TS27",
            "geonames": 2472477,
            "iso_3166_2": "TN-13"
        },
        "long": {
            "default": "Bin ‘Arūs"
        },
        "timezone": "Africa/Tunis"
    },
    {
        "parent": "TN",
        "ids": {
            "fips": "TS18",
            "geonames": 2472699,
            "iso_3166_2": "TN-23"
        },
        "long": {
            "default": "Banzart"
        },
        "timezone": "Africa/Tunis"
    },
    {
        "parent": "TN",
        "ids": {
            "fips": "TS17",
            "geonames": 2472770,
            "iso_3166_2": "TN-31"
        },
        "long": {
            "default": "Bājah"
        },
        "timezone": "Africa/Tunis"
    },
    {
        "parent": "TN",
        "ids": {
            "fips": "TS38",
            "geonames": 2473245,
            "iso_3166_2": "TN-12"
        },
        "long": {
            "default": "Ariana"
        },
        "timezone": "Africa/Tunis"
    },
    {
        "parent": "TN",
        "ids": {
            "fips": "TS03",
            "geonames": 2473451,
            "iso_3166_2": "TN-41"
        },
        "long": {
            "default": "Al Qayrawān"
        },
        "timezone": "Africa/Tunis"
    },
    {
        "parent": "TN",
        "ids": {
            "fips": "TS02",
            "geonames": 2473460,
            "iso_3166_2": "TN-42"
        },
        "long": {
            "default": "Al Qaşrayn"
        },
        "timezone": "Africa/Tunis"
    },
    {
        "parent": "TN",
        "ids": {
            "fips": "TS16",
            "geonames": 2473495,
            "iso_3166_2": "TN-52"
        },
        "long": {
            "default": "Al Munastīr"
        },
        "timezone": "Africa/Tunis"
    },
    {
        "parent": "TN",
        "ids": {
            "fips": "TS15",
            "geonames": 2473574,
            "iso_3166_2": "TN-53"
        },
        "long": {
            "default": "Al Mahdīyah"
        },
        "timezone": "Africa/Tunis"
    },
    {
        "parent": "TN",
        "ids": {
            "fips": "TS14",
            "geonames": 2473637,
            "iso_3166_2": "TN-33"
        },
        "long": {
            "default": "Kef"
        },
        "timezone": "Africa/Tunis"
    },
    {
        "parent": "TN",
        "ids": {
            "fips": "TS39",
            "geonames": 6201192,
            "iso_3166_2": "TN-14"
        },
        "long": {
            "default": "Manouba"
        },
        "timezone": "Africa/Tunis"
    }
]
