[
    {
        "parent": "TO",
        "ids": {
            "fips": "TN03",
            "geonames": 4032231,
            "iso_3166_2": "TO-05"
        },
        "long": {
            "default": "Vava‘u"
        },
        "timezone": "Pacific/Tongatapu"
    },
    {
        "parent": "TO",
        "ids": {
            "fips": "TN02",
            "geonames": 4032279,
            "iso_3166_2": "TO-04"
        },
        "long": {
            "default": "Tongatapu"
        },
        "timezone": "Pacific/Tongatapu"
    },
    {
        "parent": "TO",
        "ids": {
            "fips": "TN01",
            "geonames": 4032637,
            "iso_3166_2": "TO-02"
        },
        "long": {
            "default": "Ha‘apai"
        },
        "timezone": "Pacific/Tongatapu"
    },
    {
        "parent": "TO",
        "ids": {
            "fips": "EU",
            "geonames": 7668021,
            "iso_3166_2": "TO-01"
        },
        "long": {
            "default": "ʻEua"
        },
        "timezone": "Pacific/Tongatapu"
    },
    {
        "parent": "TO",
        "ids": {
            "fips": "NI",
            "geonames": 7668055,
            "iso_3166_2": "TO-03"
        },
        "long": {
            "default": "Niuas"
        },
        "timezone": "Pacific/Tongatapu"
    }
]
