[
    {
        "parent": "TR",
        "ids": {
            "fips": "TU66",
            "geonames": 296560,
            "iso_3166_2": "TR-66"
        },
        "long": {
            "default": "Yozgat"
        },
        "timezone": "Europe/Istanbul"
    },
    {
        "parent": "TR",
        "ids": {
            "fips": "TU65",
            "geonames": 298113,
            "iso_3166_2": "TR-65"
        },
        "long": {
            "default": "Van"
        },
        "timezone": "Europe/Istanbul"
    },
    {
        "parent": "TR",
        "ids": {
            "fips": "TU64",
            "geonames": 298298,
            "iso_3166_2": "TR-64"
        },
        "long": {
            "default": "Uşak"
        },
        "timezone": "Europe/Istanbul"
    },
    {
        "parent": "TR",
        "ids": {
            "fips": "TU63",
            "geonames": 298332,
            "iso_3166_2": "TR-63"
        },
        "long": {
            "default": "Şanlıurfa"
        },
        "timezone": "Europe/Istanbul"
    },
    {
        "parent": "TR",
        "ids": {
            "fips": "TU62",
            "geonames": 298845,
            "iso_3166_2": "TR-62"
        },
        "long": {
            "default": "Tunceli"
        },
        "timezone": "Europe/Istanbul"
    },
    {
        "parent": "TR",
        "ids": {
            "fips": "TU58",
            "geonames": 300617,
            "iso_3166_2": "TR-58"
        },
        "long": {
            "default": "Sivas"
        },
        "timezone": "Europe/Istanbul"
    },
    {
        "parent": "TR",
        "ids": {
            "fips": "TU74",
            "geonames": 300821,
            "iso_3166_2": "TR-56"
        },
        "long": {
            "default": "Siirt"
        },
        "timezone": "Europe/Istanbul"
    },
    {
        "parent": "TR",
        "ids": {
            "fips": "TU73",
            "geonames": 303826,
            "iso_3166_2": "TR-51"
        },
        "long": {
            "default": "Niğde"
        },
        "timezone": "Europe/Istanbul"
    },
    {
        "parent": "TR",
        "ids": {
            "fips": "TU50",
            "geonames": 303830,
            "iso_3166_2": "TR-50"
        },
        "long": {
            "default": "Nevşehir"
        },
        "timezone": "Europe/Istanbul"
    },
    {
        "parent": "TR",
        "ids": {
            "fips": "TU49",
            "geonames": 304041,
            "iso_3166_2": "TR-49"
        },
        "long": {
            "default": "Muş"
        },
        "timezone": "Europe/Istanbul"
    },
    {
        "parent": "TR",
        "ids": {
            "fips": "TU48",
            "geonames": 304183,
            "iso_3166_2": "TR-48"
        },
        "long": {
            "default": "Muğla"
        },
        "timezone": "Europe/Istanbul"
    },
    {
        "parent": "TR",
        "ids": {
            "fips": "TU72",
            "geonames": 304794,
            "iso_3166_2": "TR-47"
        },
        "long": {
            "default": "Mardin"
        },
        "timezone": "Europe/Istanbul"
    },
    {
        "parent": "TR",
        "ids": {
            "fips": "TU45",
            "geonames": 304825,
            "iso_3166_2": "TR-45"
        },
        "long": {
            "default": "Manisa"
        },
        "timezone": "Europe/Istanbul"
    },
    {
        "parent": "TR",
        "ids": {
            "fips": "TU44",
            "geonames": 304919,
            "iso_3166_2": "TR-44"
        },
        "long": {
            "default": "Malatya"
        },
        "timezone": "Europe/Istanbul"
    },
    {
        "parent": "TR",
        "ids": {
            "fips": "TU43",
            "geonames": 305267,
            "iso_3166_2": "TR-43"
        },
        "long": {
            "default": "Kütahya"
        },
        "timezone": "Europe/Istanbul"
    },
    {
        "parent": "TR",
        "ids": {
            "fips": "TU71",
            "geonames": 306569,
            "iso_3166_2": "TR-42"
        },
        "long": {
            "default": "Konya"
        },
        "timezone": "Europe/Istanbul"
    },
    {
        "parent": "TR",
        "ids": {
            "fips": "TU40",
            "geonames": 307513,
            "iso_3166_2": "TR-40"
        },
        "long": {
            "default": "Kırşehir"
        },
        "timezone": "Europe/Istanbul"
    },
    {
        "parent": "TR",
        "ids": {
            "fips": "TU38",
            "geonames": 308463,
            "iso_3166_2": "TR-38"
        },
        "long": {
            "default": "Kayseri"
        },
        "timezone": "Europe/Istanbul"
    },
    {
        "parent": "TR",
        "ids": {
            "fips": "TU46",
            "geonames": 310858,
            "iso_3166_2": "TR-46"
        },
        "long": {
            "default": "Kahramanmaraş"
        },
        "timezone": "Europe/Istanbul"
    },
    {
        "parent": "TR",
        "ids": {
            "fips": "TU35",
            "geonames": 311044,
            "iso_3166_2": "TR-35"
        },
        "long": {
            "default": "İzmir"
        },
        "timezone": "Europe/Istanbul"
    },
    {
        "parent": "TR",
        "ids": {
            "fips": "TU33",
            "geonames": 311071,
            "iso_3166_2": "TR-32"
        },
        "long": {
            "default": "Isparta"
        },
        "timezone": "Europe/Istanbul"
    },
    {
        "parent": "TR",
        "ids": {
            "fips": "TU32",
            "geonames": 311728,
            "iso_3166_2": "TR-33"
        },
        "long": {
            "default": "Mersin"
        },
        "timezone": "Europe/Istanbul"
    },
    {
        "parent": "TR",
        "ids": {
            "fips": "TU31",
            "geonames": 312394,
            "iso_3166_2": "TR-31"
        },
        "long": {
            "default": "Hatay"
        },
        "timezone": "Europe/Istanbul"
    },
    {
        "parent": "TR",
        "ids": {
            "fips": "TU70",
            "geonames": 312888,
            "iso_3166_2": "TR-30"
        },
        "long": {
            "default": "Hakkâri"
        },
        "timezone": "Europe/Istanbul"
    },
    {
        "parent": "TR",
        "ids": {
            "fips": "TU83",
            "geonames": 314829,
            "iso_3166_2": "TR-27"
        },
        "long": {
            "default": "Gaziantep"
        },
        "timezone": "Europe/Istanbul"
    },
    {
        "parent": "TR",
        "ids": {
            "fips": "TU26",
            "geonames": 315201,
            "iso_3166_2": "TR-26"
        },
        "long": {
            "default": "Eskişehir"
        },
        "timezone": "Europe/Istanbul"
    },
    {
        "parent": "TR",
        "ids": {
            "fips": "TU25",
            "geonames": 315367,
            "iso_3166_2": "TR-25"
        },
        "long": {
            "default": "Erzurum"
        },
        "timezone": "Europe/Istanbul"
    },
    {
        "parent": "TR",
        "ids": {
            "fips": "TU24",
            "geonames": 315372,
            "iso_3166_2": "TR-24"
        },
        "long": {
            "default": "Erzincan"
        },
        "timezone": "Europe/Istanbul"
    },
    {
        "parent": "TR",
        "ids": {
            "fips": "TU23",
            "geonames": 315807,
            "iso_3166_2": "TR-23"
        },
        "long": {
            "default": "Elazığ"
        },
        "timezone": "Europe/Istanbul"
    },
    {
        "parent": "TR",
        "ids": {
            "fips": "TU21",
            "geonames": 316540,
            "iso_3166_2": "TR-21"
        },
        "long": {
            "default": "Diyarbakır"
        },
        "timezone": "Europe/Istanbul"
    },
    {
        "parent": "TR",
        "ids": {
            "fips": "TU20",
            "geonames": 317106,
            "iso_3166_2": "TR-20"
        },
        "long": {
            "default": "Denizli"
        },
        "timezone": "Europe/Istanbul"
    },
    {
        "parent": "TR",
        "ids": {
            "fips": "TU15",
            "geonames": 320390,
            "iso_3166_2": "TR-15"
        },
        "long": {
            "default": "Burdur"
        },
        "timezone": "Europe/Istanbul"
    },
    {
        "parent": "TR",
        "ids": {
            "fips": "TU13",
            "geonames": 321022,
            "iso_3166_2": "TR-13"
        },
        "long": {
            "default": "Bitlis"
        },
        "timezone": "Europe/Istanbul"
    },
    {
        "parent": "TR",
        "ids": {
            "fips": "TU12",
            "geonames": 321079,
            "iso_3166_2": "TR-12"
        },
        "long": {
            "default": "Bingöl"
        },
        "timezone": "Europe/Istanbul"
    },
    {
        "parent": "TR",
        "ids": {
            "fips": "TU11",
            "geonames": 321122,
            "iso_3166_2": "TR-11"
        },
        "long": {
            "default": "Bilecik"
        },
        "timezone": "Europe/Istanbul"
    },
    {
        "parent": "TR",
        "ids": {
            "fips": "TU10",
            "geonames": 322164,
            "iso_3166_2": "TR-10"
        },
        "long": {
            "default": "Balıkesir"
        },
        "timezone": "Europe/Istanbul"
    },
    {
        "parent": "TR",
        "ids": {
            "fips": "TU09",
            "geonames": 322819,
            "iso_3166_2": "TR-09"
        },
        "long": {
            "default": "Aydın"
        },
        "timezone": "Europe/Istanbul"
    },
    {
        "parent": "TR",
        "ids": {
            "fips": "TU07",
            "geonames": 323776,
            "iso_3166_2": "TR-07"
        },
        "long": {
            "default": "Antalya"
        },
        "timezone": "Europe/Istanbul"
    },
    {
        "parent": "TR",
        "ids": {
            "fips": "TU68",
            "geonames": 323784,
            "iso_3166_2": "TR-06"
        },
        "long": {
            "default": "Ankara"
        },
        "timezone": "Europe/Istanbul"
    },
    {
        "parent": "TR",
        "ids": {
            "fips": "TU04",
            "geonames": 325163,
            "iso_3166_2": "TR-04"
        },
        "long": {
            "default": "Ağrı"
        },
        "timezone": "Europe/Istanbul"
    },
    {
        "parent": "TR",
        "ids": {
            "fips": "TU03",
            "geonames": 325302,
            "iso_3166_2": "TR-03"
        },
        "long": {
            "default": "Afyonkarahisar"
        },
        "timezone": "Europe/Istanbul"
    },
    {
        "parent": "TR",
        "ids": {
            "fips": "TU02",
            "geonames": 325329,
            "iso_3166_2": "TR-02"
        },
        "long": {
            "default": "Adıyaman"
        },
        "timezone": "Europe/Istanbul"
    },
    {
        "parent": "TR",
        "ids": {
            "fips": "TU81",
            "geonames": 325361,
            "iso_3166_2": "TR-01"
        },
        "long": {
            "default": "Adana"
        },
        "timezone": "Europe/Istanbul"
    },
    {
        "parent": "TR",
        "ids": {
            "fips": "TU91",
            "geonames": 443183,
            "iso_3166_2": "TR-80"
        },
        "long": {
            "default": "Osmaniye"
        },
        "timezone": "Europe/Istanbul"
    },
    {
        "parent": "TR",
        "ids": {
            "fips": "TU88",
            "geonames": 443184,
            "iso_3166_2": "TR-76"
        },
        "long": {
            "default": "Iğdır"
        },
        "timezone": "Europe/Istanbul"
    },
    {
        "parent": "TR",
        "ids": {
            "fips": "TU75",
            "geonames": 443185,
            "iso_3166_2": "TR-68"
        },
        "long": {
            "default": "Aksaray"
        },
        "timezone": "Europe/Istanbul"
    },
    {
        "parent": "TR",
        "ids": {
            "fips": "TU76",
            "geonames": 443186,
            "iso_3166_2": "TR-72"
        },
        "long": {
            "default": "Batman"
        },
        "timezone": "Europe/Istanbul"
    },
    {
        "parent": "TR",
        "ids": {
            "fips": "TU78",
            "geonames": 443187,
            "iso_3166_2": "TR-70"
        },
        "long": {
            "default": "Karaman"
        },
        "timezone": "Europe/Istanbul"
    },
    {
        "parent": "TR",
        "ids": {
            "fips": "TU79",
            "geonames": 443188,
            "iso_3166_2": "TR-71"
        },
        "long": {
            "default": "Kırıkkale"
        },
        "timezone": "Europe/Istanbul"
    },
    {
        "parent": "TR",
        "ids": {
            "fips": "TU80",
            "geonames": 443189,
            "iso_3166_2": "TR-73"
        },
        "long": {
            "default": "Şırnak"
        },
        "timezone": "Europe/Istanbul"
    },
    {
        "parent": "TR",
        "ids": {
            "fips": "TU90",
            "geonames": 443213,
            "iso_3166_2": "TR-79"
        },
        "long": {
            "default": "Kilis"
        },
        "timezone": "Europe/Istanbul"
    },
    {
        "parent": "TR",
        "ids": {
            "fips": "TU85",
            "geonames": 737021,
            "iso_3166_2": "TR-67"
        },
        "long": {
            "default": "Zonguldak"
        },
        "timezone": "Europe/Istanbul"
    },
    {
        "parent": "TR",
        "ids": {
            "fips": "TU61",
            "geonames": 738647,
            "iso_3166_2": "TR-61"
        },
        "long": {
            "default": "Trabzon"
        },
        "timezone": "Europe/Istanbul"
    },
    {
        "parent": "TR",
        "ids": {
            "fips": "TU60",
            "geonames": 738742,
            "iso_3166_2": "TR-60"
        },
        "long": {
            "default": "Tokat"
        },
        "timezone": "Europe/Istanbul"
    },
    {
        "parent": "TR",
        "ids": {
            "fips": "TU59",
            "geonames": 738926,
            "iso_3166_2": "TR-59"
        },
        "long": {
            "default": "Tekirdağ"
        },
        "timezone": "Europe/Istanbul"
    },
    {
        "parent": "TR",
        "ids": {
            "fips": "TU57",
            "geonames": 739598,
            "iso_3166_2": "TR-57"
        },
        "long": {
            "default": "Sinop"
        },
        "timezone": "Europe/Istanbul"
    },
    {
        "parent": "TR",
        "ids": {
            "fips": "TU55",
            "geonames": 740263,
            "iso_3166_2": "TR-55"
        },
        "long": {
            "default": "Samsun"
        },
        "timezone": "Europe/Istanbul"
    },
    {
        "parent": "TR",
        "ids": {
            "fips": "TU54",
            "geonames": 740352,
            "iso_3166_2": "TR-54"
        },
        "long": {
            "default": "Sakarya"
        },
        "timezone": "Europe/Istanbul"
    },
    {
        "parent": "TR",
        "ids": {
            "fips": "TU53",
            "geonames": 740481,
            "iso_3166_2": "TR-53"
        },
        "long": {
            "default": "Rize"
        },
        "timezone": "Europe/Istanbul"
    },
    {
        "parent": "TR",
        "ids": {
            "fips": "TU52",
            "geonames": 741098,
            "iso_3166_2": "TR-52"
        },
        "long": {
            "default": "Ordu"
        },
        "timezone": "Europe/Istanbul"
    },
    {
        "parent": "TR",
        "ids": {
            "fips": "TU41",
            "geonames": 742865,
            "iso_3166_2": "TR-41"
        },
        "long": {
            "default": "Kocaeli"
        },
        "timezone": "Europe/Istanbul"
    },
    {
        "parent": "TR",
        "ids": {
            "fips": "TU39",
            "geonames": 743165,
            "iso_3166_2": "TR-39"
        },
        "long": {
            "default": "Kırklareli"
        },
        "timezone": "Europe/Istanbul"
    },
    {
        "parent": "TR",
        "ids": {
            "fips": "TU37",
            "geonames": 743881,
            "iso_3166_2": "TR-37"
        },
        "long": {
            "default": "Kastamonu"
        },
        "timezone": "Europe/Istanbul"
    },
    {
        "parent": "TR",
        "ids": {
            "fips": "TU84",
            "geonames": 743942,
            "iso_3166_2": "TR-36"
        },
        "long": {
            "default": "Kars"
        },
        "timezone": "Europe/Istanbul"
    },
    {
        "parent": "TR",
        "ids": {
            "fips": "TU34",
            "geonames": 745042,
            "iso_3166_2": "TR-34"
        },
        "long": {
            "default": "Istanbul"
        },
        "timezone": "Europe/Istanbul"
    },
    {
        "parent": "TR",
        "ids": {
            "fips": "TU69",
            "geonames": 746423,
            "iso_3166_2": "TR-29"
        },
        "long": {
            "default": "Gümüşhane"
        },
        "timezone": "Europe/Istanbul"
    },
    {
        "parent": "TR",
        "ids": {
            "fips": "TU28",
            "geonames": 746878,
            "iso_3166_2": "TR-28"
        },
        "long": {
            "default": "Giresun"
        },
        "timezone": "Europe/Istanbul"
    },
    {
        "parent": "TR",
        "ids": {
            "fips": "TU22",
            "geonames": 747711,
            "iso_3166_2": "TR-22"
        },
        "long": {
            "default": "Edirne"
        },
        "timezone": "Europe/Istanbul"
    },
    {
        "parent": "TR",
        "ids": {
            "fips": "TU19",
            "geonames": 748877,
            "iso_3166_2": "TR-19"
        },
        "long": {
            "default": "Çorum"
        },
        "timezone": "Europe/Istanbul"
    },
    {
        "parent": "TR",
        "ids": {
            "fips": "TU82",
            "geonames": 749747,
            "iso_3166_2": "TR-18"
        },
        "long": {
            "default": "Çankırı"
        },
        "timezone": "Europe/Istanbul"
    },
    {
        "parent": "TR",
        "ids": {
            "fips": "TU17",
            "geonames": 749778,
            "iso_3166_2": "TR-17"
        },
        "long": {
            "default": "Çanakkale"
        },
        "timezone": "Europe/Istanbul"
    },
    {
        "parent": "TR",
        "ids": {
            "fips": "TU16",
            "geonames": 750268,
            "iso_3166_2": "TR-16"
        },
        "long": {
            "default": "Bursa"
        },
        "timezone": "Europe/Istanbul"
    },
    {
        "parent": "TR",
        "ids": {
            "fips": "TU14",
            "geonames": 750510,
            "iso_3166_2": "TR-14"
        },
        "long": {
            "default": "Bolu"
        },
        "timezone": "Europe/Istanbul"
    },
    {
        "parent": "TR",
        "ids": {
            "fips": "TU08",
            "geonames": 751816,
            "iso_3166_2": "TR-08"
        },
        "long": {
            "default": "Artvin"
        },
        "timezone": "Europe/Istanbul"
    },
    {
        "parent": "TR",
        "ids": {
            "fips": "TU05",
            "geonames": 752014,
            "iso_3166_2": "TR-05"
        },
        "long": {
            "default": "Amasya"
        },
        "timezone": "Europe/Istanbul"
    },
    {
        "parent": "TR",
        "ids": {
            "fips": "TU87",
            "geonames": 862467,
            "iso_3166_2": "TR-74"
        },
        "long": {
            "default": "Bartın"
        },
        "timezone": "Europe/Istanbul"
    },
    {
        "parent": "TR",
        "ids": {
            "fips": "TU89",
            "geonames": 862468,
            "iso_3166_2": "TR-78"
        },
        "long": {
            "default": "Karabük"
        },
        "timezone": "Europe/Istanbul"
    },
    {
        "parent": "TR",
        "ids": {
            "fips": "TU92",
            "geonames": 862469,
            "iso_3166_2": "TR-77"
        },
        "long": {
            "default": "Yalova"
        },
        "timezone": "Europe/Istanbul"
    },
    {
        "parent": "TR",
        "ids": {
            "fips": "TU86",
            "geonames": 862470,
            "iso_3166_2": "TR-75"
        },
        "long": {
            "default": "Ardahan"
        },
        "timezone": "Europe/Istanbul"
    },
    {
        "parent": "TR",
        "ids": {
            "fips": "TU77",
            "geonames": 862471,
            "iso_3166_2": "TR-69"
        },
        "long": {
            "default": "Bayburt"
        },
        "timezone": "Europe/Istanbul"
    },
    {
        "parent": "TR",
        "ids": {
            "fips": "TU93",
            "geonames": 865521,
            "iso_3166_2": "TR-81"
        },
        "long": {
            "default": "Düzce"
        },
        "timezone": "Europe/Istanbul"
    }
]
