[
    {
        "parent": "TV",
        "ids": {
            "fips": false,
            "geonames": 2110341,
            "iso_3166_2": "TV-NUI"
        },
        "long": {
            "default": "Nui"
        },
        "timezone": "Pacific/Funafuti"
    },
    {
        "parent": "TV",
        "ids": {
            "fips": false,
            "geonames": 2110345,
            "iso_3166_2": "TV-NMA"
        },
        "long": {
            "default": "Nanumea"
        },
        "timezone": "Pacific/Funafuti"
    },
    {
        "parent": "TV",
        "ids": {
            "fips": false,
            "geonames": 2110384,
            "iso_3166_2": "TV-FUN"
        },
        "long": {
            "default": "Funafuti"
        },
        "timezone": "Pacific/Funafuti"
    },
    {
        "parent": "TV",
        "ids": {
            "fips": false,
            "geonames": 7601979,
            "iso_3166_2": "TV-NIT"
        },
        "long": {
            "default": "Niutao"
        },
        "timezone": "Pacific/Funafuti"
    },
    {
        "parent": "TV",
        "ids": {
            "fips": false,
            "geonames": 7601980,
            "iso_3166_2": "TV-NMG"
        },
        "long": {
            "default": "Nanumanga"
        },
        "timezone": "Pacific/Funafuti"
    },
    {
        "parent": "TV",
        "ids": {
            "fips": false,
            "geonames": 7601981,
            "iso_3166_2": "TV-VAI"
        },
        "long": {
            "default": "Vaitupu"
        },
        "timezone": "Pacific/Funafuti"
    },
    {
        "parent": "TV",
        "ids": {
            "fips": false,
            "geonames": 7601982,
            "iso_3166_2": "TV-NKF"
        },
        "long": {
            "default": "Nukufetau"
        },
        "timezone": "Pacific/Funafuti"
    },
    {
        "parent": "TV",
        "ids": {
            "fips": false,
            "geonames": 7601983,
            "iso_3166_2": "TV-NKL"
        },
        "long": {
            "default": "Nukulaelae"
        },
        "timezone": "Pacific/Funafuti"
    }
]
