[
    {
        "parent": "TW",
        "ids": {
            "fips": "TW01",
            "geonames": 7280288,
            "iso_3166_2": "TW-KIN"
        },
        "long": {
            "default": "Kinmen"
        },
        "timezone": "Asia/Taipei"
    },
    {
        "parent": "TW",
        "ids": {
            "fips": "TW02",
            "geonames": 7280289,
            "iso_3166_2": "TW-KHH"
        },
        "long": {
            "default": "Kaohsiung"
        },
        "timezone": "Asia/Taipei"
    },
    {
        "parent": "TW",
        "ids": {
            "fips": "TW03",
            "geonames": 7280290,
            "iso_3166_2": "TW-TPE"
        },
        "long": {
            "default": "Taipei"
        },
        "timezone": "Asia/Taipei"
    },
    {
        "parent": "TW",
        "ids": {
            "fips": "TW04",
            "geonames": 7280291,
            "iso_3166_2": false
        },
        "long": {
            "default": "Taiwan"
        },
        "timezone": "Asia/Taipei"
    }
]
