[
    {
        "parent": "TZ",
        "ids": {
            "fips": "TZ19",
            "geonames": 148679,
            "iso_3166_2": "TZ-05"
        },
        "long": {
            "default": "Kagera"
        },
        "timezone": "Africa/Dar_es_Salaam"
    },
    {
        "parent": "TZ",
        "ids": {
            "fips": "TZ25",
            "geonames": 148724,
            "iso_3166_2": "TZ-15"
        },
        "long": {
            "default": "Zanzibar West"
        },
        "timezone": "Africa/Dar_es_Salaam"
    },
    {
        "parent": "TZ",
        "ids": {
            "fips": "TZ22",
            "geonames": 148725,
            "iso_3166_2": "TZ-07"
        },
        "long": {
            "default": "Zanzibar North"
        },
        "timezone": "Africa/Dar_es_Salaam"
    },
    {
        "parent": "TZ",
        "ids": {
            "fips": "TZ21",
            "geonames": 148728,
            "iso_3166_2": "TZ-11"
        },
        "long": {
            "default": "Zanzibar South"
        },
        "timezone": "Africa/Dar_es_Salaam"
    },
    {
        "parent": "TZ",
        "ids": {
            "fips": "TZ18",
            "geonames": 149595,
            "iso_3166_2": "TZ-25"
        },
        "long": {
            "default": "Tanga"
        },
        "timezone": "Africa/Dar_es_Salaam"
    },
    {
        "parent": "TZ",
        "ids": {
            "fips": "TZ17",
            "geonames": 149653,
            "iso_3166_2": "TZ-24"
        },
        "long": {
            "default": "Tabora"
        },
        "timezone": "Africa/Dar_es_Salaam"
    },
    {
        "parent": "TZ",
        "ids": {
            "fips": "TZ16",
            "geonames": 149876,
            "iso_3166_2": "TZ-23"
        },
        "long": {
            "default": "Singida"
        },
        "timezone": "Africa/Dar_es_Salaam"
    },
    {
        "parent": "TZ",
        "ids": {
            "fips": "TZ15",
            "geonames": 150004,
            "iso_3166_2": "TZ-22"
        },
        "long": {
            "default": "Shinyanga"
        },
        "timezone": "Africa/Dar_es_Salaam"
    },
    {
        "parent": "TZ",
        "ids": {
            "fips": "TZ24",
            "geonames": 150442,
            "iso_3166_2": "TZ-20"
        },
        "long": {
            "default": "Rukwa"
        },
        "timezone": "Africa/Dar_es_Salaam"
    },
    {
        "parent": "TZ",
        "ids": {
            "fips": "TZ02",
            "geonames": 150602,
            "iso_3166_2": "TZ-19"
        },
        "long": {
            "default": "Pwani"
        },
        "timezone": "Africa/Dar_es_Salaam"
    },
    {
        "parent": "TZ",
        "ids": {
            "fips": "TZ20",
            "geonames": 150732,
            "iso_3166_2": "TZ-10"
        },
        "long": {
            "default": "Pemba South"
        },
        "timezone": "Africa/Dar_es_Salaam"
    },
    {
        "parent": "TZ",
        "ids": {
            "fips": "TZ13",
            "geonames": 150733,
            "iso_3166_2": "TZ-06"
        },
        "long": {
            "default": "Pemba North"
        },
        "timezone": "Africa/Dar_es_Salaam"
    },
    {
        "parent": "TZ",
        "ids": {
            "fips": "TZ12",
            "geonames": 152219,
            "iso_3166_2": "TZ-18"
        },
        "long": {
            "default": "Mwanza"
        },
        "timezone": "Africa/Dar_es_Salaam"
    },
    {
        "parent": "TZ",
        "ids": {
            "fips": "TZ10",
            "geonames": 153214,
            "iso_3166_2": "TZ-16"
        },
        "long": {
            "default": "Morogoro"
        },
        "timezone": "Africa/Dar_es_Salaam"
    },
    {
        "parent": "TZ",
        "ids": {
            "fips": "TZ09",
            "geonames": 154375,
            "iso_3166_2": "TZ-14"
        },
        "long": {
            "default": "Mbeya"
        },
        "timezone": "Africa/Dar_es_Salaam"
    },
    {
        "parent": "TZ",
        "ids": {
            "fips": "TZ08",
            "geonames": 154775,
            "iso_3166_2": "TZ-13"
        },
        "long": {
            "default": "Mara"
        },
        "timezone": "Africa/Dar_es_Salaam"
    },
    {
        "parent": "TZ",
        "ids": {
            "fips": "TZ07",
            "geonames": 155946,
            "iso_3166_2": "TZ-12"
        },
        "long": {
            "default": "Lindi"
        },
        "timezone": "Africa/Dar_es_Salaam"
    },
    {
        "parent": "TZ",
        "ids": {
            "fips": "TZ06",
            "geonames": 157449,
            "iso_3166_2": "TZ-09"
        },
        "long": {
            "default": "Kilimanjaro"
        },
        "timezone": "Africa/Dar_es_Salaam"
    },
    {
        "parent": "TZ",
        "ids": {
            "fips": "TZ05",
            "geonames": 157732,
            "iso_3166_2": "TZ-08"
        },
        "long": {
            "default": "Kigoma"
        },
        "timezone": "Africa/Dar_es_Salaam"
    },
    {
        "parent": "TZ",
        "ids": {
            "fips": "TZ04",
            "geonames": 159067,
            "iso_3166_2": "TZ-04"
        },
        "long": {
            "default": "Iringa"
        },
        "timezone": "Africa/Dar_es_Salaam"
    },
    {
        "parent": "TZ",
        "ids": {
            "fips": "TZ03",
            "geonames": 160192,
            "iso_3166_2": "TZ-03"
        },
        "long": {
            "default": "Dodoma"
        },
        "timezone": "Africa/Dar_es_Salaam"
    },
    {
        "parent": "TZ",
        "ids": {
            "fips": "TZ23",
            "geonames": 160260,
            "iso_3166_2": "TZ-02"
        },
        "long": {
            "default": "Dar es Salaam"
        },
        "timezone": "Africa/Dar_es_Salaam"
    },
    {
        "parent": "TZ",
        "ids": {
            "fips": "TZ26",
            "geonames": 161322,
            "iso_3166_2": "TZ-01"
        },
        "long": {
            "default": "Arusha"
        },
        "timezone": "Africa/Dar_es_Salaam"
    },
    {
        "parent": "TZ",
        "ids": {
            "fips": "TZ27",
            "geonames": 435764,
            "iso_3166_2": "TZ-26"
        },
        "long": {
            "default": "Manyara"
        },
        "timezone": "Africa/Dar_es_Salaam"
    },
    {
        "parent": "TZ",
        "ids": {
            "fips": "TZ14",
            "geonames": 877416,
            "iso_3166_2": "TZ-21"
        },
        "long": {
            "default": "Ruvuma"
        },
        "timezone": "Africa/Dar_es_Salaam"
    },
    {
        "parent": "TZ",
        "ids": {
            "fips": "TZ11",
            "geonames": 877744,
            "iso_3166_2": "TZ-17"
        },
        "long": {
            "default": "Mtwara"
        },
        "timezone": "Africa/Dar_es_Salaam"
    },
    {
        "parent": "TZ",
        "ids": {
            "fips": "TZ31",
            "geonames": 8469238,
            "iso_3166_2": "TZ-30"
        },
        "long": {
            "default": "Simiyu"
        },
        "timezone": "Africa/Dar_es_Salaam"
    },
    {
        "parent": "TZ",
        "ids": {
            "fips": "TZ28",
            "geonames": 8469239,
            "iso_3166_2": "TZ-27"
        },
        "long": {
            "default": "Geita"
        },
        "timezone": "Africa/Dar_es_Salaam"
    },
    {
        "parent": "TZ",
        "ids": {
            "fips": "TZ29",
            "geonames": 8469240,
            "iso_3166_2": "TZ-28"
        },
        "long": {
            "default": "Katavi"
        },
        "timezone": "Africa/Dar_es_Salaam"
    },
    {
        "parent": "TZ",
        "ids": {
            "fips": "TZ30",
            "geonames": 8469241,
            "iso_3166_2": "TZ-29"
        },
        "long": {
            "default": "Njombe"
        },
        "timezone": "Africa/Dar_es_Salaam"
    }
]
