[
    {
        "parent": "UA",
        "ids": {
            "fips": "UP27",
            "geonames": 686966,
            "iso_3166_2": "UA-18"
        },
        "long": {
            "default": "Zhytomyr"
        },
        "timezone": "Europe/Kiev"
    },
    {
        "parent": "UA",
        "ids": {
            "fips": "UP26",
            "geonames": 687699,
            "iso_3166_2": "UA-23"
        },
        "long": {
            "default": "Zaporizhia"
        },
        "timezone": "Europe/Kiev"
    },
    {
        "parent": "UA",
        "ids": {
            "fips": "UP25",
            "geonames": 687869,
            "iso_3166_2": "UA-21"
        },
        "long": {
            "default": "Zakarpattia"
        },
        "timezone": "Europe/Uzhgorod"
    },
    {
        "parent": "UA",
        "ids": {
            "fips": "UP24",
            "geonames": 689064,
            "iso_3166_2": "UA-07"
        },
        "long": {
            "default": "Volyn"
        },
        "timezone": "Europe/Kiev"
    },
    {
        "parent": "UA",
        "ids": {
            "fips": "UP23",
            "geonames": 689559,
            "iso_3166_2": "UA-05"
        },
        "long": {
            "default": "Vinnyts'ka"
        },
        "timezone": "Europe/Kiev"
    },
    {
        "parent": "UA",
        "ids": {
            "fips": "UP22",
            "geonames": 691649,
            "iso_3166_2": "UA-61"
        },
        "long": {
            "default": "Ternopil"
        },
        "timezone": "Europe/Kiev"
    },
    {
        "parent": "UA",
        "ids": {
            "fips": "UP21",
            "geonames": 692196,
            "iso_3166_2": "UA-59"
        },
        "long": {
            "default": "Sumy"
        },
        "timezone": "Europe/Kiev"
    },
    {
        "parent": "UA",
        "ids": {
            "fips": "UP20",
            "geonames": 694422,
            "iso_3166_2": "UA-40"
        },
        "long": {
            "default": "Misto Sevastopol’"
        },
        "timezone": "Europe/Simferopol"
    },
    {
        "parent": "UA",
        "ids": {
            "fips": "UP19",
            "geonames": 695592,
            "iso_3166_2": "UA-56"
        },
        "long": {
            "default": "Rivne"
        },
        "timezone": "Europe/Kiev"
    },
    {
        "parent": "UA",
        "ids": {
            "fips": "UP18",
            "geonames": 696634,
            "iso_3166_2": "UA-53"
        },
        "long": {
            "default": "Poltava"
        },
        "timezone": "Europe/Kiev"
    },
    {
        "parent": "UA",
        "ids": {
            "fips": "UP17",
            "geonames": 698738,
            "iso_3166_2": "UA-51"
        },
        "long": {
            "default": "Odessa"
        },
        "timezone": "Europe/Kiev"
    },
    {
        "parent": "UA",
        "ids": {
            "fips": "UP16",
            "geonames": 700567,
            "iso_3166_2": "UA-48"
        },
        "long": {
            "default": "Mykolaiv"
        },
        "timezone": "Europe/Kiev"
    },
    {
        "parent": "UA",
        "ids": {
            "fips": "UP15",
            "geonames": 702549,
            "iso_3166_2": "UA-46"
        },
        "long": {
            "default": "Lviv"
        },
        "timezone": "Europe/Kiev"
    },
    {
        "parent": "UA",
        "ids": {
            "fips": "UP14",
            "geonames": 702657,
            "iso_3166_2": "UA-09"
        },
        "long": {
            "default": "Luhansk"
        },
        "timezone": "Europe/Zaporozhye"
    },
    {
        "parent": "UA",
        "ids": {
            "fips": "UP13",
            "geonames": 703446,
            "iso_3166_2": "UA-32"
        },
        "long": {
            "default": "Kyiv"
        },
        "timezone": "Europe/Kiev"
    },
    {
        "parent": "UA",
        "ids": {
            "fips": "UP12",
            "geonames": 703447,
            "iso_3166_2": "UA-30"
        },
        "long": {
            "default": "Kyiv City"
        },
        "timezone": "Europe/Kiev"
    },
    {
        "parent": "UA",
        "ids": {
            "fips": "UP11",
            "geonames": 703883,
            "iso_3166_2": "UA-43"
        },
        "long": {
            "default": "Crimea"
        },
        "timezone": "Europe/Simferopol"
    },
    {
        "parent": "UA",
        "ids": {
            "fips": "UP10",
            "geonames": 705811,
            "iso_3166_2": "UA-35"
        },
        "long": {
            "default": "Kirovohrad"
        },
        "timezone": "Europe/Kiev"
    },
    {
        "parent": "UA",
        "ids": {
            "fips": "UP09",
            "geonames": 706370,
            "iso_3166_2": "UA-68"
        },
        "long": {
            "default": "Khmelnytskyi"
        },
        "timezone": "Europe/Kiev"
    },
    {
        "parent": "UA",
        "ids": {
            "fips": "UP08",
            "geonames": 706442,
            "iso_3166_2": "UA-65"
        },
        "long": {
            "default": "Kherson"
        },
        "timezone": "Europe/Kiev"
    },
    {
        "parent": "UA",
        "ids": {
            "fips": "UP07",
            "geonames": 706482,
            "iso_3166_2": "UA-63"
        },
        "long": {
            "default": "Kharkiv"
        },
        "timezone": "Europe/Zaporozhye"
    },
    {
        "parent": "UA",
        "ids": {
            "fips": "UP06",
            "geonames": 707470,
            "iso_3166_2": "UA-26"
        },
        "long": {
            "default": "Ivano-Frankivsk"
        },
        "timezone": "Europe/Kiev"
    },
    {
        "parent": "UA",
        "ids": {
            "fips": "UP05",
            "geonames": 709716,
            "iso_3166_2": "UA-14"
        },
        "long": {
            "default": "Donetsk"
        },
        "timezone": "Europe/Kiev"
    },
    {
        "parent": "UA",
        "ids": {
            "fips": "UP04",
            "geonames": 709929,
            "iso_3166_2": "UA-12"
        },
        "long": {
            "default": "Dnipropetrovsk"
        },
        "timezone": "Europe/Zaporozhye"
    },
    {
        "parent": "UA",
        "ids": {
            "fips": "UP03",
            "geonames": 710720,
            "iso_3166_2": "UA-77"
        },
        "long": {
            "default": "Chernivtsi"
        },
        "timezone": "Europe/Kiev"
    },
    {
        "parent": "UA",
        "ids": {
            "fips": "UP02",
            "geonames": 710734,
            "iso_3166_2": "UA-74"
        },
        "long": {
            "default": "Chernihiv"
        },
        "timezone": "Europe/Kiev"
    },
    {
        "parent": "UA",
        "ids": {
            "fips": "UP01",
            "geonames": 710802,
            "iso_3166_2": "UA-71"
        },
        "long": {
            "default": "Cherkasy"
        },
        "timezone": "Europe/Kiev"
    }
]
