[
    {
        "parent": "UG",
        "ids": {
            "fips": false,
            "geonames": 234594,
            "iso_3166_2": "UG-C"
        },
        "long": {
            "default": "Central Region"
        },
        "timezone": "Africa/Kampala"
    },
    {
        "parent": "UG",
        "ids": {
            "fips": false,
            "geonames": 8260673,
            "iso_3166_2": "UG-E"
        },
        "long": {
            "default": "Eastern Region"
        },
        "timezone": "Africa/Kampala"
    },
    {
        "parent": "UG",
        "ids": {
            "fips": false,
            "geonames": 8260674,
            "iso_3166_2": "UG-N"
        },
        "long": {
            "default": "Northern Region"
        },
        "timezone": "Africa/Kampala"
    },
    {
        "parent": "UG",
        "ids": {
            "fips": false,
            "geonames": 8260675,
            "iso_3166_2": "UG-W"
        },
        "long": {
            "default": "Western Region"
        },
        "timezone": "Africa/Kampala"
    }
]
