[
    {
        "parent": "UM",
        "ids": {
            "fips": false,
            "geonames": 4041685,
            "iso_3166_2": "UM-79"
        },
        "long": {
            "default": "Wake Island"
        },
        "timezone": "Pacific/Wake"
    },
    {
        "parent": "UM",
        "ids": {
            "fips": false,
            "geonames": 4743755,
            "iso_3166_2": "UM-76"
        },
        "long": {
            "default": "Navassa Island"
        },
        "timezone": "America/Havana"
    },
    {
        "parent": "UM",
        "ids": {
            "fips": false,
            "geonames": 5854907,
            "iso_3166_2": "UM-81"
        },
        "long": {
            "default": "Baker Island"
        },
        "timezone": "Pacific/Midway"
    },
    {
        "parent": "UM",
        "ids": {
            "fips": false,
            "geonames": 5854922,
            "iso_3166_2": "UM-84"
        },
        "long": {
            "default": "Howland Island"
        },
        "timezone": "Pacific/Midway"
    },
    {
        "parent": "UM",
        "ids": {
            "fips": false,
            "geonames": 5854926,
            "iso_3166_2": "UM-86"
        },
        "long": {
            "default": "Jarvis Island"
        },
        "timezone": "Pacific/Midway"
    },
    {
        "parent": "UM",
        "ids": {
            "fips": false,
            "geonames": 5854929,
            "iso_3166_2": "UM-67"
        },
        "long": {
            "default": "Johnston Atoll"
        },
        "timezone": "Pacific/Midway"
    },
    {
        "parent": "UM",
        "ids": {
            "fips": "250",
            "geonames": 5854936,
            "iso_3166_2": "UM-89"
        },
        "long": {
            "default": "Kingman Reef"
        },
        "timezone": "Pacific/Midway"
    },
    {
        "parent": "UM",
        "ids": {
            "fips": false,
            "geonames": 5854943,
            "iso_3166_2": "UM-71"
        },
        "long": {
            "default": "Midway Islands"
        },
        "timezone": "Pacific/Midway"
    },
    {
        "parent": "UM",
        "ids": {
            "fips": false,
            "geonames": 5854952,
            "iso_3166_2": "UM-95"
        },
        "long": {
            "default": "Palmyra Atoll"
        },
        "timezone": "Pacific/Midway"
    }
]
