[
    {
        "parent": "UY",
        "ids": {
            "fips": "UY19",
            "geonames": 3439780,
            "iso_3166_2": "UY-TT"
        },
        "long": {
            "default": "Treinta y Tres"
        },
        "timezone": "America/Montevideo"
    },
    {
        "parent": "UY",
        "ids": {
            "fips": "UY18",
            "geonames": 3440033,
            "iso_3166_2": "UY-TA"
        },
        "long": {
            "default": "Tacuarembó"
        },
        "timezone": "America/Montevideo"
    },
    {
        "parent": "UY",
        "ids": {
            "fips": "UY17",
            "geonames": 3440054,
            "iso_3166_2": "UY-SO"
        },
        "long": {
            "default": "Soriano"
        },
        "timezone": "America/Montevideo"
    },
    {
        "parent": "UY",
        "ids": {
            "fips": "UY16",
            "geonames": 3440645,
            "iso_3166_2": "UY-SJ"
        },
        "long": {
            "default": "San José"
        },
        "timezone": "America/Montevideo"
    },
    {
        "parent": "UY",
        "ids": {
            "fips": "UY15",
            "geonames": 3440711,
            "iso_3166_2": "UY-SA"
        },
        "long": {
            "default": "Salto"
        },
        "timezone": "America/Montevideo"
    },
    {
        "parent": "UY",
        "ids": {
            "fips": "UY14",
            "geonames": 3440771,
            "iso_3166_2": "UY-RO"
        },
        "long": {
            "default": "Rocha"
        },
        "timezone": "America/Montevideo"
    },
    {
        "parent": "UY",
        "ids": {
            "fips": "UY13",
            "geonames": 3440780,
            "iso_3166_2": "UY-RV"
        },
        "long": {
            "default": "Rivera"
        },
        "timezone": "America/Montevideo"
    },
    {
        "parent": "UY",
        "ids": {
            "fips": "UY12",
            "geonames": 3440789,
            "iso_3166_2": "UY-RN"
        },
        "long": {
            "default": "Río Negro"
        },
        "timezone": "America/Montevideo"
    },
    {
        "parent": "UY",
        "ids": {
            "fips": "UY11",
            "geonames": 3441242,
            "iso_3166_2": "UY-PA"
        },
        "long": {
            "default": "Paysandú"
        },
        "timezone": "America/Montevideo"
    },
    {
        "parent": "UY",
        "ids": {
            "fips": "UY10",
            "geonames": 3441572,
            "iso_3166_2": "UY-MO"
        },
        "long": {
            "default": "Montevideo"
        },
        "timezone": "America/Montevideo"
    },
    {
        "parent": "UY",
        "ids": {
            "fips": "UY09",
            "geonames": 3441890,
            "iso_3166_2": "UY-MA"
        },
        "long": {
            "default": "Maldonado"
        },
        "timezone": "America/Montevideo"
    },
    {
        "parent": "UY",
        "ids": {
            "fips": "UY08",
            "geonames": 3442007,
            "iso_3166_2": "UY-LA"
        },
        "long": {
            "default": "Lavalleja"
        },
        "timezone": "America/Montevideo"
    },
    {
        "parent": "UY",
        "ids": {
            "fips": "UY07",
            "geonames": 3442584,
            "iso_3166_2": "UY-FD"
        },
        "long": {
            "default": "Florida"
        },
        "timezone": "America/Montevideo"
    },
    {
        "parent": "UY",
        "ids": {
            "fips": "UY06",
            "geonames": 3442587,
            "iso_3166_2": "UY-FS"
        },
        "long": {
            "default": "Flores"
        },
        "timezone": "America/Montevideo"
    },
    {
        "parent": "UY",
        "ids": {
            "fips": "UY05",
            "geonames": 3442720,
            "iso_3166_2": "UY-DU"
        },
        "long": {
            "default": "Durazno"
        },
        "timezone": "America/Montevideo"
    },
    {
        "parent": "UY",
        "ids": {
            "fips": "UY04",
            "geonames": 3443025,
            "iso_3166_2": "UY-CO"
        },
        "long": {
            "default": "Colonia"
        },
        "timezone": "America/Montevideo"
    },
    {
        "parent": "UY",
        "ids": {
            "fips": "UY03",
            "geonames": 3443173,
            "iso_3166_2": "UY-CL"
        },
        "long": {
            "default": "Cerro Largo"
        },
        "timezone": "America/Montevideo"
    },
    {
        "parent": "UY",
        "ids": {
            "fips": "UY02",
            "geonames": 3443411,
            "iso_3166_2": "UY-CA"
        },
        "long": {
            "default": "Canelones"
        },
        "timezone": "America/Montevideo"
    },
    {
        "parent": "UY",
        "ids": {
            "fips": "UY01",
            "geonames": 3443756,
            "iso_3166_2": "UY-AR"
        },
        "long": {
            "default": "Artigas"
        },
        "timezone": "America/Montevideo"
    }
]
