[
    {
        "parent": "UZ",
        "ids": {
            "fips": "UZ09",
            "geonames": 453752,
            "iso_3166_2": "UZ-QR"
        },
        "long": {
            "default": "Karakalpakstan"
        },
        "timezone": "Asia/Samarkand"
    },
    {
        "parent": "UZ",
        "ids": {
            "fips": "UZ12",
            "geonames": 1114926,
            "iso_3166_2": "UZ-SU"
        },
        "long": {
            "default": "Surxondaryo"
        },
        "timezone": "Asia/Samarkand"
    },
    {
        "parent": "UZ",
        "ids": {
            "fips": "UZ10",
            "geonames": 1114927,
            "iso_3166_2": "UZ-SA"
        },
        "long": {
            "default": "Samarqand"
        },
        "timezone": "Asia/Samarkand"
    },
    {
        "parent": "UZ",
        "ids": {
            "fips": "UZ08",
            "geonames": 1114928,
            "iso_3166_2": "UZ-QA"
        },
        "long": {
            "default": "Qashqadaryo"
        },
        "timezone": "Asia/Samarkand"
    },
    {
        "parent": "UZ",
        "ids": {
            "fips": "UZ02",
            "geonames": 1114929,
            "iso_3166_2": "UZ-BU"
        },
        "long": {
            "default": "Bukhara"
        },
        "timezone": "Asia/Tashkent"
    },
    {
        "parent": "UZ",
        "ids": {
            "fips": "UZ14",
            "geonames": 1484838,
            "iso_3166_2": "UZ-TO"
        },
        "long": {
            "default": "Toshkent"
        },
        "timezone": "Asia/Tashkent"
    },
    {
        "parent": "UZ",
        "ids": {
            "fips": "UZ13",
            "geonames": 1484839,
            "iso_3166_2": "UZ-TO"
        },
        "long": {
            "default": "Toshkent Shahri"
        },
        "timezone": "Asia/Tashkent"
    },
    {
        "parent": "UZ",
        "ids": {
            "fips": "UZ16",
            "geonames": 1484840,
            "iso_3166_2": "UZ-SI"
        },
        "long": {
            "default": "Sirdaryo"
        },
        "timezone": "Asia/Tashkent"
    },
    {
        "parent": "UZ",
        "ids": {
            "fips": "UZ07",
            "geonames": 1484841,
            "iso_3166_2": "UZ-NW"
        },
        "long": {
            "default": "Navoiy"
        },
        "timezone": "Asia/Samarkand"
    },
    {
        "parent": "UZ",
        "ids": {
            "fips": "UZ06",
            "geonames": 1484842,
            "iso_3166_2": "UZ-NG"
        },
        "long": {
            "default": "Namangan"
        },
        "timezone": "Asia/Tashkent"
    },
    {
        "parent": "UZ",
        "ids": {
            "fips": "UZ05",
            "geonames": 1484843,
            "iso_3166_2": "UZ-XO"
        },
        "long": {
            "default": "Xorazm"
        },
        "timezone": "Asia/Samarkand"
    },
    {
        "parent": "UZ",
        "ids": {
            "fips": "UZ15",
            "geonames": 1484844,
            "iso_3166_2": "UZ-JI"
        },
        "long": {
            "default": "Jizzax"
        },
        "timezone": "Asia/Tashkent"
    },
    {
        "parent": "UZ",
        "ids": {
            "fips": "UZ03",
            "geonames": 1484845,
            "iso_3166_2": "UZ-FA"
        },
        "long": {
            "default": "Fergana"
        },
        "timezone": "Asia/Tashkent"
    },
    {
        "parent": "UZ",
        "ids": {
            "fips": "UZ01",
            "geonames": 1484846,
            "iso_3166_2": "UZ-AN"
        },
        "long": {
            "default": "Andijon"
        },
        "timezone": "Asia/Tashkent"
    }
]
