[
    {
        "parent": "VC",
        "ids": {
            "fips": "VC05",
            "geonames": 3577818,
            "iso_3166_2": "VC-05"
        },
        "long": {
            "default": "Saint Patrick"
        },
        "timezone": "America/St_Vincent"
    },
    {
        "parent": "VC",
        "ids": {
            "fips": "VC04",
            "geonames": 3577819,
            "iso_3166_2": "VC-04"
        },
        "long": {
            "default": "Saint George"
        },
        "timezone": "America/St_Vincent"
    },
    {
        "parent": "VC",
        "ids": {
            "fips": "VC03",
            "geonames": 3577821,
            "iso_3166_2": "VC-03"
        },
        "long": {
            "default": "Saint David"
        },
        "timezone": "America/St_Vincent"
    },
    {
        "parent": "VC",
        "ids": {
            "fips": "VC02",
            "geonames": 3577822,
            "iso_3166_2": "VC-02"
        },
        "long": {
            "default": "Saint Andrew"
        },
        "timezone": "America/St_Vincent"
    },
    {
        "parent": "VC",
        "ids": {
            "fips": "VC06",
            "geonames": 3577892,
            "iso_3166_2": "VC-06"
        },
        "long": {
            "default": "Grenadines"
        },
        "timezone": "America/St_Vincent"
    },
    {
        "parent": "VC",
        "ids": {
            "fips": "VC01",
            "geonames": 3577934,
            "iso_3166_2": "VC-01"
        },
        "long": {
            "default": "Charlotte"
        },
        "timezone": "America/St_Vincent"
    }
]
