[
    {
        "parent": "VE",
        "ids": {
            "fips": "VE23",
            "geonames": 3625035,
            "iso_3166_2": "VE-V"
        },
        "long": {
            "default": "Zulia"
        },
        "timezone": "America/Caracas"
    },
    {
        "parent": "VE",
        "ids": {
            "fips": "VE22",
            "geonames": 3625210,
            "iso_3166_2": "VE-U"
        },
        "long": {
            "default": "Yaracuy"
        },
        "timezone": "America/Caracas"
    },
    {
        "parent": "VE",
        "ids": {
            "fips": "VE21",
            "geonames": 3625974,
            "iso_3166_2": "VE-T"
        },
        "long": {
            "default": "Trujillo"
        },
        "timezone": "America/Caracas"
    },
    {
        "parent": "VE",
        "ids": {
            "fips": "VE20",
            "geonames": 3626553,
            "iso_3166_2": "VE-S"
        },
        "long": {
            "default": "Táchira"
        },
        "timezone": "America/Caracas"
    },
    {
        "parent": "VE",
        "ids": {
            "fips": "VE19",
            "geonames": 3626655,
            "iso_3166_2": "VE-R"
        },
        "long": {
            "default": "Sucre"
        },
        "timezone": "America/Caracas"
    },
    {
        "parent": "VE",
        "ids": {
            "fips": "VE18",
            "geonames": 3629941,
            "iso_3166_2": "VE-P"
        },
        "long": {
            "default": "Portuguesa"
        },
        "timezone": "America/Caracas"
    },
    {
        "parent": "VE",
        "ids": {
            "fips": "VE17",
            "geonames": 3631462,
            "iso_3166_2": "VE-O"
        },
        "long": {
            "default": "Nueva Esparta"
        },
        "timezone": "America/Caracas"
    },
    {
        "parent": "VE",
        "ids": {
            "fips": "VE16",
            "geonames": 3632100,
            "iso_3166_2": "VE-N"
        },
        "long": {
            "default": "Monagas"
        },
        "timezone": "America/Caracas"
    },
    {
        "parent": "VE",
        "ids": {
            "fips": "VE15",
            "geonames": 3632191,
            "iso_3166_2": "VE-M"
        },
        "long": {
            "default": "Miranda"
        },
        "timezone": "America/Caracas"
    },
    {
        "parent": "VE",
        "ids": {
            "fips": "VE14",
            "geonames": 3632306,
            "iso_3166_2": "VE-L"
        },
        "long": {
            "default": "Mérida"
        },
        "timezone": "America/Caracas"
    },
    {
        "parent": "VE",
        "ids": {
            "fips": "VE13",
            "geonames": 3636539,
            "iso_3166_2": "VE-K"
        },
        "long": {
            "default": "Lara"
        },
        "timezone": "America/Caracas"
    },
    {
        "parent": "VE",
        "ids": {
            "fips": "VE12",
            "geonames": 3640017,
            "iso_3166_2": "VE-J"
        },
        "long": {
            "default": "Guárico"
        },
        "timezone": "America/Caracas"
    },
    {
        "parent": "VE",
        "ids": {
            "fips": "VE24",
            "geonames": 3640846,
            "iso_3166_2": "VE-W"
        },
        "long": {
            "default": "Dependencias Federales"
        },
        "timezone": "America/Caracas"
    },
    {
        "parent": "VE",
        "ids": {
            "fips": "VE25",
            "geonames": 3640847,
            "iso_3166_2": "VE-A"
        },
        "long": {
            "default": "Distrito Federal"
        },
        "timezone": "America/Caracas"
    },
    {
        "parent": "VE",
        "ids": {
            "fips": "VE11",
            "geonames": 3640873,
            "iso_3166_2": "VE-I"
        },
        "long": {
            "default": "Falcón"
        },
        "timezone": "America/Caracas"
    },
    {
        "parent": "VE",
        "ids": {
            "fips": "VE09",
            "geonames": 3644541,
            "iso_3166_2": "VE-Y"
        },
        "long": {
            "default": "Delta Amacuro"
        },
        "timezone": "America/Caracas"
    },
    {
        "parent": "VE",
        "ids": {
            "fips": "VE08",
            "geonames": 3645386,
            "iso_3166_2": "VE-H"
        },
        "long": {
            "default": "Cojedes"
        },
        "timezone": "America/Caracas"
    },
    {
        "parent": "VE",
        "ids": {
            "fips": "VE07",
            "geonames": 3646751,
            "iso_3166_2": "VE-G"
        },
        "long": {
            "default": "Carabobo"
        },
        "timezone": "America/Caracas"
    },
    {
        "parent": "VE",
        "ids": {
            "fips": "VE06",
            "geonames": 3648106,
            "iso_3166_2": "VE-F"
        },
        "long": {
            "default": "Bolívar"
        },
        "timezone": "America/Caracas"
    },
    {
        "parent": "VE",
        "ids": {
            "fips": "VE05",
            "geonames": 3648544,
            "iso_3166_2": "VE-E"
        },
        "long": {
            "default": "Barinas"
        },
        "timezone": "America/Caracas"
    },
    {
        "parent": "VE",
        "ids": {
            "fips": "VE04",
            "geonames": 3649110,
            "iso_3166_2": "VE-D"
        },
        "long": {
            "default": "Aragua"
        },
        "timezone": "America/Caracas"
    },
    {
        "parent": "VE",
        "ids": {
            "fips": "VE03",
            "geonames": 3649151,
            "iso_3166_2": "VE-C"
        },
        "long": {
            "default": "Apure"
        },
        "timezone": "America/Caracas"
    },
    {
        "parent": "VE",
        "ids": {
            "fips": "VE02",
            "geonames": 3649198,
            "iso_3166_2": "VE-B"
        },
        "long": {
            "default": "Anzoátegui"
        },
        "timezone": "America/Caracas"
    },
    {
        "parent": "VE",
        "ids": {
            "fips": "VE01",
            "geonames": 3649302,
            "iso_3166_2": "VE-Z"
        },
        "long": {
            "default": "Amazonas"
        },
        "timezone": "America/Caracas"
    },
    {
        "parent": "VE",
        "ids": {
            "fips": "VE26",
            "geonames": 3830309,
            "iso_3166_2": "VE-X"
        },
        "long": {
            "default": "Vargas"
        },
        "timezone": "America/Caracas"
    }
]
