[
    {
        "parent": "VI",
        "ids": {
            "fips": false,
            "geonames": 7267902,
            "iso_3166_2": false
        },
        "long": {
            "default": "Saint Croix Island"
        },
        "timezone": "America/St_Thomas"
    },
    {
        "parent": "VI",
        "ids": {
            "fips": false,
            "geonames": 7267903,
            "iso_3166_2": false
        },
        "long": {
            "default": "Saint John Island"
        },
        "timezone": "America/St_Thomas"
    },
    {
        "parent": "VI",
        "ids": {
            "fips": false,
            "geonames": 7267904,
            "iso_3166_2": false
        },
        "long": {
            "default": "Saint Thomas Island"
        },
        "timezone": "America/St_Thomas"
    }
]
