[
  {
    "parent": "VN",
    "ids": {
      "fips": "VM58",
      "geonames": 1559969,
      "iso_3166_2": "VN-22"
    },
    "long": {
      "default": "Nghệ An"
    },
    "timezone": "Asia/Ho_Chi_Minh"
  },
  {
    "parent": "VN",
    "ids": {
      "fips": "VM59",
      "geonames": 1559970,
      "iso_3166_2": "VN-18"
    },
    "long": {
      "default": "Ninh Bình"
    },
    "timezone": "Asia/Ho_Chi_Minh"
  },
  {
    "parent": "VN",
    "ids": {
      "fips": "VM60",
      "geonames": 1559971,
      "iso_3166_2": "VN-36"
    },
    "long": {
      "default": "Ninh Thuận"
    },
    "timezone": "Asia/Ho_Chi_Minh"
  },
  {
    "parent": "VN",
    "ids": {
      "fips": "VM65",
      "geonames": 1559972,
      "iso_3166_2": "VN-52"
    },
    "long": {
      "default": "Sóc Trăng"
    },
    "timezone": "Asia/Ho_Chi_Minh"
  },
  {
    "parent": "VN",
    "ids": {
      "fips": "VM67",
      "geonames": 1559975,
      "iso_3166_2": "VN-51"
    },
    "long": {
      "default": "Trà Vinh"
    },
    "timezone": "Asia/Ho_Chi_Minh"
  },
  {
    "parent": "VN",
    "ids": {
      "fips": "VM68",
      "geonames": 1559976,
      "iso_3166_2": "VN-07"
    },
    "long": {
      "default": "Tuyên Quang"
    },
    "timezone": "Asia/Ho_Chi_Minh"
  },
  {
    "parent": "VN",
    "ids": {
      "fips": "VM69",
      "geonames": 1559977,
      "iso_3166_2": "VN-49"
    },
    "long": {
      "default": "Vĩnh Long"
    },
    "timezone": "Asia/Ho_Chi_Minh"
  },
  {
    "parent": "VN",
    "ids": {
      "fips": "VM70",
      "geonames": 1559978,
      "iso_3166_2": "VN-06"
    },
    "long": {
      "default": "Yên Bái"
    },
    "timezone": "Asia/Ho_Chi_Minh"
  },
  {
    "parent": "VN",
    "ids": {
      "fips": "VM90",
      "geonames": 1562412,
      "iso_3166_2": "VN-02"
    },
    "long": {
      "default": "Lào Cai"
    },
    "timezone": "Asia/Ho_Chi_Minh"
  },
  {
    "parent": "VN",
    "ids": {
      "fips": "VM37",
      "geonames": 1564676,
      "iso_3166_2": "VN-46"
    },
    "long": {
      "default": "Tiền Giang"
    },
    "timezone": "Asia/Ho_Chi_Minh"
  },
  {
    "parent": "VN",
    "ids": {
      "fips": "VM66",
      "geonames": 1565033,
      "iso_3166_2": "VN-26"
    },
    "long": {
      "default": "Thừa Thiên-Huế"
    },
    "timezone": "Asia/Ho_Chi_Minh"
  },
  {
    "parent": "VN",
    "ids": {
      "fips": "VM55",
      "geonames": 1565088,
      "iso_3166_2": "VN-28"
    },
    "long": {
      "default": "Kon Tum"
    },
    "timezone": "Asia/Ho_Chi_Minh"
  },
  {
    "parent": "VN",
    "ids": {
      "fips": "VM34",
      "geonames": 1566165,
      "iso_3166_2": "VN-21"
    },
    "long": {
      "default": "Thanh Hóa"
    },
    "timezone": "Asia/Ho_Chi_Minh"
  },
  {
    "parent": "VN",
    "ids": {
      "fips": "VM35",
      "geonames": 1566338,
      "iso_3166_2": "VN-20"
    },
    "long": {
      "default": "Thái Bình"
    },
    "timezone": "Asia/Ho_Chi_Minh"
  },
  {
    "parent": "VN",
    "ids": {
      "fips": "VM33",
      "geonames": 1566557,
      "iso_3166_2": "VN-37"
    },
    "long": {
      "default": "Tây Ninh"
    },
    "timezone": "Asia/Ho_Chi_Minh"
  },
  {
    "parent": "VN",
    "ids": {
      "fips": "VM32",
      "geonames": 1567643,
      "iso_3166_2": "VN-05"
    },
    "long": {
      "default": "Sơn La"
    },
    "timezone": "Asia/Ho_Chi_Minh"
  },
  {
    "parent": "VN",
    "ids": {
      "fips": "VM64",
      "geonames": 1568733,
      "iso_3166_2": "VN-25"
    },
    "long": {
      "default": "Quảng Trị"
    },
    "timezone": "Asia/Ho_Chi_Minh"
  },
  {
    "parent": "VN",
    "ids": {
      "fips": "VM30",
      "geonames": 1568758,
      "iso_3166_2": "VN-13"
    },
    "long": {
      "default": "Quảng Ninh"
    },
    "timezone": "Asia/Ho_Chi_Minh"
  },
  {
    "parent": "VN",
    "ids": {
      "fips": "VM63",
      "geonames": 1568769,
      "iso_3166_2": "VN-29"
    },
    "long": {
      "default": "Quảng Ngãi"
    },
    "timezone": "Asia/Ho_Chi_Minh"
  },
  {
    "parent": "VN",
    "ids": {
      "fips": "VM62",
      "geonames": 1568839,
      "iso_3166_2": "VN-24"
    },
    "long": {
      "default": "Quảng Bình"
    },
    "timezone": "Asia/Ho_Chi_Minh"
  },
  {
    "parent": "VN",
    "ids": {
      "fips": "VM61",
      "geonames": 1569805,
      "iso_3166_2": "VN-32"
    },
    "long": {
      "default": "Phú Yên"
    },
    "timezone": "Asia/Ho_Chi_Minh"
  },
  {
    "parent": "VN",
    "ids": {
      "fips": "VM53",
      "geonames": 1572594,
      "iso_3166_2": "VN-14"
    },
    "long": {
      "default": "Hòa Bình"
    },
    "timezone": "Asia/Ho_Chi_Minh"
  },
  {
    "parent": "VN",
    "ids": {
      "fips": "VM24",
      "geonames": 1575788,
      "iso_3166_2": "VN-41"
    },
    "long": {
      "default": "Long An"
    },
    "timezone": "Asia/Ho_Chi_Minh"
  },
  {
    "parent": "VN",
    "ids": {
      "fips": "VM39",
      "geonames": 1576632,
      "iso_3166_2": "VN-09"
    },
    "long": {
      "default": "Lạng Sơn"
    },
    "timezone": "Asia/Ho_Chi_Minh"
  },
  {
    "parent": "VN",
    "ids": {
      "fips": "VM23",
      "geonames": 1577882,
      "iso_3166_2": "VN-35"
    },
    "long": {
      "default": "Lâm Đồng"
    },
    "timezone": "Asia/Ho_Chi_Minh"
  },
  {
    "parent": "VN",
    "ids": {
      "fips": "VM89",
      "geonames": 1577954,
      "iso_3166_2": "VN-01"
    },
    "long": {
      "default": "Lai Châu"
    }
  },
  {
    "parent": "VN",
    "ids": {
      "fips": "VM21",
      "geonames": 1579008,
      "iso_3166_2": "VN-47"
    },
    "long": {
      "default": "Kiến Giang"
    }
  },
  {
    "parent": "VN",
    "ids": {
      "fips": "VM54",
      "geonames": 1579634,
      "iso_3166_2": "VN-34"
    },
    "long": {
      "default": "Khánh Hòa"
    },
    "timezone": "Asia/Ho_Chi_Minh"
  },
  {
    "parent": "VN",
    "ids": {
      "fips": "VM20",
      "geonames": 1580578,
      "iso_3166_2": "VN-SG"
    },
    "long": {
      "default": "Ho Chi Minh"
    },
    "timezone": "Asia/Ho_Chi_Minh"
  },
  {
    "parent": "VN",
    "ids": {
      "fips": "VM52",
      "geonames": 1580700,
      "iso_3166_2": "VN-23"
    },
    "long": {
      "default": "Hà Tĩnh"
    },
    "timezone": "Asia/Ho_Chi_Minh"
  },
  {
    "parent": "VN",
    "ids": {
      "fips": "VM50",
      "geonames": 1581030,
      "iso_3166_2": "VN-03"
    },
    "long": {
      "default": "Hà Giang"
    },
    "timezone": "Asia/Ho_Chi_Minh"
  },
  {
    "parent": "VN",
    "ids": {
      "fips": "VM49",
      "geonames": 1581088,
      "iso_3166_2": "VN-30"
    },
    "long": {
      "default": "Gia Lai"
    },
    "timezone": "Asia/Ho_Chi_Minh"
  },
  {
    "parent": "VN",
    "ids": {
      "fips": "VM44",
      "geonames": 1581129,
      "iso_3166_2": "VN-HN"
    },
    "long": {
      "default": "Ha Nội"
    },
    "timezone": "Asia/Ho_Chi_Minh"
  },
  {
    "parent": "VN",
    "ids": {
      "fips": "VM87",
      "geonames": 1581188,
      "iso_3166_2": "VN-CT"
    },
    "long": {
      "default": "Cần Thơ"
    },
    "timezone": "Asia/Ho_Chi_Minh"
  },
  {
    "parent": "VN",
    "ids": {
      "fips": "VM13",
      "geonames": 1581297,
      "iso_3166_2": "VN-HP"
    },
    "long": {
      "default": "Hải Phòng"
    },
    "timezone": "Asia/Ho_Chi_Minh"
  },
  {
    "parent": "VN",
    "ids": {
      "fips": "VM47",
      "geonames": 1581882,
      "iso_3166_2": "VN-40"
    },
    "long": {
      "default": "Bình Thuận"
    },
    "timezone": "Asia/Ho_Chi_Minh"
  },
  {
    "parent": "VN",
    "ids": {
      "fips": "VM09",
      "geonames": 1582562,
      "iso_3166_2": "VN-45"
    },
    "long": {
      "default": "Đồng Tháp"
    },
    "timezone": "Asia/Ho_Chi_Minh"
  },
  {
    "parent": "VN",
    "ids": {
      "fips": "VM43",
      "geonames": 1582720,
      "iso_3166_2": "VN-39"
    },
    "long": {
      "default": "Đồng Nai"
    },
    "timezone": "Asia/Ho_Chi_Minh"
  },
  {
    "parent": "VN",
    "ids": {
      "fips": "VM88",
      "geonames": 1584169,
      "iso_3166_2": "VN-33"
    },
    "long": {
      "default": "Ðắc Lắk"
    },
    "timezone": "Asia/Ho_Chi_Minh"
  },
  {
    "parent": "VN",
    "ids": {
      "fips": "VM45",
      "geonames": 1584534,
      "iso_3166_2": "VN-43"
    },
    "long": {
      "default": "Bà Rịa-Vũng Tàu"
    },
    "timezone": "Asia/Ho_Chi_Minh"
  },
  {
    "parent": "VN",
    "ids": {
      "fips": "VM05",
      "geonames": 1586182,
      "iso_3166_2": "VN-04"
    },
    "long": {
      "default": "Cao Bằng"
    },
    "timezone": "Asia/Ho_Chi_Minh"
  },
  {
    "parent": "VN",
    "ids": {
      "fips": "VM46",
      "geonames": 1587871,
      "iso_3166_2": "VN-31"
    },
    "long": {
      "default": "Bình Định"
    },
    "timezone": "Asia/Ho_Chi_Minh"
  },
  {
    "parent": "VN",
    "ids": {
      "fips": "VM03",
      "geonames": 1587974,
      "iso_3166_2": "VN-50"
    },
    "long": {
      "default": "Bến Tre"
    },
    "timezone": "Asia/Ho_Chi_Minh"
  },
  {
    "parent": "VN",
    "ids": {
      "fips": "VM01",
      "geonames": 1594446,
      "iso_3166_2": "VN-44"
    },
    "long": {
      "default": "An Giang"
    },
    "timezone": "Asia/Ho_Chi_Minh"
  },
  {
    "parent": "VN",
    "ids": {
      "fips": "VM91",
      "geonames": 1904987,
      "iso_3166_2": "VN-72"
    },
    "long": {
      "default": "Ðắk Nông"
    },
    "timezone": "Asia/Ho_Chi_Minh"
  },
  {
    "parent": "VN",
    "ids": {
      "fips": "VM92",
      "geonames": 1905099,
      "iso_3166_2": "VN-71"
    },
    "long": {
      "default": "Ðiện Biên"
    },
    "timezone": "Asia/Ho_Chi_Minh"
  },
  {
    "parent": "VN",
    "ids": {
      "fips": "VM74",
      "geonames": 1905412,
      "iso_3166_2": "VN-56"
    },
    "long": {
      "default": "Bắc Ninh"
    },
    "timezone": "Asia/Ho_Chi_Minh"
  },
  {
    "parent": "VN",
    "ids": {
      "fips": "VM71",
      "geonames": 1905419,
      "iso_3166_2": "VN-54"
    },
    "long": {
      "default": "Bắc Giang"
    },
    "timezone": "Asia/Ho_Chi_Minh"
  },
  {
    "parent": "VN",
    "ids": {
      "fips": "VM78",
      "geonames": 1905468,
      "iso_3166_2": "VN-DN"
    },
    "long": {
      "default": "Đà Nẵng"
    },
    "timezone": "Asia/Ho_Chi_Minh"
  },
  {
    "parent": "VN",
    "ids": {
      "fips": "VM75",
      "geonames": 1905475,
      "iso_3166_2": "VN-57"
    },
    "long": {
      "default": "Bình Dương"
    },
    "timezone": "Asia/Ho_Chi_Minh"
  },
  {
    "parent": "VN",
    "ids": {
      "fips": "VM76",
      "geonames": 1905480,
      "iso_3166_2": "VN-58"
    },
    "long": {
      "default": "Bình Phước"
    },
    "timezone": "Asia/Ho_Chi_Minh"
  },
  {
    "parent": "VN",
    "ids": {
      "fips": "VM85",
      "geonames": 1905497,
      "iso_3166_2": "VN-69"
    },
    "long": {
      "default": "Thái Nguyên"
    },
    "timezone": "Asia/Ho_Chi_Minh"
  },
  {
    "parent": "VN",
    "ids": {
      "fips": "VM84",
      "geonames": 1905516,
      "iso_3166_2": "VN-27"
    },
    "long": {
      "default": "Quảng Nam"
    },
    "timezone": "Asia/Ho_Chi_Minh"
  },
  {
    "parent": "VN",
    "ids": {
      "fips": "VM83",
      "geonames": 1905577,
      "iso_3166_2": "VN-68"
    },
    "long": {
      "default": "Phú Thọ"
    },
    "timezone": "Asia/Ho_Chi_Minh"
  },
  {
    "parent": "VN",
    "ids": {
      "fips": "VM82",
      "geonames": 1905626,
      "iso_3166_2": "VN-67"
    },
    "long": {
      "default": "Nam Định"
    },
    "timezone": "Asia/Ho_Chi_Minh"
  },
  {
    "parent": "VN",
    "ids": {
      "fips": "VM80",
      "geonames": 1905637,
      "iso_3166_2": "VN-63"
    },
    "long": {
      "default": "Hà Nam"
    },
    "timezone": "Asia/Ho_Chi_Minh"
  },
  {
    "parent": "VN",
    "ids": {
      "fips": "VM72",
      "geonames": 1905669,
      "iso_3166_2": "VN-53"
    },
    "long": {
      "default": "Bắc Kạn"
    },
    "timezone": "Asia/Ho_Chi_Minh"
  },
  {
    "parent": "VN",
    "ids": {
      "fips": "VM73",
      "geonames": 1905675,
      "iso_3166_2": "VN-55"
    },
    "long": {
      "default": "Bạc Liêu"
    },
    "timezone": "Asia/Ho_Chi_Minh"
  },
  {
    "parent": "VN",
    "ids": {
      "fips": "VM77",
      "geonames": 1905678,
      "iso_3166_2": "VN-59"
    },
    "long": {
      "default": "Cà Mau"
    },
    "timezone": "Asia/Ho_Chi_Minh"
  },
  {
    "parent": "VN",
    "ids": {
      "fips": "VM79",
      "geonames": 1905686,
      "iso_3166_2": "VN-61"
    },
    "long": {
      "default": "Hải Dương"
    },
    "timezone": "Asia/Ho_Chi_Minh"
  },
  {
    "parent": "VN",
    "ids": {
      "fips": "VM81",
      "geonames": 1905699,
      "iso_3166_2": "VN-66"
    },
    "long": {
      "default": "Hưng Yên"
    },
    "timezone": "Asia/Ho_Chi_Minh"
  },
  {
    "parent": "VN",
    "ids": {
      "fips": "VM86",
      "geonames": 1905856,
      "iso_3166_2": "VN-70"
    },
    "long": {
      "default": "Vĩnh Phúc"
    },
    "timezone": "Asia/Ho_Chi_Minh"
  },
  {
    "parent": "VN",
    "ids": {
      "fips": "VM93",
      "geonames": 7506719,
      "iso_3166_2": "VN-73"
    },
    "long": {
      "default": "Hau Giang"
    },
    "timezone": "Asia/Ho_Chi_Minh"
  }
]
