[
    {
        "parent": "WF",
        "ids": {
            "fips": false,
            "geonames": 4034759,
            "iso_3166_2": "WF-UV"
        },
        "long": {
            "default": "Uvéa"
        },
        "timezone": "Pacific/Wallis"
    },
    {
        "parent": "WF",
        "ids": {
            "fips": false,
            "geonames": 4034776,
            "iso_3166_2": "WF-SG"
        },
        "long": {
            "default": "Sigavé"
        },
        "timezone": "Pacific/Wallis"
    },
    {
        "parent": "WF",
        "ids": {
            "fips": false,
            "geonames": 4034884,
            "iso_3166_2": "WF-AL"
        },
        "long": {
            "default": "'Alo"
        },
        "timezone": "Pacific/Wallis"
    }
]
