[
    {
        "parent": "WS",
        "ids": {
            "fips": "WS11",
            "geonames": 4034910,
            "iso_3166_2": "WS-VS"
        },
        "long": {
            "default": "Vaisigano"
        },
        "timezone": "Pacific/Apia"
    },
    {
        "parent": "WS",
        "ids": {
            "fips": "WS06",
            "geonames": 4034943,
            "iso_3166_2": "WS-VF"
        },
        "long": {
            "default": "Va‘a-o-Fonoti"
        },
        "timezone": "Pacific/Apia"
    },
    {
        "parent": "WS",
        "ids": {
            "fips": "WS10",
            "geonames": 4034977,
            "iso_3166_2": "WS-TU"
        },
        "long": {
            "default": "Tuamasaga"
        },
        "timezone": "Pacific/Apia"
    },
    {
        "parent": "WS",
        "ids": {
            "fips": "WS09",
            "geonames": 4035046,
            "iso_3166_2": "WS-SA"
        },
        "long": {
            "default": "Satupa‘itea"
        },
        "timezone": "Pacific/Apia"
    },
    {
        "parent": "WS",
        "ids": {
            "fips": "WS08",
            "geonames": 4035154,
            "iso_3166_2": "WS-PA"
        },
        "long": {
            "default": "Palauli"
        },
        "timezone": "Pacific/Apia"
    },
    {
        "parent": "WS",
        "ids": {
            "fips": "WS07",
            "geonames": 4035313,
            "iso_3166_2": "WS-GI"
        },
        "long": {
            "default": "Gagaifomauga"
        },
        "timezone": "Pacific/Apia"
    },
    {
        "parent": "WS",
        "ids": {
            "fips": "WS05",
            "geonames": 4035314,
            "iso_3166_2": "WS-GE"
        },
        "long": {
            "default": "Gaga‘emauga"
        },
        "timezone": "Pacific/Apia"
    },
    {
        "parent": "WS",
        "ids": {
            "fips": "WS04",
            "geonames": 4035383,
            "iso_3166_2": "WS-FA"
        },
        "long": {
            "default": "Fa‘asaleleaga"
        },
        "timezone": "Pacific/Apia"
    },
    {
        "parent": "WS",
        "ids": {
            "fips": "WS03",
            "geonames": 4035402,
            "iso_3166_2": "WS-AT"
        },
        "long": {
            "default": "Atua"
        },
        "timezone": "Pacific/Apia"
    },
    {
        "parent": "WS",
        "ids": {
            "fips": "WS02",
            "geonames": 4035425,
            "iso_3166_2": "WS-AL"
        },
        "long": {
            "default": "Aiga-i-le-Tai"
        },
        "timezone": "Pacific/Apia"
    },
    {
        "parent": "WS",
        "ids": {
            "fips": "WS01",
            "geonames": 4035434,
            "iso_3166_2": "WS-AA"
        },
        "long": {
            "default": "A'ana"
        },
        "timezone": "Pacific/Apia"
    }
]
