[
    {
        "parent": "YE",
        "ids": {
            "fips": "YM25",
            "geonames": 70222,
            "iso_3166_2": "YE-TA"
        },
        "long": {
            "default": "Ta‘izz"
        },
        "timezone": "Asia/Aden"
    },
    {
        "parent": "YE",
        "ids": {
            "fips": "YM05",
            "geonames": 70935,
            "iso_3166_2": "YE-SH"
        },
        "long": {
            "default": "Shabwah"
        },
        "timezone": "Asia/Aden"
    },
    {
        "parent": "YE",
        "ids": {
            "fips": "YM16",
            "geonames": 71132,
            "iso_3166_2": "YE-SN"
        },
        "long": {
            "default": "Sanaa"
        },
        "timezone": "Asia/Aden"
    },
    {
        "parent": "YE",
        "ids": {
            "fips": "YM15",
            "geonames": 71333,
            "iso_3166_2": "YE-SD"
        },
        "long": {
            "default": "Şa‘dah"
        },
        "timezone": "Asia/Aden"
    },
    {
        "parent": "YE",
        "ids": {
            "fips": "YM27",
            "geonames": 71532,
            "iso_3166_2": "YE-RA"
        },
        "long": {
            "default": "Raymah"
        },
        "timezone": "Asia/Aden"
    },
    {
        "parent": "YE",
        "ids": {
            "fips": "YM14",
            "geonames": 72966,
            "iso_3166_2": "YE-MA"
        },
        "long": {
            "default": "Ma’rib"
        },
        "timezone": "Asia/Aden"
    },
    {
        "parent": "YE",
        "ids": {
            "fips": "YM10",
            "geonames": 73200,
            "iso_3166_2": "YE-MW"
        },
        "long": {
            "default": "Al Maḩwīt"
        },
        "timezone": "Asia/Aden"
    },
    {
        "parent": "YE",
        "ids": {
            "fips": "YM21",
            "geonames": 74222,
            "iso_3166_2": "YE-JA"
        },
        "long": {
            "default": "Al Jawf"
        },
        "timezone": "Asia/Aden"
    },
    {
        "parent": "YE",
        "ids": {
            "fips": "YM04",
            "geonames": 75411,
            "iso_3166_2": "YE-HD"
        },
        "long": {
            "default": "Ḩaḑramawt"
        },
        "timezone": "Asia/Aden"
    },
    {
        "parent": "YE",
        "ids": {
            "fips": "YM11",
            "geonames": 76183,
            "iso_3166_2": "YE-DH"
        },
        "long": {
            "default": "Dhamār"
        },
        "timezone": "Asia/Aden"
    },
    {
        "parent": "YE",
        "ids": {
            "fips": "YM03",
            "geonames": 78985,
            "iso_3166_2": "YE-MR"
        },
        "long": {
            "default": "Al Mahrah"
        },
        "timezone": "Asia/Aden"
    },
    {
        "parent": "YE",
        "ids": {
            "fips": "YM08",
            "geonames": 79416,
            "iso_3166_2": "YE-HU"
        },
        "long": {
            "default": "Al Ḩudaydah"
        },
        "timezone": "Asia/Aden"
    },
    {
        "parent": "YE",
        "ids": {
            "fips": "YM20",
            "geonames": 79838,
            "iso_3166_2": "YE-BA"
        },
        "long": {
            "default": "Al Bayḑāʼ"
        },
        "timezone": "Asia/Aden"
    },
    {
        "parent": "YE",
        "ids": {
            "fips": "YM02",
            "geonames": 80412,
            "iso_3166_2": "YE-AD"
        },
        "long": {
            "default": "Adan"
        },
        "timezone": "Asia/Aden"
    },
    {
        "parent": "YE",
        "ids": {
            "fips": "YM01",
            "geonames": 80425,
            "iso_3166_2": "YE-AB"
        },
        "long": {
            "default": "Abyan"
        },
        "timezone": "Asia/Aden"
    },
    {
        "parent": "YE",
        "ids": {
            "fips": "YM18",
            "geonames": 6201193,
            "iso_3166_2": "YE-DA"
        },
        "long": {
            "default": "Aḑ Ḑāli‘"
        },
        "timezone": "Asia/Aden"
    },
    {
        "parent": "YE",
        "ids": {
            "fips": "YM19",
            "geonames": 6201194,
            "iso_3166_2": "YE-AM"
        },
        "long": {
            "default": "Amran"
        },
        "timezone": "Asia/Aden"
    },
    {
        "parent": "YE",
        "ids": {
            "fips": "YM22",
            "geonames": 6201195,
            "iso_3166_2": "YE-HJ"
        },
        "long": {
            "default": "Ḩajjah"
        },
        "timezone": "Asia/Aden"
    },
    {
        "parent": "YE",
        "ids": {
            "fips": "YM23",
            "geonames": 6201196,
            "iso_3166_2": "YE-IB"
        },
        "long": {
            "default": "Ibb"
        },
        "timezone": "Asia/Aden"
    },
    {
        "parent": "YE",
        "ids": {
            "fips": "YM24",
            "geonames": 6201197,
            "iso_3166_2": "YE-LA"
        },
        "long": {
            "default": "Laḩij"
        },
        "timezone": "Asia/Aden"
    },
    {
        "parent": "YE",
        "ids": {
            "fips": "YM26",
            "geonames": 6940571,
            "iso_3166_2": "YE-SA"
        },
        "long": {
            "default": "Amanat Al Asimah"
        },
        "timezone": "Asia/Aden"
    },
    {
        "parent": "YE",
        "ids": {
            "fips": "YM28",
            "geonames": 9645387,
            "iso_3166_2": "YE-SU"
        },
        "long": {
            "default": "Arkhabīl Suquţrá"
        },
        "timezone": "Asia/Aden"
    }
]
