[
    {
        "parent": "YT",
        "ids": {
            "fips": false,
            "geonames": 7521421,
            "iso_3166_2": false
        },
        "long": {
            "default": "Acoua"
        },
        "timezone": "Indian/Mayotte"
    },
    {
        "parent": "YT",
        "ids": {
            "fips": false,
            "geonames": 7521422,
            "iso_3166_2": false
        },
        "long": {
            "default": "Bandraboua"
        },
        "timezone": "Indian/Mayotte"
    },
    {
        "parent": "YT",
        "ids": {
            "fips": false,
            "geonames": 7521423,
            "iso_3166_2": false
        },
        "long": {
            "default": "Bandrele"
        },
        "timezone": "Indian/Mayotte"
    },
    {
        "parent": "YT",
        "ids": {
            "fips": false,
            "geonames": 7521424,
            "iso_3166_2": false
        },
        "long": {
            "default": "Bouéni"
        },
        "timezone": "Indian/Mayotte"
    },
    {
        "parent": "YT",
        "ids": {
            "fips": false,
            "geonames": 7521425,
            "iso_3166_2": false
        },
        "long": {
            "default": "Chiconi"
        },
        "timezone": "Indian/Mayotte"
    },
    {
        "parent": "YT",
        "ids": {
            "fips": false,
            "geonames": 7521426,
            "iso_3166_2": false
        },
        "long": {
            "default": "Chirongui"
        },
        "timezone": "Indian/Mayotte"
    },
    {
        "parent": "YT",
        "ids": {
            "fips": false,
            "geonames": 7521427,
            "iso_3166_2": false
        },
        "long": {
            "default": "Dembeni"
        },
        "timezone": "Indian/Mayotte"
    },
    {
        "parent": "YT",
        "ids": {
            "fips": false,
            "geonames": 7521428,
            "iso_3166_2": false
        },
        "long": {
            "default": "Dzaoudzi"
        },
        "timezone": "Indian/Mayotte"
    },
    {
        "parent": "YT",
        "ids": {
            "fips": false,
            "geonames": 7521429,
            "iso_3166_2": false
        },
        "long": {
            "default": "Kani-Kéli"
        },
        "timezone": "Indian/Mayotte"
    },
    {
        "parent": "YT",
        "ids": {
            "fips": false,
            "geonames": 7521430,
            "iso_3166_2": false
        },
        "long": {
            "default": "Koungou"
        },
        "timezone": "Indian/Mayotte"
    },
    {
        "parent": "YT",
        "ids": {
            "fips": false,
            "geonames": 7521431,
            "iso_3166_2": false
        },
        "long": {
            "default": "Mamoudzou"
        },
        "timezone": "Indian/Mayotte"
    },
    {
        "parent": "YT",
        "ids": {
            "fips": false,
            "geonames": 7521432,
            "iso_3166_2": false
        },
        "long": {
            "default": "Mtsamboro"
        },
        "timezone": "Indian/Mayotte"
    },
    {
        "parent": "YT",
        "ids": {
            "fips": false,
            "geonames": 7521433,
            "iso_3166_2": false
        },
        "long": {
            "default": "M'Tsangamouji"
        },
        "timezone": "Indian/Mayotte"
    },
    {
        "parent": "YT",
        "ids": {
            "fips": false,
            "geonames": 7521434,
            "iso_3166_2": false
        },
        "long": {
            "default": "Ouangani"
        },
        "timezone": "Indian/Mayotte"
    },
    {
        "parent": "YT",
        "ids": {
            "fips": false,
            "geonames": 7521435,
            "iso_3166_2": false
        },
        "long": {
            "default": "Pamandzi"
        },
        "timezone": "Indian/Mayotte"
    },
    {
        "parent": "YT",
        "ids": {
            "fips": false,
            "geonames": 7521436,
            "iso_3166_2": false
        },
        "long": {
            "default": "Sada"
        },
        "timezone": "Indian/Mayotte"
    },
    {
        "parent": "YT",
        "ids": {
            "fips": false,
            "geonames": 7521437,
            "iso_3166_2": false
        },
        "long": {
            "default": "Tsingoni"
        },
        "timezone": "Indian/Mayotte"
    }
]
