[
    {
        "parent": "ZA",
        "ids": {
            "fips": "SF03",
            "geonames": 967573,
            "iso_3166_2": "ZA-FS"
        },
        "long": {
            "default": "Free State"
        },
        "timezone": "Africa/Johannesburg"
    },
    {
        "parent": "ZA",
        "ids": {
            "fips": "SF02",
            "geonames": 972062,
            "iso_3166_2": "ZA-NL"
        },
        "long": {
            "default": "KwaZulu-Natal"
        },
        "timezone": "Africa/Johannesburg"
    },
    {
        "parent": "ZA",
        "ids": {
            "fips": "SF05",
            "geonames": 1085593,
            "iso_3166_2": "ZA-EC"
        },
        "long": {
            "default": "Eastern Cape"
        },
        "timezone": "Africa/Johannesburg"
    },
    {
        "parent": "ZA",
        "ids": {
            "fips": "SF06",
            "geonames": 1085594,
            "iso_3166_2": "ZA-GT"
        },
        "long": {
            "default": "Gauteng"
        },
        "timezone": "Africa/Johannesburg"
    },
    {
        "parent": "ZA",
        "ids": {
            "fips": "SF07",
            "geonames": 1085595,
            "iso_3166_2": "ZA-MP"
        },
        "long": {
            "default": "Mpumalanga"
        },
        "timezone": "Africa/Johannesburg"
    },
    {
        "parent": "ZA",
        "ids": {
            "fips": "SF08",
            "geonames": 1085596,
            "iso_3166_2": "ZA-NC"
        },
        "long": {
            "default": "Northern Cape"
        },
        "timezone": "Africa/Johannesburg"
    },
    {
        "parent": "ZA",
        "ids": {
            "fips": "SF09",
            "geonames": 1085597,
            "iso_3166_2": "ZA-LP"
        },
        "long": {
            "default": "Limpopo"
        },
        "timezone": "Africa/Johannesburg"
    },
    {
        "parent": "ZA",
        "ids": {
            "fips": "SF10",
            "geonames": 1085598,
            "iso_3166_2": "ZA-NW"
        },
        "long": {
            "default": "North-West"
        },
        "timezone": "Africa/Johannesburg"
    },
    {
        "parent": "ZA",
        "ids": {
            "fips": "SF11",
            "geonames": 1085599,
            "iso_3166_2": "ZA-WC"
        },
        "long": {
            "default": "Western Cape"
        },
        "timezone": "Africa/Johannesburg"
    }
]
