[
    {
        "parent": "ZM",
        "ids": {
            "fips": "ZA01",
            "geonames": 896140,
            "iso_3166_2": "ZM-01"
        },
        "long": {
            "default": "Western"
        },
        "timezone": "Africa/Lusaka"
    },
    {
        "parent": "ZM",
        "ids": {
            "fips": "ZA07",
            "geonames": 896972,
            "iso_3166_2": "ZM-07"
        },
        "long": {
            "default": "Southern"
        },
        "timezone": "Africa/Lusaka"
    },
    {
        "parent": "ZM",
        "ids": {
            "fips": "ZA06",
            "geonames": 900594,
            "iso_3166_2": "ZM-06"
        },
        "long": {
            "default": "North-Western"
        },
        "timezone": "Africa/Lusaka"
    },
    {
        "parent": "ZM",
        "ids": {
            "fips": "ZA05",
            "geonames": 900601,
            "iso_3166_2": "ZM-05"
        },
        "long": {
            "default": "Northern"
        },
        "timezone": "Africa/Lusaka"
    },
    {
        "parent": "ZM",
        "ids": {
            "fips": "ZA09",
            "geonames": 909129,
            "iso_3166_2": "ZM-09"
        },
        "long": {
            "default": "Lusaka"
        },
        "timezone": "Africa/Lusaka"
    },
    {
        "parent": "ZM",
        "ids": {
            "fips": "ZA04",
            "geonames": 909845,
            "iso_3166_2": "ZM-04"
        },
        "long": {
            "default": "Luapula"
        },
        "timezone": "Africa/Lusaka"
    },
    {
        "parent": "ZM",
        "ids": {
            "fips": "ZA03",
            "geonames": 917388,
            "iso_3166_2": "ZM-03"
        },
        "long": {
            "default": "Eastern"
        },
        "timezone": "Africa/Lusaka"
    },
    {
        "parent": "ZM",
        "ids": {
            "fips": "ZA08",
            "geonames": 917524,
            "iso_3166_2": "ZM-08"
        },
        "long": {
            "default": "Copperbelt"
        },
        "timezone": "Africa/Lusaka"
    },
    {
        "parent": "ZM",
        "ids": {
            "fips": "ZA02",
            "geonames": 921064,
            "iso_3166_2": "ZM-02"
        },
        "long": {
            "default": "Central"
        },
        "timezone": "Africa/Lusaka"
    },
    {
        "parent": "ZM",
        "ids": {
            "fips": false,
            "geonames": 11154503,
            "iso_3166_2": "ZM-10"
        },
        "long": {
            "default": "Muchinga"
        },
        "timezone": "Africa/Lusaka"
    }
]
