{
    "291074": {
        "ids": {
            "geonames": 291074
        },
        "long": {
            "default": "Ras al-Khaimah"
        },
        "parent": 291075,
        "lat": 25.78953,
        "lng": 55.9432,
        "country": "AE",
        "population": 115949
    },
    "292223": {
        "ids": {
            "geonames": 292223
        },
        "long": {
            "default": "Dubai"
        },
        "parent": 292224,
        "lat": 25.0657,
        "lng": 55.17128,
        "country": "AE",
        "population": 1137347
    },
    "292672": {
        "ids": {
            "geonames": 292672
        },
        "long": {
            "default": "Sharjah"
        },
        "parent": 292673,
        "lat": 25.33737,
        "lng": 55.41206,
        "country": "AE",
        "population": 543733
    },
    "292878": {
        "ids": {
            "geonames": 292878
        },
        "long": {
            "default": "Al Fujayrah"
        },
        "parent": 292879,
        "lat": 25.11641,
        "lng": 56.34141,
        "country": "AE",
        "population": 62415
    },
    "292913": {
        "ids": {
            "geonames": 292913
        },
        "long": {
            "default": "Al Ain"
        },
        "parent": 292969,
        "lat": 24.19167,
        "lng": 55.76056,
        "country": "AE",
        "population": 408733
    },
    "292932": {
        "ids": {
            "geonames": 292932
        },
        "long": {
            "default": "Ajman"
        },
        "parent": 292933,
        "lat": 25.41111,
        "lng": 55.43504,
        "country": "AE",
        "population": 226172
    },
    "292968": {
        "ids": {
            "geonames": 292968
        },
        "long": {
            "default": "Abu Dhabi"
        },
        "capital": true,
        "parent": 292969,
        "lat": 24.46667,
        "lng": 54.36667,
        "country": "AE",
        "population": 603492
    }
}