{
    "1123004": {
        "ids": {
            "geonames": 1123004
        },
        "long": {
            "default": "Taloqan"
        },
        "parent": 1123230,
        "lat": 36.73605,
        "lng": 69.53451,
        "country": "AF",
        "population": 64256
    },
    "1125444": {
        "ids": {
            "geonames": 1125444
        },
        "long": {
            "default": "Shibirghān"
        },
        "parent": 1139049,
        "lat": 36.66757,
        "lng": 65.7529,
        "country": "AF",
        "population": 55641
    },
    "1127110": {
        "ids": {
            "geonames": 1127110
        },
        "long": {
            "default": "Sar-e Pul"
        },
        "parent": 1127106,
        "lat": 36.21544,
        "lng": 65.93249,
        "country": "AF",
        "population": 52121
    },
    "1130490": {
        "ids": {
            "geonames": 1130490
        },
        "long": {
            "default": "Pul-e Khumrī"
        },
        "parent": 1147537,
        "lat": 35.94458,
        "lng": 68.71512,
        "country": "AF",
        "population": 56369
    },
    "1133453": {
        "ids": {
            "geonames": 1133453
        },
        "long": {
            "default": "Maymana"
        },
        "parent": 1142226,
        "lat": 35.92139,
        "lng": 64.78361,
        "country": "AF",
        "population": 75900
    },
    "1133616": {
        "ids": {
            "geonames": 1133616
        },
        "long": {
            "default": "Mazār-e Sharīf"
        },
        "parent": 1147288,
        "lat": 36.70904,
        "lng": 67.11087,
        "country": "AF",
        "population": 303282
    },
    "1135689": {
        "ids": {
            "geonames": 1135689
        },
        "long": {
            "default": "Kunduz"
        },
        "parent": 1135690,
        "lat": 36.72895,
        "lng": 68.857,
        "country": "AF",
        "population": 161902
    },
    "1136469": {
        "ids": {
            "geonames": 1136469
        },
        "long": {
            "default": "Khōst"
        },
        "parent": 1444362,
        "lat": 33.33951,
        "lng": 69.92041,
        "country": "AF",
        "population": 96123
    },
    "1136575": {
        "ids": {
            "geonames": 1136575
        },
        "long": {
            "default": "Khulm"
        },
        "parent": 1147288,
        "lat": 36.69736,
        "lng": 67.69826,
        "country": "AF",
        "population": 64933
    },
    "1137168": {
        "ids": {
            "geonames": 1137168
        },
        "long": {
            "default": "Khanabad"
        },
        "parent": 1135690,
        "lat": 36.6825,
        "lng": 69.11556,
        "country": "AF",
        "population": 71531
    },
    "1138336": {
        "ids": {
            "geonames": 1138336
        },
        "long": {
            "default": "Kandahār"
        },
        "parent": 1138335,
        "lat": 31.61332,
        "lng": 65.71013,
        "country": "AF",
        "population": 391190
    },
    "1138958": {
        "ids": {
            "geonames": 1138958
        },
        "long": {
            "default": "Kabul"
        },
        "capital": true,
        "parent": 1138957,
        "lat": 34.52813,
        "lng": 69.17233,
        "country": "AF",
        "population": 3043532
    },
    "1139715": {
        "ids": {
            "geonames": 1139715
        },
        "long": {
            "default": "Jalālābād"
        },
        "parent": 1132366,
        "lat": 34.42647,
        "lng": 70.45153,
        "country": "AF",
        "population": 200331
    },
    "1140026": {
        "ids": {
            "geonames": 1140026
        },
        "long": {
            "default": "Herāt"
        },
        "parent": 1140025,
        "lat": 34.34817,
        "lng": 62.19967,
        "country": "AF",
        "population": 272806
    },
    "1141269": {
        "ids": {
            "geonames": 1141269
        },
        "long": {
            "default": "Ghazni"
        },
        "parent": 1141268,
        "lat": 33.55391,
        "lng": 68.42096,
        "country": "AF",
        "population": 141000
    },
    "1141857": {
        "ids": {
            "geonames": 1141857
        },
        "long": {
            "default": "Gardēz"
        },
        "parent": 1131257,
        "lat": 33.59744,
        "lng": 69.22592,
        "country": "AF",
        "population": 103601
    },
    "1145352": {
        "ids": {
            "geonames": 1145352
        },
        "long": {
            "default": "Charikar"
        },
        "parent": 1131054,
        "lat": 35.01361,
        "lng": 69.17139,
        "country": "AF",
        "population": 53676
    },
    "1147242": {
        "ids": {
            "geonames": 1147242
        },
        "long": {
            "default": "Bāmyān"
        },
        "parent": 1147239,
        "lat": 34.82156,
        "lng": 67.82734,
        "country": "AF",
        "population": 61863
    },
    "1147290": {
        "ids": {
            "geonames": 1147290
        },
        "long": {
            "default": "Balkh"
        },
        "parent": 1147288,
        "lat": 36.75635,
        "lng": 66.8972,
        "country": "AF",
        "population": 114883
    },
    "1147540": {
        "ids": {
            "geonames": 1147540
        },
        "long": {
            "default": "Baghlān"
        },
        "parent": 1147537,
        "lat": 36.13068,
        "lng": 68.70829,
        "country": "AF",
        "population": 108449
    },
    "1429434": {
        "ids": {
            "geonames": 1429434
        },
        "long": {
            "default": "Bāzārak"
        },
        "parent": 6957555,
        "lat": 35.31292,
        "lng": 69.51519,
        "country": "AF",
        "population": 65000
    }
}