{
    "782756": {
        "ids": {
            "geonames": 782756
        },
        "long": {
            "default": "Korçë"
        },
        "parent": 865734,
        "lat": 40.61861,
        "lng": 20.78083,
        "country": "AL",
        "population": 58259
    },
    "783263": {
        "ids": {
            "geonames": 783263
        },
        "long": {
            "default": "Elbasan"
        },
        "parent": 865732,
        "lat": 41.1125,
        "lng": 20.08222,
        "country": "AL",
        "population": 100903
    },
    "3183719": {
        "ids": {
            "geonames": 3183719
        },
        "long": {
            "default": "Vlorë"
        },
        "parent": 3344952,
        "lat": 40.46667,
        "lng": 19.48972,
        "country": "AL",
        "population": 89546
    },
    "3183875": {
        "ids": {
            "geonames": 3183875
        },
        "long": {
            "default": "Tirana"
        },
        "capital": true,
        "parent": 3344951,
        "lat": 41.3275,
        "lng": 19.81889,
        "country": "AL",
        "population": 374801
    },
    "3184081": {
        "ids": {
            "geonames": 3184081
        },
        "long": {
            "default": "Shkodër"
        },
        "parent": 3344950,
        "lat": 42.06828,
        "lng": 19.51258,
        "country": "AL",
        "population": 88245
    },
    "3185670": {
        "ids": {
            "geonames": 3185670
        },
        "long": {
            "default": "Fier-Çifçi"
        },
        "parent": 3344948,
        "lat": 40.71667,
        "lng": 19.56667,
        "country": "AL",
        "population": 60995
    },
    "3185672": {
        "ids": {
            "geonames": 3185672
        },
        "long": {
            "default": "Fier"
        },
        "parent": 3344948,
        "lat": 40.72389,
        "lng": 19.55611,
        "country": "AL",
        "population": 56297
    },
    "3185728": {
        "ids": {
            "geonames": 3185728
        },
        "long": {
            "default": "Durrës"
        },
        "parent": 3344947,
        "lat": 41.32306,
        "lng": 19.44139,
        "country": "AL",
        "population": 122034
    }
}