{
    "616052": {
        "ids": {
            "geonames": 616052
        },
        "long": {
            "default": "Yerevan"
        },
        "capital": true,
        "parent": 616051,
        "lat": 40.18111,
        "lng": 44.51361,
        "country": "AM",
        "population": 1093485
    },
    "616530": {
        "ids": {
            "geonames": 616530
        },
        "long": {
            "default": "Vanadzor"
        },
        "parent": 828263,
        "lat": 40.80456,
        "lng": 44.4939,
        "country": "AM",
        "population": 101098
    },
    "616635": {
        "ids": {
            "geonames": 616635
        },
        "long": {
            "default": "Gyumri"
        },
        "parent": 828264,
        "lat": 40.7942,
        "lng": 43.84528,
        "country": "AM",
        "population": 148381
    }
}