{
    "2236568": {
        "ids": {
            "geonames": 2236568
        },
        "long": {
            "default": "Uíge"
        },
        "parent": 2236566,
        "lat": -7.60874,
        "lng": 15.06131,
        "country": "AO",
        "population": 60008
    },
    "2236967": {
        "ids": {
            "geonames": 2236967
        },
        "long": {
            "default": "Soio"
        },
        "parent": 2236355,
        "lat": -6.1349,
        "lng": 12.36894,
        "country": "AO",
        "population": 67491
    },
    "2239076": {
        "ids": {
            "geonames": 2239076
        },
        "long": {
            "default": "N’dalatando"
        },
        "parent": 2241660,
        "lat": -9.29782,
        "lng": 14.91162,
        "country": "AO",
        "population": 383100
    },
    "2239862": {
        "ids": {
            "geonames": 2239862
        },
        "long": {
            "default": "Malanje"
        },
        "parent": 2239858,
        "lat": -9.54015,
        "lng": 16.34096,
        "country": "AO",
        "population": 87046
    },
    "2240449": {
        "ids": {
            "geonames": 2240449
        },
        "long": {
            "default": "Luanda"
        },
        "parent": 2240444,
        "lat": -8.83682,
        "lng": 13.23432,
        "country": "AO",
        "population": 2776168
    },
    "2243271": {
        "ids": {
            "geonames": 2243271
        },
        "long": {
            "default": "Cabinda"
        },
        "parent": 2243266,
        "lat": -5.55,
        "lng": 12.2,
        "country": "AO",
        "population": 66020
    },
    "3347019": {
        "ids": {
            "geonames": 3347019
        },
        "long": {
            "default": "Namibe"
        },
        "parent": 3347016,
        "lat": -15.19611,
        "lng": 12.15222,
        "country": "AO",
        "population": 80149
    },
    "3347762": {
        "ids": {
            "geonames": 3347762
        },
        "long": {
            "default": "Lubango"
        },
        "parent": 3348303,
        "lat": -14.91717,
        "lng": 13.4925,
        "country": "AO",
        "population": 102541
    },
    "3347939": {
        "ids": {
            "geonames": 3347939
        },
        "long": {
            "default": "Lobito"
        },
        "parent": 3351660,
        "lat": -12.3644,
        "lng": 13.53601,
        "country": "AO",
        "population": 207932
    },
    "3348078": {
        "ids": {
            "geonames": 3348078
        },
        "long": {
            "default": "Cuito"
        },
        "parent": 3351640,
        "lat": -12.38333,
        "lng": 16.93333,
        "country": "AO",
        "population": 113624
    },
    "3348313": {
        "ids": {
            "geonames": 3348313
        },
        "long": {
            "default": "Huambo"
        },
        "parent": 3348310,
        "lat": -12.77611,
        "lng": 15.73917,
        "country": "AO",
        "population": 226145
    },
    "3351663": {
        "ids": {
            "geonames": 3351663
        },
        "long": {
            "default": "Benguela"
        },
        "parent": 3351660,
        "lat": -12.57626,
        "lng": 13.40547,
        "country": "AO",
        "population": 151226
    }
}