{
    "3427213": {
        "ids": {
            "geonames": 3427213
        },
        "long": {
            "default": "Zárate"
        },
        "parent": 3435907,
        "lat": -34.09814,
        "lng": -59.02858,
        "country": "AR",
        "population": 88781
    },
    "3427408": {
        "ids": {
            "geonames": 3427408
        },
        "long": {
            "default": "Villa Lugano"
        },
        "parent": 3433955,
        "lat": -34.67907,
        "lng": -58.47263,
        "country": "AR",
        "population": 114000
    },
    "3427833": {
        "ids": {
            "geonames": 3427833
        },
        "long": {
            "default": "Tandil"
        },
        "parent": 3435907,
        "lat": -37.32167,
        "lng": -59.13316,
        "country": "AR",
        "population": 104325
    },
    "3429577": {
        "ids": {
            "geonames": 3429577
        },
        "long": {
            "default": "Resistencia"
        },
        "parent": 3861887,
        "lat": -27.46056,
        "lng": -58.98389,
        "country": "AR",
        "population": 387158
    },
    "3429594": {
        "ids": {
            "geonames": 3429594
        },
        "long": {
            "default": "Reconquista"
        },
        "parent": 3836276,
        "lat": -29.15,
        "lng": -59.65,
        "country": "AR",
        "population": 90184
    },
    "3429652": {
        "ids": {
            "geonames": 3429652
        },
        "long": {
            "default": "Quilmes"
        },
        "parent": 3435907,
        "lat": -34.72418,
        "lng": -58.25265,
        "country": "AR",
        "population": 518788
    },
    "3429790": {
        "ids": {
            "geonames": 3429790
        },
        "long": {
            "default": "Puerto Eldorado"
        },
        "parent": 3430657,
        "lat": -26.40843,
        "lng": -54.69463,
        "country": "AR",
        "population": 54189
    },
    "3429886": {
        "ids": {
            "geonames": 3429886
        },
        "long": {
            "default": "Posadas"
        },
        "parent": 3430657,
        "lat": -27.36708,
        "lng": -55.89608,
        "country": "AR",
        "population": 323739
    },
    "3430340": {
        "ids": {
            "geonames": 3430340
        },
        "long": {
            "default": "Oberá"
        },
        "parent": 3430657,
        "lat": -27.48706,
        "lng": -55.11994,
        "country": "AR",
        "population": 56528
    },
    "3430443": {
        "ids": {
            "geonames": 3430443
        },
        "long": {
            "default": "Necochea"
        },
        "parent": 3435907,
        "lat": -38.5545,
        "lng": -58.73961,
        "country": "AR",
        "population": 80478
    },
    "3430545": {
        "ids": {
            "geonames": 3430545
        },
        "long": {
            "default": "Morón"
        },
        "parent": 3435907,
        "lat": -34.65344,
        "lng": -58.61975,
        "country": "AR",
        "population": 319934
    },
    "3430708": {
        "ids": {
            "geonames": 3430708
        },
        "long": {
            "default": "Mercedes"
        },
        "parent": 3435907,
        "lat": -34.65145,
        "lng": -59.43068,
        "country": "AR",
        "population": 52949
    },
    "3430863": {
        "ids": {
            "geonames": 3430863
        },
        "long": {
            "default": "Mar del Plata"
        },
        "parent": 3435907,
        "lat": -38.00228,
        "lng": -57.55754,
        "country": "AR",
        "population": 553935
    },
    "3430988": {
        "ids": {
            "geonames": 3430988
        },
        "long": {
            "default": "Luján"
        },
        "parent": 3435907,
        "lat": -34.57028,
        "lng": -59.105,
        "country": "AR",
        "population": 81749
    },
    "3432043": {
        "ids": {
            "geonames": 3432043
        },
        "long": {
            "default": "La Plata"
        },
        "parent": 3435907,
        "lat": -34.92145,
        "lng": -57.95453,
        "country": "AR",
        "population": 694167
    },
    "3433658": {
        "ids": {
            "geonames": 3433658
        },
        "long": {
            "default": "Gualeguaychú"
        },
        "parent": 3434137,
        "lat": -33.00937,
        "lng": -58.51722,
        "country": "AR",
        "population": 78676
    },
    "3433715": {
        "ids": {
            "geonames": 3433715
        },
        "long": {
            "default": "Goya"
        },
        "parent": 3435214,
        "lat": -29.14395,
        "lng": -59.2651,
        "country": "AR",
        "population": 70245
    },
    "3433899": {
        "ids": {
            "geonames": 3433899
        },
        "long": {
            "default": "Formosa"
        },
        "parent": 3433896,
        "lat": -26.17753,
        "lng": -58.17814,
        "country": "AR",
        "population": 221383
    },
    "3435217": {
        "ids": {
            "geonames": 3435217
        },
        "long": {
            "default": "Corrientes"
        },
        "parent": 3435214,
        "lat": -27.4806,
        "lng": -58.8341,
        "country": "AR",
        "population": 339067
    },
    "3435261": {
        "ids": {
            "geonames": 3435261
        },
        "long": {
            "default": "Concordia"
        },
        "parent": 3434137,
        "lat": -31.39296,
        "lng": -58.02089,
        "country": "AR",
        "population": 145210
    },
    "3435264": {
        "ids": {
            "geonames": 3435264
        },
        "long": {
            "default": "Concepción del Uruguay"
        },
        "parent": 3434137,
        "lat": -32.48249,
        "lng": -58.23722,
        "country": "AR",
        "population": 67895
    },
    "3435356": {
        "ids": {
            "geonames": 3435356
        },
        "long": {
            "default": "Colegiales"
        },
        "parent": 3433955,
        "lat": -34.57365,
        "lng": -58.44924,
        "country": "AR",
        "population": 57000
    },
    "3435810": {
        "ids": {
            "geonames": 3435810
        },
        "long": {
            "default": "Campana"
        },
        "parent": 3435907,
        "lat": -34.16874,
        "lng": -58.95914,
        "country": "AR",
        "population": 81612
    },
    "3435910": {
        "ids": {
            "geonames": 3435910
        },
        "long": {
            "default": "Buenos Aires"
        },
        "parent": 3433955,
        "lat": -34.61315,
        "lng": -58.37723,
        "country": "AR",
        "population": 13076300
    },
    "3436124": {
        "ids": {
            "geonames": 3436124
        },
        "long": {
            "default": "Barranqueras"
        },
        "parent": 3861887,
        "lat": -27.48132,
        "lng": -58.93925,
        "country": "AR",
        "population": 50823
    },
    "3436199": {
        "ids": {
            "geonames": 3436199
        },
        "long": {
            "default": "Azul"
        },
        "parent": 3435907,
        "lat": -36.77698,
        "lng": -59.85854,
        "country": "AR",
        "population": 53941
    },
    "3832260": {
        "ids": {
            "geonames": 3832260
        },
        "long": {
            "default": "Yerba Buena"
        },
        "parent": 3833578,
        "lat": -26.81667,
        "lng": -65.31667,
        "country": "AR",
        "population": 50783
    },
    "3832694": {
        "ids": {
            "geonames": 3832694
        },
        "long": {
            "default": "Villa María"
        },
        "parent": 3860255,
        "lat": -32.40751,
        "lng": -63.24016,
        "country": "AR",
        "population": 92453
    },
    "3832791": {
        "ids": {
            "geonames": 3832791
        },
        "long": {
            "default": "Villa Carlos Paz"
        },
        "parent": 3860255,
        "lat": -31.42414,
        "lng": -64.49778,
        "country": "AR",
        "population": 69451
    },
    "3833062": {
        "ids": {
            "geonames": 3833062
        },
        "long": {
            "default": "Venado Tuerto"
        },
        "parent": 3836276,
        "lat": -33.74556,
        "lng": -61.96885,
        "country": "AR",
        "population": 72340
    },
    "3833367": {
        "ids": {
            "geonames": 3833367
        },
        "long": {
            "default": "Ushuaia"
        },
        "parent": 3834450,
        "lat": -54.8,
        "lng": -68.3,
        "country": "AR",
        "population": 58028
    },
    "3833883": {
        "ids": {
            "geonames": 3833883
        },
        "long": {
            "default": "Trelew"
        },
        "parent": 3861244,
        "lat": -43.24895,
        "lng": -65.30505,
        "country": "AR",
        "population": 93442
    },
    "3834601": {
        "ids": {
            "geonames": 3834601
        },
        "long": {
            "default": "Tartagal"
        },
        "parent": 3838231,
        "lat": -22.51637,
        "lng": -63.80131,
        "country": "AR",
        "population": 60819
    },
    "3835793": {
        "ids": {
            "geonames": 3835793
        },
        "long": {
            "default": "Santo Tomé"
        },
        "parent": 3836276,
        "lat": -31.66274,
        "lng": -60.7653,
        "country": "AR",
        "population": 59072
    },
    "3835869": {
        "ids": {
            "geonames": 3835869
        },
        "long": {
            "default": "Santiago del Estero"
        },
        "parent": 3835868,
        "lat": -27.79511,
        "lng": -64.26149,
        "country": "AR",
        "population": 354692
    },
    "3835994": {
        "ids": {
            "geonames": 3835994
        },
        "long": {
            "default": "Santa Rosa"
        },
        "parent": 3849574,
        "lat": -36.61667,
        "lng": -64.28333,
        "country": "AR",
        "population": 111424
    },
    "3836277": {
        "ids": {
            "geonames": 3836277
        },
        "long": {
            "default": "Santa Fe de la Vera Cruz"
        },
        "parent": 3836276,
        "lat": -31.63333,
        "lng": -60.7,
        "country": "AR",
        "population": 489505
    },
    "3836564": {
        "ids": {
            "geonames": 3836564
        },
        "long": {
            "default": "San Salvador de Jujuy"
        },
        "parent": 3853404,
        "lat": -24.19457,
        "lng": -65.29712,
        "country": "AR",
        "population": 305891
    },
    "3836620": {
        "ids": {
            "geonames": 3836620
        },
        "long": {
            "default": "San Ramón de la Nueva Orán"
        },
        "parent": 3838231,
        "lat": -23.13705,
        "lng": -64.32426,
        "country": "AR",
        "population": 74059
    },
    "3836669": {
        "ids": {
            "geonames": 3836669
        },
        "long": {
            "default": "San Rafael"
        },
        "parent": 3844419,
        "lat": -34.61772,
        "lng": -68.33007,
        "country": "AR",
        "population": 109163
    },
    "3836772": {
        "ids": {
            "geonames": 3836772
        },
        "long": {
            "default": "San Pedro"
        },
        "parent": 3853404,
        "lat": -24.23127,
        "lng": -64.86614,
        "country": "AR",
        "population": 58430
    },
    "3836846": {
        "ids": {
            "geonames": 3836846
        },
        "long": {
            "default": "San Nicolás de los Arroyos"
        },
        "parent": 3435907,
        "lat": -33.33578,
        "lng": -60.22523,
        "country": "AR",
        "population": 127742
    },
    "3836873": {
        "ids": {
            "geonames": 3836873
        },
        "long": {
            "default": "San Miguel de Tucumán"
        },
        "parent": 3833578,
        "lat": -26.82414,
        "lng": -65.2226,
        "country": "AR",
        "population": 781023
    },
    "3836992": {
        "ids": {
            "geonames": 3836992
        },
        "long": {
            "default": "San Martín"
        },
        "parent": 3844419,
        "lat": -33.08103,
        "lng": -68.46814,
        "country": "AR",
        "population": 82549
    },
    "3837056": {
        "ids": {
            "geonames": 3837056
        },
        "long": {
            "default": "San Luis"
        },
        "parent": 3837029,
        "lat": -33.29501,
        "lng": -66.33563,
        "country": "AR",
        "population": 183982
    },
    "3837213": {
        "ids": {
            "geonames": 3837213
        },
        "long": {
            "default": "San Juan"
        },
        "parent": 3837152,
        "lat": -31.5375,
        "lng": -68.53639,
        "country": "AR",
        "population": 447048
    },
    "3837675": {
        "ids": {
            "geonames": 3837675
        },
        "long": {
            "default": "San Francisco"
        },
        "parent": 3860255,
        "lat": -31.42797,
        "lng": -62.08266,
        "country": "AR",
        "population": 59062
    },
    "3837702": {
        "ids": {
            "geonames": 3837702
        },
        "long": {
            "default": "San Fernando del Valle de Catamarca"
        },
        "parent": 3862286,
        "lat": -28.46957,
        "lng": -65.78524,
        "country": "AR",
        "population": 188812
    },
    "3838233": {
        "ids": {
            "geonames": 3838233
        },
        "long": {
            "default": "Salta"
        },
        "parent": 3838231,
        "lat": -24.7859,
        "lng": -65.41166,
        "country": "AR",
        "population": 512686
    },
    "3838583": {
        "ids": {
            "geonames": 3838583
        },
        "long": {
            "default": "Rosario"
        },
        "parent": 3836276,
        "lat": -32.94682,
        "lng": -60.63932,
        "country": "AR",
        "population": 1173533
    },
    "3838793": {
        "ids": {
            "geonames": 3838793
        },
        "long": {
            "default": "Río Tercero"
        },
        "parent": 3860255,
        "lat": -32.17301,
        "lng": -64.11405,
        "country": "AR",
        "population": 53389
    },
    "3838859": {
        "ids": {
            "geonames": 3838859
        },
        "long": {
            "default": "Río Gallegos"
        },
        "parent": 3836350,
        "lat": -51.62261,
        "lng": -69.21813,
        "country": "AR",
        "population": 85700
    },
    "3838874": {
        "ids": {
            "geonames": 3838874
        },
        "long": {
            "default": "Río Cuarto"
        },
        "parent": 3860255,
        "lat": -33.13067,
        "lng": -64.34992,
        "country": "AR",
        "population": 153757
    },
    "3839479": {
        "ids": {
            "geonames": 3839479
        },
        "long": {
            "default": "Rafaela"
        },
        "parent": 3836276,
        "lat": -31.25033,
        "lng": -61.4867,
        "country": "AR",
        "population": 88713
    },
    "3839982": {
        "ids": {
            "geonames": 3839982
        },
        "long": {
            "default": "Punta Alta"
        },
        "parent": 3435907,
        "lat": -38.87588,
        "lng": -62.07359,
        "country": "AR",
        "population": 57209
    },
    "3840092": {
        "ids": {
            "geonames": 3840092
        },
        "long": {
            "default": "Puerto Madryn"
        },
        "parent": 3861244,
        "lat": -42.7692,
        "lng": -65.03851,
        "country": "AR",
        "population": 64555
    },
    "3840300": {
        "ids": {
            "geonames": 3840300
        },
        "long": {
            "default": "Presidencia Roque Sáenz Peña"
        },
        "parent": 3861887,
        "lat": -26.78522,
        "lng": -60.43876,
        "country": "AR",
        "population": 81879
    },
    "3841490": {
        "ids": {
            "geonames": 3841490
        },
        "long": {
            "default": "Pergamino"
        },
        "parent": 3435907,
        "lat": -33.88995,
        "lng": -60.57357,
        "country": "AR",
        "population": 87652
    },
    "3841956": {
        "ids": {
            "geonames": 3841956
        },
        "long": {
            "default": "Paraná"
        },
        "parent": 3434137,
        "lat": -31.73197,
        "lng": -60.5238,
        "country": "AR",
        "population": 262295
    },
    "3842670": {
        "ids": {
            "geonames": 3842670
        },
        "long": {
            "default": "Olavarría"
        },
        "parent": 3435907,
        "lat": -36.89272,
        "lng": -60.32254,
        "country": "AR",
        "population": 86320
    },
    "3843123": {
        "ids": {
            "geonames": 3843123
        },
        "long": {
            "default": "Neuquén"
        },
        "parent": 3843122,
        "lat": -38.95161,
        "lng": -68.0591,
        "country": "AR",
        "population": 242092
    },
    "3844421": {
        "ids": {
            "geonames": 3844421
        },
        "long": {
            "default": "Mendoza"
        },
        "parent": 3844419,
        "lat": -32.89084,
        "lng": -68.82717,
        "country": "AR",
        "population": 876884
    },
    "3848950": {
        "ids": {
            "geonames": 3848950
        },
        "long": {
            "default": "La Rioja"
        },
        "parent": 3848949,
        "lat": -29.41105,
        "lng": -66.85067,
        "country": "AR",
        "population": 162620
    },
    "3853354": {
        "ids": {
            "geonames": 3853354
        },
        "long": {
            "default": "Junín"
        },
        "parent": 3435907,
        "lat": -34.58382,
        "lng": -60.94332,
        "country": "AR",
        "population": 85007
    },
    "3854985": {
        "ids": {
            "geonames": 3854985
        },
        "long": {
            "default": "Gobernador Gálvez"
        },
        "parent": 3836276,
        "lat": -33.03016,
        "lng": -60.64045,
        "country": "AR",
        "population": 74650
    },
    "3855065": {
        "ids": {
            "geonames": 3855065
        },
        "long": {
            "default": "General Roca"
        },
        "parent": 3838830,
        "lat": -39.03333,
        "lng": -67.58333,
        "country": "AR",
        "population": 73212
    },
    "3855075": {
        "ids": {
            "geonames": 3855075
        },
        "long": {
            "default": "General Pico"
        },
        "parent": 3849574,
        "lat": -35.65662,
        "lng": -63.75682,
        "country": "AR",
        "population": 57029
    },
    "3860259": {
        "ids": {
            "geonames": 3860259
        },
        "long": {
            "default": "Córdoba"
        },
        "parent": 3860255,
        "lat": -31.4135,
        "lng": -64.18105,
        "country": "AR",
        "population": 1428214
    },
    "3860443": {
        "ids": {
            "geonames": 3860443
        },
        "long": {
            "default": "Comodoro Rivadavia"
        },
        "parent": 3861244,
        "lat": -45.86413,
        "lng": -67.49656,
        "country": "AR",
        "population": 140850
    },
    "3861056": {
        "ids": {
            "geonames": 3861056
        },
        "long": {
            "default": "Cipolletti"
        },
        "parent": 3838830,
        "lat": -38.93392,
        "lng": -67.99032,
        "country": "AR",
        "population": 75078
    },
    "3861344": {
        "ids": {
            "geonames": 3861344
        },
        "long": {
            "default": "Chivilcoy"
        },
        "parent": 3435907,
        "lat": -34.89566,
        "lng": -60.01667,
        "country": "AR",
        "population": 54514
    },
    "3861416": {
        "ids": {
            "geonames": 3861416
        },
        "long": {
            "default": "Chimbas"
        },
        "parent": 3837152,
        "lat": -31.48333,
        "lng": -68.53333,
        "country": "AR",
        "population": 73829
    },
    "3865086": {
        "ids": {
            "geonames": 3865086
        },
        "long": {
            "default": "Bahía Blanca"
        },
        "parent": 3435907,
        "lat": -38.71959,
        "lng": -62.27243,
        "country": "AR",
        "population": 276546
    },
    "7116866": {
        "ids": {
            "geonames": 7116866
        },
        "long": {
            "default": "Villa Mercedes"
        },
        "parent": 3837029,
        "lat": -33.67571,
        "lng": -65.45783,
        "country": "AR",
        "population": 96781
    },
    "7647007": {
        "ids": {
            "geonames": 7647007
        },
        "long": {
            "default": "San Carlos de Bariloche"
        },
        "parent": 3838830,
        "lat": -41.14557,
        "lng": -71.30822,
        "country": "AR",
        "population": 95394
    }
}