{
    "2761369": {
        "ids": {
            "geonames": 2761369
        },
        "long": {
            "default": "Vienna"
        },
        "parent": 2761367,
        "lat": 48.20849,
        "lng": 16.37208,
        "country": "AT",
        "population": 1691468
    },
    "2761524": {
        "ids": {
            "geonames": 2761524
        },
        "long": {
            "default": "Wels"
        },
        "parent": 2769848,
        "lat": 48.16667,
        "lng": 14.03333,
        "country": "AT",
        "population": 57946
    },
    "2762372": {
        "ids": {
            "geonames": 2762372
        },
        "long": {
            "default": "Villach"
        },
        "parent": 2774686,
        "lat": 46.61028,
        "lng": 13.85583,
        "country": "AT",
        "population": 58882
    },
    "2766824": {
        "ids": {
            "geonames": 2766824
        },
        "long": {
            "default": "Salzburg"
        },
        "parent": 2766823,
        "lat": 47.79941,
        "lng": 13.04399,
        "country": "AT",
        "population": 150269
    },
    "2772400": {
        "ids": {
            "geonames": 2772400
        },
        "long": {
            "default": "Linz"
        },
        "parent": 2769848,
        "lat": 48.30639,
        "lng": 14.28611,
        "country": "AT",
        "population": 181162
    },
    "2774326": {
        "ids": {
            "geonames": 2774326
        },
        "long": {
            "default": "Klagenfurt am Wörthersee"
        },
        "parent": 2774686,
        "lat": 46.62472,
        "lng": 14.30528,
        "country": "AT",
        "population": 90610
    },
    "2775220": {
        "ids": {
            "geonames": 2775220
        },
        "long": {
            "default": "Innsbruck"
        },
        "parent": 2763586,
        "lat": 47.26266,
        "lng": 11.39454,
        "country": "AT",
        "population": 112467
    },
    "2778067": {
        "ids": {
            "geonames": 2778067
        },
        "long": {
            "default": "Graz"
        },
        "parent": 2764581,
        "lat": 47.06667,
        "lng": 15.45,
        "country": "AT",
        "population": 222326
    }
}