{
    "2062338": {
        "ids": {
            "geonames": 2062338
        },
        "long": {
            "default": "Rockingham"
        },
        "parent": 2058645,
        "lat": -32.27682,
        "lng": 115.72978,
        "country": "AU",
        "population": 108022
    },
    "2063523": {
        "ids": {
            "geonames": 2063523
        },
        "long": {
            "default": "Perth"
        },
        "parent": 2058645,
        "lat": -31.95224,
        "lng": 115.8614,
        "country": "AU",
        "population": 1896548
    },
    "2067119": {
        "ids": {
            "geonames": 2067119
        },
        "long": {
            "default": "Mandurah"
        },
        "parent": 2058645,
        "lat": -32.5269,
        "lng": 115.7217,
        "country": "AU",
        "population": 83294
    },
    "2073124": {
        "ids": {
            "geonames": 2073124
        },
        "long": {
            "default": "Darwin"
        },
        "parent": 2064513,
        "lat": -12.46113,
        "lng": 130.84185,
        "country": "AU",
        "population": 129062
    },
    "2075432": {
        "ids": {
            "geonames": 2075432
        },
        "long": {
            "default": "Bunbury"
        },
        "parent": 2058645,
        "lat": -33.32711,
        "lng": 115.64137,
        "country": "AU",
        "population": 68248
    },
    "2077579": {
        "ids": {
            "geonames": 2077579
        },
        "long": {
            "default": "Armadale"
        },
        "parent": 2058645,
        "lat": -32.14607,
        "lng": 116.0093,
        "country": "AU",
        "population": 62296
    },
    "2078025": {
        "ids": {
            "geonames": 2078025
        },
        "long": {
            "default": "Adelaide"
        },
        "parent": 2061327,
        "lat": -34.92866,
        "lng": 138.59863,
        "country": "AU",
        "population": 1225235
    },
    "2146142": {
        "ids": {
            "geonames": 2146142
        },
        "long": {
            "default": "Townsville"
        },
        "parent": 2152274,
        "lat": -19.26639,
        "lng": 146.80569,
        "country": "AU",
        "population": 196219
    },
    "2146268": {
        "ids": {
            "geonames": 2146268
        },
        "long": {
            "default": "Toowoomba"
        },
        "parent": 2152274,
        "lat": -27.56056,
        "lng": 151.95386,
        "country": "AU",
        "population": 131258
    },
    "2147714": {
        "ids": {
            "geonames": 2147714
        },
        "long": {
            "default": "Sydney"
        },
        "parent": 2155400,
        "lat": -33.86785,
        "lng": 151.20732,
        "country": "AU",
        "population": 4627345
    },
    "2151437": {
        "ids": {
            "geonames": 2151437
        },
        "long": {
            "default": "Rockhampton"
        },
        "parent": 2152274,
        "lat": -23.38032,
        "lng": 150.50595,
        "country": "AU",
        "population": 61724
    },
    "2155472": {
        "ids": {
            "geonames": 2155472
        },
        "long": {
            "default": "Newcastle"
        },
        "parent": 2155400,
        "lat": -32.92715,
        "lng": 151.77647,
        "country": "AU",
        "population": 308308
    },
    "2158177": {
        "ids": {
            "geonames": 2158177
        },
        "long": {
            "default": "Melbourne"
        },
        "parent": 2145234,
        "lat": -37.814,
        "lng": 144.96332,
        "country": "AU",
        "population": 4246375
    },
    "2159045": {
        "ids": {
            "geonames": 2159045
        },
        "long": {
            "default": "Maitland"
        },
        "parent": 2155400,
        "lat": -32.73308,
        "lng": 151.5574,
        "country": "AU",
        "population": 67132
    },
    "2159220": {
        "ids": {
            "geonames": 2159220
        },
        "long": {
            "default": "Mackay"
        },
        "parent": 2152274,
        "lat": -21.15345,
        "lng": 149.16554,
        "country": "AU",
        "population": 74219
    },
    "2160517": {
        "ids": {
            "geonames": 2160517
        },
        "long": {
            "default": "Launceston"
        },
        "parent": 2147291,
        "lat": -41.43876,
        "lng": 147.13467,
        "country": "AU",
        "population": 106153
    },
    "2163355": {
        "ids": {
            "geonames": 2163355
        },
        "long": {
            "default": "Hobart"
        },
        "parent": 2147291,
        "lat": -42.87936,
        "lng": 147.32941,
        "country": "AU",
        "population": 216656
    },
    "2165087": {
        "ids": {
            "geonames": 2165087
        },
        "long": {
            "default": "Gold Coast"
        },
        "parent": 2152274,
        "lat": -28.00029,
        "lng": 153.43088,
        "country": "AU",
        "population": 591473
    },
    "2165798": {
        "ids": {
            "geonames": 2165798
        },
        "long": {
            "default": "Geelong"
        },
        "parent": 2145234,
        "lat": -38.14711,
        "lng": 144.36069,
        "country": "AU",
        "population": 226034
    },
    "2171507": {
        "ids": {
            "geonames": 2171507
        },
        "long": {
            "default": "Wollongong"
        },
        "parent": 2155400,
        "lat": -34.424,
        "lng": 150.89345,
        "country": "AU",
        "population": 292190
    },
    "2172517": {
        "ids": {
            "geonames": 2172517
        },
        "long": {
            "default": "Canberra"
        },
        "parent": 2177478,
        "lat": -35.28346,
        "lng": 149.12807,
        "country": "AU",
        "population": 367752
    },
    "2172797": {
        "ids": {
            "geonames": 2172797
        },
        "long": {
            "default": "Cairns"
        },
        "parent": 2152274,
        "lat": -16.92304,
        "lng": 145.76625,
        "country": "AU",
        "population": 153075
    },
    "2173323": {
        "ids": {
            "geonames": 2173323
        },
        "long": {
            "default": "Bundaberg"
        },
        "parent": 2152274,
        "lat": -24.86621,
        "lng": 152.3479,
        "country": "AU",
        "population": 70826
    },
    "2174003": {
        "ids": {
            "geonames": 2174003
        },
        "long": {
            "default": "Brisbane"
        },
        "parent": 2152274,
        "lat": -27.46794,
        "lng": 153.02809,
        "country": "AU",
        "population": 2189878
    },
    "2176187": {
        "ids": {
            "geonames": 2176187
        },
        "long": {
            "default": "Bendigo"
        },
        "parent": 2145234,
        "lat": -36.75818,
        "lng": 144.28024,
        "country": "AU",
        "population": 100617
    },
    "2177091": {
        "ids": {
            "geonames": 2177091
        },
        "long": {
            "default": "Ballarat"
        },
        "parent": 2145234,
        "lat": -37.56622,
        "lng": 143.84957,
        "country": "AU",
        "population": 97937
    },
    "2207259": {
        "ids": {
            "geonames": 2207259
        },
        "long": {
            "default": "South Brisbane"
        },
        "parent": 2152274,
        "lat": -27.48034,
        "lng": 153.02049,
        "country": "AU",
        "population": 60000
    },
    "7281838": {
        "ids": {
            "geonames": 7281838
        },
        "long": {
            "default": "Logan City"
        },
        "parent": 2152274,
        "lat": -27.63917,
        "lng": 153.10944,
        "country": "AU",
        "population": 282673
    },
    "7302628": {
        "ids": {
            "geonames": 7302628
        },
        "long": {
            "default": "Adelaide Hills"
        },
        "parent": 2061327,
        "lat": -34.91119,
        "lng": 138.70735,
        "country": "AU",
        "population": 60394
    }
}