{
    "146970": {
        "ids": {
            "geonames": 146970
        },
        "long": {
            "default": "Xankandi"
        },
        "parent": 409421,
        "lat": 39.8177,
        "lng": 46.7528,
        "country": "AZ",
        "population": 53100
    },
    "147288": {
        "ids": {
            "geonames": 147288
        },
        "long": {
            "default": "Saatlı"
        },
        "parent": 147287,
        "lat": 39.93214,
        "lng": 48.36892,
        "country": "AZ",
        "population": 87000
    },
    "147429": {
        "ids": {
            "geonames": 147429
        },
        "long": {
            "default": "Nakhchivan"
        },
        "parent": 147435,
        "lat": 39.20889,
        "lng": 45.41222,
        "country": "AZ",
        "population": 64754
    },
    "147622": {
        "ids": {
            "geonames": 147622
        },
        "long": {
            "default": "Lankaran"
        },
        "parent": 147613,
        "lat": 38.75428,
        "lng": 48.85062,
        "country": "AZ",
        "population": 240300
    },
    "148565": {
        "ids": {
            "geonames": 148565
        },
        "long": {
            "default": "Şirvan"
        },
        "parent": 409417,
        "lat": 39.93778,
        "lng": 48.929,
        "country": "AZ",
        "population": 70220
    },
    "584649": {
        "ids": {
            "geonames": 584649
        },
        "long": {
            "default": "Yevlakh"
        },
        "parent": 828307,
        "lat": 40.61832,
        "lng": 47.15014,
        "country": "AZ",
        "population": 59036
    },
    "584923": {
        "ids": {
            "geonames": 584923
        },
        "long": {
            "default": "Sumqayıt"
        },
        "parent": 828305,
        "lat": 40.58972,
        "lng": 49.66861,
        "country": "AZ",
        "population": 265150
    },
    "585103": {
        "ids": {
            "geonames": 585103
        },
        "long": {
            "default": "Qaraçuxur"
        },
        "parent": 587081,
        "lat": 40.39667,
        "lng": 49.97361,
        "country": "AZ",
        "population": 72989
    },
    "585170": {
        "ids": {
            "geonames": 585170
        },
        "long": {
            "default": "Sheki"
        },
        "parent": 828303,
        "lat": 41.19194,
        "lng": 47.17056,
        "country": "AZ",
        "population": 63000
    },
    "585514": {
        "ids": {
            "geonames": 585514
        },
        "long": {
            "default": "Mingelchaur"
        },
        "parent": 828299,
        "lat": 40.76395,
        "lng": 47.05953,
        "country": "AZ",
        "population": 95453
    },
    "586523": {
        "ids": {
            "geonames": 586523
        },
        "long": {
            "default": "Ganja"
        },
        "parent": 828298,
        "lat": 40.68278,
        "lng": 46.36056,
        "country": "AZ",
        "population": 313300
    },
    "587084": {
        "ids": {
            "geonames": 587084
        },
        "long": {
            "default": "Baku"
        },
        "parent": 587081,
        "lat": 40.37767,
        "lng": 49.89201,
        "country": "AZ",
        "population": 1116513
    },
    "824003": {
        "ids": {
            "geonames": 824003
        },
        "long": {
            "default": "Bakıxanov"
        },
        "parent": 587081,
        "lat": 40.41894,
        "lng": 49.96693,
        "country": "AZ",
        "population": 66686
    }
}