{
    "3186573": {
        "ids": {
            "geonames": 3186573
        },
        "long": {
            "default": "Zenica"
        },
        "parent": 3229999,
        "lat": 44.20169,
        "lng": 17.90397,
        "country": "BA",
        "population": 164423
    },
    "3188582": {
        "ids": {
            "geonames": 3188582
        },
        "long": {
            "default": "Tuzla"
        },
        "parent": 3229999,
        "lat": 44.53842,
        "lng": 18.66709,
        "country": "BA",
        "population": 142486
    },
    "3191281": {
        "ids": {
            "geonames": 3191281
        },
        "long": {
            "default": "Sarajevo"
        },
        "parent": 3229999,
        "lat": 43.84864,
        "lng": 18.35644,
        "country": "BA",
        "population": 696731
    },
    "3194828": {
        "ids": {
            "geonames": 3194828
        },
        "long": {
            "default": "Mostar"
        },
        "parent": 3229999,
        "lat": 43.34333,
        "lng": 17.80806,
        "country": "BA",
        "population": 104518
    },
    "3204222": {
        "ids": {
            "geonames": 3204222
        },
        "long": {
            "default": "Bihać"
        },
        "parent": 3229999,
        "lat": 44.81694,
        "lng": 15.87083,
        "country": "BA",
        "population": 75641
    },
    "3204541": {
        "ids": {
            "geonames": 3204541
        },
        "long": {
            "default": "Banja Luka"
        },
        "parent": 3230000,
        "lat": 44.77583,
        "lng": 17.18556,
        "country": "BA",
        "population": 221106
    }
}