{
    "1185092": {
        "ids": {
            "geonames": 1185092
        },
        "long": {
            "default": "Thākurgaon"
        },
        "parent": 7671048,
        "lat": 26.03097,
        "lng": 88.46989,
        "country": "BD",
        "population": 71096
    },
    "1185098": {
        "ids": {
            "geonames": 1185098
        },
        "long": {
            "default": "Tungi"
        },
        "parent": 1337179,
        "lat": 23.89154,
        "lng": 90.40232,
        "country": "BD",
        "population": 337579
    },
    "1185099": {
        "ids": {
            "geonames": 1185099
        },
        "long": {
            "default": "Sylhet"
        },
        "parent": 1477362,
        "lat": 24.89904,
        "lng": 91.87198,
        "country": "BD",
        "population": 237000
    },
    "1185106": {
        "ids": {
            "geonames": 1185106
        },
        "long": {
            "default": "Jamālpur"
        },
        "parent": 1337179,
        "lat": 24.91965,
        "lng": 89.94812,
        "country": "BD",
        "population": 167900
    },
    "1185111": {
        "ids": {
            "geonames": 1185111
        },
        "long": {
            "default": "Sātkhira"
        },
        "parent": 1337210,
        "lat": 22.70817,
        "lng": 89.07185,
        "country": "BD",
        "population": 128918
    },
    "1185115": {
        "ids": {
            "geonames": 1185115
        },
        "long": {
            "default": "Sirājganj"
        },
        "parent": 1337166,
        "lat": 24.45771,
        "lng": 89.70802,
        "country": "BD",
        "population": 127481
    },
    "1185116": {
        "ids": {
            "geonames": 1185116
        },
        "long": {
            "default": "Netrakona"
        },
        "parent": 1337179,
        "lat": 24.88352,
        "lng": 90.72898,
        "country": "BD",
        "population": 79016
    },
    "1185117": {
        "ids": {
            "geonames": 1185117
        },
        "long": {
            "default": "Narsingdi"
        },
        "parent": 1337179,
        "lat": 23.92298,
        "lng": 90.71768,
        "country": "BD",
        "population": 281080
    },
    "1185120": {
        "ids": {
            "geonames": 1185120
        },
        "long": {
            "default": "Sandwīp"
        },
        "parent": 1337200,
        "lat": 22.51409,
        "lng": 91.45491,
        "country": "BD",
        "population": 52152
    },
    "1185121": {
        "ids": {
            "geonames": 1185121
        },
        "long": {
            "default": "Shāhzādpur"
        },
        "parent": 1337166,
        "lat": 24.17687,
        "lng": 89.5988,
        "country": "BD",
        "population": 102420
    },
    "1185127": {
        "ids": {
            "geonames": 1185127
        },
        "long": {
            "default": "Rāmganj"
        },
        "parent": 1337200,
        "lat": 23.1006,
        "lng": 90.84989,
        "country": "BD",
        "population": 55241
    },
    "1185128": {
        "ids": {
            "geonames": 1185128
        },
        "long": {
            "default": "Rājshāhi"
        },
        "parent": 1337166,
        "lat": 24.374,
        "lng": 88.60114,
        "country": "BD",
        "population": 700133
    },
    "1185138": {
        "ids": {
            "geonames": 1185138
        },
        "long": {
            "default": "Pirojpur"
        },
        "parent": 1337229,
        "lat": 22.57965,
        "lng": 89.97521,
        "country": "BD",
        "population": 54418
    },
    "1185148": {
        "ids": {
            "geonames": 1185148
        },
        "long": {
            "default": "Patiya"
        },
        "parent": 1337200,
        "lat": 22.29543,
        "lng": 91.979,
        "country": "BD",
        "population": 51360
    },
    "1185155": {
        "ids": {
            "geonames": 1185155
        },
        "long": {
            "default": "Nārāyanganj"
        },
        "parent": 1337179,
        "lat": 23.61352,
        "lng": 90.50298,
        "country": "BD",
        "population": 223622
    },
    "1185159": {
        "ids": {
            "geonames": 1185159
        },
        "long": {
            "default": "Nāgarpur"
        },
        "parent": 1337179,
        "lat": 24.05783,
        "lng": 89.87696,
        "country": "BD",
        "population": 238422
    },
    "1185162": {
        "ids": {
            "geonames": 1185162
        },
        "long": {
            "default": "Mymensingh"
        },
        "parent": 1337179,
        "lat": 24.75636,
        "lng": 90.40646,
        "country": "BD",
        "population": 225126
    },
    "1185166": {
        "ids": {
            "geonames": 1185166
        },
        "long": {
            "default": "Maulavi Bāzār"
        },
        "parent": 1477362,
        "lat": 24.48888,
        "lng": 91.77075,
        "country": "BD",
        "population": 57441
    },
    "1185181": {
        "ids": {
            "geonames": 1185181
        },
        "long": {
            "default": "Lalmanirhat"
        },
        "parent": 7671048,
        "lat": 25.91719,
        "lng": 89.44595,
        "country": "BD",
        "population": 65127
    },
    "1185183": {
        "ids": {
            "geonames": 1185183
        },
        "long": {
            "default": "Lākshām"
        },
        "parent": 1337200,
        "lat": 23.24018,
        "lng": 91.12143,
        "country": "BD",
        "population": 82290
    },
    "1185186": {
        "ids": {
            "geonames": 1185186
        },
        "long": {
            "default": "Comilla"
        },
        "parent": 1337200,
        "lat": 23.46186,
        "lng": 91.18503,
        "country": "BD",
        "population": 389411
    },
    "1185188": {
        "ids": {
            "geonames": 1185188
        },
        "long": {
            "default": "Rangpur"
        },
        "parent": 7671048,
        "lat": 25.74664,
        "lng": 89.25166,
        "country": "BD",
        "population": 343122
    },
    "1185191": {
        "ids": {
            "geonames": 1185191
        },
        "long": {
            "default": "Kushtia"
        },
        "parent": 1337210,
        "lat": 23.9028,
        "lng": 89.11943,
        "country": "BD",
        "population": 135724
    },
    "1185206": {
        "ids": {
            "geonames": 1185206
        },
        "long": {
            "default": "Joypur Hāt"
        },
        "parent": 1337166,
        "lat": 25.10147,
        "lng": 89.02734,
        "country": "BD",
        "population": 73068
    },
    "1185207": {
        "ids": {
            "geonames": 1185207
        },
        "long": {
            "default": "Ishurdi"
        },
        "parent": 1337166,
        "lat": 24.12858,
        "lng": 89.06573,
        "country": "BD",
        "population": 81995
    },
    "1185209": {
        "ids": {
            "geonames": 1185209
        },
        "long": {
            "default": "Habiganj"
        },
        "parent": 1477362,
        "lat": 24.38044,
        "lng": 91.41299,
        "country": "BD",
        "population": 88760
    },
    "1185224": {
        "ids": {
            "geonames": 1185224
        },
        "long": {
            "default": "Feni"
        },
        "parent": 1337200,
        "lat": 23.0144,
        "lng": 91.3966,
        "country": "BD",
        "population": 84028
    },
    "1185236": {
        "ids": {
            "geonames": 1185236
        },
        "long": {
            "default": "Rāipur"
        },
        "parent": 1337200,
        "lat": 23.0391,
        "lng": 90.76808,
        "country": "BD",
        "population": 64652
    },
    "1185241": {
        "ids": {
            "geonames": 1185241
        },
        "long": {
            "default": "Dhaka"
        },
        "parent": 1337179,
        "lat": 23.7104,
        "lng": 90.40744,
        "country": "BD",
        "population": 10356500
    },
    "1185252": {
        "ids": {
            "geonames": 1185252
        },
        "long": {
            "default": "Khagrachhari"
        },
        "parent": 1337200,
        "lat": 23.10787,
        "lng": 91.97007,
        "country": "BD",
        "population": 50364
    },
    "1185263": {
        "ids": {
            "geonames": 1185263
        },
        "long": {
            "default": "Bhairab Bāzār"
        },
        "parent": 1337179,
        "lat": 24.0524,
        "lng": 90.9764,
        "country": "BD",
        "population": 105457
    },
    "1185293": {
        "ids": {
            "geonames": 1185293
        },
        "long": {
            "default": "Narail"
        },
        "parent": 1337210,
        "lat": 23.15509,
        "lng": 89.49515,
        "country": "BD",
        "population": 55112
    },
    "1185920": {
        "ids": {
            "geonames": 1185920
        },
        "long": {
            "default": "Tungipāra"
        },
        "parent": 1337179,
        "lat": 22.89983,
        "lng": 89.90326,
        "country": "BD",
        "population": 62210
    },
    "1188569": {
        "ids": {
            "geonames": 1188569
        },
        "long": {
            "default": "Sarishābāri"
        },
        "parent": 1337179,
        "lat": 24.75127,
        "lng": 89.83126,
        "country": "BD",
        "population": 81325
    },
    "1191368": {
        "ids": {
            "geonames": 1191368
        },
        "long": {
            "default": "Pālang"
        },
        "parent": 1337179,
        "lat": 23.21824,
        "lng": 90.35076,
        "country": "BD",
        "population": 67652
    },
    "1192366": {
        "ids": {
            "geonames": 1192366
        },
        "long": {
            "default": "Pār Naogaon"
        },
        "parent": 1337166,
        "lat": 24.80418,
        "lng": 88.94875,
        "country": "BD",
        "population": 192464
    },
    "1196292": {
        "ids": {
            "geonames": 1196292
        },
        "long": {
            "default": "Lakshmīpur"
        },
        "parent": 1337200,
        "lat": 22.9443,
        "lng": 90.83005,
        "country": "BD",
        "population": 61703
    },
    "1203344": {
        "ids": {
            "geonames": 1203344
        },
        "long": {
            "default": "Farīdpur"
        },
        "parent": 1337179,
        "lat": 23.60612,
        "lng": 89.84064,
        "country": "BD",
        "population": 112187
    },
    "1203891": {
        "ids": {
            "geonames": 1203891
        },
        "long": {
            "default": "Dinājpur"
        },
        "parent": 7671048,
        "lat": 25.62745,
        "lng": 88.63779,
        "country": "BD",
        "population": 206234
    },
    "1205733": {
        "ids": {
            "geonames": 1205733
        },
        "long": {
            "default": "Chittagong"
        },
        "parent": 1337200,
        "lat": 22.3384,
        "lng": 91.83168,
        "country": "BD",
        "population": 3920222
    },
    "1336133": {
        "ids": {
            "geonames": 1336133
        },
        "long": {
            "default": "Sātkania"
        },
        "parent": 1337200,
        "lat": 22.07639,
        "lng": 92.04955,
        "country": "BD",
        "population": 52005
    },
    "1336134": {
        "ids": {
            "geonames": 1336134
        },
        "long": {
            "default": "Cox’s Bāzār"
        },
        "parent": 1337200,
        "lat": 21.45388,
        "lng": 91.96765,
        "country": "BD",
        "population": 253788
    },
    "1336135": {
        "ids": {
            "geonames": 1336135
        },
        "long": {
            "default": "Khulna"
        },
        "parent": 1337210,
        "lat": 22.80979,
        "lng": 89.56439,
        "country": "BD",
        "population": 1342339
    },
    "1336136": {
        "ids": {
            "geonames": 1336136
        },
        "long": {
            "default": "Bhola"
        },
        "parent": 1337229,
        "lat": 22.68759,
        "lng": 90.64403,
        "country": "BD",
        "population": 99079
    },
    "1336137": {
        "ids": {
            "geonames": 1336137
        },
        "long": {
            "default": "Barisāl"
        },
        "parent": 1337229,
        "lat": 22.70497,
        "lng": 90.37013,
        "country": "BD",
        "population": 202242
    },
    "1336140": {
        "ids": {
            "geonames": 1336140
        },
        "long": {
            "default": "Jessore"
        },
        "parent": 1337210,
        "lat": 23.16971,
        "lng": 89.21371,
        "country": "BD",
        "population": 243987
    },
    "1336143": {
        "ids": {
            "geonames": 1336143
        },
        "long": {
            "default": "Pābna"
        },
        "parent": 1337166,
        "lat": 24.00644,
        "lng": 89.2372,
        "country": "BD",
        "population": 186781
    },
    "1336144": {
        "ids": {
            "geonames": 1336144
        },
        "long": {
            "default": "Tāngāil"
        },
        "parent": 1337179,
        "lat": 24.24984,
        "lng": 89.91655,
        "country": "BD",
        "population": 180144
    },
    "1337233": {
        "ids": {
            "geonames": 1337233
        },
        "long": {
            "default": "Bogra"
        },
        "parent": 1337166,
        "lat": 24.85098,
        "lng": 89.37108,
        "country": "BD",
        "population": 210000
    },
    "1337240": {
        "ids": {
            "geonames": 1337240
        },
        "long": {
            "default": "Nawābganj"
        },
        "parent": 1337166,
        "lat": 24.59025,
        "lng": 88.27444,
        "country": "BD",
        "population": 142361
    },
    "1337245": {
        "ids": {
            "geonames": 1337245
        },
        "long": {
            "default": "Mādārīpur"
        },
        "parent": 1337179,
        "lat": 23.17097,
        "lng": 90.20935,
        "country": "BD",
        "population": 84789
    },
    "1337248": {
        "ids": {
            "geonames": 1337248
        },
        "long": {
            "default": "Sherpur"
        },
        "parent": 1337179,
        "lat": 25.01881,
        "lng": 90.01751,
        "country": "BD",
        "population": 107419
    },
    "1337249": {
        "ids": {
            "geonames": 1337249
        },
        "long": {
            "default": "Kishorganj"
        },
        "parent": 1337179,
        "lat": 24.43944,
        "lng": 90.78291,
        "country": "BD",
        "population": 90690
    },
    "6545349": {
        "ids": {
            "geonames": 6545349
        },
        "long": {
            "default": "Saidpur"
        },
        "parent": 1337166,
        "lat": 25.77769,
        "lng": 88.89169,
        "country": "BD",
        "population": 199422
    },
    "7701354": {
        "ids": {
            "geonames": 7701354
        },
        "long": {
            "default": "Azimpur"
        },
        "parent": 1337179,
        "lat": 23.7298,
        "lng": 90.3854,
        "country": "BD",
        "population": 96641
    },
    "9827976": {
        "ids": {
            "geonames": 9827976
        },
        "long": {
            "default": "Paltan"
        },
        "parent": 1337179,
        "lat": 23.73625,
        "lng": 90.41426,
        "country": "BD",
        "population": 184492
    }
}