{
    "2784821": {
        "ids": {
            "geonames": 2784821
        },
        "long": {
            "default": "Verviers"
        },
        "parent": 3337387,
        "lat": 50.58907,
        "lng": 5.86241,
        "country": "BE",
        "population": 52824
    },
    "2785341": {
        "ids": {
            "geonames": 2785341
        },
        "long": {
            "default": "Tournai"
        },
        "parent": 3337387,
        "lat": 50.60715,
        "lng": 3.38932,
        "country": "BE",
        "population": 67721
    },
    "2786578": {
        "ids": {
            "geonames": 2786578
        },
        "long": {
            "default": "Sint-Niklaas"
        },
        "parent": 3337388,
        "lat": 51.16509,
        "lng": 4.1437,
        "country": "BE",
        "population": 69010
    },
    "2786824": {
        "ids": {
            "geonames": 2786824
        },
        "long": {
            "default": "Seraing"
        },
        "parent": 3337387,
        "lat": 50.58362,
        "lng": 5.50115,
        "country": "BE",
        "population": 60737
    },
    "2787889": {
        "ids": {
            "geonames": 2787889
        },
        "long": {
            "default": "Roeselare"
        },
        "parent": 3337388,
        "lat": 50.94653,
        "lng": 3.12269,
        "country": "BE",
        "population": 56016
    },
    "2789786": {
        "ids": {
            "geonames": 2789786
        },
        "long": {
            "default": "Ostend"
        },
        "parent": 3337388,
        "lat": 51.21551,
        "lng": 2.927,
        "country": "BE",
        "population": 69011
    },
    "2790471": {
        "ids": {
            "geonames": 2790471
        },
        "long": {
            "default": "Namur"
        },
        "parent": 3337387,
        "lat": 50.4669,
        "lng": 4.86746,
        "country": "BE",
        "population": 106284
    },
    "2790595": {
        "ids": {
            "geonames": 2790595
        },
        "long": {
            "default": "Mouscron"
        },
        "parent": 3337387,
        "lat": 50.74497,
        "lng": 3.20639,
        "country": "BE",
        "population": 52069
    },
    "2790869": {
        "ids": {
            "geonames": 2790869
        },
        "long": {
            "default": "Mons"
        },
        "parent": 3337387,
        "lat": 50.45413,
        "lng": 3.95229,
        "country": "BE",
        "population": 91277
    },
    "2791537": {
        "ids": {
            "geonames": 2791537
        },
        "long": {
            "default": "Mechelen"
        },
        "parent": 3337388,
        "lat": 51.02574,
        "lng": 4.47762,
        "country": "BE",
        "population": 77530
    },
    "2792413": {
        "ids": {
            "geonames": 2792413
        },
        "long": {
            "default": "Liège"
        },
        "parent": 3337387,
        "lat": 50.63373,
        "lng": 5.56749,
        "country": "BE",
        "population": 182597
    },
    "2792482": {
        "ids": {
            "geonames": 2792482
        },
        "long": {
            "default": "Leuven"
        },
        "parent": 3337388,
        "lat": 50.87959,
        "lng": 4.70093,
        "country": "BE",
        "population": 92892
    },
    "2793508": {
        "ids": {
            "geonames": 2793508
        },
        "long": {
            "default": "La Louvière"
        },
        "parent": 3337387,
        "lat": 50.48657,
        "lng": 4.18785,
        "country": "BE",
        "population": 76668
    },
    "2794055": {
        "ids": {
            "geonames": 2794055
        },
        "long": {
            "default": "Kortrijk"
        },
        "parent": 3337388,
        "lat": 50.82803,
        "lng": 3.26487,
        "country": "BE",
        "population": 73879
    },
    "2796491": {
        "ids": {
            "geonames": 2796491
        },
        "long": {
            "default": "Hasselt"
        },
        "parent": 3337388,
        "lat": 50.93106,
        "lng": 5.33781,
        "country": "BE",
        "population": 69222
    },
    "2797656": {
        "ids": {
            "geonames": 2797656
        },
        "long": {
            "default": "Gent"
        },
        "parent": 3337388,
        "lat": 51.05,
        "lng": 3.71667,
        "country": "BE",
        "population": 231493
    },
    "2797670": {
        "ids": {
            "geonames": 2797670
        },
        "long": {
            "default": "Genk"
        },
        "parent": 3337388,
        "lat": 50.965,
        "lng": 5.50082,
        "country": "BE",
        "population": 63666
    },
    "2800481": {
        "ids": {
            "geonames": 2800481
        },
        "long": {
            "default": "Charleroi"
        },
        "parent": 3337387,
        "lat": 50.41136,
        "lng": 4.44448,
        "country": "BE",
        "population": 200132
    },
    "2800866": {
        "ids": {
            "geonames": 2800866
        },
        "long": {
            "default": "Brussels"
        },
        "parent": 2800867,
        "lat": 50.85045,
        "lng": 4.34878,
        "country": "BE",
        "population": 1019022
    },
    "2800931": {
        "ids": {
            "geonames": 2800931
        },
        "long": {
            "default": "Brugge"
        },
        "parent": 3337388,
        "lat": 51.20892,
        "lng": 3.22424,
        "country": "BE",
        "population": 116709
    },
    "2803138": {
        "ids": {
            "geonames": 2803138
        },
        "long": {
            "default": "Antwerpen"
        },
        "parent": 3337388,
        "lat": 51.21989,
        "lng": 4.40346,
        "country": "BE",
        "population": 459805
    },
    "2803448": {
        "ids": {
            "geonames": 2803448
        },
        "long": {
            "default": "Aalst"
        },
        "parent": 3337388,
        "lat": 50.93604,
        "lng": 4.0355,
        "country": "BE",
        "population": 77534
    }
}