{
    "2357043": {
        "ids": {
            "geonames": 2357043
        },
        "long": {
            "default": "Ouahigouya"
        },
        "parent": 6930711,
        "lat": 13.58278,
        "lng": -2.42158,
        "country": "BF",
        "population": 61096
    },
    "2357048": {
        "ids": {
            "geonames": 2357048
        },
        "long": {
            "default": "Ouagadougou"
        },
        "parent": 6930704,
        "lat": 12.36566,
        "lng": -1.53388,
        "country": "BF",
        "population": 1086505
    },
    "2358946": {
        "ids": {
            "geonames": 2358946
        },
        "long": {
            "default": "Koudougou"
        },
        "parent": 6930707,
        "lat": 12.25263,
        "lng": -2.36272,
        "country": "BF",
        "population": 87347
    },
    "2362344": {
        "ids": {
            "geonames": 2362344
        },
        "long": {
            "default": "Bobo-Dioulasso"
        },
        "parent": 6930710,
        "lat": 11.17715,
        "lng": -4.2979,
        "country": "BF",
        "population": 360106
    },
    "2362909": {
        "ids": {
            "geonames": 2362909
        },
        "long": {
            "default": "Banfora"
        },
        "parent": 6930703,
        "lat": 10.63333,
        "lng": -4.76667,
        "country": "BF",
        "population": 60288
    }
}