{
    "725578": {
        "ids": {
            "geonames": 725578
        },
        "long": {
            "default": "Yambol"
        },
        "parent": 864563,
        "lat": 42.48333,
        "lng": 26.5,
        "country": "BG",
        "population": 80116
    },
    "725712": {
        "ids": {
            "geonames": 725712
        },
        "long": {
            "default": "Vratsa"
        },
        "parent": 725713,
        "lat": 43.21,
        "lng": 23.5625,
        "country": "BG",
        "population": 64941
    },
    "725905": {
        "ids": {
            "geonames": 725905
        },
        "long": {
            "default": "Vidin"
        },
        "parent": 864562,
        "lat": 43.99,
        "lng": 22.8725,
        "country": "BG",
        "population": 54409
    },
    "725993": {
        "ids": {
            "geonames": 725993
        },
        "long": {
            "default": "Veliko Tŭrnovo"
        },
        "parent": 864561,
        "lat": 43.08124,
        "lng": 25.62904,
        "country": "BG",
        "population": 66217
    },
    "726050": {
        "ids": {
            "geonames": 726050
        },
        "long": {
            "default": "Varna"
        },
        "parent": 726051,
        "lat": 43.21667,
        "lng": 27.91667,
        "country": "BG",
        "population": 312770
    },
    "726418": {
        "ids": {
            "geonames": 726418
        },
        "long": {
            "default": "Dobrich"
        },
        "parent": 726419,
        "lat": 43.56667,
        "lng": 27.83333,
        "country": "BG",
        "population": 94831
    },
    "726848": {
        "ids": {
            "geonames": 726848
        },
        "long": {
            "default": "Stara Zagora"
        },
        "parent": 864559,
        "lat": 42.43278,
        "lng": 25.64194,
        "country": "BG",
        "population": 143431
    },
    "727011": {
        "ids": {
            "geonames": 727011
        },
        "long": {
            "default": "Sofia"
        },
        "parent": 731061,
        "lat": 42.69751,
        "lng": 23.32415,
        "country": "BG",
        "population": 1152556
    },
    "727079": {
        "ids": {
            "geonames": 727079
        },
        "long": {
            "default": "Sliven"
        },
        "parent": 864557,
        "lat": 42.68583,
        "lng": 26.32917,
        "country": "BG",
        "population": 96368
    },
    "727233": {
        "ids": {
            "geonames": 727233
        },
        "long": {
            "default": "Shumen"
        },
        "parent": 864555,
        "lat": 43.27064,
        "lng": 26.92286,
        "country": "BG",
        "population": 87283
    },
    "727523": {
        "ids": {
            "geonames": 727523
        },
        "long": {
            "default": "Ruse"
        },
        "parent": 727524,
        "lat": 43.85639,
        "lng": 25.97083,
        "country": "BG",
        "population": 156238
    },
    "728193": {
        "ids": {
            "geonames": 728193
        },
        "long": {
            "default": "Plovdiv"
        },
        "parent": 728194,
        "lat": 42.15,
        "lng": 24.75,
        "country": "BG",
        "population": 340494
    },
    "728203": {
        "ids": {
            "geonames": 728203
        },
        "long": {
            "default": "Pleven"
        },
        "parent": 728204,
        "lat": 43.41667,
        "lng": 24.61667,
        "country": "BG",
        "population": 118675
    },
    "728330": {
        "ids": {
            "geonames": 728330
        },
        "long": {
            "default": "Pernik"
        },
        "parent": 728331,
        "lat": 42.6,
        "lng": 23.03333,
        "country": "BG",
        "population": 82467
    },
    "728378": {
        "ids": {
            "geonames": 728378
        },
        "long": {
            "default": "Pazardzhik"
        },
        "parent": 728379,
        "lat": 42.2,
        "lng": 24.33333,
        "country": "BG",
        "population": 75977
    },
    "729794": {
        "ids": {
            "geonames": 729794
        },
        "long": {
            "default": "Kardzhali"
        },
        "parent": 864553,
        "lat": 41.65,
        "lng": 25.36667,
        "country": "BG",
        "population": 51000
    },
    "730435": {
        "ids": {
            "geonames": 730435
        },
        "long": {
            "default": "Haskovo"
        },
        "parent": 730436,
        "lat": 41.93415,
        "lng": 25.55557,
        "country": "BG",
        "population": 79699
    },
    "730496": {
        "ids": {
            "geonames": 730496
        },
        "long": {
            "default": "Kazanlŭk"
        },
        "parent": 864559,
        "lat": 42.61667,
        "lng": 25.4,
        "country": "BG",
        "population": 55196
    },
    "731549": {
        "ids": {
            "geonames": 731549
        },
        "long": {
            "default": "Gabrovo"
        },
        "parent": 864552,
        "lat": 42.87472,
        "lng": 25.33417,
        "country": "BG",
        "population": 66175
    },
    "732770": {
        "ids": {
            "geonames": 732770
        },
        "long": {
            "default": "Burgas"
        },
        "parent": 732771,
        "lat": 42.50606,
        "lng": 27.46781,
        "country": "BG",
        "population": 195966
    },
    "733191": {
        "ids": {
            "geonames": 733191
        },
        "long": {
            "default": "Blagoevgrad"
        },
        "parent": 733192,
        "lat": 42.01667,
        "lng": 23.1,
        "country": "BG",
        "population": 71306
    },
    "733618": {
        "ids": {
            "geonames": 733618
        },
        "long": {
            "default": "Asenovgrad"
        },
        "parent": 728194,
        "lat": 42.01667,
        "lng": 24.86667,
        "country": "BG",
        "population": 52170
    }
}