{
    "290247": {
        "ids": {
            "geonames": 290247
        },
        "long": {
            "default": "Madīnat Ḩamad"
        },
        "parent": 7090973,
        "lat": 26.11528,
        "lng": 50.50694,
        "country": "BH",
        "population": 52718
    },
    "290269": {
        "ids": {
            "geonames": 290269
        },
        "long": {
            "default": "Dār Kulayb"
        },
        "parent": 7090972,
        "lat": 26.06861,
        "lng": 50.50389,
        "country": "BH",
        "population": 65466
    },
    "290332": {
        "ids": {
            "geonames": 290332
        },
        "long": {
            "default": "Al Muharraq"
        },
        "parent": 290333,
        "lat": 26.25722,
        "lng": 50.61194,
        "country": "BH",
        "population": 97458
    },
    "290340": {
        "ids": {
            "geonames": 290340
        },
        "long": {
            "default": "Manama"
        },
        "parent": 7090954,
        "lat": 26.22787,
        "lng": 50.58565,
        "country": "BH",
        "population": 147074
    },
    "385038": {
        "ids": {
            "geonames": 385038
        },
        "long": {
            "default": "Ar Rifā‘"
        },
        "parent": 7090972,
        "lat": 26.13,
        "lng": 50.555,
        "country": "BH",
        "population": 79550
    }
}