{
    "425378": {
        "ids": {
            "geonames": 425378
        },
        "long": {
            "default": "Bujumbura"
        },
        "parent": 7303939,
        "lat": -3.3822,
        "lng": 29.3644,
        "country": "BI",
        "population": 331700
    },
    "431748": {
        "ids": {
            "geonames": 431748
        },
        "long": {
            "default": "Muyinga"
        },
        "parent": 431747,
        "lat": -2.8451,
        "lng": 30.3414,
        "country": "BI",
        "population": 71076
    }
}