{
    "2391893": {
        "ids": {
            "geonames": 2391893
        },
        "long": {
            "default": "Savé"
        },
        "parent": 2597272,
        "lat": 8.03424,
        "lng": 2.4866,
        "country": "BJ",
        "population": 75970
    },
    "2392087": {
        "ids": {
            "geonames": 2392087
        },
        "long": {
            "default": "Porto-Novo"
        },
        "parent": 2392325,
        "lat": 6.49646,
        "lng": 2.60359,
        "country": "BJ",
        "population": 234168
    },
    "2392204": {
        "ids": {
            "geonames": 2392204
        },
        "long": {
            "default": "Parakou"
        },
        "parent": 2394992,
        "lat": 9.33716,
        "lng": 2.63031,
        "country": "BJ",
        "population": 163753
    },
    "2392308": {
        "ids": {
            "geonames": 2392308
        },
        "long": {
            "default": "Ouidah"
        },
        "parent": 2395504,
        "lat": 6.36307,
        "lng": 2.08506,
        "country": "BJ",
        "population": 83503
    },
    "2392505": {
        "ids": {
            "geonames": 2392505
        },
        "long": {
            "default": "Nikki"
        },
        "parent": 2394992,
        "lat": 9.94009,
        "lng": 3.21075,
        "country": "BJ",
        "population": 54009
    },
    "2392601": {
        "ids": {
            "geonames": 2392601
        },
        "long": {
            "default": "Natitingou"
        },
        "parent": 2395524,
        "lat": 10.30416,
        "lng": 1.37962,
        "country": "BJ",
        "population": 80892
    },
    "2392897": {
        "ids": {
            "geonames": 2392897
        },
        "long": {
            "default": "Lokossa"
        },
        "parent": 2392716,
        "lat": 6.63869,
        "lng": 1.71674,
        "country": "BJ",
        "population": 86971
    },
    "2393693": {
        "ids": {
            "geonames": 2393693
        },
        "long": {
            "default": "Kandi"
        },
        "parent": 2597271,
        "lat": 11.13417,
        "lng": 2.93861,
        "country": "BJ",
        "population": 109701
    },
    "2394560": {
        "ids": {
            "geonames": 2394560
        },
        "long": {
            "default": "Djougou"
        },
        "parent": 2597274,
        "lat": 9.70853,
        "lng": 1.66598,
        "country": "BJ",
        "population": 237040
    },
    "2394819": {
        "ids": {
            "geonames": 2394819
        },
        "long": {
            "default": "Cotonou"
        },
        "parent": 2597275,
        "lat": 6.36536,
        "lng": 2.41833,
        "country": "BJ",
        "population": 780000
    },
    "2395049": {
        "ids": {
            "geonames": 2395049
        },
        "long": {
            "default": "Bohicon"
        },
        "parent": 2390719,
        "lat": 7.17826,
        "lng": 2.0667,
        "country": "BJ",
        "population": 125092
    },
    "2395914": {
        "ids": {
            "geonames": 2395914
        },
        "long": {
            "default": "Abomey-Calavi"
        },
        "parent": 2395504,
        "lat": 6.44852,
        "lng": 2.35566,
        "country": "BJ",
        "population": 385755
    },
    "2395915": {
        "ids": {
            "geonames": 2395915
        },
        "long": {
            "default": "Abomey"
        },
        "parent": 2390719,
        "lat": 7.18286,
        "lng": 1.99119,
        "country": "BJ",
        "population": 82154
    }
}