{
    "3901178": {
        "ids": {
            "geonames": 3901178
        },
        "long": {
            "default": "Yacuiba"
        },
        "parent": 3903319,
        "lat": -22.01643,
        "lng": -63.67753,
        "country": "BO",
        "population": 82803
    },
    "3902377": {
        "ids": {
            "geonames": 3902377
        },
        "long": {
            "default": "Trinidad"
        },
        "parent": 3923172,
        "lat": -14.83333,
        "lng": -64.9,
        "country": "BO",
        "population": 84259
    },
    "3903320": {
        "ids": {
            "geonames": 3903320
        },
        "long": {
            "default": "Tarija"
        },
        "parent": 3903319,
        "lat": -21.53549,
        "lng": -64.72956,
        "country": "BO",
        "population": 159269
    },
    "3903987": {
        "ids": {
            "geonames": 3903987
        },
        "long": {
            "default": "Sucre"
        },
        "parent": 3920177,
        "lat": -19.03332,
        "lng": -65.26274,
        "country": "BO",
        "population": 224838
    },
    "3904906": {
        "ids": {
            "geonames": 3904906
        },
        "long": {
            "default": "Santa Cruz de la Sierra"
        },
        "parent": 3904907,
        "lat": -17.78629,
        "lng": -63.18117,
        "country": "BO",
        "population": 1364389
    },
    "3906466": {
        "ids": {
            "geonames": 3906466
        },
        "long": {
            "default": "Riberalta"
        },
        "parent": 3923172,
        "lat": -11.00654,
        "lng": -66.06312,
        "country": "BO",
        "population": 74014
    },
    "3907584": {
        "ids": {
            "geonames": 3907584
        },
        "long": {
            "default": "Potosí"
        },
        "parent": 3907580,
        "lat": -19.58361,
        "lng": -65.75306,
        "country": "BO",
        "population": 141251
    },
    "3909234": {
        "ids": {
            "geonames": 3909234
        },
        "long": {
            "default": "Oruro"
        },
        "parent": 3909233,
        "lat": -17.98333,
        "lng": -67.15,
        "country": "BO",
        "population": 208684
    },
    "3910027": {
        "ids": {
            "geonames": 3910027
        },
        "long": {
            "default": "Montero"
        },
        "parent": 3904907,
        "lat": -17.33866,
        "lng": -63.2505,
        "country": "BO",
        "population": 88616
    },
    "3911925": {
        "ids": {
            "geonames": 3911925
        },
        "long": {
            "default": "La Paz"
        },
        "parent": 3911924,
        "lat": -16.5,
        "lng": -68.15,
        "country": "BO",
        "population": 812799
    },
    "3919968": {
        "ids": {
            "geonames": 3919968
        },
        "long": {
            "default": "Cochabamba"
        },
        "parent": 3919966,
        "lat": -17.3895,
        "lng": -66.1568,
        "country": "BO",
        "population": 900414
    }
}