{
    "933099": {
        "ids": {
            "geonames": 933099
        },
        "long": {
            "default": "Selebi-Phikwe"
        },
        "parent": 933851,
        "lat": -21.97895,
        "lng": 27.84296,
        "country": "BW",
        "population": 53727
    },
    "933305": {
        "ids": {
            "geonames": 933305
        },
        "long": {
            "default": "Molepolole"
        },
        "parent": 933562,
        "lat": -24.40659,
        "lng": 25.49508,
        "country": "BW",
        "population": 63248
    },
    "933773": {
        "ids": {
            "geonames": 933773
        },
        "long": {
            "default": "Gaborone"
        },
        "parent": 933044,
        "lat": -24.65451,
        "lng": 25.90859,
        "country": "BW",
        "population": 208411
    },
    "933778": {
        "ids": {
            "geonames": 933778
        },
        "long": {
            "default": "Francistown"
        },
        "parent": 933210,
        "lat": -21.16995,
        "lng": 27.50787,
        "country": "BW",
        "population": 89979
    }
}