{
    "618800": {
        "ids": {
            "geonames": 618800
        },
        "long": {
            "default": "Horad Zhodzina"
        },
        "parent": 625142,
        "lat": 54.0985,
        "lng": 28.3331,
        "country": "BY",
        "population": 61007
    },
    "618806": {
        "ids": {
            "geonames": 618806
        },
        "long": {
            "default": "Zhlobin"
        },
        "parent": 628281,
        "lat": 52.8926,
        "lng": 30.024,
        "country": "BY",
        "population": 73089
    },
    "620127": {
        "ids": {
            "geonames": 620127
        },
        "long": {
            "default": "Vitebsk"
        },
        "parent": 620134,
        "lat": 55.1904,
        "lng": 30.2049,
        "country": "BY",
        "population": 342700
    },
    "621074": {
        "ids": {
            "geonames": 621074
        },
        "long": {
            "default": "Svyetlahorsk"
        },
        "parent": 628281,
        "lat": 52.6329,
        "lng": 29.7389,
        "country": "BY",
        "population": 71250
    },
    "621741": {
        "ids": {
            "geonames": 621741
        },
        "long": {
            "default": "Slutsk"
        },
        "parent": 625142,
        "lat": 53.0274,
        "lng": 27.5597,
        "country": "BY",
        "population": 62228
    },
    "621754": {
        "ids": {
            "geonames": 621754
        },
        "long": {
            "default": "Slonim"
        },
        "parent": 628035,
        "lat": 53.0869,
        "lng": 25.3163,
        "country": "BY",
        "population": 51434
    },
    "622428": {
        "ids": {
            "geonames": 622428
        },
        "long": {
            "default": "Salihorsk"
        },
        "parent": 625142,
        "lat": 52.7876,
        "lng": 27.5415,
        "country": "BY",
        "population": 101614
    },
    "622794": {
        "ids": {
            "geonames": 622794
        },
        "long": {
            "default": "Rechytsa"
        },
        "parent": 628281,
        "lat": 52.3617,
        "lng": 30.3916,
        "country": "BY",
        "population": 65400
    },
    "623317": {
        "ids": {
            "geonames": 623317
        },
        "long": {
            "default": "Polatsk"
        },
        "parent": 620134,
        "lat": 55.4879,
        "lng": 28.7856,
        "country": "BY",
        "population": 82258
    },
    "623549": {
        "ids": {
            "geonames": 623549
        },
        "long": {
            "default": "Pinsk"
        },
        "parent": 629631,
        "lat": 52.1229,
        "lng": 26.0951,
        "country": "BY",
        "population": 130777
    },
    "624079": {
        "ids": {
            "geonames": 624079
        },
        "long": {
            "default": "Orsha"
        },
        "parent": 620134,
        "lat": 54.5081,
        "lng": 30.4172,
        "country": "BY",
        "population": 125347
    },
    "624400": {
        "ids": {
            "geonames": 624400
        },
        "long": {
            "default": "Novoye Medvezhino"
        },
        "parent": 625143,
        "lat": 53.88333,
        "lng": 27.45,
        "country": "BY",
        "population": 120000
    },
    "624784": {
        "ids": {
            "geonames": 624784
        },
        "long": {
            "default": "Navapolatsk"
        },
        "parent": 620134,
        "lat": 55.5318,
        "lng": 28.5987,
        "country": "BY",
        "population": 100885
    },
    "625144": {
        "ids": {
            "geonames": 625144
        },
        "long": {
            "default": "Minsk"
        },
        "parent": 625143,
        "lat": 53.9,
        "lng": 27.56667,
        "country": "BY",
        "population": 1742124
    },
    "625324": {
        "ids": {
            "geonames": 625324
        },
        "long": {
            "default": "Mazyr"
        },
        "parent": 628281,
        "lat": 52.0495,
        "lng": 29.2456,
        "country": "BY",
        "population": 112137
    },
    "625625": {
        "ids": {
            "geonames": 625625
        },
        "long": {
            "default": "Maladzyechna"
        },
        "parent": 625142,
        "lat": 54.3167,
        "lng": 26.854,
        "country": "BY",
        "population": 101300
    },
    "625665": {
        "ids": {
            "geonames": 625665
        },
        "long": {
            "default": "Mahilyow"
        },
        "parent": 625073,
        "lat": 53.9168,
        "lng": 30.3449,
        "country": "BY",
        "population": 369200
    },
    "626081": {
        "ids": {
            "geonames": 626081
        },
        "long": {
            "default": "Lida"
        },
        "parent": 628035,
        "lat": 53.88333,
        "lng": 25.29972,
        "country": "BY",
        "population": 98036
    },
    "627145": {
        "ids": {
            "geonames": 627145
        },
        "long": {
            "default": "Kobryn"
        },
        "parent": 629631,
        "lat": 52.2138,
        "lng": 24.3564,
        "country": "BY",
        "population": 50691
    },
    "627904": {
        "ids": {
            "geonames": 627904
        },
        "long": {
            "default": "Hrodna"
        },
        "parent": 628035,
        "lat": 53.6884,
        "lng": 23.8258,
        "country": "BY",
        "population": 317365
    },
    "627907": {
        "ids": {
            "geonames": 627907
        },
        "long": {
            "default": "Gomel"
        },
        "parent": 628281,
        "lat": 52.4345,
        "lng": 30.9754,
        "country": "BY",
        "population": 480951
    },
    "629634": {
        "ids": {
            "geonames": 629634
        },
        "long": {
            "default": "Brest"
        },
        "parent": 629631,
        "lat": 52.09755,
        "lng": 23.68775,
        "country": "BY",
        "population": 300715
    },
    "630376": {
        "ids": {
            "geonames": 630376
        },
        "long": {
            "default": "Horad Barysaw"
        },
        "parent": 625142,
        "lat": 54.2279,
        "lng": 28.505,
        "country": "BY",
        "population": 100000
    },
    "630429": {
        "ids": {
            "geonames": 630429
        },
        "long": {
            "default": "Baranovichi"
        },
        "parent": 629631,
        "lat": 53.1327,
        "lng": 26.0139,
        "country": "BY",
        "population": 168772
    },
    "630468": {
        "ids": {
            "geonames": 630468
        },
        "long": {
            "default": "Babruysk"
        },
        "parent": 625073,
        "lat": 53.1384,
        "lng": 29.2214,
        "country": "BY",
        "population": 220517
    },
    "8020218": {
        "ids": {
            "geonames": 8020218
        },
        "long": {
            "default": "Malinovka"
        },
        "parent": 625143,
        "lat": 53.8579,
        "lng": 27.4374,
        "country": "BY",
        "population": 105000
    }
}