{
    "5881791": {
        "ids": {
            "geonames": 5881791
        },
        "long": {
            "default": "Abbotsford"
        },
        "parent": 5909050,
        "lat": 49.05798,
        "lng": -122.25257,
        "country": "CA",
        "population": 151683
    },
    "5882873": {
        "ids": {
            "geonames": 5882873
        },
        "long": {
            "default": "Ajax"
        },
        "parent": 6093943,
        "lat": 43.85012,
        "lng": -79.03288,
        "country": "CA",
        "population": 90167
    },
    "5885383": {
        "ids": {
            "geonames": 5885383
        },
        "long": {
            "default": "Anmore"
        },
        "parent": 5909050,
        "lat": 49.31637,
        "lng": -122.85263,
        "country": "CA",
        "population": 126456
    },
    "5894171": {
        "ids": {
            "geonames": 5894171
        },
        "long": {
            "default": "Barrie"
        },
        "parent": 6093943,
        "lat": 44.40011,
        "lng": -79.66634,
        "country": "CA",
        "population": 182041
    },
    "5907364": {
        "ids": {
            "geonames": 5907364
        },
        "long": {
            "default": "Brampton"
        },
        "parent": 6093943,
        "lat": 43.68341,
        "lng": -79.76633,
        "country": "CA",
        "population": 433806
    },
    "5907990": {
        "ids": {
            "geonames": 5907990
        },
        "long": {
            "default": "Brantford"
        },
        "parent": 6093943,
        "lat": 43.1334,
        "lng": -80.26636,
        "country": "CA",
        "population": 87759
    },
    "5909629": {
        "ids": {
            "geonames": 5909629
        },
        "long": {
            "default": "Brossard"
        },
        "parent": 6115047,
        "lat": 45.45008,
        "lng": -73.46583,
        "country": "CA",
        "population": 69575
    },
    "5911592": {
        "ids": {
            "geonames": 5911592
        },
        "long": {
            "default": "Burlington"
        },
        "parent": 6093943,
        "lat": 43.38621,
        "lng": -79.83713,
        "country": "CA",
        "population": 164415
    },
    "5911606": {
        "ids": {
            "geonames": 5911606
        },
        "long": {
            "default": "Burnaby"
        },
        "parent": 5909050,
        "lat": 49.26636,
        "lng": -122.95263,
        "country": "CA",
        "population": 202799
    },
    "5913490": {
        "ids": {
            "geonames": 5913490
        },
        "long": {
            "default": "Calgary"
        },
        "parent": 5883102,
        "lat": 51.05011,
        "lng": -114.08529,
        "country": "CA",
        "population": 1019942
    },
    "5913695": {
        "ids": {
            "geonames": 5913695
        },
        "long": {
            "default": "Cambridge"
        },
        "parent": 6093943,
        "lat": 43.3601,
        "lng": -80.31269,
        "country": "CA",
        "population": 120372
    },
    "5921356": {
        "ids": {
            "geonames": 5921356
        },
        "long": {
            "default": "Chilliwack"
        },
        "parent": 5909050,
        "lat": 49.16638,
        "lng": -121.95257,
        "country": "CA",
        "population": 77000
    },
    "5927689": {
        "ids": {
            "geonames": 5927689
        },
        "long": {
            "default": "Coquitlam"
        },
        "parent": 5909050,
        "lat": 49.28297,
        "lng": -122.75262,
        "country": "CA",
        "population": 114565
    },
    "5935277": {
        "ids": {
            "geonames": 5935277
        },
        "long": {
            "default": "Dartmouth"
        },
        "parent": 6091530,
        "lat": 44.67134,
        "lng": -63.57719,
        "country": "CA",
        "population": 101343
    },
    "5937615": {
        "ids": {
            "geonames": 5937615
        },
        "long": {
            "default": "Delta"
        },
        "parent": 5909050,
        "lat": 49.14399,
        "lng": -122.9068,
        "country": "CA",
        "population": 101668
    },
    "5942845": {
        "ids": {
            "geonames": 5942845
        },
        "long": {
            "default": "Drummondville"
        },
        "parent": 6115047,
        "lat": 45.88336,
        "lng": -72.48241,
        "country": "CA",
        "population": 59489
    },
    "5946768": {
        "ids": {
            "geonames": 5946768
        },
        "long": {
            "default": "Edmonton"
        },
        "parent": 5883102,
        "lat": 53.55014,
        "lng": -113.46871,
        "country": "CA",
        "population": 712391
    },
    "5950267": {
        "ids": {
            "geonames": 5950267
        },
        "long": {
            "default": "Etobicoke"
        },
        "parent": 6093943,
        "lat": 43.65421,
        "lng": -79.56711,
        "country": "CA",
        "population": 347948
    },
    "5955895": {
        "ids": {
            "geonames": 5955895
        },
        "long": {
            "default": "Fort McMurray"
        },
        "parent": 5883102,
        "lat": 56.72676,
        "lng": -111.38103,
        "country": "CA",
        "population": 76000
    },
    "5957776": {
        "ids": {
            "geonames": 5957776
        },
        "long": {
            "default": "Fredericton"
        },
        "parent": 6087430,
        "lat": 45.94541,
        "lng": -66.66558,
        "country": "CA",
        "population": 52337
    },
    "5959974": {
        "ids": {
            "geonames": 5959974
        },
        "long": {
            "default": "Gatineau"
        },
        "parent": 6115047,
        "lat": 45.47723,
        "lng": -75.70164,
        "country": "CA",
        "population": 242124
    },
    "5964215": {
        "ids": {
            "geonames": 5964215
        },
        "long": {
            "default": "Granby"
        },
        "parent": 6115047,
        "lat": 45.40008,
        "lng": -72.73243,
        "country": "CA",
        "population": 53979
    },
    "5964700": {
        "ids": {
            "geonames": 5964700
        },
        "long": {
            "default": "Greater Sudbury"
        },
        "parent": 6093943,
        "lat": 46.49,
        "lng": -80.99001,
        "country": "CA",
        "population": 157857
    },
    "5967629": {
        "ids": {
            "geonames": 5967629
        },
        "long": {
            "default": "Guelph"
        },
        "parent": 6093943,
        "lat": 43.54594,
        "lng": -80.25599,
        "country": "CA",
        "population": 115760
    },
    "5969782": {
        "ids": {
            "geonames": 5969782
        },
        "long": {
            "default": "Hamilton"
        },
        "parent": 6093943,
        "lat": 43.25011,
        "lng": -79.84963,
        "country": "CA",
        "population": 519949
    },
    "5989045": {
        "ids": {
            "geonames": 5989045
        },
        "long": {
            "default": "Kamloops"
        },
        "parent": 5909050,
        "lat": 50.66648,
        "lng": -120.3192,
        "country": "CA",
        "population": 68714
    },
    "5990579": {
        "ids": {
            "geonames": 5990579
        },
        "long": {
            "default": "Kelowna"
        },
        "parent": 5909050,
        "lat": 49.88307,
        "lng": -119.48568,
        "country": "CA",
        "population": 125109
    },
    "5992500": {
        "ids": {
            "geonames": 5992500
        },
        "long": {
            "default": "Kingston"
        },
        "parent": 6093943,
        "lat": 44.22976,
        "lng": -76.48098,
        "country": "CA",
        "population": 114195
    },
    "5992996": {
        "ids": {
            "geonames": 5992996
        },
        "long": {
            "default": "Kitchener"
        },
        "parent": 6093943,
        "lat": 43.42537,
        "lng": -80.5112,
        "country": "CA",
        "population": 233700
    },
    "6049430": {
        "ids": {
            "geonames": 6049430
        },
        "long": {
            "default": "Langley"
        },
        "parent": 5909050,
        "lat": 49.08297,
        "lng": -122.58589,
        "country": "CA",
        "population": 93726
    },
    "6050610": {
        "ids": {
            "geonames": 6050610
        },
        "long": {
            "default": "Laval"
        },
        "parent": 6115047,
        "lat": 45.56995,
        "lng": -73.692,
        "country": "CA",
        "population": 376845
    },
    "6053154": {
        "ids": {
            "geonames": 6053154
        },
        "long": {
            "default": "Lethbridge"
        },
        "parent": 5883102,
        "lat": 49.69999,
        "lng": -112.81856,
        "country": "CA",
        "population": 70617
    },
    "6058560": {
        "ids": {
            "geonames": 6058560
        },
        "long": {
            "default": "London"
        },
        "parent": 6093943,
        "lat": 42.98339,
        "lng": -81.23304,
        "country": "CA",
        "population": 346765
    },
    "6059891": {
        "ids": {
            "geonames": 6059891
        },
        "long": {
            "default": "Longueuil"
        },
        "parent": 6115047,
        "lat": 45.53121,
        "lng": -73.51806,
        "country": "CA",
        "population": 229330
    },
    "6065686": {
        "ids": {
            "geonames": 6065686
        },
        "long": {
            "default": "Maple Ridge"
        },
        "parent": 5909050,
        "lat": 49.21939,
        "lng": -122.60193,
        "country": "CA",
        "population": 70000
    },
    "6066513": {
        "ids": {
            "geonames": 6066513
        },
        "long": {
            "default": "Markham"
        },
        "parent": 6093943,
        "lat": 43.86682,
        "lng": -79.2663,
        "country": "CA",
        "population": 261573
    },
    "6071618": {
        "ids": {
            "geonames": 6071618
        },
        "long": {
            "default": "Medicine Hat"
        },
        "parent": 5883102,
        "lat": 50.03928,
        "lng": -110.67661,
        "country": "CA",
        "population": 63138
    },
    "6074377": {
        "ids": {
            "geonames": 6074377
        },
        "long": {
            "default": "Milton"
        },
        "parent": 6093943,
        "lat": 43.51681,
        "lng": -79.88294,
        "country": "CA",
        "population": 84362
    },
    "6075357": {
        "ids": {
            "geonames": 6075357
        },
        "long": {
            "default": "Mississauga"
        },
        "parent": 6093943,
        "lat": 43.5789,
        "lng": -79.6583,
        "country": "CA",
        "population": 668549
    },
    "6076211": {
        "ids": {
            "geonames": 6076211
        },
        "long": {
            "default": "Moncton"
        },
        "parent": 6087430,
        "lat": 46.09454,
        "lng": -64.7965,
        "country": "CA",
        "population": 87467
    },
    "6077243": {
        "ids": {
            "geonames": 6077243
        },
        "long": {
            "default": "Montréal"
        },
        "parent": 6115047,
        "lat": 45.50884,
        "lng": -73.58781,
        "country": "CA",
        "population": 1600000
    },
    "6085772": {
        "ids": {
            "geonames": 6085772
        },
        "long": {
            "default": "Nanaimo"
        },
        "parent": 5909050,
        "lat": 49.16638,
        "lng": -123.94003,
        "country": "CA",
        "population": 84905
    },
    "6087701": {
        "ids": {
            "geonames": 6087701
        },
        "long": {
            "default": "Newmarket"
        },
        "parent": 6093943,
        "lat": 44.05011,
        "lng": -79.46631,
        "country": "CA",
        "population": 74295
    },
    "6087844": {
        "ids": {
            "geonames": 6087844
        },
        "long": {
            "default": "New Westminster"
        },
        "parent": 5909050,
        "lat": 49.20678,
        "lng": -122.91092,
        "country": "CA",
        "population": 58549
    },
    "6087892": {
        "ids": {
            "geonames": 6087892
        },
        "long": {
            "default": "Niagara Falls"
        },
        "parent": 6093943,
        "lat": 43.10012,
        "lng": -79.06627,
        "country": "CA",
        "population": 82000
    },
    "6089125": {
        "ids": {
            "geonames": 6089125
        },
        "long": {
            "default": "Norfolk County"
        },
        "parent": 6093943,
        "lat": 42.8334,
        "lng": -80.38297,
        "country": "CA",
        "population": 60847
    },
    "6089426": {
        "ids": {
            "geonames": 6089426
        },
        "long": {
            "default": "North Bay"
        },
        "parent": 6093943,
        "lat": 46.3168,
        "lng": -79.46633,
        "country": "CA",
        "population": 50170
    },
    "6091104": {
        "ids": {
            "geonames": 6091104
        },
        "long": {
            "default": "North York"
        },
        "parent": 6093943,
        "lat": 43.76681,
        "lng": -79.4163,
        "country": "CA",
        "population": 636000
    },
    "6092122": {
        "ids": {
            "geonames": 6092122
        },
        "long": {
            "default": "Oakville"
        },
        "parent": 6093943,
        "lat": 43.45011,
        "lng": -79.68292,
        "country": "CA",
        "population": 165697
    },
    "6094578": {
        "ids": {
            "geonames": 6094578
        },
        "long": {
            "default": "Oshawa"
        },
        "parent": 6093943,
        "lat": 43.90012,
        "lng": -78.84957,
        "country": "CA",
        "population": 247989
    },
    "6094817": {
        "ids": {
            "geonames": 6094817
        },
        "long": {
            "default": "Ottawa"
        },
        "parent": 6093943,
        "lat": 45.41117,
        "lng": -75.69812,
        "country": "CA",
        "population": 812129
    },
    "6101645": {
        "ids": {
            "geonames": 6101645
        },
        "long": {
            "default": "Peterborough"
        },
        "parent": 6093943,
        "lat": 44.30012,
        "lng": -78.31623,
        "country": "CA",
        "population": 75877
    },
    "6104111": {
        "ids": {
            "geonames": 6104111
        },
        "long": {
            "default": "Pickering"
        },
        "parent": 6093943,
        "lat": 43.90012,
        "lng": -79.13289,
        "country": "CA",
        "population": 87838
    },
    "6113365": {
        "ids": {
            "geonames": 6113365
        },
        "long": {
            "default": "Prince George"
        },
        "parent": 5909050,
        "lat": 53.9166,
        "lng": -122.75301,
        "country": "CA",
        "population": 65558
    },
    "6118158": {
        "ids": {
            "geonames": 6118158
        },
        "long": {
            "default": "Red Deer"
        },
        "parent": 5883102,
        "lat": 52.26682,
        "lng": -113.802,
        "country": "CA",
        "population": 73593
    },
    "6119109": {
        "ids": {
            "geonames": 6119109
        },
        "long": {
            "default": "Regina"
        },
        "parent": 6141242,
        "lat": 50.45008,
        "lng": -104.6178,
        "country": "CA",
        "population": 176183
    },
    "6119518": {
        "ids": {
            "geonames": 6119518
        },
        "long": {
            "default": "Repentigny"
        },
        "parent": 6115047,
        "lat": 45.74222,
        "lng": -73.45008,
        "country": "CA",
        "population": 76237
    },
    "6122085": {
        "ids": {
            "geonames": 6122085
        },
        "long": {
            "default": "Richmond"
        },
        "parent": 5909050,
        "lat": 49.17003,
        "lng": -123.13683,
        "country": "CA",
        "population": 182000
    },
    "6122091": {
        "ids": {
            "geonames": 6122091
        },
        "long": {
            "default": "Richmond Hill"
        },
        "parent": 6093943,
        "lat": 43.87111,
        "lng": -79.43725,
        "country": "CA",
        "population": 185541
    },
    "6137270": {
        "ids": {
            "geonames": 6137270
        },
        "long": {
            "default": "Saguenay"
        },
        "parent": 6115047,
        "lat": 48.41675,
        "lng": -71.06573,
        "country": "CA",
        "population": 143692
    },
    "6138374": {
        "ids": {
            "geonames": 6138374
        },
        "long": {
            "default": "Saint-Hyacinthe"
        },
        "parent": 6115047,
        "lat": 45.63076,
        "lng": -72.95699,
        "country": "CA",
        "population": 50326
    },
    "6138495": {
        "ids": {
            "geonames": 6138495
        },
        "long": {
            "default": "Saint-Jean-sur-Richelieu"
        },
        "parent": 6115047,
        "lat": 45.30713,
        "lng": -73.26259,
        "country": "CA",
        "population": 71613
    },
    "6138501": {
        "ids": {
            "geonames": 6138501
        },
        "long": {
            "default": "Saint-Jérôme"
        },
        "parent": 6115047,
        "lat": 45.78036,
        "lng": -74.00365,
        "country": "CA",
        "population": 54948
    },
    "6138517": {
        "ids": {
            "geonames": 6138517
        },
        "long": {
            "default": "Saint John"
        },
        "parent": 6087430,
        "lat": 45.27271,
        "lng": -66.06766,
        "country": "CA",
        "population": 87857
    },
    "6138610": {
        "ids": {
            "geonames": 6138610
        },
        "long": {
            "default": "Saint-Laurent"
        },
        "parent": 6115047,
        "lat": 45.50008,
        "lng": -73.66585,
        "country": "CA",
        "population": 77391
    },
    "6138625": {
        "ids": {
            "geonames": 6138625
        },
        "long": {
            "default": "Saint-Léonard"
        },
        "parent": 6115047,
        "lat": 45.58773,
        "lng": -73.59501,
        "country": "CA",
        "population": 73423
    },
    "6141190": {
        "ids": {
            "geonames": 6141190
        },
        "long": {
            "default": "Sarnia"
        },
        "parent": 6093943,
        "lat": 42.97866,
        "lng": -82.40407,
        "country": "CA",
        "population": 82998
    },
    "6141256": {
        "ids": {
            "geonames": 6141256
        },
        "long": {
            "default": "Saskatoon"
        },
        "parent": 6141242,
        "lat": 52.13238,
        "lng": -106.66892,
        "country": "CA",
        "population": 198958
    },
    "6141439": {
        "ids": {
            "geonames": 6141439
        },
        "long": {
            "default": "Sault Ste. Marie"
        },
        "parent": 6093943,
        "lat": 46.51677,
        "lng": -84.33325,
        "country": "CA",
        "population": 74948
    },
    "6146143": {
        "ids": {
            "geonames": 6146143
        },
        "long": {
            "default": "Sherbrooke"
        },
        "parent": 6115047,
        "lat": 45.40008,
        "lng": -71.89908,
        "country": "CA",
        "population": 129447
    },
    "6146279": {
        "ids": {
            "geonames": 6146279
        },
        "long": {
            "default": "Sherwood Park"
        },
        "parent": 5883102,
        "lat": 53.51684,
        "lng": -113.3187,
        "country": "CA",
        "population": 55063
    },
    "6155033": {
        "ids": {
            "geonames": 6155033
        },
        "long": {
            "default": "St. Albert"
        },
        "parent": 5883102,
        "lat": 53.63344,
        "lng": -113.63533,
        "country": "CA",
        "population": 57719
    },
    "6155721": {
        "ids": {
            "geonames": 6155721
        },
        "long": {
            "default": "St. Catharines"
        },
        "parent": 6093943,
        "lat": 43.17126,
        "lng": -79.24267,
        "country": "CA",
        "population": 131989
    },
    "6159905": {
        "ids": {
            "geonames": 6159905
        },
        "long": {
            "default": "Surrey"
        },
        "parent": 5909050,
        "lat": 49.10635,
        "lng": -122.82509,
        "country": "CA",
        "population": 394976
    },
    "6163012": {
        "ids": {
            "geonames": 6163012
        },
        "long": {
            "default": "Terrebonne"
        },
        "parent": 6115047,
        "lat": 45.70004,
        "lng": -73.64732,
        "country": "CA",
        "population": 94703
    },
    "6166142": {
        "ids": {
            "geonames": 6166142
        },
        "long": {
            "default": "Thunder Bay"
        },
        "parent": 6093943,
        "lat": 48.38202,
        "lng": -89.25018,
        "country": "CA",
        "population": 99334
    },
    "6167865": {
        "ids": {
            "geonames": 6167865
        },
        "long": {
            "default": "Toronto"
        },
        "parent": 6093943,
        "lat": 43.70011,
        "lng": -79.4163,
        "country": "CA",
        "population": 2600000
    },
    "6169141": {
        "ids": {
            "geonames": 6169141
        },
        "long": {
            "default": "Trois-Rivières"
        },
        "parent": 6115047,
        "lat": 46.34515,
        "lng": -72.5477,
        "country": "CA",
        "population": 119693
    },
    "6173331": {
        "ids": {
            "geonames": 6173331
        },
        "long": {
            "default": "Vancouver"
        },
        "parent": 5909050,
        "lat": 49.24966,
        "lng": -123.11934,
        "country": "CA",
        "population": 600000
    },
    "6173577": {
        "ids": {
            "geonames": 6173577
        },
        "long": {
            "default": "Vaughan"
        },
        "parent": 6093943,
        "lat": 43.8361,
        "lng": -79.49827,
        "country": "CA",
        "population": 238866
    },
    "6174041": {
        "ids": {
            "geonames": 6174041
        },
        "long": {
            "default": "Victoria"
        },
        "parent": 5909050,
        "lat": 48.43294,
        "lng": -123.3693,
        "country": "CA",
        "population": 289625
    },
    "6176823": {
        "ids": {
            "geonames": 6176823
        },
        "long": {
            "default": "Waterloo"
        },
        "parent": 6093943,
        "lat": 43.4668,
        "lng": -80.51639,
        "country": "CA",
        "population": 97475
    },
    "6177869": {
        "ids": {
            "geonames": 6177869
        },
        "long": {
            "default": "Welland"
        },
        "parent": 6093943,
        "lat": 42.98342,
        "lng": -79.24958,
        "country": "CA",
        "population": 50331
    },
    "6180961": {
        "ids": {
            "geonames": 6180961
        },
        "long": {
            "default": "White Rock"
        },
        "parent": 5909050,
        "lat": 49.01636,
        "lng": -122.8026,
        "country": "CA",
        "population": 66450
    },
    "6182962": {
        "ids": {
            "geonames": 6182962
        },
        "long": {
            "default": "Windsor"
        },
        "parent": 6093943,
        "lat": 42.30008,
        "lng": -83.01654,
        "country": "CA",
        "population": 278013
    },
    "6183235": {
        "ids": {
            "geonames": 6183235
        },
        "long": {
            "default": "Winnipeg"
        },
        "parent": 6065171,
        "lat": 49.8844,
        "lng": -97.14704,
        "country": "CA",
        "population": 632063
    },
    "6324729": {
        "ids": {
            "geonames": 6324729
        },
        "long": {
            "default": "Halifax"
        },
        "parent": 6091530,
        "lat": 44.64533,
        "lng": -63.57239,
        "country": "CA",
        "population": 359111
    },
    "6324733": {
        "ids": {
            "geonames": 6324733
        },
        "long": {
            "default": "St. John's"
        },
        "parent": 6354959,
        "lat": 47.56494,
        "lng": -52.70931,
        "country": "CA",
        "population": 99182
    },
    "6325494": {
        "ids": {
            "geonames": 6325494
        },
        "long": {
            "default": "Québec"
        },
        "parent": 6115047,
        "lat": 46.81228,
        "lng": -71.21454,
        "country": "CA",
        "population": 528595
    },
    "6325521": {
        "ids": {
            "geonames": 6325521
        },
        "long": {
            "default": "Lévis"
        },
        "parent": 6115047,
        "lat": 46.80326,
        "lng": -71.17793,
        "country": "CA",
        "population": 126396
    },
    "6354908": {
        "ids": {
            "geonames": 6354908
        },
        "long": {
            "default": "Sydney"
        },
        "parent": 6091530,
        "lat": 46.1351,
        "lng": -60.1831,
        "country": "CA",
        "population": 105968
    },
    "6948711": {
        "ids": {
            "geonames": 6948711
        },
        "long": {
            "default": "Scarborough"
        },
        "parent": 6093943,
        "lat": 43.77223,
        "lng": -79.25666,
        "country": "CA",
        "population": 600000
    },
    "7281931": {
        "ids": {
            "geonames": 7281931
        },
        "long": {
            "default": "Okanagan"
        },
        "parent": 5909050,
        "lat": 50.36386,
        "lng": -119.34997,
        "country": "CA",
        "population": 297601
    },
    "7303786": {
        "ids": {
            "geonames": 7303786
        },
        "long": {
            "default": "Jonquière"
        },
        "parent": 6115047,
        "lat": 48.41648,
        "lng": -71.24884,
        "country": "CA",
        "population": 54842
    },
    "7602078": {
        "ids": {
            "geonames": 7602078
        },
        "long": {
            "default": "Ladner"
        },
        "parent": 5909050,
        "lat": 49.08938,
        "lng": -123.08241,
        "country": "CA",
        "population": 200000
    },
    "8558534": {
        "ids": {
            "geonames": 8558534
        },
        "long": {
            "default": "Willowdale"
        },
        "parent": 6093943,
        "lat": 43.76672,
        "lng": -79.39909,
        "country": "CA",
        "population": 79440
    }
}