{
    "204405": {
        "ids": {
            "geonames": 204405
        },
        "long": {
            "default": "Uvira"
        },
        "parent": 205413,
        "lat": -3.39534,
        "lng": 29.13779,
        "country": "CD",
        "population": 170391
    },
    "204953": {
        "ids": {
            "geonames": 204953
        },
        "long": {
            "default": "Tshikapa"
        },
        "parent": 214139,
        "lat": -6.41621,
        "lng": 20.79995,
        "country": "CD",
        "population": 267462
    },
    "207570": {
        "ids": {
            "geonames": 207570
        },
        "long": {
            "default": "Mwene-Ditu"
        },
        "parent": 214138,
        "lat": -7.00906,
        "lng": 23.45278,
        "country": "CD",
        "population": 189177
    },
    "207596": {
        "ids": {
            "geonames": 207596
        },
        "long": {
            "default": "Mweka"
        },
        "parent": 214139,
        "lat": -4.85187,
        "lng": 21.5595,
        "country": "CD",
        "population": 50675
    },
    "209228": {
        "ids": {
            "geonames": 209228
        },
        "long": {
            "default": "Mbuji-Mayi"
        },
        "parent": 214138,
        "lat": -6.13603,
        "lng": 23.58979,
        "country": "CD",
        "population": 874761
    },
    "211647": {
        "ids": {
            "geonames": 211647
        },
        "long": {
            "default": "Lodja"
        },
        "parent": 214138,
        "lat": -3.52105,
        "lng": 23.6005,
        "country": "CD",
        "population": 68244
    },
    "211734": {
        "ids": {
            "geonames": 211734
        },
        "long": {
            "default": "Lisala"
        },
        "parent": 216661,
        "lat": 2.15127,
        "lng": 21.51672,
        "country": "CD",
        "population": 70087
    },
    "212730": {
        "ids": {
            "geonames": 212730
        },
        "long": {
            "default": "Kisangani"
        },
        "parent": 216139,
        "lat": 0.51528,
        "lng": 25.19099,
        "country": "CD",
        "population": 539158
    },
    "212902": {
        "ids": {
            "geonames": 212902
        },
        "long": {
            "default": "Kindu"
        },
        "parent": 209610,
        "lat": -2.94373,
        "lng": 25.92237,
        "country": "CD",
        "population": 135698
    },
    "213940": {
        "ids": {
            "geonames": 213940
        },
        "long": {
            "default": "Kasongo"
        },
        "parent": 209610,
        "lat": -4.42741,
        "lng": 26.66656,
        "country": "CD",
        "population": 55118
    },
    "214481": {
        "ids": {
            "geonames": 214481
        },
        "long": {
            "default": "Kananga"
        },
        "parent": 214139,
        "lat": -5.89624,
        "lng": 22.41659,
        "country": "CD",
        "population": 463546
    },
    "214614": {
        "ids": {
            "geonames": 214614
        },
        "long": {
            "default": "Kamina"
        },
        "parent": 205703,
        "lat": -8.73508,
        "lng": 24.99798,
        "country": "CD",
        "population": 73557
    },
    "214974": {
        "ids": {
            "geonames": 214974
        },
        "long": {
            "default": "Kalemie"
        },
        "parent": 205703,
        "lat": -5.94749,
        "lng": 29.19471,
        "country": "CD",
        "population": 146974
    },
    "215527": {
        "ids": {
            "geonames": 215527
        },
        "long": {
            "default": "Kabinda"
        },
        "parent": 214138,
        "lat": -6.13791,
        "lng": 24.48179,
        "country": "CD",
        "population": 59004
    },
    "215771": {
        "ids": {
            "geonames": 215771
        },
        "long": {
            "default": "Isiro"
        },
        "parent": 216139,
        "lat": 2.77391,
        "lng": 27.61603,
        "country": "CD",
        "population": 127076
    },
    "215976": {
        "ids": {
            "geonames": 215976
        },
        "long": {
            "default": "Ilebo"
        },
        "parent": 214139,
        "lat": -4.33111,
        "lng": 20.58638,
        "country": "CD",
        "population": 107093
    },
    "216281": {
        "ids": {
            "geonames": 216281
        },
        "long": {
            "default": "Goma"
        },
        "parent": 206938,
        "lat": -1.67409,
        "lng": 29.22845,
        "country": "CD",
        "population": 144124
    },
    "216404": {
        "ids": {
            "geonames": 216404
        },
        "long": {
            "default": "Gbadolite"
        },
        "parent": 216661,
        "lat": 4.279,
        "lng": 21.00284,
        "country": "CD",
        "population": 50493
    },
    "216449": {
        "ids": {
            "geonames": 216449
        },
        "long": {
            "default": "Gandajika"
        },
        "parent": 214138,
        "lat": -6.74504,
        "lng": 23.95328,
        "country": "CD",
        "population": 154425
    },
    "217562": {
        "ids": {
            "geonames": 217562
        },
        "long": {
            "default": "Butembo"
        },
        "parent": 206938,
        "lat": 0.14164,
        "lng": 29.29117,
        "country": "CD",
        "population": 154621
    },
    "217570": {
        "ids": {
            "geonames": 217570
        },
        "long": {
            "default": "Buta"
        },
        "parent": 216139,
        "lat": 2.78582,
        "lng": 24.72997,
        "country": "CD",
        "population": 50130
    },
    "217695": {
        "ids": {
            "geonames": 217695
        },
        "long": {
            "default": "Bunia"
        },
        "parent": 216139,
        "lat": 1.55941,
        "lng": 30.25224,
        "country": "CD",
        "population": 96764
    },
    "217745": {
        "ids": {
            "geonames": 217745
        },
        "long": {
            "default": "Bumba"
        },
        "parent": 216661,
        "lat": 2.18771,
        "lng": 22.46827,
        "country": "CD",
        "population": 95520
    },
    "217831": {
        "ids": {
            "geonames": 217831
        },
        "long": {
            "default": "Bukavu"
        },
        "parent": 205413,
        "lat": -2.49077,
        "lng": 28.84281,
        "country": "CD",
        "population": 225389
    },
    "219057": {
        "ids": {
            "geonames": 219057
        },
        "long": {
            "default": "Beni"
        },
        "parent": 206938,
        "lat": 0.49113,
        "lng": 29.47306,
        "country": "CD",
        "population": 89648
    },
    "922704": {
        "ids": {
            "geonames": 922704
        },
        "long": {
            "default": "Lubumbashi"
        },
        "parent": 205703,
        "lat": -11.66089,
        "lng": 27.47938,
        "country": "CD",
        "population": 1373770
    },
    "922741": {
        "ids": {
            "geonames": 922741
        },
        "long": {
            "default": "Likasi"
        },
        "parent": 205703,
        "lat": -10.98303,
        "lng": 26.7384,
        "country": "CD",
        "population": 422414
    },
    "922773": {
        "ids": {
            "geonames": 922773
        },
        "long": {
            "default": "Kolwezi"
        },
        "parent": 205703,
        "lat": -10.71484,
        "lng": 25.46674,
        "country": "CD",
        "population": 418000
    },
    "922806": {
        "ids": {
            "geonames": 922806
        },
        "long": {
            "default": "Kipushi"
        },
        "parent": 205703,
        "lat": -11.76097,
        "lng": 27.25135,
        "country": "CD",
        "population": 62332
    },
    "2312888": {
        "ids": {
            "geonames": 2312888
        },
        "long": {
            "default": "Mbanza-Ngungu"
        },
        "parent": 2317277,
        "lat": -5.25837,
        "lng": 14.85838,
        "country": "CD",
        "population": 86356
    },
    "2312895": {
        "ids": {
            "geonames": 2312895
        },
        "long": {
            "default": "Mbandaka"
        },
        "parent": 216661,
        "lat": 0.04865,
        "lng": 18.26034,
        "country": "CD",
        "population": 184185
    },
    "2313002": {
        "ids": {
            "geonames": 2313002
        },
        "long": {
            "default": "Matadi"
        },
        "parent": 2317277,
        "lat": -5.79949,
        "lng": 13.44068,
        "country": "CD",
        "population": 180109
    },
    "2314302": {
        "ids": {
            "geonames": 2314302
        },
        "long": {
            "default": "Kinshasa"
        },
        "parent": 2314300,
        "lat": -4.32758,
        "lng": 15.31357,
        "country": "CD",
        "population": 7785965
    },
    "2314705": {
        "ids": {
            "geonames": 2314705
        },
        "long": {
            "default": "Kikwit"
        },
        "parent": 2317396,
        "lat": -5.04098,
        "lng": 18.81619,
        "country": "CD",
        "population": 186991
    },
    "2315728": {
        "ids": {
            "geonames": 2315728
        },
        "long": {
            "default": "Gemena"
        },
        "parent": 216661,
        "lat": 3.25651,
        "lng": 19.77234,
        "country": "CD",
        "population": 117639
    },
    "2317397": {
        "ids": {
            "geonames": 2317397
        },
        "long": {
            "default": "Bandundu"
        },
        "parent": 2317396,
        "lat": -3.31687,
        "lng": 17.38063,
        "country": "CD",
        "population": 118211
    },
    "2593460": {
        "ids": {
            "geonames": 2593460
        },
        "long": {
            "default": "Masina"
        },
        "parent": 2314300,
        "lat": -4.38361,
        "lng": 15.39139,
        "country": "CD",
        "population": 485167
    }
}