{
    "2384770": {
        "ids": {
            "geonames": 2384770
        },
        "long": {
            "default": "Mbaïki"
        },
        "parent": 2385105,
        "lat": 3.86781,
        "lng": 17.98923,
        "country": "CF",
        "population": 67132
    },
    "2386012": {
        "ids": {
            "geonames": 2386012
        },
        "long": {
            "default": "Kaga Bandoro"
        },
        "parent": 2386243,
        "lat": 6.98961,
        "lng": 19.18744,
        "country": "CF",
        "population": 56520
    },
    "2388873": {
        "ids": {
            "geonames": 2388873
        },
        "long": {
            "default": "Bimbo"
        },
        "parent": 2383765,
        "lat": 4.25671,
        "lng": 18.41583,
        "country": "CF",
        "population": 129655
    },
    "2389086": {
        "ids": {
            "geonames": 2389086
        },
        "long": {
            "default": "Berbérati"
        },
        "parent": 2386161,
        "lat": 4.26116,
        "lng": 15.79216,
        "country": "CF",
        "population": 61815
    },
    "2389853": {
        "ids": {
            "geonames": 2389853
        },
        "long": {
            "default": "Bangui"
        },
        "parent": 2596686,
        "lat": 4.36122,
        "lng": 18.55496,
        "country": "CF",
        "population": 542393
    }
}