{
    "2255414": {
        "ids": {
            "geonames": 2255414
        },
        "long": {
            "default": "Pointe-Noire"
        },
        "parent": 7280295,
        "lat": -4.77609,
        "lng": 11.86352,
        "country": "CG",
        "population": 659084
    },
    "2258261": {
        "ids": {
            "geonames": 2258261
        },
        "long": {
            "default": "Dolisie"
        },
        "parent": 2256175,
        "lat": -4.19834,
        "lng": 12.66664,
        "country": "CG",
        "population": 103894
    },
    "2259383": {
        "ids": {
            "geonames": 2259383
        },
        "long": {
            "default": "Kayes"
        },
        "parent": 2260668,
        "lat": -4.20493,
        "lng": 13.28608,
        "country": "CG",
        "population": 58737
    },
    "2260535": {
        "ids": {
            "geonames": 2260535
        },
        "long": {
            "default": "Brazzaville"
        },
        "parent": 2572183,
        "lat": -4.26613,
        "lng": 15.28318,
        "country": "CG",
        "population": 1284609
    }
}