{
    "2657896": {
        "ids": {
            "geonames": 2657896
        },
        "long": {
            "default": "Zürich"
        },
        "parent": 2657895,
        "lat": 47.36667,
        "lng": 8.55,
        "country": "CH",
        "population": 341730
    },
    "2657970": {
        "ids": {
            "geonames": 2657970
        },
        "long": {
            "default": "Winterthur"
        },
        "parent": 2657895,
        "lat": 47.50564,
        "lng": 8.72413,
        "country": "CH",
        "population": 91908
    },
    "2658822": {
        "ids": {
            "geonames": 2658822
        },
        "long": {
            "default": "Sankt Gallen"
        },
        "parent": 2658821,
        "lat": 47.42391,
        "lng": 9.37477,
        "country": "CH",
        "population": 70572
    },
    "2659811": {
        "ids": {
            "geonames": 2659811
        },
        "long": {
            "default": "Luzern"
        },
        "parent": 2659810,
        "lat": 47.05048,
        "lng": 8.30635,
        "country": "CH",
        "population": 57066
    },
    "2659994": {
        "ids": {
            "geonames": 2659994
        },
        "long": {
            "default": "Lausanne"
        },
        "parent": 2658182,
        "lat": 46.516,
        "lng": 6.63282,
        "country": "CH",
        "population": 116751
    },
    "2660646": {
        "ids": {
            "geonames": 2660646
        },
        "long": {
            "default": "Genève"
        },
        "parent": 2660645,
        "lat": 46.20222,
        "lng": 6.14569,
        "country": "CH",
        "population": 183981
    },
    "2661552": {
        "ids": {
            "geonames": 2661552
        },
        "long": {
            "default": "Bern"
        },
        "parent": 2661551,
        "lat": 46.94809,
        "lng": 7.44744,
        "country": "CH",
        "population": 121631
    },
    "2661604": {
        "ids": {
            "geonames": 2661604
        },
        "long": {
            "default": "Basel"
        },
        "parent": 2661602,
        "lat": 47.55839,
        "lng": 7.57327,
        "country": "CH",
        "population": 164488
    },
    "6295533": {
        "ids": {
            "geonames": 6295533
        },
        "long": {
            "default": "Zürich (Kreis 11)"
        },
        "parent": 2657895,
        "lat": 47.42326,
        "lng": 8.52166,
        "country": "CH",
        "population": 54260
    }
}