{
    "2279755": {
        "ids": {
            "geonames": 2279755
        },
        "long": {
            "default": "Yamoussoukro"
        },
        "parent": 2597324,
        "lat": 6.82055,
        "lng": -5.27674,
        "country": "CI",
        "population": 194530
    },
    "2281606": {
        "ids": {
            "geonames": 2281606
        },
        "long": {
            "default": "Sinfra"
        },
        "parent": 2597325,
        "lat": 6.62103,
        "lng": -5.91144,
        "country": "CI",
        "population": 59919
    },
    "2282006": {
        "ids": {
            "geonames": 2282006
        },
        "long": {
            "default": "San-Pédro"
        },
        "parent": 2597326,
        "lat": 4.74851,
        "lng": -6.6363,
        "country": "CI",
        "population": 196751
    },
    "2282827": {
        "ids": {
            "geonames": 2282827
        },
        "long": {
            "default": "Oumé"
        },
        "parent": 2597330,
        "lat": 6.38309,
        "lng": -5.41759,
        "country": "CI",
        "population": 52070
    },
    "2284647": {
        "ids": {
            "geonames": 2284647
        },
        "long": {
            "default": "Man"
        },
        "parent": 2597323,
        "lat": 7.41251,
        "lng": -7.55383,
        "country": "CI",
        "population": 139341
    },
    "2286304": {
        "ids": {
            "geonames": 2286304
        },
        "long": {
            "default": "Korhogo"
        },
        "parent": 2597320,
        "lat": 9.45803,
        "lng": -5.62961,
        "country": "CI",
        "population": 167359
    },
    "2287298": {
        "ids": {
            "geonames": 2287298
        },
        "long": {
            "default": "Katiola"
        },
        "parent": 2597321,
        "lat": 8.13728,
        "lng": -5.10095,
        "country": "CI",
        "population": 59641
    },
    "2287790": {
        "ids": {
            "geonames": 2287790
        },
        "long": {
            "default": "Issia"
        },
        "parent": 2597319,
        "lat": 6.49224,
        "lng": -6.58558,
        "country": "CI",
        "population": 50313
    },
    "2288115": {
        "ids": {
            "geonames": 2288115
        },
        "long": {
            "default": "Grand-Bassam"
        },
        "parent": 2597317,
        "lat": 5.2118,
        "lng": -3.73884,
        "country": "CI",
        "population": 73772
    },
    "2288829": {
        "ids": {
            "geonames": 2288829
        },
        "long": {
            "default": "Gagnoa"
        },
        "parent": 2597330,
        "lat": 6.13193,
        "lng": -5.9506,
        "country": "CI",
        "population": 123184
    },
    "2289049": {
        "ids": {
            "geonames": 2289049
        },
        "long": {
            "default": "Ferkessédougou"
        },
        "parent": 2597320,
        "lat": 9.5928,
        "lng": -5.19449,
        "country": "CI",
        "population": 62008
    },
    "2289887": {
        "ids": {
            "geonames": 2289887
        },
        "long": {
            "default": "Divo"
        },
        "parent": 2597329,
        "lat": 5.83739,
        "lng": -5.35723,
        "country": "CI",
        "population": 127867
    },
    "2289983": {
        "ids": {
            "geonames": 2289983
        },
        "long": {
            "default": "Dimbokro"
        },
        "parent": 2597324,
        "lat": 6.64678,
        "lng": -4.70519,
        "country": "CI",
        "population": 67349
    },
    "2290462": {
        "ids": {
            "geonames": 2290462
        },
        "long": {
            "default": "Danané"
        },
        "parent": 2597323,
        "lat": 7.25957,
        "lng": -8.15498,
        "country": "CI",
        "population": 53808
    },
    "2290486": {
        "ids": {
            "geonames": 2290486
        },
        "long": {
            "default": "Daloa"
        },
        "parent": 2597319,
        "lat": 6.87735,
        "lng": -6.45022,
        "country": "CI",
        "population": 215652
    },
    "2290582": {
        "ids": {
            "geonames": 2290582
        },
        "long": {
            "default": "Dabou"
        },
        "parent": 2597316,
        "lat": 5.32556,
        "lng": -4.37685,
        "country": "CI",
        "population": 69661
    },
    "2290956": {
        "ids": {
            "geonames": 2290956
        },
        "long": {
            "default": "Bouaké"
        },
        "parent": 2597321,
        "lat": 7.69385,
        "lng": -5.03031,
        "country": "CI",
        "population": 567481
    },
    "2290964": {
        "ids": {
            "geonames": 2290964
        },
        "long": {
            "default": "Bouaflé"
        },
        "parent": 2597332,
        "lat": 6.99041,
        "lng": -5.7442,
        "country": "CI",
        "population": 60962
    },
    "2291136": {
        "ids": {
            "geonames": 2291136
        },
        "long": {
            "default": "Bondoukou"
        },
        "parent": 2597325,
        "lat": 8.0402,
        "lng": -2.80003,
        "country": "CI",
        "population": 58297
    },
    "2291580": {
        "ids": {
            "geonames": 2291580
        },
        "long": {
            "default": "Bingerville"
        },
        "parent": 2597316,
        "lat": 5.35581,
        "lng": -3.88537,
        "country": "CI",
        "population": 50694
    },
    "2292852": {
        "ids": {
            "geonames": 2292852
        },
        "long": {
            "default": "Anyama"
        },
        "parent": 2597316,
        "lat": 5.49462,
        "lng": -4.05183,
        "country": "CI",
        "population": 100653
    },
    "2293268": {
        "ids": {
            "geonames": 2293268
        },
        "long": {
            "default": "Agboville"
        },
        "parent": 2597318,
        "lat": 5.92801,
        "lng": -4.21319,
        "country": "CI",
        "population": 81770
    },
    "2293342": {
        "ids": {
            "geonames": 2293342
        },
        "long": {
            "default": "Adzopé"
        },
        "parent": 2597316,
        "lat": 6.10694,
        "lng": -3.86194,
        "country": "CI",
        "population": 61884
    },
    "2293521": {
        "ids": {
            "geonames": 2293521
        },
        "long": {
            "default": "Abobo"
        },
        "parent": 2597316,
        "lat": 5.41613,
        "lng": -4.0159,
        "country": "CI",
        "population": 900000
    },
    "2293538": {
        "ids": {
            "geonames": 2293538
        },
        "long": {
            "default": "Abidjan"
        },
        "parent": 2597316,
        "lat": 5.30966,
        "lng": -4.01266,
        "country": "CI",
        "population": 3677115
    },
    "2293549": {
        "ids": {
            "geonames": 2293549
        },
        "long": {
            "default": "Abengourou"
        },
        "parent": 2597322,
        "lat": 6.72972,
        "lng": -3.49639,
        "country": "CI",
        "population": 104020
    },
    "2596934": {
        "ids": {
            "geonames": 2596934
        },
        "long": {
            "default": "Séguéla"
        },
        "parent": 2597327,
        "lat": 7.96111,
        "lng": -6.67306,
        "country": "CI",
        "population": 51157
    },
    "2598243": {
        "ids": {
            "geonames": 2598243
        },
        "long": {
            "default": "Soubré"
        },
        "parent": 2597326,
        "lat": 5.78556,
        "lng": -6.60833,
        "country": "CI",
        "population": 58492
    }
}