{
    "3868121": {
        "ids": {
            "geonames": 3868121
        },
        "long": {
            "default": "Viña del Mar"
        },
        "parent": 3868621,
        "lat": -33.02457,
        "lng": -71.55183,
        "country": "CL",
        "population": 294551
    },
    "3868192": {
        "ids": {
            "geonames": 3868192
        },
        "long": {
            "default": "Villa Alemana"
        },
        "parent": 3868621,
        "lat": -33.04222,
        "lng": -71.37333,
        "country": "CL",
        "population": 97320
    },
    "3868626": {
        "ids": {
            "geonames": 3868626
        },
        "long": {
            "default": "Valparaíso"
        },
        "parent": 3868621,
        "lat": -33.03932,
        "lng": -71.62725,
        "country": "CL",
        "population": 282448
    },
    "3868707": {
        "ids": {
            "geonames": 3868707
        },
        "long": {
            "default": "Valdivia"
        },
        "parent": 6693563,
        "lat": -39.81422,
        "lng": -73.24589,
        "country": "CL",
        "population": 133419
    },
    "3870011": {
        "ids": {
            "geonames": 3870011
        },
        "long": {
            "default": "Temuco"
        },
        "parent": 3899463,
        "lat": -38.73965,
        "lng": -72.59842,
        "country": "CL",
        "population": 238129
    },
    "3870282": {
        "ids": {
            "geonames": 3870282
        },
        "long": {
            "default": "Talcahuano"
        },
        "parent": 3898380,
        "lat": -36.72494,
        "lng": -73.11684,
        "country": "CL",
        "population": 252968
    },
    "3870294": {
        "ids": {
            "geonames": 3870294
        },
        "long": {
            "default": "Talca"
        },
        "parent": 3880306,
        "lat": -35.4264,
        "lng": -71.65542,
        "country": "CL",
        "population": 197479
    },
    "3870306": {
        "ids": {
            "geonames": 3870306
        },
        "long": {
            "default": "Talagante"
        },
        "parent": 3873544,
        "lat": -33.66386,
        "lng": -70.92734,
        "country": "CL",
        "population": 51764
    },
    "3871336": {
        "ids": {
            "geonames": 3871336
        },
        "long": {
            "default": "Santiago"
        },
        "parent": 3873544,
        "lat": -33.45694,
        "lng": -70.64827,
        "country": "CL",
        "population": 4837295
    },
    "3872255": {
        "ids": {
            "geonames": 3872255
        },
        "long": {
            "default": "San Felipe"
        },
        "parent": 3868621,
        "lat": -32.74976,
        "lng": -70.72584,
        "country": "CL",
        "population": 59294
    },
    "3872348": {
        "ids": {
            "geonames": 3872348
        },
        "long": {
            "default": "San Bernardo"
        },
        "parent": 3873544,
        "lat": -33.59217,
        "lng": -70.6996,
        "country": "CL",
        "population": 249858
    },
    "3872395": {
        "ids": {
            "geonames": 3872395
        },
        "long": {
            "default": "San Antonio"
        },
        "parent": 3868621,
        "lat": -33.59473,
        "lng": -71.60746,
        "country": "CL",
        "population": 85651
    },
    "3873775": {
        "ids": {
            "geonames": 3873775
        },
        "long": {
            "default": "Rancagua"
        },
        "parent": 3883281,
        "lat": -34.17083,
        "lng": -70.74444,
        "country": "CL",
        "population": 212695
    },
    "3874096": {
        "ids": {
            "geonames": 3874096
        },
        "long": {
            "default": "Quilpué"
        },
        "parent": 3868621,
        "lat": -33.04752,
        "lng": -71.44249,
        "country": "CL",
        "population": 130263
    },
    "3874119": {
        "ids": {
            "geonames": 3874119
        },
        "long": {
            "default": "Quillota"
        },
        "parent": 3868621,
        "lat": -32.88341,
        "lng": -71.24882,
        "country": "CL",
        "population": 67779
    },
    "3874787": {
        "ids": {
            "geonames": 3874787
        },
        "long": {
            "default": "Punta Arenas"
        },
        "parent": 4036650,
        "lat": -53.15483,
        "lng": -70.91129,
        "country": "CL",
        "population": 117430
    },
    "3874960": {
        "ids": {
            "geonames": 3874960
        },
        "long": {
            "default": "Puerto Montt"
        },
        "parent": 3881974,
        "lat": -41.46691,
        "lng": -72.94956,
        "country": "CL",
        "population": 160054
    },
    "3875024": {
        "ids": {
            "geonames": 3875024
        },
        "long": {
            "default": "Puente Alto"
        },
        "parent": 3873544,
        "lat": -33.61169,
        "lng": -70.57577,
        "country": "CL",
        "population": 510417
    },
    "3876685": {
        "ids": {
            "geonames": 3876685
        },
        "long": {
            "default": "Peñaflor"
        },
        "parent": 3873544,
        "lat": -33.60627,
        "lng": -70.87649,
        "country": "CL",
        "population": 65495
    },
    "3877918": {
        "ids": {
            "geonames": 3877918
        },
        "long": {
            "default": "Ovalle"
        },
        "parent": 3893623,
        "lat": -30.60106,
        "lng": -71.19901,
        "country": "CL",
        "population": 77138
    },
    "3877949": {
        "ids": {
            "geonames": 3877949
        },
        "long": {
            "default": "Osorno"
        },
        "parent": 3881974,
        "lat": -40.57395,
        "lng": -73.13348,
        "country": "CL",
        "population": 135773
    },
    "3880107": {
        "ids": {
            "geonames": 3880107
        },
        "long": {
            "default": "Melipilla"
        },
        "parent": 3873544,
        "lat": -33.68909,
        "lng": -71.21528,
        "country": "CL",
        "population": 63100
    },
    "3882428": {
        "ids": {
            "geonames": 3882428
        },
        "long": {
            "default": "Los Ángeles"
        },
        "parent": 3898380,
        "lat": -37.46973,
        "lng": -72.35366,
        "country": "CL",
        "population": 125430
    },
    "3882434": {
        "ids": {
            "geonames": 3882434
        },
        "long": {
            "default": "Los Andes"
        },
        "parent": 3868621,
        "lat": -32.83369,
        "lng": -70.59827,
        "country": "CL",
        "population": 56859
    },
    "3883167": {
        "ids": {
            "geonames": 3883167
        },
        "long": {
            "default": "Linares"
        },
        "parent": 3880306,
        "lat": -35.84667,
        "lng": -71.59308,
        "country": "CL",
        "population": 69535
    },
    "3884373": {
        "ids": {
            "geonames": 3884373
        },
        "long": {
            "default": "La Serena"
        },
        "parent": 3893623,
        "lat": -29.90453,
        "lng": -71.24894,
        "country": "CL",
        "population": 154521
    },
    "3887127": {
        "ids": {
            "geonames": 3887127
        },
        "long": {
            "default": "Iquique"
        },
        "parent": 3870116,
        "lat": -20.22036,
        "lng": -70.13913,
        "country": "CL",
        "population": 227499
    },
    "3892870": {
        "ids": {
            "geonames": 3892870
        },
        "long": {
            "default": "Curicó"
        },
        "parent": 3880306,
        "lat": -34.98279,
        "lng": -71.23943,
        "country": "CL",
        "population": 102438
    },
    "3893532": {
        "ids": {
            "geonames": 3893532
        },
        "long": {
            "default": "Coronel"
        },
        "parent": 3898380,
        "lat": -37.03386,
        "lng": -73.14019,
        "country": "CL",
        "population": 92940
    },
    "3893629": {
        "ids": {
            "geonames": 3893629
        },
        "long": {
            "default": "Coquimbo"
        },
        "parent": 3893623,
        "lat": -29.95332,
        "lng": -71.33947,
        "country": "CL",
        "population": 161317
    },
    "3893656": {
        "ids": {
            "geonames": 3893656
        },
        "long": {
            "default": "Copiapó"
        },
        "parent": 3899191,
        "lat": -27.36679,
        "lng": -70.3314,
        "country": "CL",
        "population": 129280
    },
    "3893894": {
        "ids": {
            "geonames": 3893894
        },
        "long": {
            "default": "Concepción"
        },
        "parent": 3898380,
        "lat": -36.82699,
        "lng": -73.04977,
        "country": "CL",
        "population": 215413
    },
    "3895088": {
        "ids": {
            "geonames": 3895088
        },
        "long": {
            "default": "Chillán"
        },
        "parent": 3898380,
        "lat": -36.60664,
        "lng": -72.10344,
        "country": "CL",
        "population": 150396
    },
    "3895138": {
        "ids": {
            "geonames": 3895138
        },
        "long": {
            "default": "Chiguayante"
        },
        "parent": 3898380,
        "lat": -36.9256,
        "lng": -73.02841,
        "country": "CL",
        "population": 82545
    },
    "3897347": {
        "ids": {
            "geonames": 3897347
        },
        "long": {
            "default": "Calama"
        },
        "parent": 3899537,
        "lat": -22.45591,
        "lng": -68.93015,
        "country": "CL",
        "population": 143084
    },
    "3897774": {
        "ids": {
            "geonames": 3897774
        },
        "long": {
            "default": "Buin"
        },
        "parent": 3873544,
        "lat": -33.73257,
        "lng": -70.74281,
        "country": "CL",
        "population": 55441
    },
    "3899361": {
        "ids": {
            "geonames": 3899361
        },
        "long": {
            "default": "Arica"
        },
        "parent": 6693562,
        "lat": -18.4746,
        "lng": -70.29792,
        "country": "CL",
        "population": 185999
    },
    "3899539": {
        "ids": {
            "geonames": 3899539
        },
        "long": {
            "default": "Antofagasta"
        },
        "parent": 3899537,
        "lat": -23.65236,
        "lng": -70.3954,
        "country": "CL",
        "population": 309832
    },
    "7281017": {
        "ids": {
            "geonames": 7281017
        },
        "long": {
            "default": "La Pintana"
        },
        "parent": 3873544,
        "lat": -33.58331,
        "lng": -70.63419,
        "country": "CL",
        "population": 201178
    },
    "7281020": {
        "ids": {
            "geonames": 7281020
        },
        "long": {
            "default": "Lo Prado"
        },
        "parent": 3873544,
        "lat": -33.4443,
        "lng": -70.72552,
        "country": "CL",
        "population": 104316
    }
}