{
    "2220957": {
        "ids": {
            "geonames": 2220957
        },
        "long": {
            "default": "Yaoundé"
        },
        "parent": 2233376,
        "lat": 3.86667,
        "lng": 11.51667,
        "country": "CM",
        "population": 1299369
    },
    "2221030": {
        "ids": {
            "geonames": 2221030
        },
        "long": {
            "default": "Yagoua"
        },
        "parent": 2231755,
        "lat": 10.34107,
        "lng": 15.23288,
        "country": "CM",
        "population": 80235
    },
    "2221053": {
        "ids": {
            "geonames": 2221053
        },
        "long": {
            "default": "Wum"
        },
        "parent": 2223602,
        "lat": 6.38333,
        "lng": 10.06667,
        "country": "CM",
        "population": 68836
    },
    "2221504": {
        "ids": {
            "geonames": 2221504
        },
        "long": {
            "default": "Tiko"
        },
        "parent": 2221788,
        "lat": 4.075,
        "lng": 9.36005,
        "country": "CM",
        "population": 55914
    },
    "2222230": {
        "ids": {
            "geonames": 2222230
        },
        "long": {
            "default": "Sangmélima"
        },
        "parent": 2221789,
        "lat": 2.93333,
        "lng": 11.98333,
        "country": "CM",
        "population": 54251
    },
    "2223734": {
        "ids": {
            "geonames": 2223734
        },
        "long": {
            "default": "Nkoteng"
        },
        "parent": 2233376,
        "lat": 4.51667,
        "lng": 12.03333,
        "country": "CM",
        "population": 50334
    },
    "2223763": {
        "ids": {
            "geonames": 2223763
        },
        "long": {
            "default": "Nkongsamba"
        },
        "parent": 2229336,
        "lat": 4.9547,
        "lng": 9.9404,
        "country": "CM",
        "population": 117063
    },
    "2224827": {
        "ids": {
            "geonames": 2224827
        },
        "long": {
            "default": "Ngaoundéré"
        },
        "parent": 2236015,
        "lat": 7.32765,
        "lng": 13.58472,
        "country": "CM",
        "population": 231357
    },
    "2225991": {
        "ids": {
            "geonames": 2225991
        },
        "long": {
            "default": "Mora"
        },
        "parent": 2231755,
        "lat": 11.04611,
        "lng": 14.14011,
        "country": "CM",
        "population": 55216
    },
    "2226275": {
        "ids": {
            "geonames": 2226275
        },
        "long": {
            "default": "Mokolo"
        },
        "parent": 2231755,
        "lat": 10.74244,
        "lng": 13.80227,
        "country": "CM",
        "population": 275239
    },
    "2227402": {
        "ids": {
            "geonames": 2227402
        },
        "long": {
            "default": "Meïganga"
        },
        "parent": 2236015,
        "lat": 6.51667,
        "lng": 14.3,
        "country": "CM",
        "population": 80100
    },
    "2227613": {
        "ids": {
            "geonames": 2227613
        },
        "long": {
            "default": "Mbouda"
        },
        "parent": 2222934,
        "lat": 5.62611,
        "lng": 10.25421,
        "country": "CM",
        "population": 111320
    },
    "2228079": {
        "ids": {
            "geonames": 2228079
        },
        "long": {
            "default": "Mbalmayo"
        },
        "parent": 2233376,
        "lat": 3.51667,
        "lng": 11.5,
        "country": "CM",
        "population": 80206
    },
    "2228373": {
        "ids": {
            "geonames": 2228373
        },
        "long": {
            "default": "Maroua"
        },
        "parent": 2231755,
        "lat": 10.59095,
        "lng": 14.31593,
        "country": "CM",
        "population": 319941
    },
    "2229152": {
        "ids": {
            "geonames": 2229152
        },
        "long": {
            "default": "Loum"
        },
        "parent": 2229336,
        "lat": 4.7182,
        "lng": 9.7351,
        "country": "CM",
        "population": 177429
    },
    "2229411": {
        "ids": {
            "geonames": 2229411
        },
        "long": {
            "default": "Limbe"
        },
        "parent": 2221788,
        "lat": 4.0242,
        "lng": 9.2149,
        "country": "CM",
        "population": 72106
    },
    "2229748": {
        "ids": {
            "geonames": 2229748
        },
        "long": {
            "default": "Kumbo"
        },
        "parent": 2223602,
        "lat": 6.2,
        "lng": 10.66667,
        "country": "CM",
        "population": 53970
    },
    "2229752": {
        "ids": {
            "geonames": 2229752
        },
        "long": {
            "default": "Kumba"
        },
        "parent": 2221788,
        "lat": 4.6363,
        "lng": 9.4469,
        "country": "CM",
        "population": 144413
    },
    "2229761": {
        "ids": {
            "geonames": 2229761
        },
        "long": {
            "default": "Kribi"
        },
        "parent": 2221789,
        "lat": 2.93725,
        "lng": 9.90765,
        "country": "CM",
        "population": 55224
    },
    "2229798": {
        "ids": {
            "geonames": 2229798
        },
        "long": {
            "default": "Kousséri"
        },
        "parent": 2231755,
        "lat": 12.07689,
        "lng": 15.03063,
        "country": "CM",
        "population": 435547
    },
    "2230876": {
        "ids": {
            "geonames": 2230876
        },
        "long": {
            "default": "Guider"
        },
        "parent": 2223603,
        "lat": 9.9333,
        "lng": 13.94671,
        "country": "CM",
        "population": 84647
    },
    "2231320": {
        "ids": {
            "geonames": 2231320
        },
        "long": {
            "default": "Garoua"
        },
        "parent": 2223603,
        "lat": 9.30143,
        "lng": 13.39771,
        "country": "CM",
        "population": 436899
    },
    "2231504": {
        "ids": {
            "geonames": 2231504
        },
        "long": {
            "default": "Foumbot"
        },
        "parent": 2222934,
        "lat": 5.50803,
        "lng": 10.6325,
        "country": "CM",
        "population": 84065
    },
    "2231506": {
        "ids": {
            "geonames": 2231506
        },
        "long": {
            "default": "Foumban"
        },
        "parent": 2222934,
        "lat": 5.72662,
        "lng": 10.89865,
        "country": "CM",
        "population": 92673
    },
    "2232239": {
        "ids": {
            "geonames": 2232239
        },
        "long": {
            "default": "Edéa"
        },
        "parent": 2229336,
        "lat": 3.8,
        "lng": 10.13333,
        "country": "CM",
        "population": 203149
    },
    "2232283": {
        "ids": {
            "geonames": 2232283
        },
        "long": {
            "default": "Ébolowa"
        },
        "parent": 2221789,
        "lat": 2.9,
        "lng": 11.15,
        "country": "CM",
        "population": 87875
    },
    "2232444": {
        "ids": {
            "geonames": 2232444
        },
        "long": {
            "default": "Dschang"
        },
        "parent": 2222934,
        "lat": 5.44397,
        "lng": 10.05332,
        "country": "CM",
        "population": 96112
    },
    "2232593": {
        "ids": {
            "geonames": 2232593
        },
        "long": {
            "default": "Douala"
        },
        "parent": 2229336,
        "lat": 4.04827,
        "lng": 9.70428,
        "country": "CM",
        "population": 1338082
    },
    "2234359": {
        "ids": {
            "geonames": 2234359
        },
        "long": {
            "default": "Bertoua"
        },
        "parent": 2231835,
        "lat": 4.57728,
        "lng": 13.68459,
        "country": "CM",
        "population": 218111
    },
    "2234865": {
        "ids": {
            "geonames": 2234865
        },
        "long": {
            "default": "Bangangté"
        },
        "parent": 2222934,
        "lat": 5.14079,
        "lng": 10.52535,
        "country": "CM",
        "population": 65385
    },
    "2234974": {
        "ids": {
            "geonames": 2234974
        },
        "long": {
            "default": "Bamenda"
        },
        "parent": 2223602,
        "lat": 5.9597,
        "lng": 10.14597,
        "country": "CM",
        "population": 393835
    },
    "2235029": {
        "ids": {
            "geonames": 2235029
        },
        "long": {
            "default": "Bali"
        },
        "parent": 2223602,
        "lat": 5.88737,
        "lng": 10.01176,
        "country": "CM",
        "population": 72606
    },
    "2235189": {
        "ids": {
            "geonames": 2235189
        },
        "long": {
            "default": "Bafoussam"
        },
        "parent": 2222934,
        "lat": 5.47775,
        "lng": 10.41759,
        "country": "CM",
        "population": 290768
    },
    "2235194": {
        "ids": {
            "geonames": 2235194
        },
        "long": {
            "default": "Bafia"
        },
        "parent": 2233376,
        "lat": 4.75,
        "lng": 11.23333,
        "country": "CM",
        "population": 69270
    },
    "2235196": {
        "ids": {
            "geonames": 2235196
        },
        "long": {
            "default": "Bafang"
        },
        "parent": 2222934,
        "lat": 5.15705,
        "lng": 10.1771,
        "country": "CM",
        "population": 80688
    }
}