{
    "3665542": {
        "ids": {
            "geonames": 3665542
        },
        "long": {
            "default": "Zipaquirá"
        },
        "parent": 3685413,
        "lat": 5.02208,
        "lng": -74.00481,
        "country": "CO",
        "population": 91235
    },
    "3665657": {
        "ids": {
            "geonames": 3665657
        },
        "long": {
            "default": "Yumbo"
        },
        "parent": 3666313,
        "lat": 3.58234,
        "lng": -76.49146,
        "country": "CO",
        "population": 71436
    },
    "3665688": {
        "ids": {
            "geonames": 3665688
        },
        "long": {
            "default": "Yopal"
        },
        "parent": 3687173,
        "lat": 5.33775,
        "lng": -72.39586,
        "country": "CO",
        "population": 61029
    },
    "3665900": {
        "ids": {
            "geonames": 3665900
        },
        "long": {
            "default": "Villavicencio"
        },
        "parent": 3674810,
        "lat": 4.142,
        "lng": -73.62664,
        "country": "CO",
        "population": 321717
    },
    "3665913": {
        "ids": {
            "geonames": 3665913
        },
        "long": {
            "default": "Villa del Rosario"
        },
        "parent": 3673798,
        "lat": 7.83389,
        "lng": -72.47417,
        "country": "CO",
        "population": 64951
    },
    "3666304": {
        "ids": {
            "geonames": 3666304
        },
        "long": {
            "default": "Valledupar"
        },
        "parent": 3686880,
        "lat": 10.46314,
        "lng": -73.25322,
        "country": "CO",
        "population": 308237
    },
    "3666570": {
        "ids": {
            "geonames": 3666570
        },
        "long": {
            "default": "Turbo"
        },
        "parent": 3689815,
        "lat": 8.09263,
        "lng": -76.72822,
        "country": "CO",
        "population": 50508
    },
    "3666577": {
        "ids": {
            "geonames": 3666577
        },
        "long": {
            "default": "Turbaco"
        },
        "parent": 3688650,
        "lat": 10.32944,
        "lng": -75.41137,
        "country": "CO",
        "population": 56171
    },
    "3666608": {
        "ids": {
            "geonames": 3666608
        },
        "long": {
            "default": "Tunja"
        },
        "parent": 3688536,
        "lat": 5.53528,
        "lng": -73.36778,
        "country": "CO",
        "population": 117479
    },
    "3666640": {
        "ids": {
            "geonames": 3666640
        },
        "long": {
            "default": "Tumaco"
        },
        "parent": 3674021,
        "lat": 1.79861,
        "lng": -78.81556,
        "country": "CO",
        "population": 86713
    },
    "3666645": {
        "ids": {
            "geonames": 3666645
        },
        "long": {
            "default": "Tuluá"
        },
        "parent": 3666313,
        "lat": 4.08466,
        "lng": -76.19536,
        "country": "CO",
        "population": 165501
    },
    "3667849": {
        "ids": {
            "geonames": 3667849
        },
        "long": {
            "default": "Soledad"
        },
        "parent": 3689436,
        "lat": 10.91843,
        "lng": -74.76459,
        "country": "CO",
        "population": 342556
    },
    "3667873": {
        "ids": {
            "geonames": 3667873
        },
        "long": {
            "default": "Sogamoso"
        },
        "parent": 3688536,
        "lat": 5.71434,
        "lng": -72.93391,
        "country": "CO",
        "population": 126551
    },
    "3667905": {
        "ids": {
            "geonames": 3667905
        },
        "long": {
            "default": "Soacha"
        },
        "parent": 3685413,
        "lat": 4.57937,
        "lng": -74.21682,
        "country": "CO",
        "population": 313945
    },
    "3667983": {
        "ids": {
            "geonames": 3667983
        },
        "long": {
            "default": "Sincelejo"
        },
        "parent": 3667725,
        "lat": 9.30472,
        "lng": -75.39778,
        "country": "CO",
        "population": 261187
    },
    "3668454": {
        "ids": {
            "geonames": 3668454
        },
        "long": {
            "default": "Santa Rosa de Cabal"
        },
        "parent": 3670698,
        "lat": 4.86806,
        "lng": -75.62139,
        "country": "CO",
        "population": 57928
    },
    "3668605": {
        "ids": {
            "geonames": 3668605
        },
        "long": {
            "default": "Santa Marta"
        },
        "parent": 3675686,
        "lat": 11.24079,
        "lng": -74.19904,
        "country": "CO",
        "population": 431781
    },
    "3670218": {
        "ids": {
            "geonames": 3670218
        },
        "long": {
            "default": "San Andrés"
        },
        "parent": 3670205,
        "lat": 12.58472,
        "lng": -81.70056,
        "country": "CO",
        "population": 58257
    },
    "3670419": {
        "ids": {
            "geonames": 3670419
        },
        "long": {
            "default": "Sahagún"
        },
        "parent": 3685889,
        "lat": 8.94617,
        "lng": -75.44275,
        "country": "CO",
        "population": 59188
    },
    "3670502": {
        "ids": {
            "geonames": 3670502
        },
        "long": {
            "default": "Sabanalarga"
        },
        "parent": 3689436,
        "lat": 10.62962,
        "lng": -74.92063,
        "country": "CO",
        "population": 68535
    },
    "3670730": {
        "ids": {
            "geonames": 3670730
        },
        "long": {
            "default": "Rionegro"
        },
        "parent": 3689815,
        "lat": 6.15515,
        "lng": -75.37371,
        "country": "CO",
        "population": 62291
    },
    "3670745": {
        "ids": {
            "geonames": 3670745
        },
        "long": {
            "default": "Ríohacha"
        },
        "parent": 3678847,
        "lat": 11.54444,
        "lng": -72.90722,
        "country": "CO",
        "population": 92431
    },
    "3671116": {
        "ids": {
            "geonames": 3671116
        },
        "long": {
            "default": "Quibdó"
        },
        "parent": 3686431,
        "lat": 5.69188,
        "lng": -76.65835,
        "country": "CO",
        "population": 75104
    },
    "3671315": {
        "ids": {
            "geonames": 3671315
        },
        "long": {
            "default": "Puerto Tejada"
        },
        "parent": 3687029,
        "lat": 3.23114,
        "lng": -76.41668,
        "country": "CO",
        "population": 53674
    },
    "3671916": {
        "ids": {
            "geonames": 3671916
        },
        "long": {
            "default": "Popayán"
        },
        "parent": 3687029,
        "lat": 2.43823,
        "lng": -76.61316,
        "country": "CO",
        "population": 258653
    },
    "3672110": {
        "ids": {
            "geonames": 3672110
        },
        "long": {
            "default": "Pitalito"
        },
        "parent": 3680692,
        "lat": 1.85371,
        "lng": -76.05071,
        "country": "CO",
        "population": 53685
    },
    "3672328": {
        "ids": {
            "geonames": 3672328
        },
        "long": {
            "default": "Piedecuesta"
        },
        "parent": 3668578,
        "lat": 6.98789,
        "lng": -73.04953,
        "country": "CO",
        "population": 86387
    },
    "3672486": {
        "ids": {
            "geonames": 3672486
        },
        "long": {
            "default": "Pereira"
        },
        "parent": 3670698,
        "lat": 4.81333,
        "lng": -75.69611,
        "country": "CO",
        "population": 440118
    },
    "3672778": {
        "ids": {
            "geonames": 3672778
        },
        "long": {
            "default": "Pasto"
        },
        "parent": 3674021,
        "lat": 1.21361,
        "lng": -77.28111,
        "country": "CO",
        "population": 382236
    },
    "3673045": {
        "ids": {
            "geonames": 3673045
        },
        "long": {
            "default": "Pamplona"
        },
        "parent": 3673798,
        "lat": 7.37565,
        "lng": -72.64795,
        "country": "CO",
        "population": 53587
    },
    "3673164": {
        "ids": {
            "geonames": 3673164
        },
        "long": {
            "default": "Palmira"
        },
        "parent": 3666313,
        "lat": 3.53944,
        "lng": -76.30361,
        "country": "CO",
        "population": 247986
    },
    "3673662": {
        "ids": {
            "geonames": 3673662
        },
        "long": {
            "default": "Ocaña"
        },
        "parent": 3673798,
        "lat": 8.23773,
        "lng": -73.35604,
        "country": "CO",
        "population": 83511
    },
    "3673899": {
        "ids": {
            "geonames": 3673899
        },
        "long": {
            "default": "Neiva"
        },
        "parent": 3680692,
        "lat": 2.9273,
        "lng": -75.28189,
        "country": "CO",
        "population": 352855
    },
    "3674453": {
        "ids": {
            "geonames": 3674453
        },
        "long": {
            "default": "Montería"
        },
        "parent": 3685889,
        "lat": 8.74798,
        "lng": -75.88143,
        "country": "CO",
        "population": 272420
    },
    "3674470": {
        "ids": {
            "geonames": 3674470
        },
        "long": {
            "default": "Montelíbano"
        },
        "parent": 3685889,
        "lat": 7.97917,
        "lng": -75.4202,
        "country": "CO",
        "population": 85000
    },
    "3674962": {
        "ids": {
            "geonames": 3674962
        },
        "long": {
            "default": "Medellín"
        },
        "parent": 3689815,
        "lat": 6.25184,
        "lng": -75.56359,
        "country": "CO",
        "population": 1999979
    },
    "3675443": {
        "ids": {
            "geonames": 3675443
        },
        "long": {
            "default": "Manizales"
        },
        "parent": 3687951,
        "lat": 5.06889,
        "lng": -75.51738,
        "country": "CO",
        "population": 357814
    },
    "3675595": {
        "ids": {
            "geonames": 3675595
        },
        "long": {
            "default": "Malambo"
        },
        "parent": 3689436,
        "lat": 10.85953,
        "lng": -74.77386,
        "country": "CO",
        "population": 101534
    },
    "3675657": {
        "ids": {
            "geonames": 3675657
        },
        "long": {
            "default": "Maicao"
        },
        "parent": 3678847,
        "lat": 11.38321,
        "lng": -72.24321,
        "country": "CO",
        "population": 130348
    },
    "3675692": {
        "ids": {
            "geonames": 3675692
        },
        "long": {
            "default": "Magangué"
        },
        "parent": 3688650,
        "lat": 9.24202,
        "lng": -74.75467,
        "country": "CO",
        "population": 100313
    },
    "3675707": {
        "ids": {
            "geonames": 3675707
        },
        "long": {
            "default": "Madrid"
        },
        "parent": 3685413,
        "lat": 4.73245,
        "lng": -74.26419,
        "country": "CO",
        "population": 50437
    },
    "3675975": {
        "ids": {
            "geonames": 3675975
        },
        "long": {
            "default": "Los Patios"
        },
        "parent": 3673798,
        "lat": 7.83793,
        "lng": -72.5037,
        "country": "CO",
        "population": 58661
    },
    "3679277": {
        "ids": {
            "geonames": 3679277
        },
        "long": {
            "default": "La Dorada"
        },
        "parent": 3687951,
        "lat": 5.44783,
        "lng": -74.66311,
        "country": "CO",
        "population": 81950
    },
    "3680450": {
        "ids": {
            "geonames": 3680450
        },
        "long": {
            "default": "Itagüí"
        },
        "parent": 3689815,
        "lat": 6.18461,
        "lng": -75.59913,
        "country": "CO",
        "population": 281853
    },
    "3680539": {
        "ids": {
            "geonames": 3680539
        },
        "long": {
            "default": "Ipiales"
        },
        "parent": 3674021,
        "lat": 0.83018,
        "lng": -77.64959,
        "country": "CO",
        "population": 77729
    },
    "3680656": {
        "ids": {
            "geonames": 3680656
        },
        "long": {
            "default": "Ibagué"
        },
        "parent": 3666951,
        "lat": 4.43889,
        "lng": -75.23222,
        "country": "CO",
        "population": 421685
    },
    "3682018": {
        "ids": {
            "geonames": 3682018
        },
        "long": {
            "default": "Girón"
        },
        "parent": 3668578,
        "lat": 7.0682,
        "lng": -73.16981,
        "country": "CO",
        "population": 108466
    },
    "3682028": {
        "ids": {
            "geonames": 3682028
        },
        "long": {
            "default": "Girardot City"
        },
        "parent": 3685413,
        "lat": 4.30079,
        "lng": -74.80754,
        "country": "CO",
        "population": 130289
    },
    "3682274": {
        "ids": {
            "geonames": 3682274
        },
        "long": {
            "default": "Fusagasuga"
        },
        "parent": 3685413,
        "lat": 4.33646,
        "lng": -74.36378,
        "country": "CO",
        "population": 88820
    },
    "3682281": {
        "ids": {
            "geonames": 3682281
        },
        "long": {
            "default": "Funza"
        },
        "parent": 3685413,
        "lat": 4.71638,
        "lng": -74.21195,
        "country": "CO",
        "population": 54421
    },
    "3682292": {
        "ids": {
            "geonames": 3682292
        },
        "long": {
            "default": "Fundación"
        },
        "parent": 3675686,
        "lat": 10.52066,
        "lng": -74.18504,
        "country": "CO",
        "population": 59175
    },
    "3682385": {
        "ids": {
            "geonames": 3682385
        },
        "long": {
            "default": "Floridablanca"
        },
        "parent": 3668578,
        "lat": 7.06222,
        "lng": -73.08644,
        "country": "CO",
        "population": 252267
    },
    "3682426": {
        "ids": {
            "geonames": 3682426
        },
        "long": {
            "default": "Florencia"
        },
        "parent": 3687479,
        "lat": 1.61438,
        "lng": -75.60623,
        "country": "CO",
        "population": 130337
    },
    "3682516": {
        "ids": {
            "geonames": 3682516
        },
        "long": {
            "default": "Facatativá"
        },
        "parent": 3685413,
        "lat": 4.81367,
        "lng": -74.35453,
        "country": "CO",
        "population": 94611
    },
    "3682573": {
        "ids": {
            "geonames": 3682573
        },
        "long": {
            "default": "Espinal"
        },
        "parent": 3666951,
        "lat": 4.14924,
        "lng": -74.88429,
        "country": "CO",
        "population": 56213
    },
    "3682631": {
        "ids": {
            "geonames": 3682631
        },
        "long": {
            "default": "Envigado"
        },
        "parent": 3689815,
        "lat": 6.17591,
        "lng": -75.59174,
        "country": "CO",
        "population": 163007
    },
    "3684917": {
        "ids": {
            "geonames": 3684917
        },
        "long": {
            "default": "El Banco"
        },
        "parent": 3675686,
        "lat": 9.00114,
        "lng": -73.97581,
        "country": "CO",
        "population": 54522
    },
    "3685084": {
        "ids": {
            "geonames": 3685084
        },
        "long": {
            "default": "Duitama"
        },
        "parent": 3688536,
        "lat": 5.8245,
        "lng": -73.03408,
        "country": "CO",
        "population": 92040
    },
    "3685095": {
        "ids": {
            "geonames": 3685095
        },
        "long": {
            "default": "Dos Quebradas"
        },
        "parent": 3670698,
        "lat": 4.83916,
        "lng": -75.66727,
        "country": "CO",
        "population": 179583
    },
    "3685533": {
        "ids": {
            "geonames": 3685533
        },
        "long": {
            "default": "Cúcuta"
        },
        "parent": 3673798,
        "lat": 7.89391,
        "lng": -72.50782,
        "country": "CO",
        "population": 721398
    },
    "3686279": {
        "ids": {
            "geonames": 3686279
        },
        "long": {
            "default": "Ciénaga"
        },
        "parent": 3675686,
        "lat": 11.00703,
        "lng": -74.24765,
        "country": "CO",
        "population": 88311
    },
    "3686561": {
        "ids": {
            "geonames": 3686561
        },
        "long": {
            "default": "Chinchiná"
        },
        "parent": 3687951,
        "lat": 4.9825,
        "lng": -75.60361,
        "country": "CO",
        "population": 68512
    },
    "3686675": {
        "ids": {
            "geonames": 3686675
        },
        "long": {
            "default": "Chía"
        },
        "parent": 3685413,
        "lat": 4.85876,
        "lng": -74.05866,
        "country": "CO",
        "population": 64569
    },
    "3686922": {
        "ids": {
            "geonames": 3686922
        },
        "long": {
            "default": "Cereté"
        },
        "parent": 3685889,
        "lat": 8.88479,
        "lng": -75.79052,
        "country": "CO",
        "population": 55513
    },
    "3687025": {
        "ids": {
            "geonames": 3687025
        },
        "long": {
            "default": "Caucasia"
        },
        "parent": 3689815,
        "lat": 7.98654,
        "lng": -75.19349,
        "country": "CO",
        "population": 58034
    },
    "3687230": {
        "ids": {
            "geonames": 3687230
        },
        "long": {
            "default": "Cartago"
        },
        "parent": 3666313,
        "lat": 4.74639,
        "lng": -75.91167,
        "country": "CO",
        "population": 134827
    },
    "3687238": {
        "ids": {
            "geonames": 3687238
        },
        "long": {
            "default": "Cartagena"
        },
        "parent": 3688650,
        "lat": 10.39972,
        "lng": -75.51444,
        "country": "CO",
        "population": 952024
    },
    "3687925": {
        "ids": {
            "geonames": 3687925
        },
        "long": {
            "default": "Cali"
        },
        "parent": 3666313,
        "lat": 3.43722,
        "lng": -76.5225,
        "country": "CO",
        "population": 2392877
    },
    "3687952": {
        "ids": {
            "geonames": 3687952
        },
        "long": {
            "default": "Caldas"
        },
        "parent": 3689815,
        "lat": 6.09106,
        "lng": -75.63569,
        "country": "CO",
        "population": 65565
    },
    "3687964": {
        "ids": {
            "geonames": 3687964
        },
        "long": {
            "default": "Calarcá"
        },
        "parent": 3671087,
        "lat": 4.52949,
        "lng": -75.64091,
        "country": "CO",
        "population": 62170
    },
    "3688256": {
        "ids": {
            "geonames": 3688256
        },
        "long": {
            "default": "Buga"
        },
        "parent": 3666313,
        "lat": 3.90089,
        "lng": -76.29783,
        "country": "CO",
        "population": 118004
    },
    "3688451": {
        "ids": {
            "geonames": 3688451
        },
        "long": {
            "default": "Buenaventura"
        },
        "parent": 3666313,
        "lat": 3.8801,
        "lng": -77.03116,
        "country": "CO",
        "population": 240387
    },
    "3688465": {
        "ids": {
            "geonames": 3688465
        },
        "long": {
            "default": "Bucaramanga"
        },
        "parent": 3668578,
        "lat": 7.12539,
        "lng": -73.1198,
        "country": "CO",
        "population": 571820
    },
    "3688689": {
        "ids": {
            "geonames": 3688689
        },
        "long": {
            "default": "Bogotá"
        },
        "parent": 3688685,
        "lat": 4.60971,
        "lng": -74.08175,
        "country": "CO",
        "population": 7674366
    },
    "3688928": {
        "ids": {
            "geonames": 3688928
        },
        "long": {
            "default": "Bello"
        },
        "parent": 3689815,
        "lat": 6.33732,
        "lng": -75.55795,
        "country": "CO",
        "population": 392939
    },
    "3689147": {
        "ids": {
            "geonames": 3689147
        },
        "long": {
            "default": "Barranquilla"
        },
        "parent": 3689436,
        "lat": 10.96854,
        "lng": -74.78132,
        "country": "CO",
        "population": 1380425
    },
    "3689169": {
        "ids": {
            "geonames": 3689169
        },
        "long": {
            "default": "Barrancabermeja"
        },
        "parent": 3668578,
        "lat": 7.06528,
        "lng": -73.85472,
        "country": "CO",
        "population": 191403
    },
    "3689560": {
        "ids": {
            "geonames": 3689560
        },
        "long": {
            "default": "Armenia"
        },
        "parent": 3671087,
        "lat": 4.53389,
        "lng": -75.68111,
        "country": "CO",
        "population": 315328
    },
    "3689570": {
        "ids": {
            "geonames": 3689570
        },
        "long": {
            "default": "Arjona"
        },
        "parent": 3688650,
        "lat": 10.25444,
        "lng": -75.34389,
        "country": "CO",
        "population": 50405
    },
    "3689718": {
        "ids": {
            "geonames": 3689718
        },
        "long": {
            "default": "Arauca"
        },
        "parent": 3689717,
        "lat": 7.08471,
        "lng": -70.75908,
        "country": "CO",
        "population": 69264
    },
    "3689798": {
        "ids": {
            "geonames": 3689798
        },
        "long": {
            "default": "Apartadó"
        },
        "parent": 3689815,
        "lat": 7.88299,
        "lng": -76.62587,
        "country": "CO",
        "population": 86438
    },
    "3690465": {
        "ids": {
            "geonames": 3690465
        },
        "long": {
            "default": "Aguachica"
        },
        "parent": 3686880,
        "lat": 8.30844,
        "lng": -73.6166,
        "country": "CO",
        "population": 73360
    },
    "3792383": {
        "ids": {
            "geonames": 3792383
        },
        "long": {
            "default": "Agustín Codazzi"
        },
        "parent": 3686880,
        "lat": 10.03672,
        "lng": -73.23558,
        "country": "CO",
        "population": 51478
    }
}