{
    "3621849": {
        "ids": {
            "geonames": 3621849
        },
        "long": {
            "default": "San José"
        },
        "parent": 3621837,
        "lat": 9.93333,
        "lng": -84.08333,
        "country": "CR",
        "population": 335007
    },
    "3621911": {
        "ids": {
            "geonames": 3621911
        },
        "long": {
            "default": "San Francisco"
        },
        "parent": 3623484,
        "lat": 9.99299,
        "lng": -84.12934,
        "country": "CR",
        "population": 55923
    },
    "3622247": {
        "ids": {
            "geonames": 3622247
        },
        "long": {
            "default": "Limón"
        },
        "parent": 3623064,
        "lat": 9.99074,
        "lng": -83.03596,
        "country": "CR",
        "population": 63081
    }
}