{
    "3534915": {
        "ids": {
            "geonames": 3534915
        },
        "long": {
            "default": "Trinidad"
        },
        "parent": 3540665,
        "lat": 21.80224,
        "lng": -79.98467,
        "country": "CU",
        "population": 60206
    },
    "3536729": {
        "ids": {
            "geonames": 3536729
        },
        "long": {
            "default": "Santiago de Cuba"
        },
        "parent": 3536725,
        "lat": 20.02083,
        "lng": -75.82667,
        "country": "CU",
        "population": 555865
    },
    "3537906": {
        "ids": {
            "geonames": 3537906
        },
        "long": {
            "default": "Santa Clara"
        },
        "parent": 3534168,
        "lat": 22.40694,
        "lng": -79.96472,
        "country": "CU",
        "population": 250512
    },
    "3538803": {
        "ids": {
            "geonames": 3538803
        },
        "long": {
            "default": "San Miguel del Padrón"
        },
        "parent": 3564073,
        "lat": 23.06639,
        "lng": -82.29472,
        "country": "CU",
        "population": 159273
    },
    "3539093": {
        "ids": {
            "geonames": 3539093
        },
        "long": {
            "default": "San Luis"
        },
        "parent": 3536725,
        "lat": 20.18809,
        "lng": -75.85031,
        "country": "CU",
        "population": 67293
    },
    "3539560": {
        "ids": {
            "geonames": 3539560
        },
        "long": {
            "default": "San José de las Lajas"
        },
        "parent": 7668827,
        "lat": 22.96139,
        "lng": -82.15111,
        "country": "CU",
        "population": 54847
    },
    "3540667": {
        "ids": {
            "geonames": 3540667
        },
        "long": {
            "default": "Sancti Spíritus"
        },
        "parent": 3540665,
        "lat": 21.92972,
        "lng": -79.4425,
        "country": "CU",
        "population": 127069
    },
    "3540680": {
        "ids": {
            "geonames": 3540680
        },
        "long": {
            "default": "San Cristobal"
        },
        "parent": 7668824,
        "lat": 22.71658,
        "lng": -83.05647,
        "country": "CU",
        "population": 59579
    },
    "3541440": {
        "ids": {
            "geonames": 3541440
        },
        "long": {
            "default": "Sagua la Grande"
        },
        "parent": 3534168,
        "lat": 22.80667,
        "lng": -80.07556,
        "country": "CU",
        "population": 62073
    },
    "3543299": {
        "ids": {
            "geonames": 3543299
        },
        "long": {
            "default": "Puerto Padre"
        },
        "parent": 3550595,
        "lat": 21.19517,
        "lng": -76.60358,
        "country": "CU",
        "population": 76838
    },
    "3543961": {
        "ids": {
            "geonames": 3543961
        },
        "long": {
            "default": "Placetas"
        },
        "parent": 3534168,
        "lat": 22.31184,
        "lng": -79.6544,
        "country": "CU",
        "population": 55408
    },
    "3544091": {
        "ids": {
            "geonames": 3544091
        },
        "long": {
            "default": "Pinar del Río"
        },
        "parent": 3544088,
        "lat": 22.41667,
        "lng": -83.69667,
        "country": "CU",
        "population": 186990
    },
    "3545064": {
        "ids": {
            "geonames": 3545064
        },
        "long": {
            "default": "Palma Soriano"
        },
        "parent": 3536725,
        "lat": 20.2113,
        "lng": -75.99362,
        "country": "CU",
        "population": 102826
    },
    "3545841": {
        "ids": {
            "geonames": 3545841
        },
        "long": {
            "default": "Nuevitas"
        },
        "parent": 3566062,
        "lat": 21.54585,
        "lng": -77.26504,
        "country": "CU",
        "population": 54022
    },
    "3546434": {
        "ids": {
            "geonames": 3546434
        },
        "long": {
            "default": "Morón"
        },
        "parent": 3564175,
        "lat": 22.10774,
        "lng": -78.62667,
        "country": "CU",
        "population": 66060
    },
    "3546791": {
        "ids": {
            "geonames": 3546791
        },
        "long": {
            "default": "Moa"
        },
        "parent": 3556965,
        "lat": 20.65776,
        "lng": -74.95075,
        "country": "CU",
        "population": 92852
    },
    "3547398": {
        "ids": {
            "geonames": 3547398
        },
        "long": {
            "default": "Matanzas"
        },
        "parent": 3547394,
        "lat": 23.04111,
        "lng": -81.5775,
        "country": "CU",
        "population": 146733
    },
    "3547867": {
        "ids": {
            "geonames": 3547867
        },
        "long": {
            "default": "Manzanillo"
        },
        "parent": 3558052,
        "lat": 20.34173,
        "lng": -77.12126,
        "country": "CU",
        "population": 128188
    },
    "3550598": {
        "ids": {
            "geonames": 3550598
        },
        "long": {
            "default": "Las Tunas"
        },
        "parent": 3550595,
        "lat": 20.96167,
        "lng": -76.95111,
        "country": "CU",
        "population": 203684
    },
    "3553478": {
        "ids": {
            "geonames": 3553478
        },
        "long": {
            "default": "Havana"
        },
        "parent": 3564073,
        "lat": 23.13302,
        "lng": -82.38304,
        "country": "CU",
        "population": 2163824
    },
    "3556268": {
        "ids": {
            "geonames": 3556268
        },
        "long": {
            "default": "Jesús Menéndez"
        },
        "parent": 3550595,
        "lat": 21.16139,
        "lng": -76.47919,
        "country": "CU",
        "population": 51002
    },
    "3556437": {
        "ids": {
            "geonames": 3556437
        },
        "long": {
            "default": "Jagüey Grande"
        },
        "parent": 3547394,
        "lat": 22.52694,
        "lng": -81.12861,
        "country": "CU",
        "population": 54363
    },
    "3556969": {
        "ids": {
            "geonames": 3556969
        },
        "long": {
            "default": "Holguín"
        },
        "parent": 3556965,
        "lat": 20.88722,
        "lng": -76.26306,
        "country": "CU",
        "population": 319102
    },
    "3557347": {
        "ids": {
            "geonames": 3557347
        },
        "long": {
            "default": "Güira de Melena"
        },
        "parent": 7668824,
        "lat": 22.79613,
        "lng": -82.50667,
        "country": "CU",
        "population": 69879
    },
    "3557378": {
        "ids": {
            "geonames": 3557378
        },
        "long": {
            "default": "Güines"
        },
        "parent": 7668827,
        "lat": 22.83727,
        "lng": -82.02641,
        "country": "CU",
        "population": 68935
    },
    "3557689": {
        "ids": {
            "geonames": 3557689
        },
        "long": {
            "default": "Guantánamo"
        },
        "parent": 3557685,
        "lat": 20.14444,
        "lng": -75.20917,
        "country": "CU",
        "population": 272801
    },
    "3557846": {
        "ids": {
            "geonames": 3557846
        },
        "long": {
            "default": "Guanabacoa"
        },
        "parent": 3564073,
        "lat": 23.1236,
        "lng": -82.30082,
        "country": "CU",
        "population": 112964
    },
    "3558771": {
        "ids": {
            "geonames": 3558771
        },
        "long": {
            "default": "Florida"
        },
        "parent": 3566062,
        "lat": 21.52536,
        "lng": -78.22579,
        "country": "CU",
        "population": 63007
    },
    "3563317": {
        "ids": {
            "geonames": 3563317
        },
        "long": {
            "default": "Corralillo"
        },
        "parent": 3534168,
        "lat": 22.98212,
        "lng": -80.58556,
        "country": "CU",
        "population": 51881
    },
    "3563504": {
        "ids": {
            "geonames": 3563504
        },
        "long": {
            "default": "Contramaestre"
        },
        "parent": 3536725,
        "lat": 20.29879,
        "lng": -76.24511,
        "country": "CU",
        "population": 70438
    },
    "3563559": {
        "ids": {
            "geonames": 3563559
        },
        "long": {
            "default": "Consolación del Sur"
        },
        "parent": 3544088,
        "lat": 22.50419,
        "lng": -83.51442,
        "country": "CU",
        "population": 69857
    },
    "3563843": {
        "ids": {
            "geonames": 3563843
        },
        "long": {
            "default": "Colón"
        },
        "parent": 3547394,
        "lat": 22.72064,
        "lng": -80.90492,
        "country": "CU",
        "population": 63882
    },
    "3564124": {
        "ids": {
            "geonames": 3564124
        },
        "long": {
            "default": "Cienfuegos"
        },
        "parent": 3564120,
        "lat": 22.14957,
        "lng": -80.44662,
        "country": "CU",
        "population": 186644
    },
    "3564178": {
        "ids": {
            "geonames": 3564178
        },
        "long": {
            "default": "Ciego de Ávila"
        },
        "parent": 3564175,
        "lat": 21.84,
        "lng": -78.76194,
        "country": "CU",
        "population": 142027
    },
    "3564436": {
        "ids": {
            "geonames": 3564436
        },
        "long": {
            "default": "Cerro"
        },
        "parent": 3564073,
        "lat": 23.10861,
        "lng": -82.37778,
        "country": "CU",
        "population": 132351
    },
    "3565432": {
        "ids": {
            "geonames": 3565432
        },
        "long": {
            "default": "Cárdenas"
        },
        "parent": 3547394,
        "lat": 23.03661,
        "lng": -81.20596,
        "country": "CU",
        "population": 98515
    },
    "3566067": {
        "ids": {
            "geonames": 3566067
        },
        "long": {
            "default": "Camagüey"
        },
        "parent": 3566062,
        "lat": 21.38083,
        "lng": -77.91694,
        "country": "CU",
        "population": 347562
    },
    "3567597": {
        "ids": {
            "geonames": 3567597
        },
        "long": {
            "default": "Bayamo"
        },
        "parent": 3558052,
        "lat": 20.37417,
        "lng": -76.64361,
        "country": "CU",
        "population": 192632
    },
    "3567669": {
        "ids": {
            "geonames": 3567669
        },
        "long": {
            "default": "Bartolomé Masó"
        },
        "parent": 3558052,
        "lat": 20.16635,
        "lng": -76.94291,
        "country": "CU",
        "population": 53024
    },
    "3567869": {
        "ids": {
            "geonames": 3567869
        },
        "long": {
            "default": "Banes"
        },
        "parent": 3556965,
        "lat": 20.96116,
        "lng": -75.722,
        "country": "CU",
        "population": 53104
    },
    "3568312": {
        "ids": {
            "geonames": 3568312
        },
        "long": {
            "default": "Artemisa"
        },
        "parent": 7668824,
        "lat": 22.81667,
        "lng": -82.75944,
        "country": "CU",
        "population": 68073
    },
    "3568342": {
        "ids": {
            "geonames": 3568342
        },
        "long": {
            "default": "Arroyo Naranjo"
        },
        "parent": 3564073,
        "lat": 23.03677,
        "lng": -82.36937,
        "country": "CU",
        "population": 210053
    },
    "3569370": {
        "ids": {
            "geonames": 3569370
        },
        "long": {
            "default": "Alamar"
        },
        "parent": 3564073,
        "lat": 23.15794,
        "lng": -82.27837,
        "country": "CU",
        "population": 100000
    },
    "3746181": {
        "ids": {
            "geonames": 3746181
        },
        "long": {
            "default": "Habana del Este"
        },
        "parent": 3564073,
        "lat": 23.15917,
        "lng": -82.33056,
        "country": "CU",
        "population": 178041
    },
    "3746183": {
        "ids": {
            "geonames": 3746183
        },
        "long": {
            "default": "Centro Habana"
        },
        "parent": 3564073,
        "lat": 23.13833,
        "lng": -82.36417,
        "country": "CU",
        "population": 158151
    },
    "3746184": {
        "ids": {
            "geonames": 3746184
        },
        "long": {
            "default": "La Habana Vieja"
        },
        "parent": 3564073,
        "lat": 23.13028,
        "lng": -82.35306,
        "country": "CU",
        "population": 95383
    },
    "6956646": {
        "ids": {
            "geonames": 6956646
        },
        "long": {
            "default": "Arroyo Naranjo"
        },
        "parent": 3564073,
        "lat": 23.0144,
        "lng": -82.3031,
        "country": "CU",
        "population": 210053
    },
    "6956647": {
        "ids": {
            "geonames": 6956647
        },
        "long": {
            "default": "Boyeros"
        },
        "parent": 3564073,
        "lat": 23.0072,
        "lng": -82.4017,
        "country": "CU",
        "population": 188593
    },
    "6956648": {
        "ids": {
            "geonames": 6956648
        },
        "long": {
            "default": "Diez de Octubre"
        },
        "parent": 3564073,
        "lat": 23.0881,
        "lng": -82.3597,
        "country": "CU",
        "population": 227293
    }
}