{
    "3374333": {
        "ids": {
            "geonames": 3374333
        },
        "long": {
            "default": "Praia"
        },
        "parent": 3374332,
        "lat": 14.93152,
        "lng": -23.51254,
        "country": "CV",
        "population": 113364
    },
    "3374462": {
        "ids": {
            "geonames": 3374462
        },
        "long": {
            "default": "Mindelo"
        },
        "parent": 3374198,
        "lat": 16.89014,
        "lng": -24.98042,
        "country": "CV",
        "population": 70611
    }
}