{
    "146268": {
        "ids": {
            "geonames": 146268
        },
        "long": {
            "default": "Nicosia"
        },
        "parent": 146267,
        "lat": 35.17531,
        "lng": 33.3642,
        "country": "CY",
        "population": 200452
    },
    "146384": {
        "ids": {
            "geonames": 146384
        },
        "long": {
            "default": "Limassol"
        },
        "parent": 146383,
        "lat": 34.68406,
        "lng": 33.03794,
        "country": "CY",
        "population": 154000
    },
    "146400": {
        "ids": {
            "geonames": 146400
        },
        "long": {
            "default": "Larnaca"
        },
        "parent": 146398,
        "lat": 34.92291,
        "lng": 33.6233,
        "country": "CY",
        "population": 72000
    }
}