{
    "3061370": {
        "ids": {
            "geonames": 3061370
        },
        "long": {
            "default": "Zlín"
        },
        "parent": 3339578,
        "lat": 49.22645,
        "lng": 17.67065,
        "country": "CZ",
        "population": 78759
    },
    "3063548": {
        "ids": {
            "geonames": 3063548
        },
        "long": {
            "default": "Ústí nad Labem"
        },
        "parent": 3339577,
        "lat": 50.6607,
        "lng": 14.03227,
        "country": "CZ",
        "population": 94105
    },
    "3064288": {
        "ids": {
            "geonames": 3064288
        },
        "long": {
            "default": "Teplice"
        },
        "parent": 3339577,
        "lat": 50.6404,
        "lng": 13.82451,
        "country": "CZ",
        "population": 51223
    },
    "3067696": {
        "ids": {
            "geonames": 3067696
        },
        "long": {
            "default": "Prague"
        },
        "parent": 3067695,
        "lat": 50.08804,
        "lng": 14.42076,
        "country": "CZ",
        "population": 1165581
    },
    "3068160": {
        "ids": {
            "geonames": 3068160
        },
        "long": {
            "default": "Pilsen"
        },
        "parent": 3339575,
        "lat": 49.74747,
        "lng": 13.37759,
        "country": "CZ",
        "population": 164180
    },
    "3068582": {
        "ids": {
            "geonames": 3068582
        },
        "long": {
            "default": "Pardubice"
        },
        "parent": 3339574,
        "lat": 50.04075,
        "lng": 15.77659,
        "country": "CZ",
        "population": 88741
    },
    "3068799": {
        "ids": {
            "geonames": 3068799
        },
        "long": {
            "default": "Ostrava"
        },
        "parent": 3339573,
        "lat": 49.83465,
        "lng": 18.28204,
        "country": "CZ",
        "population": 313088
    },
    "3068927": {
        "ids": {
            "geonames": 3068927
        },
        "long": {
            "default": "Opava"
        },
        "parent": 3339573,
        "lat": 49.93866,
        "lng": 17.90257,
        "country": "CZ",
        "population": 60252
    },
    "3069011": {
        "ids": {
            "geonames": 3069011
        },
        "long": {
            "default": "Olomouc"
        },
        "parent": 3339542,
        "lat": 49.59552,
        "lng": 17.25175,
        "country": "CZ",
        "population": 101268
    },
    "3070291": {
        "ids": {
            "geonames": 3070291
        },
        "long": {
            "default": "Most"
        },
        "parent": 3339577,
        "lat": 50.50301,
        "lng": 13.63617,
        "country": "CZ",
        "population": 67905
    },
    "3071961": {
        "ids": {
            "geonames": 3071961
        },
        "long": {
            "default": "Liberec"
        },
        "parent": 3339541,
        "lat": 50.76711,
        "lng": 15.05619,
        "country": "CZ",
        "population": 97770
    },
    "3073699": {
        "ids": {
            "geonames": 3073699
        },
        "long": {
            "default": "Kladno"
        },
        "parent": 3339576,
        "lat": 50.14734,
        "lng": 14.10285,
        "country": "CZ",
        "population": 70003
    },
    "3073789": {
        "ids": {
            "geonames": 3073789
        },
        "long": {
            "default": "Karviná"
        },
        "parent": 3339573,
        "lat": 49.854,
        "lng": 18.54169,
        "country": "CZ",
        "population": 63677
    },
    "3073803": {
        "ids": {
            "geonames": 3073803
        },
        "long": {
            "default": "Karlovy Vary"
        },
        "parent": 3339539,
        "lat": 50.23271,
        "lng": 12.87117,
        "country": "CZ",
        "population": 51807
    },
    "3074199": {
        "ids": {
            "geonames": 3074199
        },
        "long": {
            "default": "Jihlava"
        },
        "parent": 3339538,
        "lat": 49.3961,
        "lng": 15.59124,
        "country": "CZ",
        "population": 50100
    },
    "3074967": {
        "ids": {
            "geonames": 3074967
        },
        "long": {
            "default": "Hradec Králové"
        },
        "parent": 3339540,
        "lat": 50.20923,
        "lng": 15.83277,
        "country": "CZ",
        "population": 95195
    },
    "3075921": {
        "ids": {
            "geonames": 3075921
        },
        "long": {
            "default": "Havířov"
        },
        "parent": 3339573,
        "lat": 49.77984,
        "lng": 18.43688,
        "country": "CZ",
        "population": 82768
    },
    "3076127": {
        "ids": {
            "geonames": 3076127
        },
        "long": {
            "default": "Frýdek-Místek"
        },
        "parent": 3339573,
        "lat": 49.68333,
        "lng": 18.35,
        "country": "CZ",
        "population": 59416
    },
    "3077244": {
        "ids": {
            "geonames": 3077244
        },
        "long": {
            "default": "Děčín"
        },
        "parent": 3339577,
        "lat": 50.78215,
        "lng": 14.21478,
        "country": "CZ",
        "population": 52058
    },
    "3077685": {
        "ids": {
            "geonames": 3077685
        },
        "long": {
            "default": "Chomutov"
        },
        "parent": 3339577,
        "lat": 50.46048,
        "lng": 13.41779,
        "country": "CZ",
        "population": 50251
    },
    "3077916": {
        "ids": {
            "geonames": 3077916
        },
        "long": {
            "default": "České Budějovice"
        },
        "parent": 3339537,
        "lat": 48.97447,
        "lng": 14.47434,
        "country": "CZ",
        "population": 96053
    },
    "3078610": {
        "ids": {
            "geonames": 3078610
        },
        "long": {
            "default": "Brno"
        },
        "parent": 3339536,
        "lat": 49.19522,
        "lng": 16.60796,
        "country": "CZ",
        "population": 369559
    }
}