{
    "2803560": {
        "ids": {
            "geonames": 2803560
        },
        "long": {
            "default": "Zwickau"
        },
        "parent": 2842566,
        "lat": 50.72724,
        "lng": 12.48839,
        "country": "DE",
        "population": 98796
    },
    "2805059": {
        "ids": {
            "geonames": 2805059
        },
        "long": {
            "default": "Zehlendorf"
        },
        "parent": 2950157,
        "lat": 52.43333,
        "lng": 13.25,
        "country": "DE",
        "population": 58469
    },
    "2805615": {
        "ids": {
            "geonames": 2805615
        },
        "long": {
            "default": "Würzburg"
        },
        "parent": 2951839,
        "lat": 49.79391,
        "lng": 9.95121,
        "country": "DE",
        "population": 133731
    },
    "2805753": {
        "ids": {
            "geonames": 2805753
        },
        "long": {
            "default": "Wuppertal"
        },
        "parent": 2861876,
        "lat": 51.27027,
        "lng": 7.16755,
        "country": "DE",
        "population": 360797
    },
    "2806142": {
        "ids": {
            "geonames": 2806142
        },
        "long": {
            "default": "Worms"
        },
        "parent": 2847618,
        "lat": 49.63278,
        "lng": 8.35916,
        "country": "DE",
        "population": 81099
    },
    "2806654": {
        "ids": {
            "geonames": 2806654
        },
        "long": {
            "default": "Wolfsburg"
        },
        "parent": 2862926,
        "lat": 52.42452,
        "lng": 10.7815,
        "country": "DE",
        "population": 123064
    },
    "2806914": {
        "ids": {
            "geonames": 2806914
        },
        "long": {
            "default": "Wolfenbüttel"
        },
        "parent": 2862926,
        "lat": 52.16442,
        "lng": 10.54095,
        "country": "DE",
        "population": 54740
    },
    "2807363": {
        "ids": {
            "geonames": 2807363
        },
        "long": {
            "default": "Witten"
        },
        "parent": 2861876,
        "lat": 51.44362,
        "lng": 7.35258,
        "country": "DE",
        "population": 101247
    },
    "2807748": {
        "ids": {
            "geonames": 2807748
        },
        "long": {
            "default": "Winterhude"
        },
        "parent": 2911297,
        "lat": 53.6,
        "lng": 10,
        "country": "DE",
        "population": 51297
    },
    "2808473": {
        "ids": {
            "geonames": 2808473
        },
        "long": {
            "default": "Wilmersdorf"
        },
        "parent": 2950157,
        "lat": 52.48333,
        "lng": 13.31667,
        "country": "DE",
        "population": 94113
    },
    "2808559": {
        "ids": {
            "geonames": 2808559
        },
        "long": {
            "default": "Willich"
        },
        "parent": 2861876,
        "lat": 51.26371,
        "lng": 6.54734,
        "country": "DE",
        "population": 51843
    },
    "2808720": {
        "ids": {
            "geonames": 2808720
        },
        "long": {
            "default": "Wilhelmshaven"
        },
        "parent": 2862926,
        "lat": 53.52998,
        "lng": 8.11253,
        "country": "DE",
        "population": 84393
    },
    "2809346": {
        "ids": {
            "geonames": 2809346
        },
        "long": {
            "default": "Wiesbaden"
        },
        "parent": 2905330,
        "lat": 50.08258,
        "lng": 8.24932,
        "country": "DE",
        "population": 272432
    },
    "2809889": {
        "ids": {
            "geonames": 2809889
        },
        "long": {
            "default": "Wetzlar"
        },
        "parent": 2905330,
        "lat": 50.56109,
        "lng": 8.50495,
        "country": "DE",
        "population": 52656
    },
    "2810678": {
        "ids": {
            "geonames": 2810678
        },
        "long": {
            "default": "Wesel"
        },
        "parent": 2861876,
        "lat": 51.6669,
        "lng": 6.62037,
        "country": "DE",
        "population": 61685
    },
    "2812482": {
        "ids": {
            "geonames": 2812482
        },
        "long": {
            "default": "Weimar"
        },
        "parent": 2822542,
        "lat": 50.9803,
        "lng": 11.32903,
        "country": "DE",
        "population": 64727
    },
    "2813472": {
        "ids": {
            "geonames": 2813472
        },
        "long": {
            "default": "Wedding"
        },
        "parent": 2950157,
        "lat": 52.54734,
        "lng": 13.35594,
        "country": "DE",
        "population": 78290
    },
    "2815330": {
        "ids": {
            "geonames": 2815330
        },
        "long": {
            "default": "Waiblingen"
        },
        "parent": 2953481,
        "lat": 48.83241,
        "lng": 9.31641,
        "country": "DE",
        "population": 52945
    },
    "2817220": {
        "ids": {
            "geonames": 2817220
        },
        "long": {
            "default": "Villingen-Schwenningen"
        },
        "parent": 2953481,
        "lat": 48.06226,
        "lng": 8.49358,
        "country": "DE",
        "population": 81770
    },
    "2817311": {
        "ids": {
            "geonames": 2817311
        },
        "long": {
            "default": "Viersen"
        },
        "parent": 2861876,
        "lat": 51.25435,
        "lng": 6.39441,
        "country": "DE",
        "population": 76153
    },
    "2817724": {
        "ids": {
            "geonames": 2817724
        },
        "long": {
            "default": "Velbert"
        },
        "parent": 2861876,
        "lat": 51.33537,
        "lng": 7.04348,
        "country": "DE",
        "population": 87669
    },
    "2820087": {
        "ids": {
            "geonames": 2820087
        },
        "long": {
            "default": "Unna"
        },
        "parent": 2861876,
        "lat": 51.53795,
        "lng": 7.68969,
        "country": "DE",
        "population": 66734
    },
    "2820256": {
        "ids": {
            "geonames": 2820256
        },
        "long": {
            "default": "Ulm"
        },
        "parent": 2953481,
        "lat": 48.39841,
        "lng": 9.99155,
        "country": "DE",
        "population": 120451
    },
    "2820860": {
        "ids": {
            "geonames": 2820860
        },
        "long": {
            "default": "Tübingen"
        },
        "parent": 2953481,
        "lat": 48.52266,
        "lng": 9.05222,
        "country": "DE",
        "population": 83416
    },
    "2821029": {
        "ids": {
            "geonames": 2821029
        },
        "long": {
            "default": "Troisdorf"
        },
        "parent": 2861876,
        "lat": 50.80901,
        "lng": 7.14968,
        "country": "DE",
        "population": 74749
    },
    "2821164": {
        "ids": {
            "geonames": 2821164
        },
        "long": {
            "default": "Trier"
        },
        "parent": 2847618,
        "lat": 49.75565,
        "lng": 6.63935,
        "country": "DE",
        "population": 100129
    },
    "2823538": {
        "ids": {
            "geonames": 2823538
        },
        "long": {
            "default": "Tempelhof"
        },
        "parent": 2950157,
        "lat": 52.46667,
        "lng": 13.4,
        "country": "DE",
        "population": 56669
    },
    "2825297": {
        "ids": {
            "geonames": 2825297
        },
        "long": {
            "default": "Stuttgart"
        },
        "parent": 2953481,
        "lat": 48.78232,
        "lng": 9.17702,
        "country": "DE",
        "population": 589793
    },
    "2826287": {
        "ids": {
            "geonames": 2826287
        },
        "long": {
            "default": "Stralsund"
        },
        "parent": 2872567,
        "lat": 54.30911,
        "lng": 13.0818,
        "country": "DE",
        "population": 58976
    },
    "2826595": {
        "ids": {
            "geonames": 2826595
        },
        "long": {
            "default": "Stolberg"
        },
        "parent": 2861876,
        "lat": 50.77368,
        "lng": 6.22595,
        "country": "DE",
        "population": 58874
    },
    "2829109": {
        "ids": {
            "geonames": 2829109
        },
        "long": {
            "default": "Steglitz"
        },
        "parent": 2950157,
        "lat": 52.45606,
        "lng": 13.332,
        "country": "DE",
        "population": 72464
    },
    "2830582": {
        "ids": {
            "geonames": 2830582
        },
        "long": {
            "default": "Speyer"
        },
        "parent": 2847618,
        "lat": 49.32083,
        "lng": 8.43111,
        "country": "DE",
        "population": 50343
    },
    "2831580": {
        "ids": {
            "geonames": 2831580
        },
        "long": {
            "default": "Solingen"
        },
        "parent": 2861876,
        "lat": 51.17343,
        "lng": 7.0845,
        "country": "DE",
        "population": 164359
    },
    "2831948": {
        "ids": {
            "geonames": 2831948
        },
        "long": {
            "default": "Sindelfingen"
        },
        "parent": 2953481,
        "lat": 48.7,
        "lng": 9.01667,
        "country": "DE",
        "population": 61311
    },
    "2832495": {
        "ids": {
            "geonames": 2832495
        },
        "long": {
            "default": "Siegen"
        },
        "parent": 2861876,
        "lat": 50.87481,
        "lng": 8.02431,
        "country": "DE",
        "population": 107242
    },
    "2834265": {
        "ids": {
            "geonames": 2834265
        },
        "long": {
            "default": "Schwerte"
        },
        "parent": 2861876,
        "lat": 51.44387,
        "lng": 7.5675,
        "country": "DE",
        "population": 50399
    },
    "2834282": {
        "ids": {
            "geonames": 2834282
        },
        "long": {
            "default": "Schwerin"
        },
        "parent": 2872567,
        "lat": 53.62937,
        "lng": 11.41316,
        "country": "DE",
        "population": 96641
    },
    "2834498": {
        "ids": {
            "geonames": 2834498
        },
        "long": {
            "default": "Schweinfurt"
        },
        "parent": 2951839,
        "lat": 50.04937,
        "lng": 10.22175,
        "country": "DE",
        "population": 54012
    },
    "2835482": {
        "ids": {
            "geonames": 2835482
        },
        "long": {
            "default": "Schwäbisch Gmünd"
        },
        "parent": 2953481,
        "lat": 48.79947,
        "lng": 9.79809,
        "country": "DE",
        "population": 61338
    },
    "2836788": {
        "ids": {
            "geonames": 2836788
        },
        "long": {
            "default": "Schöneberg"
        },
        "parent": 2950157,
        "lat": 52.46667,
        "lng": 13.35,
        "country": "DE",
        "population": 115976
    },
    "2841648": {
        "ids": {
            "geonames": 2841648
        },
        "long": {
            "default": "Sankt Augustin"
        },
        "parent": 2861876,
        "lat": 50.77538,
        "lng": 7.197,
        "country": "DE",
        "population": 56094
    },
    "2842647": {
        "ids": {
            "geonames": 2842647
        },
        "long": {
            "default": "Saarbrücken"
        },
        "parent": 2842635,
        "lat": 49.2354,
        "lng": 6.98165,
        "country": "DE",
        "population": 181227
    },
    "2842884": {
        "ids": {
            "geonames": 2842884
        },
        "long": {
            "default": "Rüsselsheim"
        },
        "parent": 2905330,
        "lat": 49.98955,
        "lng": 8.42251,
        "country": "DE",
        "population": 59730
    },
    "2844588": {
        "ids": {
            "geonames": 2844588
        },
        "long": {
            "default": "Rostock"
        },
        "parent": 2872567,
        "lat": 54.0887,
        "lng": 12.14049,
        "country": "DE",
        "population": 198293
    },
    "2844988": {
        "ids": {
            "geonames": 2844988
        },
        "long": {
            "default": "Rosenheim"
        },
        "parent": 2951839,
        "lat": 47.85637,
        "lng": 12.12247,
        "country": "DE",
        "population": 60167
    },
    "2847645": {
        "ids": {
            "geonames": 2847645
        },
        "long": {
            "default": "Rheine"
        },
        "parent": 2861876,
        "lat": 52.28509,
        "lng": 7.44055,
        "country": "DE",
        "population": 76491
    },
    "2847736": {
        "ids": {
            "geonames": 2847736
        },
        "long": {
            "default": "Reutlingen"
        },
        "parent": 2953481,
        "lat": 48.49144,
        "lng": 9.20427,
        "country": "DE",
        "population": 112627
    },
    "2848273": {
        "ids": {
            "geonames": 2848273
        },
        "long": {
            "default": "Remscheid"
        },
        "parent": 2861876,
        "lat": 51.17983,
        "lng": 7.1925,
        "country": "DE",
        "population": 117118
    },
    "2848756": {
        "ids": {
            "geonames": 2848756
        },
        "long": {
            "default": "Reinickendorf"
        },
        "parent": 2950157,
        "lat": 52.56667,
        "lng": 13.33333,
        "country": "DE",
        "population": 75414
    },
    "2849483": {
        "ids": {
            "geonames": 2849483
        },
        "long": {
            "default": "Regensburg"
        },
        "parent": 2951839,
        "lat": 49.01513,
        "lng": 12.10161,
        "country": "DE",
        "population": 129151
    },
    "2849647": {
        "ids": {
            "geonames": 2849647
        },
        "long": {
            "default": "Recklinghausen"
        },
        "parent": 2861876,
        "lat": 51.61379,
        "lng": 7.19738,
        "country": "DE",
        "population": 122438
    },
    "2850174": {
        "ids": {
            "geonames": 2850174
        },
        "long": {
            "default": "Ratingen"
        },
        "parent": 2861876,
        "lat": 51.29724,
        "lng": 6.84929,
        "country": "DE",
        "population": 91606
    },
    "2851746": {
        "ids": {
            "geonames": 2851746
        },
        "long": {
            "default": "Pulheim"
        },
        "parent": 2861876,
        "lat": 50.99965,
        "lng": 6.80632,
        "country": "DE",
        "population": 53762
    },
    "2852217": {
        "ids": {
            "geonames": 2852217
        },
        "long": {
            "default": "Prenzlauer Berg"
        },
        "parent": 2950157,
        "lat": 52.53878,
        "lng": 13.42443,
        "country": "DE",
        "population": 148878
    },
    "2852458": {
        "ids": {
            "geonames": 2852458
        },
        "long": {
            "default": "Potsdam"
        },
        "parent": 2945356,
        "lat": 52.39886,
        "lng": 13.06566,
        "country": "DE",
        "population": 145292
    },
    "2853292": {
        "ids": {
            "geonames": 2853292
        },
        "long": {
            "default": "Plauen"
        },
        "parent": 2842566,
        "lat": 50.4973,
        "lng": 12.13782,
        "country": "DE",
        "population": 66412
    },
    "2853969": {
        "ids": {
            "geonames": 2853969
        },
        "long": {
            "default": "Pforzheim"
        },
        "parent": 2953481,
        "lat": 48.88436,
        "lng": 8.69892,
        "country": "DE",
        "population": 119313
    },
    "2855328": {
        "ids": {
            "geonames": 2855328
        },
        "long": {
            "default": "Passau"
        },
        "parent": 2951839,
        "lat": 48.5665,
        "lng": 13.43122,
        "country": "DE",
        "population": 50560
    },
    "2855598": {
        "ids": {
            "geonames": 2855598
        },
        "long": {
            "default": "Pankow"
        },
        "parent": 2950157,
        "lat": 52.56926,
        "lng": 13.40186,
        "country": "DE",
        "population": 57113
    },
    "2855745": {
        "ids": {
            "geonames": 2855745
        },
        "long": {
            "default": "Paderborn"
        },
        "parent": 2861876,
        "lat": 51.71905,
        "lng": 8.75439,
        "country": "DE",
        "population": 142161
    },
    "2856883": {
        "ids": {
            "geonames": 2856883
        },
        "long": {
            "default": "Osnabrück"
        },
        "parent": 2862926,
        "lat": 52.27264,
        "lng": 8.0498,
        "country": "DE",
        "population": 166462
    },
    "2857458": {
        "ids": {
            "geonames": 2857458
        },
        "long": {
            "default": "Oldenburg"
        },
        "parent": 2862926,
        "lat": 53.14118,
        "lng": 8.21467,
        "country": "DE",
        "population": 159218
    },
    "2857798": {
        "ids": {
            "geonames": 2857798
        },
        "long": {
            "default": "Offenburg"
        },
        "parent": 2953481,
        "lat": 48.47377,
        "lng": 7.94495,
        "country": "DE",
        "population": 59238
    },
    "2857807": {
        "ids": {
            "geonames": 2857807
        },
        "long": {
            "default": "Offenbach"
        },
        "parent": 2905330,
        "lat": 50.10061,
        "lng": 8.76647,
        "country": "DE",
        "population": 119192
    },
    "2860410": {
        "ids": {
            "geonames": 2860410
        },
        "long": {
            "default": "Oberhausen"
        },
        "parent": 2861876,
        "lat": 51.47311,
        "lng": 6.88074,
        "country": "DE",
        "population": 219176
    },
    "2861650": {
        "ids": {
            "geonames": 2861650
        },
        "long": {
            "default": "Nürnberg"
        },
        "parent": 2951839,
        "lat": 49.45421,
        "lng": 11.07752,
        "country": "DE",
        "population": 499237
    },
    "2861934": {
        "ids": {
            "geonames": 2861934
        },
        "long": {
            "default": "Nordhorn"
        },
        "parent": 2862926,
        "lat": 52.43081,
        "lng": 7.06833,
        "country": "DE",
        "population": 52803
    },
    "2862026": {
        "ids": {
            "geonames": 2862026
        },
        "long": {
            "default": "Norderstedt"
        },
        "parent": 2838632,
        "lat": 53.6859,
        "lng": 9.98041,
        "country": "DE",
        "population": 71439
    },
    "2862375": {
        "ids": {
            "geonames": 2862375
        },
        "long": {
            "default": "Nippes"
        },
        "parent": 2861876,
        "lat": 50.96545,
        "lng": 6.95314,
        "country": "DE",
        "population": 113487
    },
    "2863840": {
        "ids": {
            "geonames": 2863840
        },
        "long": {
            "default": "Neuwied"
        },
        "parent": 2847618,
        "lat": 50.4336,
        "lng": 7.47057,
        "country": "DE",
        "population": 66805
    },
    "2863941": {
        "ids": {
            "geonames": 2863941
        },
        "long": {
            "default": "Neu-Ulm"
        },
        "parent": 2951839,
        "lat": 48.39279,
        "lng": 10.01112,
        "country": "DE",
        "population": 51389
    },
    "2864054": {
        "ids": {
            "geonames": 2864054
        },
        "long": {
            "default": "Neustadt"
        },
        "parent": 2847618,
        "lat": 49.35009,
        "lng": 8.13886,
        "country": "DE",
        "population": 53984
    },
    "2864072": {
        "ids": {
            "geonames": 2864072
        },
        "long": {
            "default": "Neue Neustadt"
        },
        "parent": 2842565,
        "lat": 52.15,
        "lng": 11.63333,
        "country": "DE",
        "population": 226851
    },
    "2864118": {
        "ids": {
            "geonames": 2864118
        },
        "long": {
            "default": "Neuss"
        },
        "parent": 2861876,
        "lat": 51.19807,
        "lng": 6.68504,
        "country": "DE",
        "population": 152457
    },
    "2864475": {
        "ids": {
            "geonames": 2864475
        },
        "long": {
            "default": "Neumünster"
        },
        "parent": 2838632,
        "lat": 54.07477,
        "lng": 9.98195,
        "country": "DE",
        "population": 78383
    },
    "2866110": {
        "ids": {
            "geonames": 2866110
        },
        "long": {
            "default": "Neubrück"
        },
        "parent": 2861876,
        "lat": 51.13434,
        "lng": 6.63857,
        "country": "DE",
        "population": 51109
    },
    "2866135": {
        "ids": {
            "geonames": 2866135
        },
        "long": {
            "default": "Neubrandenburg"
        },
        "parent": 2872567,
        "lat": 53.56414,
        "lng": 13.27532,
        "country": "DE",
        "population": 68082
    },
    "2867543": {
        "ids": {
            "geonames": 2867543
        },
        "long": {
            "default": "Münster"
        },
        "parent": 2861876,
        "lat": 51.96236,
        "lng": 7.62571,
        "country": "DE",
        "population": 270184
    },
    "2867714": {
        "ids": {
            "geonames": 2867714
        },
        "long": {
            "default": "Munich"
        },
        "parent": 2951839,
        "lat": 48.13743,
        "lng": 11.57549,
        "country": "DE",
        "population": 1260391
    },
    "2867838": {
        "ids": {
            "geonames": 2867838
        },
        "long": {
            "default": "Mülheim"
        },
        "parent": 2861876,
        "lat": 51.43218,
        "lng": 6.87967,
        "country": "DE",
        "population": 171000
    },
    "2869894": {
        "ids": {
            "geonames": 2869894
        },
        "long": {
            "default": "Mönchengladbach"
        },
        "parent": 2861876,
        "lat": 51.18539,
        "lng": 6.44172,
        "country": "DE",
        "population": 261742
    },
    "2870221": {
        "ids": {
            "geonames": 2870221
        },
        "long": {
            "default": "Moers"
        },
        "parent": 2861876,
        "lat": 51.45342,
        "lng": 6.6326,
        "country": "DE",
        "population": 107816
    },
    "2870310": {
        "ids": {
            "geonames": 2870310
        },
        "long": {
            "default": "Moabit"
        },
        "parent": 2950157,
        "lat": 52.52635,
        "lng": 13.33903,
        "country": "DE",
        "population": 70911
    },
    "2871039": {
        "ids": {
            "geonames": 2871039
        },
        "long": {
            "default": "Minden"
        },
        "parent": 2861876,
        "lat": 52.28953,
        "lng": 8.91455,
        "country": "DE",
        "population": 82879
    },
    "2871983": {
        "ids": {
            "geonames": 2871983
        },
        "long": {
            "default": "Menden"
        },
        "parent": 2861876,
        "lat": 51.44337,
        "lng": 7.77825,
        "country": "DE",
        "population": 58451
    },
    "2872504": {
        "ids": {
            "geonames": 2872504
        },
        "long": {
            "default": "Meerbusch"
        },
        "parent": 2861876,
        "lat": 51.26118,
        "lng": 6.6717,
        "country": "DE",
        "population": 54826
    },
    "2873074": {
        "ids": {
            "geonames": 2873074
        },
        "long": {
            "default": "Marzahn"
        },
        "parent": 2950157,
        "lat": 52.54525,
        "lng": 13.56983,
        "country": "DE",
        "population": 103768
    },
    "2873263": {
        "ids": {
            "geonames": 2873263
        },
        "long": {
            "default": "Marl"
        },
        "parent": 2861876,
        "lat": 51.65671,
        "lng": 7.09038,
        "country": "DE",
        "population": 91398
    },
    "2873759": {
        "ids": {
            "geonames": 2873759
        },
        "long": {
            "default": "Marburg an der Lahn"
        },
        "parent": 2905330,
        "lat": 50.80904,
        "lng": 8.77069,
        "country": "DE",
        "population": 78895
    },
    "2873891": {
        "ids": {
            "geonames": 2873891
        },
        "long": {
            "default": "Mannheim"
        },
        "parent": 2953481,
        "lat": 49.49671,
        "lng": 8.47955,
        "country": "DE",
        "population": 307960
    },
    "2874225": {
        "ids": {
            "geonames": 2874225
        },
        "long": {
            "default": "Mainz"
        },
        "parent": 2847618,
        "lat": 49.98419,
        "lng": 8.2791,
        "country": "DE",
        "population": 184997
    },
    "2874545": {
        "ids": {
            "geonames": 2874545
        },
        "long": {
            "default": "Magdeburg"
        },
        "parent": 2842565,
        "lat": 52.12773,
        "lng": 11.62916,
        "country": "DE",
        "population": 229826
    },
    "2875107": {
        "ids": {
            "geonames": 2875107
        },
        "long": {
            "default": "Lünen"
        },
        "parent": 2861876,
        "lat": 51.61634,
        "lng": 7.52872,
        "country": "DE",
        "population": 91009
    },
    "2875115": {
        "ids": {
            "geonames": 2875115
        },
        "long": {
            "default": "Lüneburg"
        },
        "parent": 2862926,
        "lat": 53.2509,
        "lng": 10.41409,
        "country": "DE",
        "population": 71260
    },
    "2875376": {
        "ids": {
            "geonames": 2875376
        },
        "long": {
            "default": "Ludwigshafen am Rhein"
        },
        "parent": 2847618,
        "lat": 49.48121,
        "lng": 8.44641,
        "country": "DE",
        "population": 163196
    },
    "2875392": {
        "ids": {
            "geonames": 2875392
        },
        "long": {
            "default": "Ludwigsburg"
        },
        "parent": 2953481,
        "lat": 48.89731,
        "lng": 9.19161,
        "country": "DE",
        "population": 87603
    },
    "2875457": {
        "ids": {
            "geonames": 2875457
        },
        "long": {
            "default": "Lüdenscheid"
        },
        "parent": 2861876,
        "lat": 51.21977,
        "lng": 7.6273,
        "country": "DE",
        "population": 79386
    },
    "2875601": {
        "ids": {
            "geonames": 2875601
        },
        "long": {
            "default": "Lübeck"
        },
        "parent": 2838632,
        "lat": 53.86893,
        "lng": 10.68729,
        "country": "DE",
        "population": 212207
    },
    "2876865": {
        "ids": {
            "geonames": 2876865
        },
        "long": {
            "default": "Lippstadt"
        },
        "parent": 2861876,
        "lat": 51.67369,
        "lng": 8.34482,
        "country": "DE",
        "population": 67219
    },
    "2877088": {
        "ids": {
            "geonames": 2877088
        },
        "long": {
            "default": "Lingen"
        },
        "parent": 2862926,
        "lat": 52.52143,
        "lng": 7.31845,
        "country": "DE",
        "population": 51310
    },
    "2878018": {
        "ids": {
            "geonames": 2878018
        },
        "long": {
            "default": "Lichterfelde"
        },
        "parent": 2950157,
        "lat": 52.4333,
        "lng": 13.30762,
        "country": "DE",
        "population": 80149
    },
    "2878234": {
        "ids": {
            "geonames": 2878234
        },
        "long": {
            "default": "Leverkusen"
        },
        "parent": 2861876,
        "lat": 51.0303,
        "lng": 6.98432,
        "country": "DE",
        "population": 162738
    },
    "2879139": {
        "ids": {
            "geonames": 2879139
        },
        "long": {
            "default": "Leipzig"
        },
        "parent": 2842566,
        "lat": 51.33962,
        "lng": 12.37129,
        "country": "DE",
        "population": 504971
    },
    "2881062": {
        "ids": {
            "geonames": 2881062
        },
        "long": {
            "default": "Langenhagen"
        },
        "parent": 2862926,
        "lat": 52.44758,
        "lng": 9.73741,
        "country": "DE",
        "population": 50439
    },
    "2881085": {
        "ids": {
            "geonames": 2881085
        },
        "long": {
            "default": "Langenfeld"
        },
        "parent": 2861876,
        "lat": 51.10821,
        "lng": 6.94831,
        "country": "DE",
        "population": 59378
    },
    "2881485": {
        "ids": {
            "geonames": 2881485
        },
        "long": {
            "default": "Landshut"
        },
        "parent": 2951839,
        "lat": 48.52961,
        "lng": 12.16179,
        "country": "DE",
        "population": 60488
    },
    "2884161": {
        "ids": {
            "geonames": 2884161
        },
        "long": {
            "default": "Kreuzberg"
        },
        "parent": 2950157,
        "lat": 52.49973,
        "lng": 13.40338,
        "country": "DE",
        "population": 147532
    },
    "2884509": {
        "ids": {
            "geonames": 2884509
        },
        "long": {
            "default": "Krefeld"
        },
        "parent": 2861876,
        "lat": 51.33921,
        "lng": 6.58615,
        "country": "DE",
        "population": 237984
    },
    "2885656": {
        "ids": {
            "geonames": 2885656
        },
        "long": {
            "default": "Köpenick"
        },
        "parent": 2950157,
        "lat": 52.4455,
        "lng": 13.57455,
        "country": "DE",
        "population": 60128
    },
    "2885657": {
        "ids": {
            "geonames": 2885657
        },
        "long": {
            "default": "Berlin Köpenick"
        },
        "parent": 2950157,
        "lat": 52.44254,
        "lng": 13.58228,
        "country": "DE",
        "population": 59561
    },
    "2885679": {
        "ids": {
            "geonames": 2885679
        },
        "long": {
            "default": "Konstanz"
        },
        "parent": 2953481,
        "lat": 47.66033,
        "lng": 9.17582,
        "country": "DE",
        "population": 81275
    },
    "2886242": {
        "ids": {
            "geonames": 2886242
        },
        "long": {
            "default": "Köln"
        },
        "parent": 2861876,
        "lat": 50.93333,
        "lng": 6.95,
        "country": "DE",
        "population": 963395
    },
    "2886946": {
        "ids": {
            "geonames": 2886946
        },
        "long": {
            "default": "Koblenz"
        },
        "parent": 2847618,
        "lat": 50.35357,
        "lng": 7.57883,
        "country": "DE",
        "population": 107319
    },
    "2891122": {
        "ids": {
            "geonames": 2891122
        },
        "long": {
            "default": "Kiel"
        },
        "parent": 2838632,
        "lat": 54.32133,
        "lng": 10.13489,
        "country": "DE",
        "population": 232758
    },
    "2891524": {
        "ids": {
            "geonames": 2891524
        },
        "long": {
            "default": "Kerpen"
        },
        "parent": 2861876,
        "lat": 50.86991,
        "lng": 6.69691,
        "country": "DE",
        "population": 64226
    },
    "2891621": {
        "ids": {
            "geonames": 2891621
        },
        "long": {
            "default": "Kempten (Allgäu)"
        },
        "parent": 2951839,
        "lat": 47.72674,
        "lng": 10.31389,
        "country": "DE",
        "population": 61399
    },
    "2892518": {
        "ids": {
            "geonames": 2892518
        },
        "long": {
            "default": "Kassel"
        },
        "parent": 2905330,
        "lat": 51.31667,
        "lng": 9.5,
        "country": "DE",
        "population": 194501
    },
    "2892794": {
        "ids": {
            "geonames": 2892794
        },
        "long": {
            "default": "Karlsruhe"
        },
        "parent": 2953481,
        "lat": 49.00937,
        "lng": 8.40444,
        "country": "DE",
        "population": 283799
    },
    "2894003": {
        "ids": {
            "geonames": 2894003
        },
        "long": {
            "default": "Kaiserslautern"
        },
        "parent": 2847618,
        "lat": 49.443,
        "lng": 7.77161,
        "country": "DE",
        "population": 98732
    },
    "2895044": {
        "ids": {
            "geonames": 2895044
        },
        "long": {
            "default": "Jena"
        },
        "parent": 2822542,
        "lat": 50.92878,
        "lng": 11.5899,
        "country": "DE",
        "population": 104712
    },
    "2895669": {
        "ids": {
            "geonames": 2895669
        },
        "long": {
            "default": "Iserlohn"
        },
        "parent": 2861876,
        "lat": 51.37547,
        "lng": 7.70281,
        "country": "DE",
        "population": 97910
    },
    "2895992": {
        "ids": {
            "geonames": 2895992
        },
        "long": {
            "default": "Ingolstadt"
        },
        "parent": 2951839,
        "lat": 48.76508,
        "lng": 11.42372,
        "country": "DE",
        "population": 120658
    },
    "2896817": {
        "ids": {
            "geonames": 2896817
        },
        "long": {
            "default": "Ibbenbüren"
        },
        "parent": 2861876,
        "lat": 52.27964,
        "lng": 7.71457,
        "country": "DE",
        "population": 50577
    },
    "2897216": {
        "ids": {
            "geonames": 2897216
        },
        "long": {
            "default": "Hürth"
        },
        "parent": 2861876,
        "lat": 50.87079,
        "lng": 6.86761,
        "country": "DE",
        "population": 54678
    },
    "2904789": {
        "ids": {
            "geonames": 2904789
        },
        "long": {
            "default": "Hildesheim"
        },
        "parent": 2862926,
        "lat": 52.15077,
        "lng": 9.95112,
        "country": "DE",
        "population": 103052
    },
    "2904795": {
        "ids": {
            "geonames": 2904795
        },
        "long": {
            "default": "Hilden"
        },
        "parent": 2861876,
        "lat": 51.16818,
        "lng": 6.93093,
        "country": "DE",
        "population": 56565
    },
    "2905560": {
        "ids": {
            "geonames": 2905560
        },
        "long": {
            "default": "Herten"
        },
        "parent": 2861876,
        "lat": 51.59638,
        "lng": 7.14387,
        "country": "DE",
        "population": 65306
    },
    "2905891": {
        "ids": {
            "geonames": 2905891
        },
        "long": {
            "default": "Herne"
        },
        "parent": 2861876,
        "lat": 51.5388,
        "lng": 7.22572,
        "country": "DE",
        "population": 172108
    },
    "2906121": {
        "ids": {
            "geonames": 2906121
        },
        "long": {
            "default": "Herford"
        },
        "parent": 2861876,
        "lat": 52.11457,
        "lng": 8.67343,
        "country": "DE",
        "population": 64879
    },
    "2906809": {
        "ids": {
            "geonames": 2906809
        },
        "long": {
            "default": "Hellersdorf"
        },
        "parent": 2950157,
        "lat": 52.53319,
        "lng": 13.6088,
        "country": "DE",
        "population": 74847
    },
    "2907669": {
        "ids": {
            "geonames": 2907669
        },
        "long": {
            "default": "Heilbronn"
        },
        "parent": 2953481,
        "lat": 49.13995,
        "lng": 9.22054,
        "country": "DE",
        "population": 120733
    },
    "2907851": {
        "ids": {
            "geonames": 2907851
        },
        "long": {
            "default": "Heidenheim an der Brenz"
        },
        "parent": 2953481,
        "lat": 48.67798,
        "lng": 10.15162,
        "country": "DE",
        "population": 50067
    },
    "2907911": {
        "ids": {
            "geonames": 2907911
        },
        "long": {
            "default": "Heidelberg"
        },
        "parent": 2953481,
        "lat": 49.40768,
        "lng": 8.69079,
        "country": "DE",
        "population": 143345
    },
    "2909230": {
        "ids": {
            "geonames": 2909230
        },
        "long": {
            "default": "Hattingen"
        },
        "parent": 2861876,
        "lat": 51.39894,
        "lng": 7.18557,
        "country": "DE",
        "population": 56866
    },
    "2910685": {
        "ids": {
            "geonames": 2910685
        },
        "long": {
            "default": "Harburg"
        },
        "parent": 2911297,
        "lat": 53.46057,
        "lng": 9.98388,
        "country": "DE",
        "population": 202571
    },
    "2910831": {
        "ids": {
            "geonames": 2910831
        },
        "long": {
            "default": "Hannover"
        },
        "parent": 2862926,
        "lat": 52.37052,
        "lng": 9.73322,
        "country": "DE",
        "population": 515140
    },
    "2911007": {
        "ids": {
            "geonames": 2911007
        },
        "long": {
            "default": "Hanau am Main"
        },
        "parent": 2905330,
        "lat": 50.13423,
        "lng": 8.91418,
        "country": "DE",
        "population": 88648
    },
    "2911240": {
        "ids": {
            "geonames": 2911240
        },
        "long": {
            "default": "Hamm"
        },
        "parent": 2861876,
        "lat": 51.68033,
        "lng": 7.82089,
        "country": "DE",
        "population": 185327
    },
    "2911271": {
        "ids": {
            "geonames": 2911271
        },
        "long": {
            "default": "Hameln"
        },
        "parent": 2862926,
        "lat": 52.10397,
        "lng": 9.35623,
        "country": "DE",
        "population": 58666
    },
    "2911285": {
        "ids": {
            "geonames": 2911285
        },
        "long": {
            "default": "Wandsbek"
        },
        "parent": 2911297,
        "lat": 53.56667,
        "lng": 10.1,
        "country": "DE",
        "population": 411422
    },
    "2911287": {
        "ids": {
            "geonames": 2911287
        },
        "long": {
            "default": "Marienthal"
        },
        "parent": 2911297,
        "lat": 53.56667,
        "lng": 10.08333,
        "country": "DE",
        "population": 287101
    },
    "2911288": {
        "ids": {
            "geonames": 2911288
        },
        "long": {
            "default": "Hamburg-Mitte"
        },
        "parent": 2911297,
        "lat": 53.55,
        "lng": 10.01667,
        "country": "DE",
        "population": 233144
    },
    "2911293": {
        "ids": {
            "geonames": 2911293
        },
        "long": {
            "default": "Eimsbüttel"
        },
        "parent": 2911297,
        "lat": 53.56667,
        "lng": 9.98333,
        "country": "DE",
        "population": 251907
    },
    "2911296": {
        "ids": {
            "geonames": 2911296
        },
        "long": {
            "default": "Altona"
        },
        "parent": 2911297,
        "lat": 53.55,
        "lng": 9.93333,
        "country": "DE",
        "population": 250192
    },
    "2911298": {
        "ids": {
            "geonames": 2911298
        },
        "long": {
            "default": "Hamburg"
        },
        "parent": 2911297,
        "lat": 53.57532,
        "lng": 10.01534,
        "country": "DE",
        "population": 1739117
    },
    "2911522": {
        "ids": {
            "geonames": 2911522
        },
        "long": {
            "default": "Halle (Saale)"
        },
        "parent": 2842565,
        "lat": 51.5,
        "lng": 12,
        "country": "DE",
        "population": 234107
    },
    "2912621": {
        "ids": {
            "geonames": 2912621
        },
        "long": {
            "default": "Hagen"
        },
        "parent": 2861876,
        "lat": 51.36081,
        "lng": 7.47168,
        "country": "DE",
        "population": 198972
    },
    "2913366": {
        "ids": {
            "geonames": 2913366
        },
        "long": {
            "default": "Gütersloh"
        },
        "parent": 2861876,
        "lat": 51.90693,
        "lng": 8.37853,
        "country": "DE",
        "population": 96180
    },
    "2913761": {
        "ids": {
            "geonames": 2913761
        },
        "long": {
            "default": "Gummersbach"
        },
        "parent": 2861876,
        "lat": 51.02608,
        "lng": 7.56473,
        "country": "DE",
        "population": 53131
    },
    "2917540": {
        "ids": {
            "geonames": 2917540
        },
        "long": {
            "default": "Grevenbroich"
        },
        "parent": 2861876,
        "lat": 51.09102,
        "lng": 6.5827,
        "country": "DE",
        "population": 64779
    },
    "2917788": {
        "ids": {
            "geonames": 2917788
        },
        "long": {
            "default": "Greifswald"
        },
        "parent": 2872567,
        "lat": 54.09311,
        "lng": 13.38786,
        "country": "DE",
        "population": 52731
    },
    "2918632": {
        "ids": {
            "geonames": 2918632
        },
        "long": {
            "default": "Göttingen"
        },
        "parent": 2862926,
        "lat": 51.53443,
        "lng": 9.93228,
        "country": "DE",
        "population": 122149
    },
    "2918987": {
        "ids": {
            "geonames": 2918987
        },
        "long": {
            "default": "Görlitz"
        },
        "parent": 2842566,
        "lat": 51.15518,
        "lng": 14.98853,
        "country": "DE",
        "population": 57751
    },
    "2919054": {
        "ids": {
            "geonames": 2919054
        },
        "long": {
            "default": "Göppingen"
        },
        "parent": 2953481,
        "lat": 48.70354,
        "lng": 9.65209,
        "country": "DE",
        "population": 58040
    },
    "2920236": {
        "ids": {
            "geonames": 2920236
        },
        "long": {
            "default": "Gladbeck"
        },
        "parent": 2861876,
        "lat": 51.57077,
        "lng": 6.98593,
        "country": "DE",
        "population": 76940
    },
    "2920512": {
        "ids": {
            "geonames": 2920512
        },
        "long": {
            "default": "Gießen"
        },
        "parent": 2905330,
        "lat": 50.58727,
        "lng": 8.67554,
        "country": "DE",
        "population": 74411
    },
    "2920789": {
        "ids": {
            "geonames": 2920789
        },
        "long": {
            "default": "Gesundbrunnen"
        },
        "parent": 2950157,
        "lat": 52.55035,
        "lng": 13.39139,
        "country": "DE",
        "population": 84789
    },
    "2921232": {
        "ids": {
            "geonames": 2921232
        },
        "long": {
            "default": "Gera"
        },
        "parent": 2822542,
        "lat": 50.88029,
        "lng": 12.08187,
        "country": "DE",
        "population": 104659
    },
    "2921466": {
        "ids": {
            "geonames": 2921466
        },
        "long": {
            "default": "Gelsenkirchen"
        },
        "parent": 2861876,
        "lat": 51.5075,
        "lng": 7.12283,
        "country": "DE",
        "population": 270028
    },
    "2922586": {
        "ids": {
            "geonames": 2922586
        },
        "long": {
            "default": "Garbsen"
        },
        "parent": 2862926,
        "lat": 52.41371,
        "lng": 9.5899,
        "country": "DE",
        "population": 63355
    },
    "2923544": {
        "ids": {
            "geonames": 2923544
        },
        "long": {
            "default": "Fürth"
        },
        "parent": 2951839,
        "lat": 49.47593,
        "lng": 10.98856,
        "country": "DE",
        "population": 112025
    },
    "2923822": {
        "ids": {
            "geonames": 2923822
        },
        "long": {
            "default": "Fulda"
        },
        "parent": 2905330,
        "lat": 50.55162,
        "lng": 9.67518,
        "country": "DE",
        "population": 63760
    },
    "2924573": {
        "ids": {
            "geonames": 2924573
        },
        "long": {
            "default": "Friedrichshain"
        },
        "parent": 2950157,
        "lat": 52.51559,
        "lng": 13.45482,
        "country": "DE",
        "population": 117829
    },
    "2924585": {
        "ids": {
            "geonames": 2924585
        },
        "long": {
            "default": "Friedrichshafen"
        },
        "parent": 2953481,
        "lat": 47.65689,
        "lng": 9.47554,
        "country": "DE",
        "population": 58403
    },
    "2925177": {
        "ids": {
            "geonames": 2925177
        },
        "long": {
            "default": "Freiburg"
        },
        "parent": 2953481,
        "lat": 47.9959,
        "lng": 7.85222,
        "country": "DE",
        "population": 215966
    },
    "2925533": {
        "ids": {
            "geonames": 2925533
        },
        "long": {
            "default": "Frankfurt am Main"
        },
        "parent": 2905330,
        "lat": 50.11552,
        "lng": 8.68417,
        "country": "DE",
        "population": 650000
    },
    "2925535": {
        "ids": {
            "geonames": 2925535
        },
        "long": {
            "default": "Frankfurt (Oder)"
        },
        "parent": 2945356,
        "lat": 52.34714,
        "lng": 14.55062,
        "country": "DE",
        "population": 51691
    },
    "2926271": {
        "ids": {
            "geonames": 2926271
        },
        "long": {
            "default": "Flensburg"
        },
        "parent": 2838632,
        "lat": 54.78431,
        "lng": 9.43961,
        "country": "DE",
        "population": 85838
    },
    "2928396": {
        "ids": {
            "geonames": 2928396
        },
        "long": {
            "default": "Euskirchen"
        },
        "parent": 2861876,
        "lat": 50.66057,
        "lng": 6.78722,
        "country": "DE",
        "population": 54889
    },
    "2928751": {
        "ids": {
            "geonames": 2928751
        },
        "long": {
            "default": "Esslingen"
        },
        "parent": 2953481,
        "lat": 48.73961,
        "lng": 9.30473,
        "country": "DE",
        "population": 92390
    },
    "2928810": {
        "ids": {
            "geonames": 2928810
        },
        "long": {
            "default": "Essen"
        },
        "parent": 2861876,
        "lat": 51.45657,
        "lng": 7.01228,
        "country": "DE",
        "population": 593085
    },
    "2928963": {
        "ids": {
            "geonames": 2928963
        },
        "long": {
            "default": "Eschweiler"
        },
        "parent": 2861876,
        "lat": 50.81854,
        "lng": 6.27184,
        "country": "DE",
        "population": 55778
    },
    "2929567": {
        "ids": {
            "geonames": 2929567
        },
        "long": {
            "default": "Erlangen"
        },
        "parent": 2951839,
        "lat": 49.59099,
        "lng": 11.00783,
        "country": "DE",
        "population": 102675
    },
    "2929670": {
        "ids": {
            "geonames": 2929670
        },
        "long": {
            "default": "Erfurt"
        },
        "parent": 2822542,
        "lat": 50.9787,
        "lng": 11.03283,
        "country": "DE",
        "population": 203254
    },
    "2929671": {
        "ids": {
            "geonames": 2929671
        },
        "long": {
            "default": "Erftstadt"
        },
        "parent": 2861876,
        "lat": 50.81481,
        "lng": 6.79387,
        "country": "DE",
        "population": 51207
    },
    "2930596": {
        "ids": {
            "geonames": 2930596
        },
        "long": {
            "default": "Emden"
        },
        "parent": 2862926,
        "lat": 53.36745,
        "lng": 7.20778,
        "country": "DE",
        "population": 51526
    },
    "2934246": {
        "ids": {
            "geonames": 2934246
        },
        "long": {
            "default": "Düsseldorf"
        },
        "parent": 2861876,
        "lat": 51.22172,
        "lng": 6.77616,
        "country": "DE",
        "population": 573057
    },
    "2934486": {
        "ids": {
            "geonames": 2934486
        },
        "long": {
            "default": "Düren"
        },
        "parent": 2861876,
        "lat": 50.80434,
        "lng": 6.49299,
        "country": "DE",
        "population": 93440
    },
    "2934691": {
        "ids": {
            "geonames": 2934691
        },
        "long": {
            "default": "Duisburg"
        },
        "parent": 2861876,
        "lat": 51.43247,
        "lng": 6.76516,
        "country": "DE",
        "population": 504358
    },
    "2935022": {
        "ids": {
            "geonames": 2935022
        },
        "long": {
            "default": "Dresden"
        },
        "parent": 2842566,
        "lat": 51.05089,
        "lng": 13.73832,
        "country": "DE",
        "population": 486854
    },
    "2935517": {
        "ids": {
            "geonames": 2935517
        },
        "long": {
            "default": "Dortmund"
        },
        "parent": 2861876,
        "lat": 51.51494,
        "lng": 7.466,
        "country": "DE",
        "population": 588462
    },
    "2935530": {
        "ids": {
            "geonames": 2935530
        },
        "long": {
            "default": "Dorsten"
        },
        "parent": 2861876,
        "lat": 51.66166,
        "lng": 6.96514,
        "country": "DE",
        "population": 79981
    },
    "2935825": {
        "ids": {
            "geonames": 2935825
        },
        "long": {
            "default": "Dormagen"
        },
        "parent": 2861876,
        "lat": 51.09683,
        "lng": 6.83167,
        "country": "DE",
        "population": 63582
    },
    "2936871": {
        "ids": {
            "geonames": 2936871
        },
        "long": {
            "default": "Dinslaken"
        },
        "parent": 2861876,
        "lat": 51.56227,
        "lng": 6.7434,
        "country": "DE",
        "population": 70573
    },
    "2937936": {
        "ids": {
            "geonames": 2937936
        },
        "long": {
            "default": "Detmold"
        },
        "parent": 2861876,
        "lat": 51.93855,
        "lng": 8.87318,
        "country": "DE",
        "population": 73680
    },
    "2937959": {
        "ids": {
            "geonames": 2937959
        },
        "long": {
            "default": "Dessau"
        },
        "parent": 2842565,
        "lat": 51.83864,
        "lng": 12.24555,
        "country": "DE",
        "population": 77315
    },
    "2938323": {
        "ids": {
            "geonames": 2938323
        },
        "long": {
            "default": "Delmenhorst"
        },
        "parent": 2862926,
        "lat": 53.0511,
        "lng": 8.63091,
        "country": "DE",
        "population": 75893
    },
    "2938913": {
        "ids": {
            "geonames": 2938913
        },
        "long": {
            "default": "Darmstadt"
        },
        "parent": 2905330,
        "lat": 49.87167,
        "lng": 8.65027,
        "country": "DE",
        "population": 140385
    },
    "2939658": {
        "ids": {
            "geonames": 2939658
        },
        "long": {
            "default": "Cuxhaven"
        },
        "parent": 2862926,
        "lat": 53.87176,
        "lng": 8.69087,
        "country": "DE",
        "population": 52677
    },
    "2939811": {
        "ids": {
            "geonames": 2939811
        },
        "long": {
            "default": "Cottbus"
        },
        "parent": 2945356,
        "lat": 51.75769,
        "lng": 14.32888,
        "country": "DE",
        "population": 84754
    },
    "2940132": {
        "ids": {
            "geonames": 2940132
        },
        "long": {
            "default": "Chemnitz"
        },
        "parent": 2842566,
        "lat": 50.8357,
        "lng": 12.92922,
        "country": "DE",
        "population": 247220
    },
    "2940187": {
        "ids": {
            "geonames": 2940187
        },
        "long": {
            "default": "Charlottenburg"
        },
        "parent": 2950157,
        "lat": 52.51667,
        "lng": 13.28333,
        "country": "DE",
        "population": 119857
    },
    "2940213": {
        "ids": {
            "geonames": 2940213
        },
        "long": {
            "default": "Celle"
        },
        "parent": 2862926,
        "lat": 52.62264,
        "lng": 10.08047,
        "country": "DE",
        "population": 71010
    },
    "2940231": {
        "ids": {
            "geonames": 2940231
        },
        "long": {
            "default": "Castrop-Rauxel"
        },
        "parent": 2861876,
        "lat": 51.55657,
        "lng": 7.31155,
        "country": "DE",
        "population": 77924
    },
    "2944368": {
        "ids": {
            "geonames": 2944368
        },
        "long": {
            "default": "Bremerhaven"
        },
        "parent": 2944387,
        "lat": 53.55021,
        "lng": 8.57673,
        "country": "DE",
        "population": 117446
    },
    "2944388": {
        "ids": {
            "geonames": 2944388
        },
        "long": {
            "default": "Bremen"
        },
        "parent": 2944387,
        "lat": 53.07516,
        "lng": 8.80777,
        "country": "DE",
        "population": 546501
    },
    "2945024": {
        "ids": {
            "geonames": 2945024
        },
        "long": {
            "default": "Braunschweig"
        },
        "parent": 2862926,
        "lat": 52.26594,
        "lng": 10.52673,
        "country": "DE",
        "population": 244715
    },
    "2945358": {
        "ids": {
            "geonames": 2945358
        },
        "long": {
            "default": "Brandenburg an der Havel"
        },
        "parent": 2945356,
        "lat": 52.41667,
        "lng": 12.55,
        "country": "DE",
        "population": 59826
    },
    "2945756": {
        "ids": {
            "geonames": 2945756
        },
        "long": {
            "default": "Bottrop"
        },
        "parent": 2861876,
        "lat": 51.52392,
        "lng": 6.9285,
        "country": "DE",
        "population": 119909
    },
    "2946447": {
        "ids": {
            "geonames": 2946447
        },
        "long": {
            "default": "Bonn"
        },
        "parent": 2861876,
        "lat": 50.73438,
        "lng": 7.09549,
        "country": "DE",
        "population": 313125
    },
    "2947022": {
        "ids": {
            "geonames": 2947022
        },
        "long": {
            "default": "Bogenhausen"
        },
        "parent": 2951839,
        "lat": 48.15221,
        "lng": 11.61585,
        "country": "DE",
        "population": 77542
    },
    "2947416": {
        "ids": {
            "geonames": 2947416
        },
        "long": {
            "default": "Bochum"
        },
        "parent": 2861876,
        "lat": 51.48165,
        "lng": 7.21648,
        "country": "DE",
        "population": 385729
    },
    "2947421": {
        "ids": {
            "geonames": 2947421
        },
        "long": {
            "default": "Bocholt"
        },
        "parent": 2861876,
        "lat": 51.83879,
        "lng": 6.61531,
        "country": "DE",
        "population": 73943
    },
    "2949186": {
        "ids": {
            "geonames": 2949186
        },
        "long": {
            "default": "Bielefeld"
        },
        "parent": 2861876,
        "lat": 52.03333,
        "lng": 8.53333,
        "country": "DE",
        "population": 331906
    },
    "2950159": {
        "ids": {
            "geonames": 2950159
        },
        "long": {
            "default": "Berlin"
        },
        "parent": 2950157,
        "lat": 52.52437,
        "lng": 13.41053,
        "country": "DE",
        "population": 3426354
    },
    "2950344": {
        "ids": {
            "geonames": 2950344
        },
        "long": {
            "default": "Bergkamen"
        },
        "parent": 2861876,
        "lat": 51.61633,
        "lng": 7.64451,
        "country": "DE",
        "population": 52329
    },
    "2950349": {
        "ids": {
            "geonames": 2950349
        },
        "long": {
            "default": "Bergisch Gladbach"
        },
        "parent": 2861876,
        "lat": 50.9856,
        "lng": 7.13298,
        "country": "DE",
        "population": 106184
    },
    "2950438": {
        "ids": {
            "geonames": 2950438
        },
        "long": {
            "default": "Bergheim"
        },
        "parent": 2861876,
        "lat": 50.95572,
        "lng": 6.63986,
        "country": "DE",
        "population": 63558
    },
    "2951825": {
        "ids": {
            "geonames": 2951825
        },
        "long": {
            "default": "Bayreuth"
        },
        "parent": 2951839,
        "lat": 49.94782,
        "lng": 11.57893,
        "country": "DE",
        "population": 75061
    },
    "2952984": {
        "ids": {
            "geonames": 2952984
        },
        "long": {
            "default": "Bamberg"
        },
        "parent": 2951839,
        "lat": 49.89873,
        "lng": 10.90067,
        "country": "DE",
        "population": 70047
    },
    "2953358": {
        "ids": {
            "geonames": 2953358
        },
        "long": {
            "default": "Bad Salzuflen"
        },
        "parent": 2861876,
        "lat": 52.0862,
        "lng": 8.74434,
        "country": "DE",
        "population": 54899
    },
    "2953436": {
        "ids": {
            "geonames": 2953436
        },
        "long": {
            "default": "Bad Homburg vor der Höhe"
        },
        "parent": 2905330,
        "lat": 50.22683,
        "lng": 8.61816,
        "country": "DE",
        "population": 51859
    },
    "2953504": {
        "ids": {
            "geonames": 2953504
        },
        "long": {
            "default": "Baden-Baden"
        },
        "parent": 2953481,
        "lat": 48.7606,
        "lng": 8.23975,
        "country": "DE",
        "population": 54239
    },
    "2954172": {
        "ids": {
            "geonames": 2954172
        },
        "long": {
            "default": "Augsburg"
        },
        "parent": 2951839,
        "lat": 48.37154,
        "lng": 10.89851,
        "country": "DE",
        "population": 259196
    },
    "2955272": {
        "ids": {
            "geonames": 2955272
        },
        "long": {
            "default": "Aschaffenburg"
        },
        "parent": 2951839,
        "lat": 49.97704,
        "lng": 9.15214,
        "country": "DE",
        "population": 68551
    },
    "2955471": {
        "ids": {
            "geonames": 2955471
        },
        "long": {
            "default": "Arnsberg"
        },
        "parent": 2861876,
        "lat": 51.38333,
        "lng": 8.08333,
        "country": "DE",
        "population": 76612
    },
    "2959223": {
        "ids": {
            "geonames": 2959223
        },
        "long": {
            "default": "Ahlen"
        },
        "parent": 2861876,
        "lat": 51.76338,
        "lng": 7.8887,
        "country": "DE",
        "population": 55280
    },
    "2959927": {
        "ids": {
            "geonames": 2959927
        },
        "long": {
            "default": "Aalen"
        },
        "parent": 2953481,
        "lat": 48.83777,
        "lng": 10.0933,
        "country": "DE",
        "population": 67085
    },
    "3247449": {
        "ids": {
            "geonames": 3247449
        },
        "long": {
            "default": "Aachen"
        },
        "parent": 2861876,
        "lat": 50.77664,
        "lng": 6.08342,
        "country": "DE",
        "population": 265208
    },
    "6545310": {
        "ids": {
            "geonames": 6545310
        },
        "long": {
            "default": "Mitte"
        },
        "parent": 2950157,
        "lat": 52.52003,
        "lng": 13.40489,
        "country": "DE",
        "population": 81205
    },
    "6941055": {
        "ids": {
            "geonames": 6941055
        },
        "long": {
            "default": "Bochum-Hordel"
        },
        "parent": 2861876,
        "lat": 51.50168,
        "lng": 7.1756,
        "country": "DE",
        "population": 380000
    },
    "7289614": {
        "ids": {
            "geonames": 7289614
        },
        "long": {
            "default": "Halle Neustadt"
        },
        "parent": 2842565,
        "lat": 51.47924,
        "lng": 11.91605,
        "country": "DE",
        "population": 240000
    },
    "7290243": {
        "ids": {
            "geonames": 7290243
        },
        "long": {
            "default": "Bergedorf"
        },
        "parent": 2911297,
        "lat": 53.48462,
        "lng": 10.22904,
        "country": "DE",
        "population": 119665
    },
    "7290254": {
        "ids": {
            "geonames": 7290254
        },
        "long": {
            "default": "Berlin Schöneberg"
        },
        "parent": 2950157,
        "lat": 52.48388,
        "lng": 13.3477,
        "country": "DE",
        "population": 116286
    },
    "8334622": {
        "ids": {
            "geonames": 8334622
        },
        "long": {
            "default": "Neu-Hohenschönhausen"
        },
        "parent": 2950157,
        "lat": 52.56681,
        "lng": 13.51255,
        "country": "DE",
        "population": 53374
    },
    "8354626": {
        "ids": {
            "geonames": 8354626
        },
        "long": {
            "default": "Hamburg-Nord"
        },
        "parent": 2911297,
        "lat": 53.58935,
        "lng": 9.984,
        "country": "DE",
        "population": 280000
    }
}