{
    "2610613": {
        "ids": {
            "geonames": 2610613
        },
        "long": {
            "default": "Vejle"
        },
        "parent": 6418542,
        "lat": 55.70927,
        "lng": 9.5357,
        "country": "DK",
        "population": 51177
    },
    "2615006": {
        "ids": {
            "geonames": 2615006
        },
        "long": {
            "default": "Randers"
        },
        "parent": 6418539,
        "lat": 56.4607,
        "lng": 10.03639,
        "country": "DK",
        "population": 55780
    },
    "2615876": {
        "ids": {
            "geonames": 2615876
        },
        "long": {
            "default": "Odense"
        },
        "parent": 6418542,
        "lat": 55.39594,
        "lng": 10.38831,
        "country": "DK",
        "population": 145931
    },
    "2618425": {
        "ids": {
            "geonames": 2618425
        },
        "long": {
            "default": "Copenhagen"
        },
        "parent": 6418538,
        "lat": 55.67594,
        "lng": 12.56553,
        "country": "DK",
        "population": 1153615
    },
    "2618528": {
        "ids": {
            "geonames": 2618528
        },
        "long": {
            "default": "Kolding"
        },
        "parent": 6418542,
        "lat": 55.4904,
        "lng": 9.47216,
        "country": "DK",
        "population": 55363
    },
    "2619771": {
        "ids": {
            "geonames": 2619771
        },
        "long": {
            "default": "Horsens"
        },
        "parent": 6418539,
        "lat": 55.86066,
        "lng": 9.85034,
        "country": "DK",
        "population": 50074
    },
    "2621942": {
        "ids": {
            "geonames": 2621942
        },
        "long": {
            "default": "Frederiksberg"
        },
        "parent": 6418538,
        "lat": 55.67938,
        "lng": 12.53463,
        "country": "DK",
        "population": 95029
    },
    "2622447": {
        "ids": {
            "geonames": 2622447
        },
        "long": {
            "default": "Esbjerg"
        },
        "parent": 6418542,
        "lat": 55.47028,
        "lng": 8.45187,
        "country": "DK",
        "population": 72205
    },
    "2624652": {
        "ids": {
            "geonames": 2624652
        },
        "long": {
            "default": "Århus"
        },
        "parent": 6418539,
        "lat": 56.15674,
        "lng": 10.21076,
        "country": "DK",
        "population": 237551
    },
    "2624886": {
        "ids": {
            "geonames": 2624886
        },
        "long": {
            "default": "Aalborg"
        },
        "parent": 6418540,
        "lat": 57.048,
        "lng": 9.9187,
        "country": "DK",
        "population": 122219
    }
}