{
    "3491941": {
        "ids": {
            "geonames": 3491941
        },
        "long": {
            "default": "Villa Francisca"
        },
        "parent": 3496024,
        "lat": 18.46667,
        "lng": -69.9,
        "country": "DO",
        "population": 50185
    },
    "3492908": {
        "ids": {
            "geonames": 3492908
        },
        "long": {
            "default": "Santo Domingo"
        },
        "parent": 3496024,
        "lat": 18.50012,
        "lng": -69.98857,
        "country": "DO",
        "population": 2201941
    },
    "3492914": {
        "ids": {
            "geonames": 3492914
        },
        "long": {
            "default": "Santiago de los Caballeros"
        },
        "parent": 3492918,
        "lat": 19.4517,
        "lng": -70.69703,
        "country": "DO",
        "population": 1200000
    },
    "3492985": {
        "ids": {
            "geonames": 3492985
        },
        "long": {
            "default": "Santa Cruz de Barahona"
        },
        "parent": 3512042,
        "lat": 18.20854,
        "lng": -71.10077,
        "country": "DO",
        "population": 77160
    },
    "3493032": {
        "ids": {
            "geonames": 3493032
        },
        "long": {
            "default": "San Pedro de Macorís"
        },
        "parent": 3493031,
        "lat": 18.46156,
        "lng": -69.29718,
        "country": "DO",
        "population": 217899
    },
    "3493081": {
        "ids": {
            "geonames": 3493081
        },
        "long": {
            "default": "San Juan de la Maguana"
        },
        "parent": 3493091,
        "lat": 18.80588,
        "lng": -71.22991,
        "country": "DO",
        "population": 72950
    },
    "3493146": {
        "ids": {
            "geonames": 3493146
        },
        "long": {
            "default": "San Francisco de Macorís"
        },
        "parent": 3508718,
        "lat": 19.30099,
        "lng": -70.25259,
        "country": "DO",
        "population": 124763
    },
    "3493175": {
        "ids": {
            "geonames": 3493175
        },
        "long": {
            "default": "Puerto Plata"
        },
        "parent": 3494267,
        "lat": 19.79344,
        "lng": -70.6884,
        "country": "DO",
        "population": 146000
    },
    "3493240": {
        "ids": {
            "geonames": 3493240
        },
        "long": {
            "default": "Salvaleón de Higüey"
        },
        "parent": 3503706,
        "lat": 18.61501,
        "lng": -68.70798,
        "country": "DO",
        "population": 123787
    },
    "3494242": {
        "ids": {
            "geonames": 3494242
        },
        "long": {
            "default": "Punta Cana"
        },
        "parent": 3503706,
        "lat": 18.58182,
        "lng": -68.40431,
        "country": "DO",
        "population": 100023
    },
    "3496331": {
        "ids": {
            "geonames": 3496331
        },
        "long": {
            "default": "Moca"
        },
        "parent": 3505867,
        "lat": 19.39352,
        "lng": -70.52598,
        "country": "DO",
        "population": 61834
    },
    "3500957": {
        "ids": {
            "geonames": 3500957
        },
        "long": {
            "default": "La Romana"
        },
        "parent": 3500955,
        "lat": 18.42733,
        "lng": -68.97285,
        "country": "DO",
        "population": 208437
    },
    "3509382": {
        "ids": {
            "geonames": 3509382
        },
        "long": {
            "default": "Concepción de La Vega"
        },
        "parent": 3499977,
        "lat": 19.22207,
        "lng": -70.52956,
        "country": "DO",
        "population": 102426
    },
    "3511233": {
        "ids": {
            "geonames": 3511233
        },
        "long": {
            "default": "Bonao"
        },
        "parent": 3496274,
        "lat": 18.93687,
        "lng": -70.40923,
        "country": "DO",
        "population": 73269
    },
    "3511540": {
        "ids": {
            "geonames": 3511540
        },
        "long": {
            "default": "San Cristóbal"
        },
        "parent": 3493186,
        "lat": 18.41667,
        "lng": -70.1,
        "country": "DO",
        "population": 154040
    },
    "3511550": {
        "ids": {
            "geonames": 3511550
        },
        "long": {
            "default": "Bella Vista"
        },
        "parent": 3496024,
        "lat": 18.45539,
        "lng": -69.9454,
        "country": "DO",
        "population": 175683
    },
    "3512067": {
        "ids": {
            "geonames": 3512067
        },
        "long": {
            "default": "Baní"
        },
        "parent": 3495015,
        "lat": 18.27964,
        "lng": -70.33185,
        "country": "DO",
        "population": 66709
    },
    "3512128": {
        "ids": {
            "geonames": 3512128
        },
        "long": {
            "default": "Bajos de Haina"
        },
        "parent": 3493186,
        "lat": 18.41538,
        "lng": -70.03317,
        "country": "DO",
        "population": 66784
    },
    "3512208": {
        "ids": {
            "geonames": 3512208
        },
        "long": {
            "default": "Azua"
        },
        "parent": 3512209,
        "lat": 18.45319,
        "lng": -70.7349,
        "country": "DO",
        "population": 59139
    },
    "7874116": {
        "ids": {
            "geonames": 7874116
        },
        "long": {
            "default": "Santo Domingo Oeste"
        },
        "parent": 6201373,
        "lat": 18.5,
        "lng": -70,
        "country": "DO",
        "population": 701269
    }
}