{
    "2474141": {
        "ids": {
            "geonames": 2474141
        },
        "long": {
            "default": "Boumerdas"
        },
        "parent": 2502638,
        "lat": 36.76639,
        "lng": 3.47717,
        "country": "DZ",
        "population": 786499
    },
    "2475612": {
        "ids": {
            "geonames": 2475612
        },
        "long": {
            "default": "Tolga"
        },
        "parent": 2503822,
        "lat": 34.72224,
        "lng": 5.37845,
        "country": "DZ",
        "population": 68246
    },
    "2475687": {
        "ids": {
            "geonames": 2475687
        },
        "long": {
            "default": "Tlemcen"
        },
        "parent": 2475683,
        "lat": 34.87833,
        "lng": -1.315,
        "country": "DZ",
        "population": 132341
    },
    "2475744": {
        "ids": {
            "geonames": 2475744
        },
        "long": {
            "default": "Tizi Ouzou"
        },
        "parent": 2475741,
        "lat": 36.71182,
        "lng": 4.04591,
        "country": "DZ",
        "population": 144000
    },
    "2475860": {
        "ids": {
            "geonames": 2475860
        },
        "long": {
            "default": "Tissemsilt"
        },
        "parent": 2475858,
        "lat": 35.60722,
        "lng": 1.81081,
        "country": "DZ",
        "population": 61155
    },
    "2476897": {
        "ids": {
            "geonames": 2476897
        },
        "long": {
            "default": "Tiaret"
        },
        "parent": 2476893,
        "lat": 35.37103,
        "lng": 1.31699,
        "country": "DZ",
        "population": 178915
    },
    "2477255": {
        "ids": {
            "geonames": 2477255
        },
        "long": {
            "default": "Telerghma"
        },
        "parent": 2487449,
        "lat": 36.11653,
        "lng": 6.35434,
        "country": "DZ",
        "population": 51708
    },
    "2477461": {
        "ids": {
            "geonames": 2477461
        },
        "long": {
            "default": "Tébessa"
        },
        "parent": 2477457,
        "lat": 35.40417,
        "lng": 8.12417,
        "country": "DZ",
        "population": 634332
    },
    "2478216": {
        "ids": {
            "geonames": 2478216
        },
        "long": {
            "default": "Tamanrasset"
        },
        "parent": 2478217,
        "lat": 22.785,
        "lng": 5.52278,
        "country": "DZ",
        "population": 73128
    },
    "2479161": {
        "ids": {
            "geonames": 2479161
        },
        "long": {
            "default": "Sour el Ghozlane"
        },
        "parent": 2502951,
        "lat": 36.14766,
        "lng": 3.69123,
        "country": "DZ",
        "population": 50204
    },
    "2479215": {
        "ids": {
            "geonames": 2479215
        },
        "long": {
            "default": "Souk Ahras"
        },
        "parent": 2479213,
        "lat": 36.28639,
        "lng": 7.95111,
        "country": "DZ",
        "population": 156745
    },
    "2479247": {
        "ids": {
            "geonames": 2479247
        },
        "long": {
            "default": "Sougueur"
        },
        "parent": 2476893,
        "lat": 35.18568,
        "lng": 1.49612,
        "country": "DZ",
        "population": 68654
    },
    "2479536": {
        "ids": {
            "geonames": 2479536
        },
        "long": {
            "default": "Skikda"
        },
        "parent": 2479532,
        "lat": 36.87617,
        "lng": 6.90921,
        "country": "DZ",
        "population": 162702
    },
    "2479609": {
        "ids": {
            "geonames": 2479609
        },
        "long": {
            "default": "Sig"
        },
        "parent": 2490095,
        "lat": 35.52832,
        "lng": -0.19369,
        "country": "DZ",
        "population": 58877
    },
    "2479966": {
        "ids": {
            "geonames": 2479966
        },
        "long": {
            "default": "Sidi Moussa"
        },
        "parent": 2503765,
        "lat": 36.60637,
        "lng": 3.08783,
        "country": "DZ",
        "population": 57928
    },
    "2480368": {
        "ids": {
            "geonames": 2480368
        },
        "long": {
            "default": "Sidi Khaled"
        },
        "parent": 2503822,
        "lat": 34.387,
        "lng": 4.98785,
        "country": "DZ",
        "population": 64476
    },
    "2481007": {
        "ids": {
            "geonames": 2481007
        },
        "long": {
            "default": "Sidi Bel Abbès"
        },
        "parent": 2481001,
        "lat": 35.18994,
        "lng": -0.63085,
        "country": "DZ",
        "population": 191769
    },
    "2481246": {
        "ids": {
            "geonames": 2481246
        },
        "long": {
            "default": "Sidi Aïssa"
        },
        "parent": 2486682,
        "lat": 35.88548,
        "lng": 3.77236,
        "country": "DZ",
        "population": 69740
    },
    "2481700": {
        "ids": {
            "geonames": 2481700
        },
        "long": {
            "default": "Sétif"
        },
        "parent": 2481696,
        "lat": 36.19112,
        "lng": 5.41373,
        "country": "DZ",
        "population": 288461
    },
    "2482090": {
        "ids": {
            "geonames": 2482090
        },
        "long": {
            "default": "Sedrata"
        },
        "parent": 2479213,
        "lat": 36.12868,
        "lng": 7.53376,
        "country": "DZ",
        "population": 53318
    },
    "2482572": {
        "ids": {
            "geonames": 2482572
        },
        "long": {
            "default": "Saïda"
        },
        "parent": 2482557,
        "lat": 34.83033,
        "lng": 0.15171,
        "country": "DZ",
        "population": 127497
    },
    "2482886": {
        "ids": {
            "geonames": 2482886
        },
        "long": {
            "default": "Rouissat"
        },
        "parent": 2485794,
        "lat": 31.92427,
        "lng": 5.35018,
        "country": "DZ",
        "population": 80784
    },
    "2483649": {
        "ids": {
            "geonames": 2483649
        },
        "long": {
            "default": "Remchi"
        },
        "parent": 2475683,
        "lat": 35.06196,
        "lng": -1.43362,
        "country": "DZ",
        "population": 51224
    },
    "2483668": {
        "ids": {
            "geonames": 2483668
        },
        "long": {
            "default": "Relizane"
        },
        "parent": 2483666,
        "lat": 35.73734,
        "lng": 0.55599,
        "country": "DZ",
        "population": 130094
    },
    "2483746": {
        "ids": {
            "geonames": 2483746
        },
        "long": {
            "default": "Reguiba"
        },
        "parent": 2497406,
        "lat": 33.56391,
        "lng": 6.70326,
        "country": "DZ",
        "population": 62185
    },
    "2483757": {
        "ids": {
            "geonames": 2483757
        },
        "long": {
            "default": "Reghaïa"
        },
        "parent": 2502638,
        "lat": 36.73587,
        "lng": 3.34018,
        "country": "DZ",
        "population": 54962
    },
    "2483936": {
        "ids": {
            "geonames": 2483936
        },
        "long": {
            "default": "Râs el Oued"
        },
        "parent": 2503699,
        "lat": 35.9441,
        "lng": 5.03107,
        "country": "DZ",
        "population": 56726
    },
    "2484620": {
        "ids": {
            "geonames": 2484620
        },
        "long": {
            "default": "Oum el Bouaghi"
        },
        "parent": 2484618,
        "lat": 35.87541,
        "lng": 7.11353,
        "country": "DZ",
        "population": 100821
    },
    "2485582": {
        "ids": {
            "geonames": 2485582
        },
        "long": {
            "default": "Oued Rhiou"
        },
        "parent": 2483666,
        "lat": 35.96124,
        "lng": 0.91896,
        "country": "DZ",
        "population": 59864
    },
    "2485801": {
        "ids": {
            "geonames": 2485801
        },
        "long": {
            "default": "Ouargla"
        },
        "parent": 2485794,
        "lat": 31.94932,
        "lng": 5.32502,
        "country": "DZ",
        "population": 129402
    },
    "2485926": {
        "ids": {
            "geonames": 2485926
        },
        "long": {
            "default": "Oran"
        },
        "parent": 2485920,
        "lat": 35.69111,
        "lng": -0.64167,
        "country": "DZ",
        "population": 645984
    },
    "2486690": {
        "ids": {
            "geonames": 2486690
        },
        "long": {
            "default": "M’Sila"
        },
        "parent": 2486682,
        "lat": 35.70583,
        "lng": 4.54194,
        "country": "DZ",
        "population": 100000
    },
    "2487134": {
        "ids": {
            "geonames": 2487134
        },
        "long": {
            "default": "Mostaganem"
        },
        "parent": 2487130,
        "lat": 35.93115,
        "lng": 0.08918,
        "country": "DZ",
        "population": 130000
    },
    "2487452": {
        "ids": {
            "geonames": 2487452
        },
        "long": {
            "default": "Mila"
        },
        "parent": 2487449,
        "lat": 36.45028,
        "lng": 6.26444,
        "country": "DZ",
        "population": 68831
    },
    "2487620": {
        "ids": {
            "geonames": 2487620
        },
        "long": {
            "default": "Metlili Chaamba"
        },
        "parent": 2496045,
        "lat": 32.26667,
        "lng": 3.63333,
        "country": "DZ",
        "population": 50117
    },
    "2487772": {
        "ids": {
            "geonames": 2487772
        },
        "long": {
            "default": "Messaad"
        },
        "parent": 2500013,
        "lat": 34.15429,
        "lng": 3.50309,
        "country": "DZ",
        "population": 99485
    },
    "2488722": {
        "ids": {
            "geonames": 2488722
        },
        "long": {
            "default": "Meftah"
        },
        "parent": 2503765,
        "lat": 36.6204,
        "lng": 3.22248,
        "country": "DZ",
        "population": 59990
    },
    "2488835": {
        "ids": {
            "geonames": 2488835
        },
        "long": {
            "default": "Médéa"
        },
        "parent": 2488831,
        "lat": 36.26417,
        "lng": 2.75393,
        "country": "DZ",
        "population": 147707
    },
    "2490098": {
        "ids": {
            "geonames": 2490098
        },
        "long": {
            "default": "Mascara"
        },
        "parent": 2490095,
        "lat": 35.39664,
        "lng": 0.14027,
        "country": "DZ",
        "population": 150000
    },
    "2490183": {
        "ids": {
            "geonames": 2490183
        },
        "long": {
            "default": "Mansoûra"
        },
        "parent": 2475683,
        "lat": 34.86158,
        "lng": -1.33935,
        "country": "DZ",
        "population": 52285
    },
    "2491050": {
        "ids": {
            "geonames": 2491050
        },
        "long": {
            "default": "Larbaâ"
        },
        "parent": 2505569,
        "lat": 36.56471,
        "lng": 3.15434,
        "country": "DZ",
        "population": 69298
    },
    "2491134": {
        "ids": {
            "geonames": 2491134
        },
        "long": {
            "default": "Lakhdaria"
        },
        "parent": 2502951,
        "lat": 36.56463,
        "lng": 3.5933,
        "country": "DZ",
        "population": 56719
    },
    "2491191": {
        "ids": {
            "geonames": 2491191
        },
        "long": {
            "default": "Laghouat"
        },
        "parent": 2491188,
        "lat": 33.8,
        "lng": 2.86514,
        "country": "DZ",
        "population": 113872
    },
    "2491323": {
        "ids": {
            "geonames": 2491323
        },
        "long": {
            "default": "Ksar el Boukhari"
        },
        "parent": 2488831,
        "lat": 35.88889,
        "lng": 2.74905,
        "country": "DZ",
        "population": 77166
    },
    "2491335": {
        "ids": {
            "geonames": 2491335
        },
        "long": {
            "default": "Ksar Chellala"
        },
        "parent": 2476893,
        "lat": 35.21222,
        "lng": 2.31889,
        "country": "DZ",
        "population": 58478
    },
    "2491889": {
        "ids": {
            "geonames": 2491889
        },
        "long": {
            "default": "Khenchela"
        },
        "parent": 2491887,
        "lat": 35.43583,
        "lng": 7.14333,
        "country": "DZ",
        "population": 117000
    },
    "2491911": {
        "ids": {
            "geonames": 2491911
        },
        "long": {
            "default": "Khemis Miliana"
        },
        "parent": 2508226,
        "lat": 36.26104,
        "lng": 2.22015,
        "country": "DZ",
        "population": 75865
    },
    "2492913": {
        "ids": {
            "geonames": 2492913
        },
        "long": {
            "default": "Jijel"
        },
        "parent": 2492910,
        "lat": 36.82055,
        "lng": 5.76671,
        "country": "DZ",
        "population": 148000
    },
    "2494029": {
        "ids": {
            "geonames": 2494029
        },
        "long": {
            "default": "Hassi Messaoud"
        },
        "parent": 2485794,
        "lat": 31.68041,
        "lng": 6.07286,
        "country": "DZ",
        "population": 53000
    },
    "2494610": {
        "ids": {
            "geonames": 2494610
        },
        "long": {
            "default": "Hamma Bouziane"
        },
        "parent": 2501147,
        "lat": 36.41205,
        "lng": 6.59603,
        "country": "DZ",
        "population": 63012
    },
    "2495662": {
        "ids": {
            "geonames": 2495662
        },
        "long": {
            "default": "Guelma"
        },
        "parent": 2495659,
        "lat": 36.46214,
        "lng": 7.42608,
        "country": "DZ",
        "population": 123590
    },
    "2496049": {
        "ids": {
            "geonames": 2496049
        },
        "long": {
            "default": "Ghardaïa"
        },
        "parent": 2496045,
        "lat": 32.49094,
        "lng": 3.67347,
        "country": "DZ",
        "population": 93423
    },
    "2496232": {
        "ids": {
            "geonames": 2496232
        },
        "long": {
            "default": "Frenda"
        },
        "parent": 2476893,
        "lat": 35.06544,
        "lng": 1.04945,
        "country": "DZ",
        "population": 63319
    },
    "2497060": {
        "ids": {
            "geonames": 2497060
        },
        "long": {
            "default": "Es Senia"
        },
        "parent": 2485920,
        "lat": 35.64779,
        "lng": -0.62397,
        "country": "DZ",
        "population": 68084
    },
    "2497411": {
        "ids": {
            "geonames": 2497411
        },
        "long": {
            "default": "El Oued"
        },
        "parent": 2497406,
        "lat": 33.35608,
        "lng": 6.86319,
        "country": "DZ",
        "population": 134699
    },
    "2497849": {
        "ids": {
            "geonames": 2497849
        },
        "long": {
            "default": "El Khroub"
        },
        "parent": 2501147,
        "lat": 36.26333,
        "lng": 6.69361,
        "country": "DZ",
        "population": 83746
    },
    "2498392": {
        "ids": {
            "geonames": 2498392
        },
        "long": {
            "default": "El Eulma"
        },
        "parent": 2481696,
        "lat": 36.15281,
        "lng": 5.69016,
        "country": "DZ",
        "population": 128351
    },
    "2498543": {
        "ids": {
            "geonames": 2498543
        },
        "long": {
            "default": "El Bayadh"
        },
        "parent": 2498541,
        "lat": 33.68318,
        "lng": 1.01927,
        "country": "DZ",
        "population": 64632
    },
    "2498611": {
        "ids": {
            "geonames": 2498611
        },
        "long": {
            "default": "Chlef"
        },
        "parent": 2501296,
        "lat": 36.16525,
        "lng": 1.33452,
        "country": "DZ",
        "population": 178616
    },
    "2498766": {
        "ids": {
            "geonames": 2498766
        },
        "long": {
            "default": "El Achir"
        },
        "parent": 2503699,
        "lat": 36.06386,
        "lng": 4.62744,
        "country": "DZ",
        "population": 158333
    },
    "2498954": {
        "ids": {
            "geonames": 2498954
        },
        "long": {
            "default": "Ech Chettia"
        },
        "parent": 2501296,
        "lat": 36.19591,
        "lng": 1.25537,
        "country": "DZ",
        "population": 167955
    },
    "2499055": {
        "ids": {
            "geonames": 2499055
        },
        "long": {
            "default": "Drean"
        },
        "parent": 2506994,
        "lat": 36.68482,
        "lng": 7.75111,
        "country": "DZ",
        "population": 55147
    },
    "2500017": {
        "ids": {
            "geonames": 2500017
        },
        "long": {
            "default": "Djelfa"
        },
        "parent": 2500013,
        "lat": 34.67279,
        "lng": 3.263,
        "country": "DZ",
        "population": 154265
    },
    "2500282": {
        "ids": {
            "geonames": 2500282
        },
        "long": {
            "default": "Djamaa"
        },
        "parent": 2485794,
        "lat": 33.53388,
        "lng": 5.99306,
        "country": "DZ",
        "population": 52882
    },
    "2500904": {
        "ids": {
            "geonames": 2500904
        },
        "long": {
            "default": "Dar Chioukh"
        },
        "parent": 2500013,
        "lat": 34.89638,
        "lng": 3.48543,
        "country": "DZ",
        "population": 54022
    },
    "2501152": {
        "ids": {
            "geonames": 2501152
        },
        "long": {
            "default": "Constantine"
        },
        "parent": 2501147,
        "lat": 36.365,
        "lng": 6.61472,
        "country": "DZ",
        "population": 450097
    },
    "2501404": {
        "ids": {
            "geonames": 2501404
        },
        "long": {
            "default": "Cheria"
        },
        "parent": 2477457,
        "lat": 35.27306,
        "lng": 7.75194,
        "country": "DZ",
        "population": 72095
    },
    "2501541": {
        "ids": {
            "geonames": 2501541
        },
        "long": {
            "default": "Chelghoum el Aïd"
        },
        "parent": 2487449,
        "lat": 36.16286,
        "lng": 6.16651,
        "country": "DZ",
        "population": 71660
    },
    "2502958": {
        "ids": {
            "geonames": 2502958
        },
        "long": {
            "default": "Bouïra"
        },
        "parent": 2502951,
        "lat": 36.37489,
        "lng": 3.902,
        "country": "DZ",
        "population": 52500
    },
    "2503147": {
        "ids": {
            "geonames": 2503147
        },
        "long": {
            "default": "Bougara"
        },
        "parent": 2503765,
        "lat": 36.54178,
        "lng": 3.081,
        "country": "DZ",
        "population": 63155
    },
    "2503181": {
        "ids": {
            "geonames": 2503181
        },
        "long": {
            "default": "Boufarik"
        },
        "parent": 2503765,
        "lat": 36.57413,
        "lng": 2.91214,
        "country": "DZ",
        "population": 59742
    },
    "2503661": {
        "ids": {
            "geonames": 2503661
        },
        "long": {
            "default": "Bordj el Kiffan"
        },
        "parent": 2507475,
        "lat": 36.74871,
        "lng": 3.19249,
        "country": "DZ",
        "population": 123246
    },
    "2503701": {
        "ids": {
            "geonames": 2503701
        },
        "long": {
            "default": "Bordj Bou Arreridj"
        },
        "parent": 2503699,
        "lat": 36.07321,
        "lng": 4.76108,
        "country": "DZ",
        "population": 168346
    },
    "2503755": {
        "ids": {
            "geonames": 2503755
        },
        "long": {
            "default": "Boghni"
        },
        "parent": 2475741,
        "lat": 36.54222,
        "lng": 3.95306,
        "country": "DZ",
        "population": 54666
    },
    "2503769": {
        "ids": {
            "geonames": 2503769
        },
        "long": {
            "default": "Blida"
        },
        "parent": 2503765,
        "lat": 36.47004,
        "lng": 2.8277,
        "country": "DZ",
        "population": 182447
    },
    "2503826": {
        "ids": {
            "geonames": 2503826
        },
        "long": {
            "default": "Biskra"
        },
        "parent": 2503822,
        "lat": 34.85038,
        "lng": 5.72805,
        "country": "DZ",
        "population": 307987
    },
    "2503847": {
        "ids": {
            "geonames": 2503847
        },
        "long": {
            "default": "Birkhadem"
        },
        "parent": 2507475,
        "lat": 36.71499,
        "lng": 3.05002,
        "country": "DZ",
        "population": 71722
    },
    "2503852": {
        "ids": {
            "geonames": 2503852
        },
        "long": {
            "default": "Birine"
        },
        "parent": 2500013,
        "lat": 35.635,
        "lng": 3.225,
        "country": "DZ",
        "population": 51209
    },
    "2503874": {
        "ids": {
            "geonames": 2503874
        },
        "long": {
            "default": "Bir el Djir"
        },
        "parent": 2485920,
        "lat": 35.72,
        "lng": -0.545,
        "country": "DZ",
        "population": 68032
    },
    "2503878": {
        "ids": {
            "geonames": 2503878
        },
        "long": {
            "default": "Bir el Ater"
        },
        "parent": 2477457,
        "lat": 34.74488,
        "lng": 8.06024,
        "country": "DZ",
        "population": 68703
    },
    "2504072": {
        "ids": {
            "geonames": 2504072
        },
        "long": {
            "default": "Besbes"
        },
        "parent": 2497322,
        "lat": 36.70222,
        "lng": 7.84722,
        "country": "DZ",
        "population": 66287
    },
    "2504099": {
        "ids": {
            "geonames": 2504099
        },
        "long": {
            "default": "Berrouaghia"
        },
        "parent": 2488831,
        "lat": 36.13516,
        "lng": 2.91085,
        "country": "DZ",
        "population": 80573
    },
    "2504622": {
        "ids": {
            "geonames": 2504622
        },
        "long": {
            "default": "Beni Mered"
        },
        "parent": 2503765,
        "lat": 36.52389,
        "lng": 2.86131,
        "country": "DZ",
        "population": 92749
    },
    "2505329": {
        "ids": {
            "geonames": 2505329
        },
        "long": {
            "default": "Bejaïa"
        },
        "parent": 2505325,
        "lat": 36.75587,
        "lng": 5.08433,
        "country": "DZ",
        "population": 164103
    },
    "2505530": {
        "ids": {
            "geonames": 2505530
        },
        "long": {
            "default": "Béchar"
        },
        "parent": 2505525,
        "lat": 31.61667,
        "lng": -2.21667,
        "country": "DZ",
        "population": 143382
    },
    "2505572": {
        "ids": {
            "geonames": 2505572
        },
        "long": {
            "default": "Batna"
        },
        "parent": 2505569,
        "lat": 35.55597,
        "lng": 6.17414,
        "country": "DZ",
        "population": 280798
    },
    "2505629": {
        "ids": {
            "geonames": 2505629
        },
        "long": {
            "default": "Barika"
        },
        "parent": 2505569,
        "lat": 35.38901,
        "lng": 5.36584,
        "country": "DZ",
        "population": 98846
    },
    "2505653": {
        "ids": {
            "geonames": 2505653
        },
        "long": {
            "default": "Baraki"
        },
        "parent": 2476027,
        "lat": 36.66655,
        "lng": 3.09606,
        "country": "DZ",
        "population": 105402
    },
    "2505854": {
        "ids": {
            "geonames": 2505854
        },
        "long": {
            "default": "Bab Ezzouar"
        },
        "parent": 2507475,
        "lat": 36.72615,
        "lng": 3.18291,
        "country": "DZ",
        "population": 275630
    },
    "2505915": {
        "ids": {
            "geonames": 2505915
        },
        "long": {
            "default": "Azzaba"
        },
        "parent": 2479532,
        "lat": 36.73944,
        "lng": 7.10528,
        "country": "DZ",
        "population": 75317
    },
    "2506999": {
        "ids": {
            "geonames": 2506999
        },
        "long": {
            "default": "Annaba"
        },
        "parent": 2506994,
        "lat": 36.9,
        "lng": 7.76667,
        "country": "DZ",
        "population": 206570
    },
    "2507480": {
        "ids": {
            "geonames": 2507480
        },
        "long": {
            "default": "Algiers"
        },
        "parent": 2507475,
        "lat": 36.7525,
        "lng": 3.04197,
        "country": "DZ",
        "population": 1977663
    },
    "2507646": {
        "ids": {
            "geonames": 2507646
        },
        "long": {
            "default": "Akbou"
        },
        "parent": 2505325,
        "lat": 36.4575,
        "lng": 4.53494,
        "country": "DZ",
        "population": 66654
    },
    "2507877": {
        "ids": {
            "geonames": 2507877
        },
        "long": {
            "default": "Aïn Touta"
        },
        "parent": 2505569,
        "lat": 35.37675,
        "lng": 5.90001,
        "country": "DZ",
        "population": 72280
    },
    "2507901": {
        "ids": {
            "geonames": 2507901
        },
        "long": {
            "default": "Aïn Temouchent"
        },
        "parent": 2507899,
        "lat": 35.29749,
        "lng": -1.14037,
        "country": "DZ",
        "population": 57354
    },
    "2507943": {
        "ids": {
            "geonames": 2507943
        },
        "long": {
            "default": "Aïn Sefra"
        },
        "parent": 2486512,
        "lat": 32.75,
        "lng": -0.58333,
        "country": "DZ",
        "population": 63420
    },
    "2507972": {
        "ids": {
            "geonames": 2507972
        },
        "long": {
            "default": "Aïn Oussera"
        },
        "parent": 2500013,
        "lat": 35.45139,
        "lng": 2.90583,
        "country": "DZ",
        "population": 118687
    },
    "2508102": {
        "ids": {
            "geonames": 2508102
        },
        "long": {
            "default": "Aïn Fakroun"
        },
        "parent": 2484618,
        "lat": 35.97108,
        "lng": 6.87374,
        "country": "DZ",
        "population": 68433
    },
    "2508228": {
        "ids": {
            "geonames": 2508228
        },
        "long": {
            "default": "Aïn Defla"
        },
        "parent": 2508226,
        "lat": 36.26405,
        "lng": 1.9679,
        "country": "DZ",
        "population": 52276
    },
    "2508287": {
        "ids": {
            "geonames": 2508287
        },
        "long": {
            "default": "Aïn Beïda"
        },
        "parent": 2484618,
        "lat": 35.79639,
        "lng": 7.39278,
        "country": "DZ",
        "population": 105765
    },
    "2508737": {
        "ids": {
            "geonames": 2508737
        },
        "long": {
            "default": "Aflou"
        },
        "parent": 2491188,
        "lat": 34.11279,
        "lng": 2.10228,
        "country": "DZ",
        "population": 84683
    }
}