{
    "3650472": {
        "ids": {
            "geonames": 3650472
        },
        "long": {
            "default": "Tulcán"
        },
        "parent": 3659718,
        "lat": 0.81187,
        "lng": -77.71727,
        "country": "EC",
        "population": 86498
    },
    "3651297": {
        "ids": {
            "geonames": 3651297
        },
        "long": {
            "default": "Santo Domingo de los Colorados"
        },
        "parent": 7062136,
        "lat": -0.25305,
        "lng": -79.17536,
        "country": "EC",
        "population": 200421
    },
    "3652350": {
        "ids": {
            "geonames": 3652350
        },
        "long": {
            "default": "Riobamba"
        },
        "parent": 3659237,
        "lat": -1.67098,
        "lng": -78.64712,
        "country": "EC",
        "population": 124478
    },
    "3652462": {
        "ids": {
            "geonames": 3652462
        },
        "long": {
            "default": "Quito"
        },
        "parent": 3653224,
        "lat": -0.22985,
        "lng": -78.52495,
        "country": "EC",
        "population": 1399814
    },
    "3652567": {
        "ids": {
            "geonames": 3652567
        },
        "long": {
            "default": "Quevedo"
        },
        "parent": 3654592,
        "lat": -1.02863,
        "lng": -79.46352,
        "country": "EC",
        "population": 119436
    },
    "3652941": {
        "ids": {
            "geonames": 3652941
        },
        "long": {
            "default": "Portoviejo"
        },
        "parent": 3654451,
        "lat": -1.05458,
        "lng": -80.45445,
        "country": "EC",
        "population": 170326
    },
    "3654410": {
        "ids": {
            "geonames": 3654410
        },
        "long": {
            "default": "Manta"
        },
        "parent": 3654451,
        "lat": -0.96212,
        "lng": -80.71271,
        "country": "EC",
        "population": 183166
    },
    "3654533": {
        "ids": {
            "geonames": 3654533
        },
        "long": {
            "default": "Machala"
        },
        "parent": 3658195,
        "lat": -3.25861,
        "lng": -79.96053,
        "country": "EC",
        "population": 198123
    },
    "3654667": {
        "ids": {
            "geonames": 3654667
        },
        "long": {
            "default": "Loja"
        },
        "parent": 3654665,
        "lat": -3.99313,
        "lng": -79.20422,
        "country": "EC",
        "population": 117796
    },
    "3654870": {
        "ids": {
            "geonames": 3654870
        },
        "long": {
            "default": "Latacunga"
        },
        "parent": 3658766,
        "lat": -0.93521,
        "lng": -78.61554,
        "country": "EC",
        "population": 51717
    },
    "3655131": {
        "ids": {
            "geonames": 3655131
        },
        "long": {
            "default": "La Libertad"
        },
        "parent": 3657505,
        "lat": -2.233,
        "lng": -80.91039,
        "country": "EC",
        "population": 75881
    },
    "3655673": {
        "ids": {
            "geonames": 3655673
        },
        "long": {
            "default": "Ibarra"
        },
        "parent": 3655635,
        "lat": 0.35171,
        "lng": -78.12233,
        "country": "EC",
        "population": 132977
    },
    "3657509": {
        "ids": {
            "geonames": 3657509
        },
        "long": {
            "default": "Guayaquil"
        },
        "parent": 3657505,
        "lat": -2.20584,
        "lng": -79.90795,
        "country": "EC",
        "population": 1952029
    },
    "3657990": {
        "ids": {
            "geonames": 3657990
        },
        "long": {
            "default": "Esmeraldas"
        },
        "parent": 3657986,
        "lat": 0.9592,
        "lng": -79.65397,
        "country": "EC",
        "population": 165216
    },
    "3658192": {
        "ids": {
            "geonames": 3658192
        },
        "long": {
            "default": "Eloy Alfaro"
        },
        "parent": 3657505,
        "lat": -2.17579,
        "lng": -79.85519,
        "country": "EC",
        "population": 167784
    },
    "3658666": {
        "ids": {
            "geonames": 3658666
        },
        "long": {
            "default": "Cuenca"
        },
        "parent": 3660431,
        "lat": -2.90055,
        "lng": -79.00453,
        "country": "EC",
        "population": 276964
    },
    "3660418": {
        "ids": {
            "geonames": 3660418
        },
        "long": {
            "default": "Babahoyo"
        },
        "parent": 3654592,
        "lat": -1.80217,
        "lng": -79.53443,
        "country": "EC",
        "population": 76279
    },
    "3660689": {
        "ids": {
            "geonames": 3660689
        },
        "long": {
            "default": "Ambato"
        },
        "parent": 3650445,
        "lat": -1.24908,
        "lng": -78.61675,
        "country": "EC",
        "population": 154369
    },
    "10277901": {
        "ids": {
            "geonames": 10277901
        },
        "long": {
            "default": "Tutamandahostel"
        },
        "parent": 3653224,
        "lat": -0.19727,
        "lng": -78.4975,
        "country": "EC",
        "population": 140000
    }
}