{
    "588335": {
        "ids": {
            "geonames": 588335
        },
        "long": {
            "default": "Tartu"
        },
        "parent": 588334,
        "lat": 58.38062,
        "lng": 26.72509,
        "country": "EE",
        "population": 101092
    },
    "588409": {
        "ids": {
            "geonames": 588409
        },
        "long": {
            "default": "Tallinn"
        },
        "parent": 592170,
        "lat": 59.43696,
        "lng": 24.75353,
        "country": "EE",
        "population": 394024
    },
    "590031": {
        "ids": {
            "geonames": 590031
        },
        "long": {
            "default": "Narva"
        },
        "parent": 592075,
        "lat": 59.37722,
        "lng": 28.19028,
        "country": "EE",
        "population": 66980
    }
}