{
    "346030": {
        "ids": {
            "geonames": 346030
        },
        "long": {
            "default": "Ziftá"
        },
        "parent": 361294,
        "lat": 30.7142,
        "lng": 31.24425,
        "country": "EG",
        "population": 92667
    },
    "347236": {
        "ids": {
            "geonames": 347236
        },
        "long": {
            "default": "Toukh"
        },
        "parent": 360621,
        "lat": 30.35394,
        "lng": 31.20071,
        "country": "EG",
        "population": 67599
    },
    "347497": {
        "ids": {
            "geonames": 347497
        },
        "long": {
            "default": "Tanda"
        },
        "parent": 361294,
        "lat": 30.78847,
        "lng": 31.00192,
        "country": "EG",
        "population": 404901
    },
    "347591": {
        "ids": {
            "geonames": 347591
        },
        "long": {
            "default": "Ţalkhā"
        },
        "parent": 361849,
        "lat": 31.0539,
        "lng": 31.37787,
        "country": "EG",
        "population": 157737
    },
    "347612": {
        "ids": {
            "geonames": 347612
        },
        "long": {
            "default": "Talā"
        },
        "parent": 360689,
        "lat": 30.68025,
        "lng": 30.94292,
        "country": "EG",
        "population": 51498
    },
    "347634": {
        "ids": {
            "geonames": 347634
        },
        "long": {
            "default": "Ţahţā"
        },
        "parent": 347794,
        "lat": 26.7693,
        "lng": 31.50214,
        "country": "EG",
        "population": 90591
    },
    "347796": {
        "ids": {
            "geonames": 347796
        },
        "long": {
            "default": "Sohag"
        },
        "parent": 347794,
        "lat": 26.55695,
        "lng": 31.69478,
        "country": "EG",
        "population": 209419
    },
    "349114": {
        "ids": {
            "geonames": 349114
        },
        "long": {
            "default": "Shirbīn"
        },
        "parent": 361849,
        "lat": 31.19688,
        "lng": 31.5243,
        "country": "EG",
        "population": 54676
    },
    "349156": {
        "ids": {
            "geonames": 349156
        },
        "long": {
            "default": "Shibīn al Qanāţir"
        },
        "parent": 360621,
        "lat": 30.31269,
        "lng": 31.32018,
        "country": "EG",
        "population": 56872
    },
    "349158": {
        "ids": {
            "geonames": 349158
        },
        "long": {
            "default": "Shibīn al Kawm"
        },
        "parent": 360689,
        "lat": 30.55258,
        "lng": 31.00904,
        "country": "EG",
        "population": 186345
    },
    "349715": {
        "ids": {
            "geonames": 349715
        },
        "long": {
            "default": "Samannūd"
        },
        "parent": 361294,
        "lat": 30.9616,
        "lng": 31.24069,
        "country": "EG",
        "population": 54980
    },
    "349717": {
        "ids": {
            "geonames": 349717
        },
        "long": {
            "default": "Samālūţ"
        },
        "parent": 360688,
        "lat": 28.31214,
        "lng": 30.71007,
        "country": "EG",
        "population": 90465
    },
    "350203": {
        "ids": {
            "geonames": 350203
        },
        "long": {
            "default": "Rosetta"
        },
        "parent": 361370,
        "lat": 31.39951,
        "lng": 30.41718,
        "country": "EG",
        "population": 64481
    },
    "350422": {
        "ids": {
            "geonames": 350422
        },
        "long": {
            "default": "Kousa"
        },
        "parent": 350546,
        "lat": 25.91407,
        "lng": 32.76362,
        "country": "EG",
        "population": 60181
    },
    "350550": {
        "ids": {
            "geonames": 350550
        },
        "long": {
            "default": "Qinā"
        },
        "parent": 350546,
        "lat": 26.16418,
        "lng": 32.72671,
        "country": "EG",
        "population": 235362
    },
    "350789": {
        "ids": {
            "geonames": 350789
        },
        "long": {
            "default": "Qalyūb"
        },
        "parent": 360621,
        "lat": 30.17922,
        "lng": 31.2056,
        "country": "EG",
        "population": 100495
    },
    "352344": {
        "ids": {
            "geonames": 352344
        },
        "long": {
            "default": "Minyat an Naşr"
        },
        "parent": 361849,
        "lat": 31.12624,
        "lng": 31.64313,
        "country": "EG",
        "population": 56951
    },
    "352354": {
        "ids": {
            "geonames": 352354
        },
        "long": {
            "default": "Minūf"
        },
        "parent": 360689,
        "lat": 30.46579,
        "lng": 30.93164,
        "country": "EG",
        "population": 83651
    },
    "352733": {
        "ids": {
            "geonames": 352733
        },
        "long": {
            "default": "Mersa Matruh"
        },
        "parent": 352603,
        "lat": 31.3529,
        "lng": 27.23725,
        "country": "EG",
        "population": 62042
    },
    "352913": {
        "ids": {
            "geonames": 352913
        },
        "long": {
            "default": "Manfalūţ"
        },
        "parent": 359781,
        "lat": 27.3104,
        "lng": 30.97004,
        "country": "EG",
        "population": 78744
    },
    "352951": {
        "ids": {
            "geonames": 352951
        },
        "long": {
            "default": "Mallawī"
        },
        "parent": 360688,
        "lat": 27.7314,
        "lng": 30.84165,
        "country": "EG",
        "population": 142504
    },
    "353802": {
        "ids": {
            "geonames": 353802
        },
        "long": {
            "default": "Kawm Umbū"
        },
        "parent": 359787,
        "lat": 24.47669,
        "lng": 32.94626,
        "country": "EG",
        "population": 59787
    },
    "354365": {
        "ids": {
            "geonames": 354365
        },
        "long": {
            "default": "Kafr az Zayyāt"
        },
        "parent": 361294,
        "lat": 30.8248,
        "lng": 30.81805,
        "country": "EG",
        "population": 73725
    },
    "354502": {
        "ids": {
            "geonames": 354502
        },
        "long": {
            "default": "Kafr ash Shaykh"
        },
        "parent": 354500,
        "lat": 31.1143,
        "lng": 30.94012,
        "country": "EG",
        "population": 143970
    },
    "354775": {
        "ids": {
            "geonames": 354775
        },
        "long": {
            "default": "Kafr ad Dawwār"
        },
        "parent": 361370,
        "lat": 31.13379,
        "lng": 30.12969,
        "country": "EG",
        "population": 267370
    },
    "355026": {
        "ids": {
            "geonames": 355026
        },
        "long": {
            "default": "Jirjā"
        },
        "parent": 347794,
        "lat": 26.33826,
        "lng": 31.89161,
        "country": "EG",
        "population": 128250
    },
    "355449": {
        "ids": {
            "geonames": 355449
        },
        "long": {
            "default": "Isnā"
        },
        "parent": 350546,
        "lat": 25.29336,
        "lng": 32.55402,
        "country": "EG",
        "population": 69335
    },
    "355628": {
        "ids": {
            "geonames": 355628
        },
        "long": {
            "default": "Idkū"
        },
        "parent": 361370,
        "lat": 31.3073,
        "lng": 30.2981,
        "country": "EG",
        "population": 105599
    },
    "355635": {
        "ids": {
            "geonames": 355635
        },
        "long": {
            "default": "Idfū"
        },
        "parent": 359787,
        "lat": 24.97916,
        "lng": 32.87722,
        "country": "EG",
        "population": 133000
    },
    "355648": {
        "ids": {
            "geonames": 355648
        },
        "long": {
            "default": "Ibshawāy"
        },
        "parent": 361323,
        "lat": 29.35805,
        "lng": 30.68142,
        "country": "EG",
        "population": 51173
    },
    "355795": {
        "ids": {
            "geonames": 355795
        },
        "long": {
            "default": "Ḩalwān"
        },
        "parent": 360631,
        "lat": 29.84144,
        "lng": 31.30084,
        "country": "EG",
        "population": 230000
    },
    "356000": {
        "ids": {
            "geonames": 356000
        },
        "long": {
            "default": "Ḩawsh ‘Īsá"
        },
        "parent": 361370,
        "lat": 30.9128,
        "lng": 30.29019,
        "country": "EG",
        "population": 85352
    },
    "356806": {
        "ids": {
            "geonames": 356806
        },
        "long": {
            "default": "Fuwwah"
        },
        "parent": 354500,
        "lat": 31.20365,
        "lng": 30.54908,
        "country": "EG",
        "population": 63310
    },
    "356933": {
        "ids": {
            "geonames": 356933
        },
        "long": {
            "default": "Farshūţ"
        },
        "parent": 350546,
        "lat": 26.05494,
        "lng": 32.16329,
        "country": "EG",
        "population": 53851
    },
    "356945": {
        "ids": {
            "geonames": 356945
        },
        "long": {
            "default": "Fāraskūr"
        },
        "parent": 358044,
        "lat": 31.32977,
        "lng": 31.71507,
        "country": "EG",
        "population": 58284
    },
    "356989": {
        "ids": {
            "geonames": 356989
        },
        "long": {
            "default": "Fāqūs"
        },
        "parent": 360016,
        "lat": 30.73006,
        "lng": 31.80182,
        "country": "EG",
        "population": 62821
    },
    "358048": {
        "ids": {
            "geonames": 358048
        },
        "long": {
            "default": "Damietta"
        },
        "parent": 358044,
        "lat": 31.41648,
        "lng": 31.81332,
        "country": "EG",
        "population": 76839
    },
    "358095": {
        "ids": {
            "geonames": 358095
        },
        "long": {
            "default": "Diyarb Najm"
        },
        "parent": 360016,
        "lat": 30.75438,
        "lng": 31.44016,
        "country": "EG",
        "population": 51841
    },
    "358108": {
        "ids": {
            "geonames": 358108
        },
        "long": {
            "default": "Disūq"
        },
        "parent": 354500,
        "lat": 31.13259,
        "lng": 30.64784,
        "country": "EG",
        "population": 102037
    },
    "358115": {
        "ids": {
            "geonames": 358115
        },
        "long": {
            "default": "Dishnā"
        },
        "parent": 350546,
        "lat": 26.12467,
        "lng": 32.47598,
        "country": "EG",
        "population": 54197
    },
    "358172": {
        "ids": {
            "geonames": 358172
        },
        "long": {
            "default": "Dikirnis"
        },
        "parent": 361849,
        "lat": 31.08898,
        "lng": 31.59478,
        "country": "EG",
        "population": 137542
    },
    "358269": {
        "ids": {
            "geonames": 358269
        },
        "long": {
            "default": "Dayrūţ"
        },
        "parent": 359781,
        "lat": 27.55602,
        "lng": 30.80764,
        "country": "EG",
        "population": 67788
    },
    "358448": {
        "ids": {
            "geonames": 358448
        },
        "long": {
            "default": "Damanhūr"
        },
        "parent": 361370,
        "lat": 31.03408,
        "lng": 30.46823,
        "country": "EG",
        "population": 227943
    },
    "358600": {
        "ids": {
            "geonames": 358600
        },
        "long": {
            "default": "Būsh"
        },
        "parent": 359171,
        "lat": 29.14816,
        "lng": 31.12733,
        "country": "EG",
        "population": 86608
    },
    "358619": {
        "ids": {
            "geonames": 358619
        },
        "long": {
            "default": "Port Said"
        },
        "parent": 358617,
        "lat": 31.25654,
        "lng": 32.28411,
        "country": "EG",
        "population": 538378
    },
    "358821": {
        "ids": {
            "geonames": 358821
        },
        "long": {
            "default": "Bilqās"
        },
        "parent": 361849,
        "lat": 31.21452,
        "lng": 31.35798,
        "country": "EG",
        "population": 103596
    },
    "358840": {
        "ids": {
            "geonames": 358840
        },
        "long": {
            "default": "Bilbays"
        },
        "parent": 360016,
        "lat": 30.42039,
        "lng": 31.56223,
        "country": "EG",
        "population": 129211
    },
    "358970": {
        "ids": {
            "geonames": 358970
        },
        "long": {
            "default": "Basyūn"
        },
        "parent": 361294,
        "lat": 30.93976,
        "lng": 30.81338,
        "country": "EG",
        "population": 55523
    },
    "359173": {
        "ids": {
            "geonames": 359173
        },
        "long": {
            "default": "Banī Suwayf"
        },
        "parent": 359171,
        "lat": 29.07441,
        "lng": 31.09785,
        "country": "EG",
        "population": 189624
    },
    "359212": {
        "ids": {
            "geonames": 359212
        },
        "long": {
            "default": "Banī Mazār"
        },
        "parent": 360688,
        "lat": 28.5036,
        "lng": 30.8004,
        "country": "EG",
        "population": 58153
    },
    "359280": {
        "ids": {
            "geonames": 359280
        },
        "long": {
            "default": "Banhā"
        },
        "parent": 360621,
        "lat": 30.45906,
        "lng": 31.17858,
        "country": "EG",
        "population": 167029
    },
    "359493": {
        "ids": {
            "geonames": 359493
        },
        "long": {
            "default": "Zagazig"
        },
        "parent": 360016,
        "lat": 30.58768,
        "lng": 31.502,
        "country": "EG",
        "population": 285097
    },
    "359576": {
        "ids": {
            "geonames": 359576
        },
        "long": {
            "default": "Awsīm"
        },
        "parent": 360997,
        "lat": 30.12303,
        "lng": 31.13571,
        "country": "EG",
        "population": 63862
    },
    "359710": {
        "ids": {
            "geonames": 359710
        },
        "long": {
            "default": "At Tall al Kabīr"
        },
        "parent": 361056,
        "lat": 30.54448,
        "lng": 31.78525,
        "country": "EG",
        "population": 51569
    },
    "359783": {
        "ids": {
            "geonames": 359783
        },
        "long": {
            "default": "Asyūţ"
        },
        "parent": 359781,
        "lat": 27.18096,
        "lng": 31.18368,
        "country": "EG",
        "population": 420585
    },
    "359792": {
        "ids": {
            "geonames": 359792
        },
        "long": {
            "default": "Aswan"
        },
        "parent": 359787,
        "lat": 24.09082,
        "lng": 32.89942,
        "country": "EG",
        "population": 241261
    },
    "359796": {
        "ids": {
            "geonames": 359796
        },
        "long": {
            "default": "Suez"
        },
        "parent": 359797,
        "lat": 29.97371,
        "lng": 32.52627,
        "country": "EG",
        "population": 488125
    },
    "360048": {
        "ids": {
            "geonames": 360048
        },
        "long": {
            "default": "Ashmūn"
        },
        "parent": 360689,
        "lat": 30.29857,
        "lng": 30.97635,
        "country": "EG",
        "population": 82507
    },
    "360502": {
        "ids": {
            "geonames": 360502
        },
        "long": {
            "default": "Luxor"
        },
        "parent": 7603259,
        "lat": 25.69893,
        "lng": 32.6421,
        "country": "EG",
        "population": 422407
    },
    "360526": {
        "ids": {
            "geonames": 360526
        },
        "long": {
            "default": "Al Qūşīyah"
        },
        "parent": 359781,
        "lat": 27.4402,
        "lng": 30.81841,
        "country": "EG",
        "population": 68394
    },
    "360542": {
        "ids": {
            "geonames": 360542
        },
        "long": {
            "default": "Al Qurayn"
        },
        "parent": 360016,
        "lat": 30.61618,
        "lng": 31.73514,
        "country": "EG",
        "population": 61730
    },
    "360615": {
        "ids": {
            "geonames": 360615
        },
        "long": {
            "default": "Al Qanāţir al Khayrīyah"
        },
        "parent": 360621,
        "lat": 30.19327,
        "lng": 31.13703,
        "country": "EG",
        "population": 56302
    },
    "360630": {
        "ids": {
            "geonames": 360630
        },
        "long": {
            "default": "Cairo"
        },
        "parent": 360631,
        "lat": 30.06263,
        "lng": 31.24967,
        "country": "EG",
        "population": 7734614
    },
    "360686": {
        "ids": {
            "geonames": 360686
        },
        "long": {
            "default": "Al Minyā"
        },
        "parent": 360688,
        "lat": 28.10988,
        "lng": 30.7503,
        "country": "EG",
        "population": 227150
    },
    "360716": {
        "ids": {
            "geonames": 360716
        },
        "long": {
            "default": "Al Maţarīyah"
        },
        "parent": 361849,
        "lat": 31.18287,
        "lng": 32.03108,
        "country": "EG",
        "population": 99357
    },
    "360754": {
        "ids": {
            "geonames": 360754
        },
        "long": {
            "default": "Al Manzilah"
        },
        "parent": 361849,
        "lat": 31.15815,
        "lng": 31.937,
        "country": "EG",
        "population": 67486
    },
    "360761": {
        "ids": {
            "geonames": 360761
        },
        "long": {
            "default": "Al Manşūrah"
        },
        "parent": 361849,
        "lat": 31.03637,
        "lng": 31.38069,
        "country": "EG",
        "population": 420195
    },
    "360773": {
        "ids": {
            "geonames": 360773
        },
        "long": {
            "default": "Al Manshāh"
        },
        "parent": 347794,
        "lat": 26.47686,
        "lng": 31.8035,
        "country": "EG",
        "population": 61134
    },
    "360829": {
        "ids": {
            "geonames": 360829
        },
        "long": {
            "default": "Al Maḩallah al Kubrá"
        },
        "parent": 361294,
        "lat": 30.97063,
        "lng": 31.1669,
        "country": "EG",
        "population": 431052
    },
    "360923": {
        "ids": {
            "geonames": 360923
        },
        "long": {
            "default": "Al Khārijah"
        },
        "parent": 360483,
        "lat": 25.45141,
        "lng": 30.54635,
        "country": "EG",
        "population": 67700
    },
    "360928": {
        "ids": {
            "geonames": 360928
        },
        "long": {
            "default": "Al Khānkah"
        },
        "parent": 360621,
        "lat": 30.21035,
        "lng": 31.36812,
        "country": "EG",
        "population": 62434
    },
    "360995": {
        "ids": {
            "geonames": 360995
        },
        "long": {
            "default": "Al Jīzah"
        },
        "parent": 360997,
        "lat": 30.00808,
        "lng": 31.21093,
        "country": "EG",
        "population": 2443203
    },
    "361029": {
        "ids": {
            "geonames": 361029
        },
        "long": {
            "default": "Al Jamālīyah"
        },
        "parent": 361849,
        "lat": 31.18086,
        "lng": 31.86518,
        "country": "EG",
        "population": 68381
    },
    "361055": {
        "ids": {
            "geonames": 361055
        },
        "long": {
            "default": "Ismailia"
        },
        "parent": 361056,
        "lat": 30.60427,
        "lng": 32.27225,
        "country": "EG",
        "population": 284813
    },
    "361058": {
        "ids": {
            "geonames": 361058
        },
        "long": {
            "default": "Alexandria"
        },
        "parent": 361059,
        "lat": 31.21564,
        "lng": 29.95527,
        "country": "EG",
        "population": 3811516
    },
    "361179": {
        "ids": {
            "geonames": 361179
        },
        "long": {
            "default": "Al Ḩawāmidīyah"
        },
        "parent": 360997,
        "lat": 29.9,
        "lng": 31.25,
        "country": "EG",
        "population": 106841
    },
    "361291": {
        "ids": {
            "geonames": 361291
        },
        "long": {
            "default": "Hurghada"
        },
        "parent": 361468,
        "lat": 27.25738,
        "lng": 33.81291,
        "country": "EG",
        "population": 95622
    },
    "361320": {
        "ids": {
            "geonames": 361320
        },
        "long": {
            "default": "Al Fayyūm"
        },
        "parent": 361323,
        "lat": 29.30995,
        "lng": 30.8418,
        "country": "EG",
        "population": 306393
    },
    "361329": {
        "ids": {
            "geonames": 361329
        },
        "long": {
            "default": "Al Fashn"
        },
        "parent": 359171,
        "lat": 28.82431,
        "lng": 30.89948,
        "country": "EG",
        "population": 63793
    },
    "361546": {
        "ids": {
            "geonames": 361546
        },
        "long": {
            "default": "Arish"
        },
        "parent": 349401,
        "lat": 31.13159,
        "lng": 33.79844,
        "country": "EG",
        "population": 128855
    },
    "361661": {
        "ids": {
            "geonames": 361661
        },
        "long": {
            "default": "Akhmīm"
        },
        "parent": 347794,
        "lat": 26.56217,
        "lng": 31.74503,
        "country": "EG",
        "population": 99446
    },
    "362004": {
        "ids": {
            "geonames": 362004
        },
        "long": {
            "default": "Abū Tīj"
        },
        "parent": 359781,
        "lat": 27.04411,
        "lng": 31.31897,
        "country": "EG",
        "population": 71257
    },
    "362277": {
        "ids": {
            "geonames": 362277
        },
        "long": {
            "default": "Abū Qurqāş"
        },
        "parent": 360688,
        "lat": 27.9312,
        "lng": 30.83841,
        "country": "EG",
        "population": 61182
    },
    "362485": {
        "ids": {
            "geonames": 362485
        },
        "long": {
            "default": "Abū Kabīr"
        },
        "parent": 360016,
        "lat": 30.72508,
        "lng": 31.67148,
        "country": "EG",
        "population": 100684
    },
    "362973": {
        "ids": {
            "geonames": 362973
        },
        "long": {
            "default": "Abnūb"
        },
        "parent": 359781,
        "lat": 27.2696,
        "lng": 31.15105,
        "country": "EG",
        "population": 68749
    }
}