{
    "2462881": {
        "ids": {
            "geonames": 2462881
        },
        "long": {
            "default": "Laâyoune \/ El Aaiún"
        },
        "parent": 6547304,
        "lat": 27.1418,
        "lng": -13.18797,
        "country": "EH",
        "population": 196331
    },
    "2463447": {
        "ids": {
            "geonames": 2463447
        },
        "long": {
            "default": "Dakhla"
        },
        "parent": 6547304,
        "lat": 23.68477,
        "lng": -15.95798,
        "country": "EH",
        "population": 75000
    }
}