{
    "333287": {
        "ids": {
            "geonames": 333287
        },
        "long": {
            "default": "Keren"
        },
        "parent": 448497,
        "lat": 15.77792,
        "lng": 38.45107,
        "country": "ER",
        "population": 74800
    },
    "343300": {
        "ids": {
            "geonames": 343300
        },
        "long": {
            "default": "Asmara"
        },
        "parent": 448501,
        "lat": 15.33805,
        "lng": 38.93184,
        "country": "ER",
        "population": 563930
    }
}