{
    "2509509": {
        "ids": {
            "geonames": 2509509
        },
        "long": {
            "default": "Vila-real"
        },
        "parent": 2593113,
        "lat": 39.9383,
        "lng": -0.10087,
        "country": "ES",
        "population": 51205
    },
    "2509769": {
        "ids": {
            "geonames": 2509769
        },
        "long": {
            "default": "Vélez-Málaga"
        },
        "parent": 2593109,
        "lat": 36.78107,
        "lng": -4.10266,
        "country": "ES",
        "population": 74190
    },
    "2509954": {
        "ids": {
            "geonames": 2509954
        },
        "long": {
            "default": "Valencia"
        },
        "parent": 2593113,
        "lat": 39.46975,
        "lng": -0.37739,
        "country": "ES",
        "population": 814208
    },
    "2510073": {
        "ids": {
            "geonames": 2510073
        },
        "long": {
            "default": "Utrera"
        },
        "parent": 2593109,
        "lat": 37.18516,
        "lng": -5.78093,
        "country": "ES",
        "population": 50665
    },
    "2510253": {
        "ids": {
            "geonames": 2510253
        },
        "long": {
            "default": "Torrevieja"
        },
        "parent": 2593113,
        "lat": 37.97872,
        "lng": -0.68222,
        "country": "ES",
        "population": 101792
    },
    "2510279": {
        "ids": {
            "geonames": 2510279
        },
        "long": {
            "default": "Torrent"
        },
        "parent": 2593113,
        "lat": 39.43705,
        "lng": -0.46546,
        "country": "ES",
        "population": 78543
    },
    "2510281": {
        "ids": {
            "geonames": 2510281
        },
        "long": {
            "default": "Torremolinos"
        },
        "parent": 2593109,
        "lat": 36.62035,
        "lng": -4.49976,
        "country": "ES",
        "population": 65448
    },
    "2510409": {
        "ids": {
            "geonames": 2510409
        },
        "long": {
            "default": "Toledo"
        },
        "parent": 2593111,
        "lat": 39.8581,
        "lng": -4.02263,
        "country": "ES",
        "population": 82291
    },
    "2510542": {
        "ids": {
            "geonames": 2510542
        },
        "long": {
            "default": "Telde"
        },
        "parent": 2593110,
        "lat": 27.99243,
        "lng": -15.41915,
        "country": "ES",
        "population": 100015
    },
    "2510693": {
        "ids": {
            "geonames": 2510693
        },
        "long": {
            "default": "Talavera de la Reina"
        },
        "parent": 2593111,
        "lat": 39.96348,
        "lng": -4.83076,
        "country": "ES",
        "population": 88856
    },
    "2510911": {
        "ids": {
            "geonames": 2510911
        },
        "long": {
            "default": "Sevilla"
        },
        "parent": 2593109,
        "lat": 37.38283,
        "lng": -5.97317,
        "country": "ES",
        "population": 703206
    },
    "2511032": {
        "ids": {
            "geonames": 2511032
        },
        "long": {
            "default": "San Vicent del Raspeig"
        },
        "parent": 2593113,
        "lat": 38.3964,
        "lng": -0.5255,
        "country": "ES",
        "population": 53126
    },
    "2511150": {
        "ids": {
            "geonames": 2511150
        },
        "long": {
            "default": "Santa Lucía"
        },
        "parent": 2593110,
        "lat": 27.91174,
        "lng": -15.54071,
        "country": "ES",
        "population": 63637
    },
    "2511174": {
        "ids": {
            "geonames": 2511174
        },
        "long": {
            "default": "Santa Cruz de Tenerife"
        },
        "parent": 2593110,
        "lat": 28.46824,
        "lng": -16.25462,
        "country": "ES",
        "population": 222417
    },
    "2511306": {
        "ids": {
            "geonames": 2511306
        },
        "long": {
            "default": "Sanlúcar de Barrameda"
        },
        "parent": 2593109,
        "lat": 36.77808,
        "lng": -6.3515,
        "country": "ES",
        "population": 65805
    },
    "2511388": {
        "ids": {
            "geonames": 2511388
        },
        "long": {
            "default": "San Fernando"
        },
        "parent": 2593109,
        "lat": 36.4759,
        "lng": -6.19817,
        "country": "ES",
        "population": 96366
    },
    "2511401": {
        "ids": {
            "geonames": 2511401
        },
        "long": {
            "default": "La Laguna"
        },
        "parent": 2593110,
        "lat": 28.4853,
        "lng": -16.32014,
        "country": "ES",
        "population": 150661
    },
    "2511440": {
        "ids": {
            "geonames": 2511440
        },
        "long": {
            "default": "San Bartolomé de Tirajana"
        },
        "parent": 2593110,
        "lat": 27.92481,
        "lng": -15.57329,
        "country": "ES",
        "population": 52161
    },
    "2511619": {
        "ids": {
            "geonames": 2511619
        },
        "long": {
            "default": "Sagunto"
        },
        "parent": 2593113,
        "lat": 39.68333,
        "lng": -0.26667,
        "country": "ES",
        "population": 66070
    },
    "2511716": {
        "ids": {
            "geonames": 2511716
        },
        "long": {
            "default": "Roquetas de Mar"
        },
        "parent": 2593109,
        "lat": 36.76419,
        "lng": -2.61475,
        "country": "ES",
        "population": 82665
    },
    "2512177": {
        "ids": {
            "geonames": 2512177
        },
        "long": {
            "default": "Puertollano"
        },
        "parent": 2593111,
        "lat": 38.68712,
        "lng": -4.10734,
        "country": "ES",
        "population": 51842
    },
    "2512862": {
        "ids": {
            "geonames": 2512862
        },
        "long": {
            "default": "Paterna"
        },
        "parent": 2593113,
        "lat": 39.5,
        "lng": -0.43333,
        "country": "ES",
        "population": 64023
    },
    "2512989": {
        "ids": {
            "geonames": 2512989
        },
        "long": {
            "default": "Palma"
        },
        "parent": 2521383,
        "lat": 39.56939,
        "lng": 2.65024,
        "country": "ES",
        "population": 401270
    },
    "2513076": {
        "ids": {
            "geonames": 2513076
        },
        "long": {
            "default": "Orihuela"
        },
        "parent": 2593113,
        "lat": 38.08483,
        "lng": -0.94401,
        "country": "ES",
        "population": 86164
    },
    "2513416": {
        "ids": {
            "geonames": 2513416
        },
        "long": {
            "default": "Murcia"
        },
        "parent": 2513413,
        "lat": 37.98704,
        "lng": -1.13004,
        "country": "ES",
        "population": 436870
    },
    "2513477": {
        "ids": {
            "geonames": 2513477
        },
        "long": {
            "default": "Motril"
        },
        "parent": 2593109,
        "lat": 36.75066,
        "lng": -3.5179,
        "country": "ES",
        "population": 60279
    },
    "2513759": {
        "ids": {
            "geonames": 2513759
        },
        "long": {
            "default": "Molina de Segura"
        },
        "parent": 2513413,
        "lat": 38.05456,
        "lng": -1.20763,
        "country": "ES",
        "population": 64065
    },
    "2513882": {
        "ids": {
            "geonames": 2513882
        },
        "long": {
            "default": "Mijas"
        },
        "parent": 2593109,
        "lat": 36.59575,
        "lng": -4.63728,
        "country": "ES",
        "population": 73787
    },
    "2513917": {
        "ids": {
            "geonames": 2513917
        },
        "long": {
            "default": "Mérida"
        },
        "parent": 2593112,
        "lat": 38.91611,
        "lng": -6.34366,
        "country": "ES",
        "population": 56395
    },
    "2513947": {
        "ids": {
            "geonames": 2513947
        },
        "long": {
            "default": "Melilla"
        },
        "parent": 6362988,
        "lat": 35.29369,
        "lng": -2.93833,
        "country": "ES",
        "population": 73460
    },
    "2514169": {
        "ids": {
            "geonames": 2514169
        },
        "long": {
            "default": "Marbella"
        },
        "parent": 2593109,
        "lat": 36.51543,
        "lng": -4.88583,
        "country": "ES",
        "population": 134623
    },
    "2514256": {
        "ids": {
            "geonames": 2514256
        },
        "long": {
            "default": "Málaga"
        },
        "parent": 2593109,
        "lat": 36.72016,
        "lng": -4.42034,
        "country": "ES",
        "population": 568305
    },
    "2514891": {
        "ids": {
            "geonames": 2514891
        },
        "long": {
            "default": "Lorca"
        },
        "parent": 2513413,
        "lat": 37.67119,
        "lng": -1.7017,
        "country": "ES",
        "population": 91906
    },
    "2515045": {
        "ids": {
            "geonames": 2515045
        },
        "long": {
            "default": "Linares"
        },
        "parent": 2593109,
        "lat": 38.09519,
        "lng": -3.63602,
        "country": "ES",
        "population": 61338
    },
    "2515270": {
        "ids": {
            "geonames": 2515270
        },
        "long": {
            "default": "Las Palmas de Gran Canaria"
        },
        "parent": 2593110,
        "lat": 28.09973,
        "lng": -15.41343,
        "country": "ES",
        "population": 381847
    },
    "2515812": {
        "ids": {
            "geonames": 2515812
        },
        "long": {
            "default": "La Línea de la Concepción"
        },
        "parent": 2593109,
        "lat": 36.16809,
        "lng": -5.34777,
        "country": "ES",
        "population": 64595
    },
    "2516326": {
        "ids": {
            "geonames": 2516326
        },
        "long": {
            "default": "Jerez de la Frontera"
        },
        "parent": 2593109,
        "lat": 36.68645,
        "lng": -6.13606,
        "country": "ES",
        "population": 207532
    },
    "2516395": {
        "ids": {
            "geonames": 2516395
        },
        "long": {
            "default": "Jaén"
        },
        "parent": 2593109,
        "lat": 37.76922,
        "lng": -3.79028,
        "country": "ES",
        "population": 116557
    },
    "2516548": {
        "ids": {
            "geonames": 2516548
        },
        "long": {
            "default": "Huelva"
        },
        "parent": 2593109,
        "lat": 37.26638,
        "lng": -6.94004,
        "country": "ES",
        "population": 148806
    },
    "2517117": {
        "ids": {
            "geonames": 2517117
        },
        "long": {
            "default": "Granada"
        },
        "parent": 2593109,
        "lat": 37.18817,
        "lng": -3.60667,
        "country": "ES",
        "population": 234325
    },
    "2517367": {
        "ids": {
            "geonames": 2517367
        },
        "long": {
            "default": "Gandia"
        },
        "parent": 2593113,
        "lat": 38.96667,
        "lng": -0.18333,
        "country": "ES",
        "population": 80020
    },
    "2517595": {
        "ids": {
            "geonames": 2517595
        },
        "long": {
            "default": "Fuengirola"
        },
        "parent": 2593109,
        "lat": 36.53998,
        "lng": -4.62473,
        "country": "ES",
        "population": 71482
    },
    "2517816": {
        "ids": {
            "geonames": 2517816
        },
        "long": {
            "default": "Estepona"
        },
        "parent": 2593109,
        "lat": 36.42764,
        "lng": -5.14589,
        "country": "ES",
        "population": 65592
    },
    "2518207": {
        "ids": {
            "geonames": 2518207
        },
        "long": {
            "default": "El Puerto de Santa María"
        },
        "parent": 2593109,
        "lat": 36.59389,
        "lng": -6.23298,
        "country": "ES",
        "population": 87696
    },
    "2518494": {
        "ids": {
            "geonames": 2518494
        },
        "long": {
            "default": "El Ejido"
        },
        "parent": 2593109,
        "lat": 36.77629,
        "lng": -2.81456,
        "country": "ES",
        "population": 84227
    },
    "2518505": {
        "ids": {
            "geonames": 2518505
        },
        "long": {
            "default": "Elda"
        },
        "parent": 2593113,
        "lat": 38.47783,
        "lng": -0.79157,
        "country": "ES",
        "population": 55168
    },
    "2518559": {
        "ids": {
            "geonames": 2518559
        },
        "long": {
            "default": "Elche"
        },
        "parent": 2593113,
        "lat": 38.26218,
        "lng": -0.70107,
        "country": "ES",
        "population": 230112
    },
    "2518794": {
        "ids": {
            "geonames": 2518794
        },
        "long": {
            "default": "Dos Hermanas"
        },
        "parent": 2593109,
        "lat": 37.28287,
        "lng": -5.92088,
        "country": "ES",
        "population": 122943
    },
    "2519240": {
        "ids": {
            "geonames": 2519240
        },
        "long": {
            "default": "Córdoba"
        },
        "parent": 2593109,
        "lat": 37.89155,
        "lng": -4.77275,
        "country": "ES",
        "population": 328428
    },
    "2519402": {
        "ids": {
            "geonames": 2519402
        },
        "long": {
            "default": "Ciudad Real"
        },
        "parent": 2593111,
        "lat": 38.98626,
        "lng": -3.92907,
        "country": "ES",
        "population": 74014
    },
    "2519513": {
        "ids": {
            "geonames": 2519513
        },
        "long": {
            "default": "Chiclana de la Frontera"
        },
        "parent": 2593109,
        "lat": 36.41915,
        "lng": -6.14941,
        "country": "ES",
        "population": 77293
    },
    "2519752": {
        "ids": {
            "geonames": 2519752
        },
        "long": {
            "default": "Castelló de la Plana"
        },
        "parent": 2593113,
        "lat": 39.98567,
        "lng": -0.04935,
        "country": "ES",
        "population": 180005
    },
    "2520058": {
        "ids": {
            "geonames": 2520058
        },
        "long": {
            "default": "Cartagena"
        },
        "parent": 2513413,
        "lat": 37.60512,
        "lng": -0.98623,
        "country": "ES",
        "population": 211996
    },
    "2520425": {
        "ids": {
            "geonames": 2520425
        },
        "long": {
            "default": "Campiña"
        },
        "parent": 2593109,
        "lat": 38.21896,
        "lng": -2.98069,
        "country": "ES",
        "population": 67904
    },
    "2520493": {
        "ids": {
            "geonames": 2520493
        },
        "long": {
            "default": "Calvià"
        },
        "parent": 2521383,
        "lat": 39.5657,
        "lng": 2.50621,
        "country": "ES",
        "population": 51774
    },
    "2520600": {
        "ids": {
            "geonames": 2520600
        },
        "long": {
            "default": "Cadiz"
        },
        "parent": 2593109,
        "lat": 36.52978,
        "lng": -6.29465,
        "country": "ES",
        "population": 126766
    },
    "2520611": {
        "ids": {
            "geonames": 2520611
        },
        "long": {
            "default": "Cáceres"
        },
        "parent": 2593112,
        "lat": 39.47649,
        "lng": -6.37224,
        "country": "ES",
        "population": 93131
    },
    "2521088": {
        "ids": {
            "geonames": 2521088
        },
        "long": {
            "default": "Benidorm"
        },
        "parent": 2593113,
        "lat": 38.53816,
        "lng": -0.13098,
        "country": "ES",
        "population": 71034
    },
    "2521139": {
        "ids": {
            "geonames": 2521139
        },
        "long": {
            "default": "Benalmádena"
        },
        "parent": 2593109,
        "lat": 36.5961,
        "lng": -4.57267,
        "country": "ES",
        "population": 58854
    },
    "2521420": {
        "ids": {
            "geonames": 2521420
        },
        "long": {
            "default": "Badajoz"
        },
        "parent": 2593112,
        "lat": 38.87789,
        "lng": -6.97061,
        "country": "ES",
        "population": 148334
    },
    "2521570": {
        "ids": {
            "geonames": 2521570
        },
        "long": {
            "default": "Arrecife"
        },
        "parent": 2593110,
        "lat": 28.96302,
        "lng": -13.54769,
        "country": "ES",
        "population": 59127
    },
    "2521582": {
        "ids": {
            "geonames": 2521582
        },
        "long": {
            "default": "Arona"
        },
        "parent": 2593110,
        "lat": 28.09962,
        "lng": -16.68102,
        "country": "ES",
        "population": 78614
    },
    "2521886": {
        "ids": {
            "geonames": 2521886
        },
        "long": {
            "default": "Almería"
        },
        "parent": 2593109,
        "lat": 36.83814,
        "lng": -2.45974,
        "country": "ES",
        "population": 188810
    },
    "2521978": {
        "ids": {
            "geonames": 2521978
        },
        "long": {
            "default": "Alicante"
        },
        "parent": 2593113,
        "lat": 38.34517,
        "lng": -0.48149,
        "country": "ES",
        "population": 334757
    },
    "2522013": {
        "ids": {
            "geonames": 2522013
        },
        "long": {
            "default": "Algeciras"
        },
        "parent": 2593109,
        "lat": 36.13326,
        "lng": -5.45051,
        "country": "ES",
        "population": 116209
    },
    "2522098": {
        "ids": {
            "geonames": 2522098
        },
        "long": {
            "default": "Alcoy"
        },
        "parent": 2593113,
        "lat": 38.70545,
        "lng": -0.47432,
        "country": "ES",
        "population": 61552
    },
    "2522165": {
        "ids": {
            "geonames": 2522165
        },
        "long": {
            "default": "Alcalá de Guadaira"
        },
        "parent": 2593109,
        "lat": 37.33791,
        "lng": -5.83951,
        "country": "ES",
        "population": 70155
    },
    "2522258": {
        "ids": {
            "geonames": 2522258
        },
        "long": {
            "default": "Albacete"
        },
        "parent": 2593111,
        "lat": 38.99424,
        "lng": -1.85643,
        "country": "ES",
        "population": 169716
    },
    "2567529": {
        "ids": {
            "geonames": 2567529
        },
        "long": {
            "default": "Groa de Murviedro"
        },
        "parent": 2593113,
        "lat": 39.64167,
        "lng": -0.23889,
        "country": "ES",
        "population": 62368
    },
    "3104324": {
        "ids": {
            "geonames": 3104324
        },
        "long": {
            "default": "Zaragoza"
        },
        "parent": 3336899,
        "lat": 41.65606,
        "lng": -0.87734,
        "country": "ES",
        "population": 674317
    },
    "3104342": {
        "ids": {
            "geonames": 3104342
        },
        "long": {
            "default": "Zamora"
        },
        "parent": 3336900,
        "lat": 41.50633,
        "lng": -5.74456,
        "country": "ES",
        "population": 66293
    },
    "3104499": {
        "ids": {
            "geonames": 3104499
        },
        "long": {
            "default": "Gasteiz \/ Vitoria"
        },
        "parent": 3336903,
        "lat": 42.84998,
        "lng": -2.67268,
        "country": "ES",
        "population": 235661
    },
    "3104748": {
        "ids": {
            "geonames": 3104748
        },
        "long": {
            "default": "Villaverde"
        },
        "parent": 3117732,
        "lat": 40.35,
        "lng": -3.7,
        "country": "ES",
        "population": 126802
    },
    "3105184": {
        "ids": {
            "geonames": 3105184
        },
        "long": {
            "default": "Vilanova i la Geltrú"
        },
        "parent": 3336901,
        "lat": 41.22392,
        "lng": 1.72511,
        "country": "ES",
        "population": 65890
    },
    "3105935": {
        "ids": {
            "geonames": 3105935
        },
        "long": {
            "default": "Viladecans"
        },
        "parent": 3336901,
        "lat": 41.31405,
        "lng": 2.01427,
        "country": "ES",
        "population": 63489
    },
    "3105976": {
        "ids": {
            "geonames": 3105976
        },
        "long": {
            "default": "Vigo"
        },
        "parent": 3336902,
        "lat": 42.23282,
        "lng": -8.72264,
        "country": "ES",
        "population": 297332
    },
    "3106054": {
        "ids": {
            "geonames": 3106054
        },
        "long": {
            "default": "Vicálvaro"
        },
        "parent": 3117732,
        "lat": 40.4,
        "lng": -3.6,
        "country": "ES",
        "population": 66439
    },
    "3106672": {
        "ids": {
            "geonames": 3106672
        },
        "long": {
            "default": "Valladolid"
        },
        "parent": 3336900,
        "lat": 41.65518,
        "lng": -4.72372,
        "country": "ES",
        "population": 317864
    },
    "3106868": {
        "ids": {
            "geonames": 3106868
        },
        "long": {
            "default": "Valdemoro"
        },
        "parent": 3117732,
        "lat": 40.19081,
        "lng": -3.67887,
        "country": "ES",
        "population": 62750
    },
    "3107112": {
        "ids": {
            "geonames": 3107112
        },
        "long": {
            "default": "Rivas-Vaciamadrid"
        },
        "parent": 3117732,
        "lat": 40.32605,
        "lng": -3.51089,
        "country": "ES",
        "population": 68405
    },
    "3107775": {
        "ids": {
            "geonames": 3107775
        },
        "long": {
            "default": "Torrelavega"
        },
        "parent": 3336898,
        "lat": 43.34943,
        "lng": -4.04785,
        "country": "ES",
        "population": 55297
    },
    "3107784": {
        "ids": {
            "geonames": 3107784
        },
        "long": {
            "default": "Torrejón de Ardoz"
        },
        "parent": 3117732,
        "lat": 40.45535,
        "lng": -3.46973,
        "country": "ES",
        "population": 118162
    },
    "3108118": {
        "ids": {
            "geonames": 3108118
        },
        "long": {
            "default": "Tetuán de las Victorias"
        },
        "parent": 3117732,
        "lat": 40.46667,
        "lng": -3.71667,
        "country": "ES",
        "population": 155000
    },
    "3108286": {
        "ids": {
            "geonames": 3108286
        },
        "long": {
            "default": "Terrassa"
        },
        "parent": 3336901,
        "lat": 41.56667,
        "lng": 2.01667,
        "country": "ES",
        "population": 210941
    },
    "3108288": {
        "ids": {
            "geonames": 3108288
        },
        "long": {
            "default": "Tarragona"
        },
        "parent": 3336901,
        "lat": 41.11667,
        "lng": 1.25,
        "country": "ES",
        "population": 140323
    },
    "3109256": {
        "ids": {
            "geonames": 3109256
        },
        "long": {
            "default": "Segovia"
        },
        "parent": 3336900,
        "lat": 40.94808,
        "lng": -4.11839,
        "country": "ES",
        "population": 56660
    },
    "3109402": {
        "ids": {
            "geonames": 3109402
        },
        "long": {
            "default": "Cerdanyola del Vallès"
        },
        "parent": 3336901,
        "lat": 41.49109,
        "lng": 2.14079,
        "country": "ES",
        "population": 58747
    },
    "3109453": {
        "ids": {
            "geonames": 3109453
        },
        "long": {
            "default": "Barakaldo"
        },
        "parent": 3336903,
        "lat": 43.29639,
        "lng": -2.98813,
        "country": "ES",
        "population": 98460
    },
    "3109642": {
        "ids": {
            "geonames": 3109642
        },
        "long": {
            "default": "Santiago de Compostela"
        },
        "parent": 3336902,
        "lat": 42.88052,
        "lng": -8.54569,
        "country": "ES",
        "population": 95092
    },
    "3109718": {
        "ids": {
            "geonames": 3109718
        },
        "long": {
            "default": "Santander"
        },
        "parent": 3336898,
        "lat": 43.46472,
        "lng": -3.80444,
        "country": "ES",
        "population": 182700
    },
    "3109981": {
        "ids": {
            "geonames": 3109981
        },
        "long": {
            "default": "Santa Coloma de Gramenet"
        },
        "parent": 3336901,
        "lat": 41.45152,
        "lng": 2.2081,
        "country": "ES",
        "population": 119717
    },
    "3110040": {
        "ids": {
            "geonames": 3110040
        },
        "long": {
            "default": "San Sebastián de los Reyes"
        },
        "parent": 3117732,
        "lat": 40.55555,
        "lng": -3.62733,
        "country": "ES",
        "population": 75912
    },
    "3110044": {
        "ids": {
            "geonames": 3110044
        },
        "long": {
            "default": "Donostia \/ San Sebastián"
        },
        "parent": 3336903,
        "lat": 43.31283,
        "lng": -1.97499,
        "country": "ES",
        "population": 185357
    },
    "3110718": {
        "ids": {
            "geonames": 3110718
        },
        "long": {
            "default": "Sant Cugat del Vallès"
        },
        "parent": 3336901,
        "lat": 41.47063,
        "lng": 2.08611,
        "country": "ES",
        "population": 79253
    },
    "3110834": {
        "ids": {
            "geonames": 3110834
        },
        "long": {
            "default": "Sant Boi de Llobregat"
        },
        "parent": 3336901,
        "lat": 41.34357,
        "lng": 2.03659,
        "country": "ES",
        "population": 82428
    },
    "3110876": {
        "ids": {
            "geonames": 3110876
        },
        "long": {
            "default": "Sant Andreu de Palomar"
        },
        "parent": 3336901,
        "lat": 41.43541,
        "lng": 2.18982,
        "country": "ES",
        "population": 142598
    },
    "3111108": {
        "ids": {
            "geonames": 3111108
        },
        "long": {
            "default": "Salamanca"
        },
        "parent": 3336900,
        "lat": 40.96882,
        "lng": -5.66388,
        "country": "ES",
        "population": 155619
    },
    "3111199": {
        "ids": {
            "geonames": 3111199
        },
        "long": {
            "default": "Sabadell"
        },
        "parent": 3336901,
        "lat": 41.54329,
        "lng": 2.10942,
        "country": "ES",
        "population": 206493
    },
    "3111294": {
        "ids": {
            "geonames": 3111294
        },
        "long": {
            "default": "Rubí"
        },
        "parent": 3336901,
        "lat": 41.49226,
        "lng": 2.03305,
        "country": "ES",
        "population": 72987
    },
    "3111933": {
        "ids": {
            "geonames": 3111933
        },
        "long": {
            "default": "Reus"
        },
        "parent": 3336901,
        "lat": 41.15612,
        "lng": 1.10687,
        "country": "ES",
        "population": 107118
    },
    "3112737": {
        "ids": {
            "geonames": 3112737
        },
        "long": {
            "default": "Puente de Vallecas"
        },
        "parent": 3117732,
        "lat": 40.39354,
        "lng": -3.662,
        "country": "ES",
        "population": 244151
    },
    "3112989": {
        "ids": {
            "geonames": 3112989
        },
        "long": {
            "default": "Pozuelo de Alarcón"
        },
        "parent": 3117732,
        "lat": 40.43293,
        "lng": -3.81338,
        "country": "ES",
        "population": 82428
    },
    "3113209": {
        "ids": {
            "geonames": 3113209
        },
        "long": {
            "default": "Pontevedra"
        },
        "parent": 3336902,
        "lat": 42.431,
        "lng": -8.64435,
        "country": "ES",
        "population": 81576
    },
    "3113236": {
        "ids": {
            "geonames": 3113236
        },
        "long": {
            "default": "Ponferrada"
        },
        "parent": 3336900,
        "lat": 42.54664,
        "lng": -6.59619,
        "country": "ES",
        "population": 68736
    },
    "3114256": {
        "ids": {
            "geonames": 3114256
        },
        "long": {
            "default": "Parla"
        },
        "parent": 3117732,
        "lat": 40.23604,
        "lng": -3.76752,
        "country": "ES",
        "population": 115611
    },
    "3114472": {
        "ids": {
            "geonames": 3114472
        },
        "long": {
            "default": "Pamplona"
        },
        "parent": 3115609,
        "lat": 42.81687,
        "lng": -1.64323,
        "country": "ES",
        "population": 198491
    },
    "3114531": {
        "ids": {
            "geonames": 3114531
        },
        "long": {
            "default": "Palencia"
        },
        "parent": 3336900,
        "lat": 42.00955,
        "lng": -4.52406,
        "country": "ES",
        "population": 82651
    },
    "3114711": {
        "ids": {
            "geonames": 3114711
        },
        "long": {
            "default": "Oviedo"
        },
        "parent": 3114710,
        "lat": 43.36029,
        "lng": -5.84476,
        "country": "ES",
        "population": 224005
    },
    "3114965": {
        "ids": {
            "geonames": 3114965
        },
        "long": {
            "default": "Ourense"
        },
        "parent": 3336902,
        "lat": 42.33669,
        "lng": -7.86407,
        "country": "ES",
        "population": 107742
    },
    "3116025": {
        "ids": {
            "geonames": 3116025
        },
        "long": {
            "default": "Móstoles"
        },
        "parent": 3117732,
        "lat": 40.32234,
        "lng": -3.86496,
        "country": "ES",
        "population": 206478
    },
    "3116156": {
        "ids": {
            "geonames": 3116156
        },
        "long": {
            "default": "Moratalaz"
        },
        "parent": 3117732,
        "lat": 40.41667,
        "lng": -3.65,
        "country": "ES",
        "population": 104923
    },
    "3116553": {
        "ids": {
            "geonames": 3116553
        },
        "long": {
            "default": "Mollet del Vallès"
        },
        "parent": 3336901,
        "lat": 41.54026,
        "lng": 2.21306,
        "country": "ES",
        "population": 52484
    },
    "3117164": {
        "ids": {
            "geonames": 3117164
        },
        "long": {
            "default": "Mataró"
        },
        "parent": 3336901,
        "lat": 41.54211,
        "lng": 2.4445,
        "country": "ES",
        "population": 121722
    },
    "3117533": {
        "ids": {
            "geonames": 3117533
        },
        "long": {
            "default": "Manresa"
        },
        "parent": 3336901,
        "lat": 41.72815,
        "lng": 1.82399,
        "country": "ES",
        "population": 76558
    },
    "3117667": {
        "ids": {
            "geonames": 3117667
        },
        "long": {
            "default": "Majadahonda"
        },
        "parent": 3117732,
        "lat": 40.47353,
        "lng": -3.87182,
        "country": "ES",
        "population": 68110
    },
    "3117735": {
        "ids": {
            "geonames": 3117735
        },
        "long": {
            "default": "Madrid"
        },
        "parent": 3117732,
        "lat": 40.4165,
        "lng": -3.70256,
        "country": "ES",
        "population": 3255944
    },
    "3117814": {
        "ids": {
            "geonames": 3117814
        },
        "long": {
            "default": "Lugo"
        },
        "parent": 3336902,
        "lat": 43.00992,
        "lng": -7.55602,
        "country": "ES",
        "population": 96678
    },
    "3118150": {
        "ids": {
            "geonames": 3118150
        },
        "long": {
            "default": "Logroño"
        },
        "parent": 3336897,
        "lat": 42.46667,
        "lng": -2.45,
        "country": "ES",
        "population": 152107
    },
    "3118514": {
        "ids": {
            "geonames": 3118514
        },
        "long": {
            "default": "Lleida"
        },
        "parent": 3336901,
        "lat": 41.61674,
        "lng": 0.62218,
        "country": "ES",
        "population": 135919
    },
    "3118532": {
        "ids": {
            "geonames": 3118532
        },
        "long": {
            "default": "León"
        },
        "parent": 3336900,
        "lat": 42.60003,
        "lng": -5.57032,
        "country": "ES",
        "population": 134305
    },
    "3118594": {
        "ids": {
            "geonames": 3118594
        },
        "long": {
            "default": "Leganés"
        },
        "parent": 3117732,
        "lat": 40.32718,
        "lng": -3.7635,
        "country": "ES",
        "population": 186066
    },
    "3118848": {
        "ids": {
            "geonames": 3118848
        },
        "long": {
            "default": "Las Rozas de Madrid"
        },
        "parent": 3117732,
        "lat": 40.49292,
        "lng": -3.87371,
        "country": "ES",
        "population": 86340
    },
    "3119841": {
        "ids": {
            "geonames": 3119841
        },
        "long": {
            "default": "A Coruña"
        },
        "parent": 3336902,
        "lat": 43.37135,
        "lng": -8.396,
        "country": "ES",
        "population": 246056
    },
    "3120304": {
        "ids": {
            "geonames": 3120304
        },
        "long": {
            "default": "Irun"
        },
        "parent": 3336903,
        "lat": 43.33904,
        "lng": -1.78938,
        "country": "ES",
        "population": 60951
    },
    "3120514": {
        "ids": {
            "geonames": 3120514
        },
        "long": {
            "default": "Huesca"
        },
        "parent": 3336899,
        "lat": 42.13615,
        "lng": -0.4087,
        "country": "ES",
        "population": 52059
    },
    "3120619": {
        "ids": {
            "geonames": 3120619
        },
        "long": {
            "default": "L'Hospitalet de Llobregat"
        },
        "parent": 3336901,
        "lat": 41.35967,
        "lng": 2.10028,
        "country": "ES",
        "population": 257038
    },
    "3120635": {
        "ids": {
            "geonames": 3120635
        },
        "long": {
            "default": "Hortaleza"
        },
        "parent": 3117732,
        "lat": 40.47444,
        "lng": -3.6411,
        "country": "ES",
        "population": 161661
    },
    "3121007": {
        "ids": {
            "geonames": 3121007
        },
        "long": {
            "default": "Getxo"
        },
        "parent": 3336903,
        "lat": 43.35689,
        "lng": -3.01146,
        "country": "ES",
        "population": 80770
    },
    "3121070": {
        "ids": {
            "geonames": 3121070
        },
        "long": {
            "default": "Guadalajara"
        },
        "parent": 2593111,
        "lat": 40.62862,
        "lng": -3.16185,
        "country": "ES",
        "population": 83039
    },
    "3121145": {
        "ids": {
            "geonames": 3121145
        },
        "long": {
            "default": "Granollers"
        },
        "parent": 3336901,
        "lat": 41.60797,
        "lng": 2.28773,
        "country": "ES",
        "population": 60658
    },
    "3121245": {
        "ids": {
            "geonames": 3121245
        },
        "long": {
            "default": "Gràcia"
        },
        "parent": 3336901,
        "lat": 41.40237,
        "lng": 2.15641,
        "country": "ES",
        "population": 120087
    },
    "3121424": {
        "ids": {
            "geonames": 3121424
        },
        "long": {
            "default": "Gijón"
        },
        "parent": 3114710,
        "lat": 43.53573,
        "lng": -5.66152,
        "country": "ES",
        "population": 277554
    },
    "3121437": {
        "ids": {
            "geonames": 3121437
        },
        "long": {
            "default": "Getafe"
        },
        "parent": 3117732,
        "lat": 40.30571,
        "lng": -3.73295,
        "country": "ES",
        "population": 167164
    },
    "3121456": {
        "ids": {
            "geonames": 3121456
        },
        "long": {
            "default": "Girona"
        },
        "parent": 3336901,
        "lat": 41.98311,
        "lng": 2.82493,
        "country": "ES",
        "population": 96188
    },
    "3121960": {
        "ids": {
            "geonames": 3121960
        },
        "long": {
            "default": "Fuenlabrada"
        },
        "parent": 3117732,
        "lat": 40.28419,
        "lng": -3.79415,
        "country": "ES",
        "population": 197836
    },
    "3123329": {
        "ids": {
            "geonames": 3123329
        },
        "long": {
            "default": "El Prat de Llobregat"
        },
        "parent": 3336901,
        "lat": 41.32784,
        "lng": 2.09472,
        "country": "ES",
        "population": 63418
    },
    "3123493": {
        "ids": {
            "geonames": 3123493
        },
        "long": {
            "default": "Ferrol"
        },
        "parent": 3336902,
        "lat": 43.48321,
        "lng": -8.23689,
        "country": "ES",
        "population": 74273
    },
    "3124132": {
        "ids": {
            "geonames": 3124132
        },
        "long": {
            "default": "Cuenca"
        },
        "parent": 2593111,
        "lat": 40.06667,
        "lng": -2.13333,
        "country": "ES",
        "population": 55866
    },
    "3124408": {
        "ids": {
            "geonames": 3124408
        },
        "long": {
            "default": "Coslada"
        },
        "parent": 3117732,
        "lat": 40.42378,
        "lng": -3.56129,
        "country": "ES",
        "population": 90280
    },
    "3124569": {
        "ids": {
            "geonames": 3124569
        },
        "long": {
            "default": "Cornellà de Llobregat"
        },
        "parent": 3336901,
        "lat": 41.35,
        "lng": 2.08333,
        "country": "ES",
        "population": 86519
    },
    "3124794": {
        "ids": {
            "geonames": 3124794
        },
        "long": {
            "default": "Collado-Villalba"
        },
        "parent": 3117732,
        "lat": 40.63506,
        "lng": -4.00486,
        "country": "ES",
        "population": 55027
    },
    "3124964": {
        "ids": {
            "geonames": 3124964
        },
        "long": {
            "default": "Ciudad Lineal"
        },
        "parent": 3117732,
        "lat": 40.45455,
        "lng": -3.64808,
        "country": "ES",
        "population": 228171
    },
    "3125239": {
        "ids": {
            "geonames": 3125239
        },
        "long": {
            "default": "Chamartín"
        },
        "parent": 3117732,
        "lat": 40.46206,
        "lng": -3.6766,
        "country": "ES",
        "population": 140000
    },
    "3125897": {
        "ids": {
            "geonames": 3125897
        },
        "long": {
            "default": "Castelldefels"
        },
        "parent": 3336901,
        "lat": 41.27794,
        "lng": 1.97033,
        "country": "ES",
        "population": 62080
    },
    "3127461": {
        "ids": {
            "geonames": 3127461
        },
        "long": {
            "default": "Burgos"
        },
        "parent": 3336900,
        "lat": 42.34106,
        "lng": -3.70184,
        "country": "ES",
        "population": 178966
    },
    "3128026": {
        "ids": {
            "geonames": 3128026
        },
        "long": {
            "default": "Bilbao"
        },
        "parent": 3336903,
        "lat": 43.26271,
        "lng": -2.92528,
        "country": "ES",
        "population": 354860
    },
    "3128760": {
        "ids": {
            "geonames": 3128760
        },
        "long": {
            "default": "Barcelona"
        },
        "parent": 3336901,
        "lat": 41.38879,
        "lng": 2.15899,
        "country": "ES",
        "population": 1621537
    },
    "3129028": {
        "ids": {
            "geonames": 3129028
        },
        "long": {
            "default": "Badalona"
        },
        "parent": 3336901,
        "lat": 41.45004,
        "lng": 2.24741,
        "country": "ES",
        "population": 219547
    },
    "3129135": {
        "ids": {
            "geonames": 3129135
        },
        "long": {
            "default": "Avilés"
        },
        "parent": 3114710,
        "lat": 43.55473,
        "lng": -5.92483,
        "country": "ES",
        "population": 84242
    },
    "3129136": {
        "ids": {
            "geonames": 3129136
        },
        "long": {
            "default": "Ávila"
        },
        "parent": 3336900,
        "lat": 40.65724,
        "lng": -4.69951,
        "country": "ES",
        "population": 56855
    },
    "3129636": {
        "ids": {
            "geonames": 3129636
        },
        "long": {
            "default": "Arganda"
        },
        "parent": 3117732,
        "lat": 40.30076,
        "lng": -3.43722,
        "country": "ES",
        "population": 51489
    },
    "3129857": {
        "ids": {
            "geonames": 3129857
        },
        "long": {
            "default": "Aranjuez"
        },
        "parent": 3117732,
        "lat": 40.03108,
        "lng": -3.60246,
        "country": "ES",
        "population": 54055
    },
    "3130380": {
        "ids": {
            "geonames": 3130380
        },
        "long": {
            "default": "Algorta"
        },
        "parent": 3336903,
        "lat": 43.34927,
        "lng": -3.0094,
        "country": "ES",
        "population": 82624
    },
    "3130564": {
        "ids": {
            "geonames": 3130564
        },
        "long": {
            "default": "Alcorcón"
        },
        "parent": 3117732,
        "lat": 40.34582,
        "lng": -3.82487,
        "country": "ES",
        "population": 167967
    },
    "3130583": {
        "ids": {
            "geonames": 3130583
        },
        "long": {
            "default": "Alcobendas"
        },
        "parent": 3117732,
        "lat": 40.54746,
        "lng": -3.64197,
        "country": "ES",
        "population": 107514
    },
    "3130616": {
        "ids": {
            "geonames": 3130616
        },
        "long": {
            "default": "Alcalá de Henares"
        },
        "parent": 3117732,
        "lat": 40.48205,
        "lng": -3.35996,
        "country": "ES",
        "population": 204574
    },
    "6252065": {
        "ids": {
            "geonames": 6252065
        },
        "long": {
            "default": "Nou Barris"
        },
        "parent": 3336901,
        "lat": 41.44163,
        "lng": 2.17727,
        "country": "ES",
        "population": 164981
    },
    "6362987": {
        "ids": {
            "geonames": 6362987
        },
        "long": {
            "default": "Ceuta"
        },
        "parent": 2519582,
        "lat": 35.88933,
        "lng": -5.31979,
        "country": "ES",
        "population": 78674
    },
    "6544099": {
        "ids": {
            "geonames": 6544099
        },
        "long": {
            "default": "Moncloa-Aravaca"
        },
        "parent": 3117732,
        "lat": 40.43547,
        "lng": -3.7317,
        "country": "ES",
        "population": 116531
    },
    "6544100": {
        "ids": {
            "geonames": 6544100
        },
        "long": {
            "default": "Eixample"
        },
        "parent": 3336901,
        "lat": 41.38896,
        "lng": 2.16179,
        "country": "ES",
        "population": 262485
    },
    "6544101": {
        "ids": {
            "geonames": 6544101
        },
        "long": {
            "default": "les Corts"
        },
        "parent": 3336901,
        "lat": 41.38712,
        "lng": 2.13007,
        "country": "ES",
        "population": 82588
    },
    "6544102": {
        "ids": {
            "geonames": 6544102
        },
        "long": {
            "default": "Sarrià-Sant Gervasi"
        },
        "parent": 3336901,
        "lat": 41.40104,
        "lng": 2.1394,
        "country": "ES",
        "population": 140000
    },
    "6544103": {
        "ids": {
            "geonames": 6544103
        },
        "long": {
            "default": "Horta-Guinardó"
        },
        "parent": 3336901,
        "lat": 41.41849,
        "lng": 2.1677,
        "country": "ES",
        "population": 169920
    },
    "6544104": {
        "ids": {
            "geonames": 6544104
        },
        "long": {
            "default": "Sants-Montjuïc"
        },
        "parent": 3336901,
        "lat": 41.37263,
        "lng": 2.1546,
        "country": "ES",
        "population": 177636
    },
    "6544105": {
        "ids": {
            "geonames": 6544105
        },
        "long": {
            "default": "Sant Martí"
        },
        "parent": 3336901,
        "lat": 41.41814,
        "lng": 2.19933,
        "country": "ES",
        "population": 221029
    },
    "6544106": {
        "ids": {
            "geonames": 6544106
        },
        "long": {
            "default": "Ciutat Vella"
        },
        "parent": 3336901,
        "lat": 41.38022,
        "lng": 2.17319,
        "country": "ES",
        "population": 111290
    },
    "6544487": {
        "ids": {
            "geonames": 6544487
        },
        "long": {
            "default": "Arganzuela"
        },
        "parent": 3117732,
        "lat": 40.40021,
        "lng": -3.69618,
        "country": "ES",
        "population": 148797
    },
    "6544488": {
        "ids": {
            "geonames": 6544488
        },
        "long": {
            "default": "San Blas"
        },
        "parent": 3117732,
        "lat": 40.43893,
        "lng": -3.61537,
        "country": "ES",
        "population": 157367
    },
    "6544489": {
        "ids": {
            "geonames": 6544489
        },
        "long": {
            "default": "Latina"
        },
        "parent": 3117732,
        "lat": 40.38897,
        "lng": -3.74569,
        "country": "ES",
        "population": 256644
    },
    "6544490": {
        "ids": {
            "geonames": 6544490
        },
        "long": {
            "default": "Usera"
        },
        "parent": 3117732,
        "lat": 40.38866,
        "lng": -3.70035,
        "country": "ES",
        "population": 141189
    },
    "6544491": {
        "ids": {
            "geonames": 6544491
        },
        "long": {
            "default": "Salamanca"
        },
        "parent": 3117732,
        "lat": 40.42972,
        "lng": -3.67975,
        "country": "ES",
        "population": 147707
    },
    "6544492": {
        "ids": {
            "geonames": 6544492
        },
        "long": {
            "default": "Chamberí"
        },
        "parent": 3117732,
        "lat": 40.43404,
        "lng": -3.70379,
        "country": "ES",
        "population": 145934
    },
    "6544493": {
        "ids": {
            "geonames": 6544493
        },
        "long": {
            "default": "Carabanchel"
        },
        "parent": 3117732,
        "lat": 40.39094,
        "lng": -3.7242,
        "country": "ES",
        "population": 253678
    },
    "6544494": {
        "ids": {
            "geonames": 6544494
        },
        "long": {
            "default": "City Center"
        },
        "parent": 3117732,
        "lat": 40.41831,
        "lng": -3.70275,
        "country": "ES",
        "population": 149718
    },
    "6544495": {
        "ids": {
            "geonames": 6544495
        },
        "long": {
            "default": "Retiro"
        },
        "parent": 3117732,
        "lat": 40.41317,
        "lng": -3.68307,
        "country": "ES",
        "population": 126058
    },
    "6615440": {
        "ids": {
            "geonames": 6615440
        },
        "long": {
            "default": "Delicias"
        },
        "parent": 3336899,
        "lat": 41.64928,
        "lng": -0.90757,
        "country": "ES",
        "population": 110520
    },
    "6618856": {
        "ids": {
            "geonames": 6618856
        },
        "long": {
            "default": "Santutxu"
        },
        "parent": 3336903,
        "lat": 43.25347,
        "lng": -2.9161,
        "country": "ES",
        "population": 60000
    },
    "8285534": {
        "ids": {
            "geonames": 8285534
        },
        "long": {
            "default": "Fuencarral-El Pardo"
        },
        "parent": 3117732,
        "lat": 40.4984,
        "lng": -3.7314,
        "country": "ES",
        "population": 220085
    },
    "8285535": {
        "ids": {
            "geonames": 8285535
        },
        "long": {
            "default": "Villa de Vallecas"
        },
        "parent": 3117732,
        "lat": 40.36695,
        "lng": -3.60146,
        "country": "ES",
        "population": 65162
    }
}