{
    "328689": {
        "ids": {
            "geonames": 328689
        },
        "long": {
            "default": "Shashemenē"
        },
        "parent": 444185,
        "lat": 7.2,
        "lng": 38.6,
        "country": "ET",
        "population": 85871
    },
    "330186": {
        "ids": {
            "geonames": 330186
        },
        "long": {
            "default": "Nazrēt"
        },
        "parent": 444185,
        "lat": 8.55,
        "lng": 39.26667,
        "country": "ET",
        "population": 213995
    },
    "331180": {
        "ids": {
            "geonames": 331180
        },
        "long": {
            "default": "Mekele"
        },
        "parent": 444187,
        "lat": 13.49667,
        "lng": 39.47528,
        "country": "ET",
        "population": 215546
    },
    "333373": {
        "ids": {
            "geonames": 333373
        },
        "long": {
            "default": "Kombolcha"
        },
        "parent": 444180,
        "lat": 11.08155,
        "lng": 39.74339,
        "country": "ET",
        "population": 93605
    },
    "333772": {
        "ids": {
            "geonames": 333772
        },
        "long": {
            "default": "Jīma"
        },
        "parent": 444185,
        "lat": 7.66667,
        "lng": 36.83333,
        "country": "ET",
        "population": 128306
    },
    "333795": {
        "ids": {
            "geonames": 333795
        },
        "long": {
            "default": "Jijiga"
        },
        "parent": 444186,
        "lat": 9.35,
        "lng": 42.8,
        "country": "ET",
        "population": 56821
    },
    "334227": {
        "ids": {
            "geonames": 334227
        },
        "long": {
            "default": "Inda Silasē"
        },
        "parent": 444187,
        "lat": 14.10307,
        "lng": 38.28289,
        "country": "ET",
        "population": 50078
    },
    "335035": {
        "ids": {
            "geonames": 335035
        },
        "long": {
            "default": "Harar"
        },
        "parent": 444184,
        "lat": 9.31387,
        "lng": 42.11815,
        "country": "ET",
        "population": 90218
    },
    "336014": {
        "ids": {
            "geonames": 336014
        },
        "long": {
            "default": "Gondar"
        },
        "parent": 444180,
        "lat": 12.6,
        "lng": 37.46667,
        "country": "ET",
        "population": 153914
    },
    "338832": {
        "ids": {
            "geonames": 338832
        },
        "long": {
            "default": "Dire Dawa"
        },
        "parent": 444182,
        "lat": 9.59306,
        "lng": 41.86611,
        "country": "ET",
        "population": 252279
    },
    "339219": {
        "ids": {
            "geonames": 339219
        },
        "long": {
            "default": "Desē"
        },
        "parent": 444180,
        "lat": 11.13333,
        "lng": 39.63333,
        "country": "ET",
        "population": 136056
    },
    "339666": {
        "ids": {
            "geonames": 339666
        },
        "long": {
            "default": "Bishoftu"
        },
        "parent": 444185,
        "lat": 8.75225,
        "lng": 38.97846,
        "country": "ET",
        "population": 104215
    },
    "339708": {
        "ids": {
            "geonames": 339708
        },
        "long": {
            "default": "Debre Mark’os"
        },
        "parent": 444180,
        "lat": 10.35,
        "lng": 37.73333,
        "country": "ET",
        "population": 59920
    },
    "339734": {
        "ids": {
            "geonames": 339734
        },
        "long": {
            "default": "Debre Birhan"
        },
        "parent": 444180,
        "lat": 9.67954,
        "lng": 39.53262,
        "country": "ET",
        "population": 57787
    },
    "342884": {
        "ids": {
            "geonames": 342884
        },
        "long": {
            "default": "Bahir Dar"
        },
        "parent": 444180,
        "lat": 11.59364,
        "lng": 37.39077,
        "country": "ET",
        "population": 168899
    },
    "343137": {
        "ids": {
            "geonames": 343137
        },
        "long": {
            "default": "Hawassa"
        },
        "parent": 444188,
        "lat": 7.06205,
        "lng": 38.47635,
        "country": "ET",
        "population": 133097
    },
    "343663": {
        "ids": {
            "geonames": 343663
        },
        "long": {
            "default": "Ārba Minch’"
        },
        "parent": 444188,
        "lat": 6.03333,
        "lng": 37.55,
        "country": "ET",
        "population": 69622
    },
    "344979": {
        "ids": {
            "geonames": 344979
        },
        "long": {
            "default": "Addis Ababa"
        },
        "parent": 444178,
        "lat": 9.02497,
        "lng": 38.74689,
        "country": "ET",
        "population": 2757729
    },
    "345149": {
        "ids": {
            "geonames": 345149
        },
        "long": {
            "default": "Ādīgrat"
        },
        "parent": 444187,
        "lat": 14.277,
        "lng": 39.462,
        "country": "ET",
        "population": 65000
    }
}