{
    "632453": {
        "ids": {
            "geonames": 632453
        },
        "long": {
            "default": "Vantaa"
        },
        "parent": 830709,
        "lat": 60.29414,
        "lng": 25.04099,
        "country": "FI",
        "population": 190058
    },
    "632978": {
        "ids": {
            "geonames": 632978
        },
        "long": {
            "default": "Vaasa"
        },
        "parent": 830676,
        "lat": 63.096,
        "lng": 21.61577,
        "country": "FI",
        "population": 57014
    },
    "633679": {
        "ids": {
            "geonames": 633679
        },
        "long": {
            "default": "Turku"
        },
        "parent": 830708,
        "lat": 60.45148,
        "lng": 22.26869,
        "country": "FI",
        "population": 175945
    },
    "634963": {
        "ids": {
            "geonames": 634963
        },
        "long": {
            "default": "Tampere"
        },
        "parent": 830704,
        "lat": 61.49911,
        "lng": 23.78712,
        "country": "FI",
        "population": 202687
    },
    "640999": {
        "ids": {
            "geonames": 640999
        },
        "long": {
            "default": "Pori"
        },
        "parent": 831041,
        "lat": 61.48333,
        "lng": 21.78333,
        "country": "FI",
        "population": 76772
    },
    "643492": {
        "ids": {
            "geonames": 643492
        },
        "long": {
            "default": "Oulu"
        },
        "parent": 830667,
        "lat": 65.01236,
        "lng": 25.46816,
        "country": "FI",
        "population": 128618
    },
    "648900": {
        "ids": {
            "geonames": 648900
        },
        "long": {
            "default": "Lappeenranta"
        },
        "parent": 830699,
        "lat": 61.05871,
        "lng": 28.18871,
        "country": "FI",
        "population": 59276
    },
    "649360": {
        "ids": {
            "geonames": 649360
        },
        "long": {
            "default": "Lahti"
        },
        "parent": 831040,
        "lat": 60.98267,
        "lng": 25.66151,
        "country": "FI",
        "population": 98826
    },
    "650224": {
        "ids": {
            "geonames": 650224
        },
        "long": {
            "default": "Kuopio"
        },
        "parent": 830690,
        "lat": 62.89238,
        "lng": 27.67703,
        "country": "FI",
        "population": 89104
    },
    "650946": {
        "ids": {
            "geonames": 650946
        },
        "long": {
            "default": "Kotka"
        },
        "parent": 830703,
        "lat": 60.46667,
        "lng": 26.91667,
        "country": "FI",
        "population": 54616
    },
    "655194": {
        "ids": {
            "geonames": 655194
        },
        "long": {
            "default": "Jyväskylä"
        },
        "parent": 830685,
        "lat": 62.24147,
        "lng": 25.72088,
        "country": "FI",
        "population": 85026
    },
    "655808": {
        "ids": {
            "geonames": 655808
        },
        "long": {
            "default": "Joensuu"
        },
        "parent": 830686,
        "lat": 62.60118,
        "lng": 29.76316,
        "country": "FI",
        "population": 53388
    },
    "658225": {
        "ids": {
            "geonames": 658225
        },
        "long": {
            "default": "Helsinki"
        },
        "parent": 830709,
        "lat": 60.16952,
        "lng": 24.93545,
        "country": "FI",
        "population": 558457
    },
    "660158": {
        "ids": {
            "geonames": 660158
        },
        "long": {
            "default": "Espoo"
        },
        "parent": 830709,
        "lat": 60.2052,
        "lng": 24.6522,
        "country": "FI",
        "population": 256760
    }
}