{
    "2198148": {
        "ids": {
            "geonames": 2198148
        },
        "long": {
            "default": "Suva"
        },
        "parent": 2205272,
        "lat": -18.14161,
        "lng": 178.44149,
        "country": "FJ",
        "population": 77366
    },
    "2204506": {
        "ids": {
            "geonames": 2204506
        },
        "long": {
            "default": "Lautoka"
        },
        "parent": 2194371,
        "lat": -17.61667,
        "lng": 177.46667,
        "country": "FJ",
        "population": 52500
    }
}