{
    "2967849": {
        "ids": {
            "geonames": 2967849
        },
        "long": {
            "default": "Vitry-sur-Seine"
        },
        "parent": 3012874,
        "lat": 48.78716,
        "lng": 2.40332,
        "country": "FR",
        "population": 81001
    },
    "2968254": {
        "ids": {
            "geonames": 2968254
        },
        "long": {
            "default": "Villeurbanne"
        },
        "parent": 11071625,
        "lat": 45.76667,
        "lng": 4.88333,
        "country": "FR",
        "population": 131445
    },
    "2969679": {
        "ids": {
            "geonames": 2969679
        },
        "long": {
            "default": "Versailles"
        },
        "parent": 3012874,
        "lat": 48.8,
        "lng": 2.13333,
        "country": "FR",
        "population": 85416
    },
    "2970072": {
        "ids": {
            "geonames": 2970072
        },
        "long": {
            "default": "Vénissieux"
        },
        "parent": 11071625,
        "lat": 45.70254,
        "lng": 4.87147,
        "country": "FR",
        "population": 57584
    },
    "2970777": {
        "ids": {
            "geonames": 2970777
        },
        "long": {
            "default": "Vannes"
        },
        "parent": 3030293,
        "lat": 47.66667,
        "lng": -2.75,
        "country": "FR",
        "population": 54020
    },
    "2971053": {
        "ids": {
            "geonames": 2971053
        },
        "long": {
            "default": "Valence"
        },
        "parent": 11071625,
        "lat": 44.93333,
        "lng": 4.9,
        "country": "FR",
        "population": 63864
    },
    "2971549": {
        "ids": {
            "geonames": 2971549
        },
        "long": {
            "default": "Troyes"
        },
        "parent": 11071622,
        "lat": 48.3,
        "lng": 4.08333,
        "country": "FR",
        "population": 60785
    },
    "2972191": {
        "ids": {
            "geonames": 2972191
        },
        "long": {
            "default": "Tours"
        },
        "parent": 3027939,
        "lat": 47.38333,
        "lng": 0.68333,
        "country": "FR",
        "population": 141621
    },
    "2972284": {
        "ids": {
            "geonames": 2972284
        },
        "long": {
            "default": "Tourcoing"
        },
        "parent": 11071624,
        "lat": 50.72391,
        "lng": 3.16117,
        "country": "FR",
        "population": 91574
    },
    "2972315": {
        "ids": {
            "geonames": 2972315
        },
        "long": {
            "default": "Toulouse"
        },
        "parent": 11071623,
        "lat": 43.60426,
        "lng": 1.44367,
        "country": "FR",
        "population": 433055
    },
    "2972328": {
        "ids": {
            "geonames": 2972328
        },
        "long": {
            "default": "Toulon"
        },
        "parent": 2985244,
        "lat": 43.11667,
        "lng": 5.93333,
        "country": "FR",
        "population": 168701
    },
    "2973385": {
        "ids": {
            "geonames": 2973385
        },
        "long": {
            "default": "Tarbes"
        },
        "parent": 11071623,
        "lat": 43.23333,
        "lng": 0.08333,
        "country": "FR",
        "population": 52106
    },
    "2973783": {
        "ids": {
            "geonames": 2973783
        },
        "long": {
            "default": "Strasbourg"
        },
        "parent": 11071622,
        "lat": 48.58392,
        "lng": 7.74553,
        "country": "FR",
        "population": 274845
    },
    "2975921": {
        "ids": {
            "geonames": 2975921
        },
        "long": {
            "default": "Sartrouville"
        },
        "parent": 3012874,
        "lat": 48.9482,
        "lng": 2.19169,
        "country": "FR",
        "population": 53980
    },
    "2976043": {
        "ids": {
            "geonames": 2976043
        },
        "long": {
            "default": "Sarcelles"
        },
        "parent": 3012874,
        "lat": 49,
        "lng": 2.38333,
        "country": "FR",
        "population": 57979
    },
    "2977295": {
        "ids": {
            "geonames": 2977295
        },
        "long": {
            "default": "Saint-Quentin"
        },
        "parent": 11071624,
        "lat": 49.84889,
        "lng": 3.28757,
        "country": "FR",
        "population": 55407
    },
    "2977921": {
        "ids": {
            "geonames": 2977921
        },
        "long": {
            "default": "Saint-Nazaire"
        },
        "parent": 2988289,
        "lat": 47.28333,
        "lng": -2.2,
        "country": "FR",
        "population": 67054
    },
    "2978179": {
        "ids": {
            "geonames": 2978179
        },
        "long": {
            "default": "Saint-Maur-des-Fossés"
        },
        "parent": 3012874,
        "lat": 48.79395,
        "lng": 2.49323,
        "country": "FR",
        "population": 75402
    },
    "2978640": {
        "ids": {
            "geonames": 2978640
        },
        "long": {
            "default": "Saint-Malo"
        },
        "parent": 3030293,
        "lat": 48.65,
        "lng": -2.01667,
        "country": "FR",
        "population": 50676
    },
    "2980291": {
        "ids": {
            "geonames": 2980291
        },
        "long": {
            "default": "Saint-Étienne"
        },
        "parent": 11071625,
        "lat": 45.43389,
        "lng": 4.39,
        "country": "FR",
        "population": 176280
    },
    "2980916": {
        "ids": {
            "geonames": 2980916
        },
        "long": {
            "default": "Saint-Denis"
        },
        "parent": 3012874,
        "lat": 48.93333,
        "lng": 2.36667,
        "country": "FR",
        "population": 96128
    },
    "2981280": {
        "ids": {
            "geonames": 2981280
        },
        "long": {
            "default": "Saint-Brieuc"
        },
        "parent": 3030293,
        "lat": 48.51513,
        "lng": -2.76838,
        "country": "FR",
        "population": 52774
    },
    "2982235": {
        "ids": {
            "geonames": 2982235
        },
        "long": {
            "default": "Rueil-Malmaison"
        },
        "parent": 3012874,
        "lat": 48.8765,
        "lng": 2.18967,
        "country": "FR",
        "population": 76616
    },
    "2982652": {
        "ids": {
            "geonames": 2982652
        },
        "long": {
            "default": "Rouen"
        },
        "parent": 11071621,
        "lat": 49.44313,
        "lng": 1.09932,
        "country": "FR",
        "population": 112787
    },
    "2982681": {
        "ids": {
            "geonames": 2982681
        },
        "long": {
            "default": "Roubaix"
        },
        "parent": 11071624,
        "lat": 50.69421,
        "lng": 3.17456,
        "country": "FR",
        "population": 95721
    },
    "2983990": {
        "ids": {
            "geonames": 2983990
        },
        "long": {
            "default": "Rennes"
        },
        "parent": 3030293,
        "lat": 48.11198,
        "lng": -1.67429,
        "country": "FR",
        "population": 209375
    },
    "2984114": {
        "ids": {
            "geonames": 2984114
        },
        "long": {
            "default": "Reims"
        },
        "parent": 11071622,
        "lat": 49.25,
        "lng": 4.03333,
        "country": "FR",
        "population": 196565
    },
    "2984701": {
        "ids": {
            "geonames": 2984701
        },
        "long": {
            "default": "Quimper"
        },
        "parent": 3030293,
        "lat": 48,
        "lng": -4.1,
        "country": "FR",
        "population": 63849
    },
    "2986495": {
        "ids": {
            "geonames": 2986495
        },
        "long": {
            "default": "Poitiers"
        },
        "parent": 11071620,
        "lat": 46.58333,
        "lng": 0.33333,
        "country": "FR",
        "population": 85960
    },
    "2987805": {
        "ids": {
            "geonames": 2987805
        },
        "long": {
            "default": "Pessac"
        },
        "parent": 11071620,
        "lat": 44.81011,
        "lng": -0.64129,
        "country": "FR",
        "population": 57944
    },
    "2987914": {
        "ids": {
            "geonames": 2987914
        },
        "long": {
            "default": "Perpignan"
        },
        "parent": 11071623,
        "lat": 42.69764,
        "lng": 2.89541,
        "country": "FR",
        "population": 110706
    },
    "2988358": {
        "ids": {
            "geonames": 2988358
        },
        "long": {
            "default": "Pau"
        },
        "parent": 11071620,
        "lat": 43.3,
        "lng": -0.36667,
        "country": "FR",
        "population": 82697
    },
    "2988507": {
        "ids": {
            "geonames": 2988507
        },
        "long": {
            "default": "Paris"
        },
        "parent": 3012874,
        "lat": 48.85341,
        "lng": 2.3488,
        "country": "FR",
        "population": 2138551
    },
    "2988621": {
        "ids": {
            "geonames": 2988621
        },
        "long": {
            "default": "Pantin"
        },
        "parent": 3012874,
        "lat": 48.89437,
        "lng": 2.40935,
        "country": "FR",
        "population": 52922
    },
    "2989317": {
        "ids": {
            "geonames": 2989317
        },
        "long": {
            "default": "Orléans"
        },
        "parent": 3027939,
        "lat": 47.90289,
        "lng": 1.90389,
        "country": "FR",
        "population": 124149
    },
    "2990189": {
        "ids": {
            "geonames": 2990189
        },
        "long": {
            "default": "Noisy-le-Grand"
        },
        "parent": 3012874,
        "lat": 48.84979,
        "lng": 2.56266,
        "country": "FR",
        "population": 62420
    },
    "2990355": {
        "ids": {
            "geonames": 2990355
        },
        "long": {
            "default": "Niort"
        },
        "parent": 11071620,
        "lat": 46.32313,
        "lng": -0.45877,
        "country": "FR",
        "population": 54660
    },
    "2990363": {
        "ids": {
            "geonames": 2990363
        },
        "long": {
            "default": "Nîmes"
        },
        "parent": 11071623,
        "lat": 43.83333,
        "lng": 4.35,
        "country": "FR",
        "population": 148236
    },
    "2990440": {
        "ids": {
            "geonames": 2990440
        },
        "long": {
            "default": "Nice"
        },
        "parent": 2985244,
        "lat": 43.70313,
        "lng": 7.26608,
        "country": "FR",
        "population": 338620
    },
    "2990611": {
        "ids": {
            "geonames": 2990611
        },
        "long": {
            "default": "Neuilly-sur-Seine"
        },
        "parent": 3012874,
        "lat": 48.8846,
        "lng": 2.26965,
        "country": "FR",
        "population": 61300
    },
    "2990919": {
        "ids": {
            "geonames": 2990919
        },
        "long": {
            "default": "Narbonne"
        },
        "parent": 11071623,
        "lat": 43.18333,
        "lng": 3,
        "country": "FR",
        "population": 50776
    },
    "2990969": {
        "ids": {
            "geonames": 2990969
        },
        "long": {
            "default": "Nantes"
        },
        "parent": 2988289,
        "lat": 47.21725,
        "lng": -1.55336,
        "country": "FR",
        "population": 277269
    },
    "2990970": {
        "ids": {
            "geonames": 2990970
        },
        "long": {
            "default": "Nanterre"
        },
        "parent": 3012874,
        "lat": 48.89198,
        "lng": 2.20675,
        "country": "FR",
        "population": 86719
    },
    "2990999": {
        "ids": {
            "geonames": 2990999
        },
        "long": {
            "default": "Nancy"
        },
        "parent": 11071622,
        "lat": 48.68439,
        "lng": 6.18496,
        "country": "FR",
        "population": 105334
    },
    "2991214": {
        "ids": {
            "geonames": 2991214
        },
        "long": {
            "default": "Mulhouse"
        },
        "parent": 11071622,
        "lat": 47.75,
        "lng": 7.33333,
        "country": "FR",
        "population": 111430
    },
    "2992090": {
        "ids": {
            "geonames": 2992090
        },
        "long": {
            "default": "Montreuil"
        },
        "parent": 3012874,
        "lat": 48.86415,
        "lng": 2.44322,
        "country": "FR",
        "population": 90652
    },
    "2992166": {
        "ids": {
            "geonames": 2992166
        },
        "long": {
            "default": "Montpellier"
        },
        "parent": 11071623,
        "lat": 43.61092,
        "lng": 3.87723,
        "country": "FR",
        "population": 248252
    },
    "2993002": {
        "ids": {
            "geonames": 2993002
        },
        "long": {
            "default": "Montauban"
        },
        "parent": 11071623,
        "lat": 44.01667,
        "lng": 1.35,
        "country": "FR",
        "population": 52434
    },
    "2994160": {
        "ids": {
            "geonames": 2994160
        },
        "long": {
            "default": "Metz"
        },
        "parent": 11071622,
        "lat": 49.11911,
        "lng": 6.17269,
        "country": "FR",
        "population": 123914
    },
    "2994393": {
        "ids": {
            "geonames": 2994393
        },
        "long": {
            "default": "Mérignac"
        },
        "parent": 11071620,
        "lat": 44.83248,
        "lng": -0.63381,
        "country": "FR",
        "population": 69791
    },
    "2994798": {
        "ids": {
            "geonames": 2994798
        },
        "long": {
            "default": "Meaux"
        },
        "parent": 3012874,
        "lat": 48.96014,
        "lng": 2.87885,
        "country": "FR",
        "population": 53811
    },
    "2995469": {
        "ids": {
            "geonames": 2995469
        },
        "long": {
            "default": "Marseille"
        },
        "parent": 2985244,
        "lat": 43.29695,
        "lng": 5.38107,
        "country": "FR",
        "population": 794811
    },
    "2996568": {
        "ids": {
            "geonames": 2996568
        },
        "long": {
            "default": "Maisons-Alfort"
        },
        "parent": 3012874,
        "lat": 48.81171,
        "lng": 2.43945,
        "country": "FR",
        "population": 53964
    },
    "2996944": {
        "ids": {
            "geonames": 2996944
        },
        "long": {
            "default": "Lyon"
        },
        "parent": 11071625,
        "lat": 45.74846,
        "lng": 4.84671,
        "country": "FR",
        "population": 472317
    },
    "2997577": {
        "ids": {
            "geonames": 2997577
        },
        "long": {
            "default": "Lorient"
        },
        "parent": 3030293,
        "lat": 47.75,
        "lng": -3.36667,
        "country": "FR",
        "population": 58112
    },
    "2998286": {
        "ids": {
            "geonames": 2998286
        },
        "long": {
            "default": "Limoges"
        },
        "parent": 11071620,
        "lat": 45.83153,
        "lng": 1.25781,
        "country": "FR",
        "population": 141176
    },
    "2998324": {
        "ids": {
            "geonames": 2998324
        },
        "long": {
            "default": "Lille"
        },
        "parent": 11071624,
        "lat": 50.63297,
        "lng": 3.05858,
        "country": "FR",
        "population": 228328
    },
    "2998975": {
        "ids": {
            "geonames": 2998975
        },
        "long": {
            "default": "Levallois-Perret"
        },
        "parent": 3012874,
        "lat": 48.89389,
        "lng": 2.28864,
        "country": "FR",
        "population": 62178
    },
    "3003603": {
        "ids": {
            "geonames": 3003603
        },
        "long": {
            "default": "Le Mans"
        },
        "parent": 2988289,
        "lat": 48,
        "lng": 0.2,
        "country": "FR",
        "population": 144515
    },
    "3003796": {
        "ids": {
            "geonames": 3003796
        },
        "long": {
            "default": "Le Havre"
        },
        "parent": 11071621,
        "lat": 49.4938,
        "lng": 0.10767,
        "country": "FR",
        "population": 185972
    },
    "3005866": {
        "ids": {
            "geonames": 3005866
        },
        "long": {
            "default": "Laval"
        },
        "parent": 2988289,
        "lat": 48.06667,
        "lng": -0.76667,
        "country": "FR",
        "population": 50489
    },
    "3006414": {
        "ids": {
            "geonames": 3006414
        },
        "long": {
            "default": "La Seyne-sur-Mer"
        },
        "parent": 2985244,
        "lat": 43.09818,
        "lng": 5.88471,
        "country": "FR",
        "population": 62330
    },
    "3006767": {
        "ids": {
            "geonames": 3006767
        },
        "long": {
            "default": "La Roche-sur-Yon"
        },
        "parent": 2988289,
        "lat": 46.66667,
        "lng": -1.43333,
        "country": "FR",
        "population": 59410
    },
    "3006787": {
        "ids": {
            "geonames": 3006787
        },
        "long": {
            "default": "La Rochelle"
        },
        "parent": 11071620,
        "lat": 46.16667,
        "lng": -1.15,
        "country": "FR",
        "population": 76810
    },
    "3012621": {
        "ids": {
            "geonames": 3012621
        },
        "long": {
            "default": "Ivry-sur-Seine"
        },
        "parent": 3012874,
        "lat": 48.81568,
        "lng": 2.38487,
        "country": "FR",
        "population": 57897
    },
    "3012649": {
        "ids": {
            "geonames": 3012649
        },
        "long": {
            "default": "Issy-les-Moulineaux"
        },
        "parent": 3012874,
        "lat": 48.82104,
        "lng": 2.27718,
        "country": "FR",
        "population": 61447
    },
    "3012937": {
        "ids": {
            "geonames": 3012937
        },
        "long": {
            "default": "Hyères"
        },
        "parent": 2985244,
        "lat": 43.11954,
        "lng": 6.13897,
        "country": "FR",
        "population": 50487
    },
    "3014728": {
        "ids": {
            "geonames": 3014728
        },
        "long": {
            "default": "Grenoble"
        },
        "parent": 11071625,
        "lat": 45.16667,
        "lng": 5.71667,
        "country": "FR",
        "population": 158552
    },
    "3017253": {
        "ids": {
            "geonames": 3017253
        },
        "long": {
            "default": "Fréjus"
        },
        "parent": 2985244,
        "lat": 43.43286,
        "lng": 6.73524,
        "country": "FR",
        "population": 53098
    },
    "3017910": {
        "ids": {
            "geonames": 3017910
        },
        "long": {
            "default": "Fontenay-sous-Bois"
        },
        "parent": 3012874,
        "lat": 48.85442,
        "lng": 2.48268,
        "country": "FR",
        "population": 52075
    },
    "3019256": {
        "ids": {
            "geonames": 3019256
        },
        "long": {
            "default": "Évry"
        },
        "parent": 3012874,
        "lat": 48.63333,
        "lng": 2.45,
        "country": "FR",
        "population": 51900
    },
    "3019265": {
        "ids": {
            "geonames": 3019265
        },
        "long": {
            "default": "Évreux"
        },
        "parent": 11071621,
        "lat": 49.02414,
        "lng": 1.15082,
        "country": "FR",
        "population": 57795
    },
    "3020686": {
        "ids": {
            "geonames": 3020686
        },
        "long": {
            "default": "Dunkerque"
        },
        "parent": 11071624,
        "lat": 51.03297,
        "lng": 2.377,
        "country": "FR",
        "population": 71287
    },
    "3020839": {
        "ids": {
            "geonames": 3020839
        },
        "long": {
            "default": "Drancy"
        },
        "parent": 3012874,
        "lat": 48.92578,
        "lng": 2.44533,
        "country": "FR",
        "population": 62488
    },
    "3021372": {
        "ids": {
            "geonames": 3021372
        },
        "long": {
            "default": "Dijon"
        },
        "parent": 11071619,
        "lat": 47.31667,
        "lng": 5.01667,
        "country": "FR",
        "population": 149782
    },
    "3022530": {
        "ids": {
            "geonames": 3022530
        },
        "long": {
            "default": "Créteil"
        },
        "parent": 3012874,
        "lat": 48.78333,
        "lng": 2.46667,
        "country": "FR",
        "population": 84833
    },
    "3023141": {
        "ids": {
            "geonames": 3023141
        },
        "long": {
            "default": "Courbevoie"
        },
        "parent": 3012874,
        "lat": 48.89672,
        "lng": 2.25666,
        "country": "FR",
        "population": 85158
    },
    "3024266": {
        "ids": {
            "geonames": 3024266
        },
        "long": {
            "default": "Colombes"
        },
        "parent": 3012874,
        "lat": 48.91882,
        "lng": 2.25404,
        "country": "FR",
        "population": 82300
    },
    "3024297": {
        "ids": {
            "geonames": 3024297
        },
        "long": {
            "default": "Colmar"
        },
        "parent": 11071622,
        "lat": 48.08333,
        "lng": 7.36667,
        "country": "FR",
        "population": 65405
    },
    "3024597": {
        "ids": {
            "geonames": 3024597
        },
        "long": {
            "default": "Clichy"
        },
        "parent": 3012874,
        "lat": 48.90018,
        "lng": 2.30952,
        "country": "FR",
        "population": 57467
    },
    "3024635": {
        "ids": {
            "geonames": 3024635
        },
        "long": {
            "default": "Clermont-Ferrand"
        },
        "parent": 11071625,
        "lat": 45.77966,
        "lng": 3.08628,
        "country": "FR",
        "population": 138681
    },
    "3024783": {
        "ids": {
            "geonames": 3024783
        },
        "long": {
            "default": "Clamart"
        },
        "parent": 3012874,
        "lat": 48.80299,
        "lng": 2.26692,
        "country": "FR",
        "population": 51400
    },
    "3025053": {
        "ids": {
            "geonames": 3025053
        },
        "long": {
            "default": "Cholet"
        },
        "parent": 2988289,
        "lat": 47.06667,
        "lng": -0.88333,
        "country": "FR",
        "population": 53160
    },
    "3026204": {
        "ids": {
            "geonames": 3026204
        },
        "long": {
            "default": "Châteauroux"
        },
        "parent": 3027939,
        "lat": 46.81667,
        "lng": 1.7,
        "country": "FR",
        "population": 53301
    },
    "3026613": {
        "ids": {
            "geonames": 3026613
        },
        "long": {
            "default": "Charleville-Mézières"
        },
        "parent": 11071622,
        "lat": 49.76667,
        "lng": 4.71667,
        "country": "FR",
        "population": 52415
    },
    "3027105": {
        "ids": {
            "geonames": 3027105
        },
        "long": {
            "default": "Champigny-sur-Marne"
        },
        "parent": 3012874,
        "lat": 48.81642,
        "lng": 2.49366,
        "country": "FR",
        "population": 76726
    },
    "3027422": {
        "ids": {
            "geonames": 3027422
        },
        "long": {
            "default": "Chambéry"
        },
        "parent": 11071625,
        "lat": 45.56667,
        "lng": 5.93333,
        "country": "FR",
        "population": 61640
    },
    "3027487": {
        "ids": {
            "geonames": 3027487
        },
        "long": {
            "default": "Châlons-en-Champagne"
        },
        "parent": 11071622,
        "lat": 48.95393,
        "lng": 4.36724,
        "country": "FR",
        "population": 51257
    },
    "3027883": {
        "ids": {
            "geonames": 3027883
        },
        "long": {
            "default": "Cergy"
        },
        "parent": 3012874,
        "lat": 49.03645,
        "lng": 2.07613,
        "country": "FR",
        "population": 57576
    },
    "3028808": {
        "ids": {
            "geonames": 3028808
        },
        "long": {
            "default": "Cannes"
        },
        "parent": 2985244,
        "lat": 43.55135,
        "lng": 7.01275,
        "country": "FR",
        "population": 70011
    },
    "3029162": {
        "ids": {
            "geonames": 3029162
        },
        "long": {
            "default": "Calais"
        },
        "parent": 11071624,
        "lat": 50.95194,
        "lng": 1.85635,
        "country": "FR",
        "population": 74433
    },
    "3029241": {
        "ids": {
            "geonames": 3029241
        },
        "long": {
            "default": "Caen"
        },
        "parent": 11071621,
        "lat": 49.18585,
        "lng": -0.35912,
        "country": "FR",
        "population": 110624
    },
    "3029974": {
        "ids": {
            "geonames": 3029974
        },
        "long": {
            "default": "Brive-la-Gaillarde"
        },
        "parent": 11071620,
        "lat": 45.15,
        "lng": 1.53333,
        "country": "FR",
        "population": 53466
    },
    "3030300": {
        "ids": {
            "geonames": 3030300
        },
        "long": {
            "default": "Brest"
        },
        "parent": 3030293,
        "lat": 48.4,
        "lng": -4.48333,
        "country": "FR",
        "population": 144899
    },
    "3031005": {
        "ids": {
            "geonames": 3031005
        },
        "long": {
            "default": "Bourges"
        },
        "parent": 3027939,
        "lat": 47.08333,
        "lng": 2.4,
        "country": "FR",
        "population": 67987
    },
    "3031137": {
        "ids": {
            "geonames": 3031137
        },
        "long": {
            "default": "Boulogne-Billancourt"
        },
        "parent": 3012874,
        "lat": 48.83333,
        "lng": 2.25,
        "country": "FR",
        "population": 108782
    },
    "3031582": {
        "ids": {
            "geonames": 3031582
        },
        "long": {
            "default": "Bordeaux"
        },
        "parent": 11071620,
        "lat": 44.84044,
        "lng": -0.5805,
        "country": "FR",
        "population": 231844
    },
    "3032213": {
        "ids": {
            "geonames": 3032213
        },
        "long": {
            "default": "Blois"
        },
        "parent": 3027939,
        "lat": 47.58333,
        "lng": 1.33333,
        "country": "FR",
        "population": 53660
    },
    "3032833": {
        "ids": {
            "geonames": 3032833
        },
        "long": {
            "default": "Béziers"
        },
        "parent": 11071623,
        "lat": 43.34122,
        "lng": 3.21402,
        "country": "FR",
        "population": 74081
    },
    "3033123": {
        "ids": {
            "geonames": 3033123
        },
        "long": {
            "default": "Besançon"
        },
        "parent": 11071619,
        "lat": 47.24878,
        "lng": 6.01815,
        "country": "FR",
        "population": 128426
    },
    "3033791": {
        "ids": {
            "geonames": 3033791
        },
        "long": {
            "default": "Belfort"
        },
        "parent": 11071619,
        "lat": 47.63333,
        "lng": 6.86667,
        "country": "FR",
        "population": 54562
    },
    "3034006": {
        "ids": {
            "geonames": 3034006
        },
        "long": {
            "default": "Beauvais"
        },
        "parent": 11071624,
        "lat": 49.43333,
        "lng": 2.08333,
        "country": "FR",
        "population": 53393
    },
    "3035681": {
        "ids": {
            "geonames": 3035681
        },
        "long": {
            "default": "Avignon"
        },
        "parent": 2985244,
        "lat": 43.94834,
        "lng": 4.80892,
        "country": "FR",
        "population": 89769
    },
    "3036145": {
        "ids": {
            "geonames": 3036145
        },
        "long": {
            "default": "Aulnay-sous-Bois"
        },
        "parent": 3012874,
        "lat": 48.93814,
        "lng": 2.49402,
        "country": "FR",
        "population": 80615
    },
    "3036386": {
        "ids": {
            "geonames": 3036386
        },
        "long": {
            "default": "Aubervilliers"
        },
        "parent": 3012874,
        "lat": 48.91667,
        "lng": 2.38333,
        "country": "FR",
        "population": 70914
    },
    "3036572": {
        "ids": {
            "geonames": 3036572
        },
        "long": {
            "default": "Asnières-sur-Seine"
        },
        "parent": 3012874,
        "lat": 48.91667,
        "lng": 2.28333,
        "country": "FR",
        "population": 86742
    },
    "3036938": {
        "ids": {
            "geonames": 3036938
        },
        "long": {
            "default": "Arles"
        },
        "parent": 2985244,
        "lat": 43.67681,
        "lng": 4.63031,
        "country": "FR",
        "population": 53431
    },
    "3037044": {
        "ids": {
            "geonames": 3037044
        },
        "long": {
            "default": "Argenteuil"
        },
        "parent": 3012874,
        "lat": 48.95,
        "lng": 2.25,
        "country": "FR",
        "population": 101475
    },
    "3037423": {
        "ids": {
            "geonames": 3037423
        },
        "long": {
            "default": "Antony"
        },
        "parent": 3012874,
        "lat": 48.75,
        "lng": 2.3,
        "country": "FR",
        "population": 59845
    },
    "3037456": {
        "ids": {
            "geonames": 3037456
        },
        "long": {
            "default": "Antibes"
        },
        "parent": 2985244,
        "lat": 43.56241,
        "lng": 7.12777,
        "country": "FR",
        "population": 76393
    },
    "3037656": {
        "ids": {
            "geonames": 3037656
        },
        "long": {
            "default": "Angers"
        },
        "parent": 2988289,
        "lat": 47.46667,
        "lng": -0.55,
        "country": "FR",
        "population": 168279
    },
    "3037854": {
        "ids": {
            "geonames": 3037854
        },
        "long": {
            "default": "Amiens"
        },
        "parent": 11071624,
        "lat": 49.9,
        "lng": 2.3,
        "country": "FR",
        "population": 143086
    },
    "3038261": {
        "ids": {
            "geonames": 3038261
        },
        "long": {
            "default": "Albi"
        },
        "parent": 11071623,
        "lat": 43.9298,
        "lng": 2.148,
        "country": "FR",
        "population": 52409
    },
    "3038334": {
        "ids": {
            "geonames": 3038334
        },
        "long": {
            "default": "Ajaccio"
        },
        "parent": 3023519,
        "lat": 41.92723,
        "lng": 8.73462,
        "country": "FR",
        "population": 54364
    },
    "3038354": {
        "ids": {
            "geonames": 3038354
        },
        "long": {
            "default": "Aix-en-Provence"
        },
        "parent": 2985244,
        "lat": 43.5283,
        "lng": 5.44973,
        "country": "FR",
        "population": 146821
    },
    "6543862": {
        "ids": {
            "geonames": 6543862
        },
        "long": {
            "default": "Villeneuve-d'Ascq"
        },
        "parent": 11071624,
        "lat": 50.61669,
        "lng": 3.16664,
        "country": "FR",
        "population": 62400
    },
    "7284889": {
        "ids": {
            "geonames": 7284889
        },
        "long": {
            "default": "Marseille 08"
        },
        "parent": 2985244,
        "lat": 43.27083,
        "lng": 5.3821,
        "country": "FR",
        "population": 78837
    },
    "7284890": {
        "ids": {
            "geonames": 7284890
        },
        "long": {
            "default": "Marseille 10"
        },
        "parent": 2985244,
        "lat": 43.27889,
        "lng": 5.41523,
        "country": "FR",
        "population": 51299
    },
    "7284891": {
        "ids": {
            "geonames": 7284891
        },
        "long": {
            "default": "Marseille 09"
        },
        "parent": 2985244,
        "lat": 43.25433,
        "lng": 5.4057,
        "country": "FR",
        "population": 76868
    },
    "7284892": {
        "ids": {
            "geonames": 7284892
        },
        "long": {
            "default": "Marseille 11"
        },
        "parent": 2985244,
        "lat": 43.2907,
        "lng": 5.4384,
        "country": "FR",
        "population": 56792
    },
    "7284893": {
        "ids": {
            "geonames": 7284893
        },
        "long": {
            "default": "Marseille 12"
        },
        "parent": 2985244,
        "lat": 43.29614,
        "lng": 5.43617,
        "country": "FR",
        "population": 58734
    },
    "7284894": {
        "ids": {
            "geonames": 7284894
        },
        "long": {
            "default": "Marseille 13"
        },
        "parent": 2985244,
        "lat": 43.31856,
        "lng": 5.40836,
        "country": "FR",
        "population": 89316
    },
    "7284895": {
        "ids": {
            "geonames": 7284895
        },
        "long": {
            "default": "Marseille 14"
        },
        "parent": 2985244,
        "lat": 43.34447,
        "lng": 5.38004,
        "country": "FR",
        "population": 61920
    },
    "7284896": {
        "ids": {
            "geonames": 7284896
        },
        "long": {
            "default": "Marseille 15"
        },
        "parent": 2985244,
        "lat": 43.37224,
        "lng": 5.35386,
        "country": "FR",
        "population": 77770
    },
    "8533870": {
        "ids": {
            "geonames": 8533870
        },
        "long": {
            "default": "Saint-Quentin-en-Yvelines"
        },
        "parent": 3012874,
        "lat": 48.77186,
        "lng": 2.01891,
        "country": "FR",
        "population": 146598
    },
    "8555643": {
        "ids": {
            "geonames": 8555643
        },
        "long": {
            "default": "Cergy-Pontoise"
        },
        "parent": 3012874,
        "lat": 49.03894,
        "lng": 2.07805,
        "country": "FR",
        "population": 183430
    }
}