{
    "2396518": {
        "ids": {
            "geonames": 2396518
        },
        "long": {
            "default": "Port-Gentil"
        },
        "parent": 2396924,
        "lat": -0.71933,
        "lng": 8.78151,
        "country": "GA",
        "population": 109163
    },
    "2399697": {
        "ids": {
            "geonames": 2399697
        },
        "long": {
            "default": "Libreville"
        },
        "parent": 2400682,
        "lat": 0.39241,
        "lng": 9.45356,
        "country": "GA",
        "population": 578156
    }
}