{
    "2633352": {
        "ids": {
            "geonames": 2633352
        },
        "long": {
            "default": "York"
        },
        "parent": 6269131,
        "lat": 53.95763,
        "lng": -1.08271,
        "country": "GB",
        "population": 144202
    },
    "2633521": {
        "ids": {
            "geonames": 2633521
        },
        "long": {
            "default": "Worthing"
        },
        "parent": 6269131,
        "lat": 50.81795,
        "lng": -0.37538,
        "country": "GB",
        "population": 99110
    },
    "2633563": {
        "ids": {
            "geonames": 2633563
        },
        "long": {
            "default": "Worcester"
        },
        "parent": 6269131,
        "lat": 52.18935,
        "lng": -2.22001,
        "country": "GB",
        "population": 100023
    },
    "2633691": {
        "ids": {
            "geonames": 2633691
        },
        "long": {
            "default": "Wolverhampton"
        },
        "parent": 6269131,
        "lat": 52.58547,
        "lng": -2.12296,
        "country": "GB",
        "population": 252791
    },
    "2633709": {
        "ids": {
            "geonames": 2633709
        },
        "long": {
            "default": "Woking"
        },
        "parent": 6269131,
        "lat": 51.31903,
        "lng": -0.55893,
        "country": "GB",
        "population": 103932
    },
    "2633948": {
        "ids": {
            "geonames": 2633948
        },
        "long": {
            "default": "Wigan"
        },
        "parent": 6269131,
        "lat": 53.53333,
        "lng": -2.61667,
        "country": "GB",
        "population": 80788
    },
    "2633954": {
        "ids": {
            "geonames": 2633954
        },
        "long": {
            "default": "Widnes"
        },
        "parent": 6269131,
        "lat": 53.3618,
        "lng": -2.73406,
        "country": "GB",
        "population": 56097
    },
    "2634202": {
        "ids": {
            "geonames": 2634202
        },
        "long": {
            "default": "Weymouth"
        },
        "parent": 6269131,
        "lat": 50.61448,
        "lng": -2.45991,
        "country": "GB",
        "population": 50253
    },
    "2634308": {
        "ids": {
            "geonames": 2634308
        },
        "long": {
            "default": "Weston-super-Mare"
        },
        "parent": 6269131,
        "lat": 51.34603,
        "lng": -2.97665,
        "country": "GB",
        "population": 82903
    },
    "2634491": {
        "ids": {
            "geonames": 2634491
        },
        "long": {
            "default": "West Bromwich"
        },
        "parent": 6269131,
        "lat": 52.51868,
        "lng": -1.9945,
        "country": "GB",
        "population": 135618
    },
    "2634677": {
        "ids": {
            "geonames": 2634677
        },
        "long": {
            "default": "Watford"
        },
        "parent": 6269131,
        "lat": 51.65531,
        "lng": -0.39602,
        "country": "GB",
        "population": 125707
    },
    "2634686": {
        "ids": {
            "geonames": 2634686
        },
        "long": {
            "default": "Waterlooville"
        },
        "parent": 6269131,
        "lat": 50.88067,
        "lng": -1.0304,
        "country": "GB",
        "population": 64350
    },
    "2634715": {
        "ids": {
            "geonames": 2634715
        },
        "long": {
            "default": "Washington"
        },
        "parent": 6269131,
        "lat": 54.9,
        "lng": -1.51667,
        "country": "GB",
        "population": 53526
    },
    "2634739": {
        "ids": {
            "geonames": 2634739
        },
        "long": {
            "default": "Warrington"
        },
        "parent": 6269131,
        "lat": 53.39254,
        "lng": -2.58024,
        "country": "GB",
        "population": 81238
    },
    "2634853": {
        "ids": {
            "geonames": 2634853
        },
        "long": {
            "default": "Walsall"
        },
        "parent": 6269131,
        "lat": 52.58528,
        "lng": -1.98396,
        "country": "GB",
        "population": 172141
    },
    "2634873": {
        "ids": {
            "geonames": 2634873
        },
        "long": {
            "default": "Wallasey"
        },
        "parent": 6269131,
        "lat": 53.42324,
        "lng": -3.06497,
        "country": "GB",
        "population": 58794
    },
    "2634910": {
        "ids": {
            "geonames": 2634910
        },
        "long": {
            "default": "Wakefield"
        },
        "parent": 6269131,
        "lat": 53.68331,
        "lng": -1.49768,
        "country": "GB",
        "population": 78978
    },
    "2635650": {
        "ids": {
            "geonames": 2635650
        },
        "long": {
            "default": "Torquay"
        },
        "parent": 6269131,
        "lat": 50.46384,
        "lng": -3.51434,
        "country": "GB",
        "population": 65388
    },
    "2636177": {
        "ids": {
            "geonames": 2636177
        },
        "long": {
            "default": "Taunton"
        },
        "parent": 6269131,
        "lat": 51.01494,
        "lng": -3.10293,
        "country": "GB",
        "population": 60433
    },
    "2636276": {
        "ids": {
            "geonames": 2636276
        },
        "long": {
            "default": "Tamworth"
        },
        "parent": 6269131,
        "lat": 52.63399,
        "lng": -1.69587,
        "country": "GB",
        "population": 74129
    },
    "2636389": {
        "ids": {
            "geonames": 2636389
        },
        "long": {
            "default": "Swindon"
        },
        "parent": 6269131,
        "lat": 51.55797,
        "lng": -1.78116,
        "country": "GB",
        "population": 155432
    },
    "2636432": {
        "ids": {
            "geonames": 2636432
        },
        "long": {
            "default": "Swansea"
        },
        "parent": 2634895,
        "lat": 51.62079,
        "lng": -3.94323,
        "country": "GB",
        "population": 170883
    },
    "2636486": {
        "ids": {
            "geonames": 2636486
        },
        "long": {
            "default": "Sutton Coldfield"
        },
        "parent": 6269131,
        "lat": 52.56667,
        "lng": -1.81667,
        "country": "GB",
        "population": 107030
    },
    "2636503": {
        "ids": {
            "geonames": 2636503
        },
        "long": {
            "default": "Sutton"
        },
        "parent": 6269131,
        "lat": 51.35,
        "lng": -0.2,
        "country": "GB",
        "population": 187600
    },
    "2636531": {
        "ids": {
            "geonames": 2636531
        },
        "long": {
            "default": "Sunderland"
        },
        "parent": 6269131,
        "lat": 54.90465,
        "lng": -1.38222,
        "country": "GB",
        "population": 177965
    },
    "2636769": {
        "ids": {
            "geonames": 2636769
        },
        "long": {
            "default": "Stourbridge"
        },
        "parent": 6269131,
        "lat": 52.45608,
        "lng": -2.14317,
        "country": "GB",
        "population": 56284
    },
    "2636841": {
        "ids": {
            "geonames": 2636841
        },
        "long": {
            "default": "Stoke-on-Trent"
        },
        "parent": 6269131,
        "lat": 53.00415,
        "lng": -2.18538,
        "country": "GB",
        "population": 260419
    },
    "2636876": {
        "ids": {
            "geonames": 2636876
        },
        "long": {
            "default": "Stockton-on-Tees"
        },
        "parent": 6269131,
        "lat": 54.56848,
        "lng": -1.3187,
        "country": "GB",
        "population": 79957
    },
    "2636882": {
        "ids": {
            "geonames": 2636882
        },
        "long": {
            "default": "Stockport"
        },
        "parent": 6269131,
        "lat": 53.40979,
        "lng": -2.15761,
        "country": "GB",
        "population": 139052
    },
    "2636940": {
        "ids": {
            "geonames": 2636940
        },
        "long": {
            "default": "Stevenage"
        },
        "parent": 6269131,
        "lat": 51.90224,
        "lng": -0.20256,
        "country": "GB",
        "population": 84651
    },
    "2637126": {
        "ids": {
            "geonames": 2637126
        },
        "long": {
            "default": "Staines"
        },
        "parent": 6269131,
        "lat": 51.43092,
        "lng": -0.50606,
        "country": "GB",
        "population": 51040
    },
    "2637142": {
        "ids": {
            "geonames": 2637142
        },
        "long": {
            "default": "Stafford"
        },
        "parent": 6269131,
        "lat": 52.80521,
        "lng": -2.11636,
        "country": "GB",
        "population": 65290
    },
    "2637329": {
        "ids": {
            "geonames": 2637329
        },
        "long": {
            "default": "South Shields"
        },
        "parent": 6269131,
        "lat": 54.99859,
        "lng": -1.4323,
        "country": "GB",
        "population": 83655
    },
    "2637343": {
        "ids": {
            "geonames": 2637343
        },
        "long": {
            "default": "Southport"
        },
        "parent": 6269131,
        "lat": 53.64581,
        "lng": -3.01008,
        "country": "GB",
        "population": 93044
    },
    "2637433": {
        "ids": {
            "geonames": 2637433
        },
        "long": {
            "default": "Southend-on-Sea"
        },
        "parent": 6269131,
        "lat": 51.53782,
        "lng": 0.71433,
        "country": "GB",
        "population": 163377
    },
    "2637487": {
        "ids": {
            "geonames": 2637487
        },
        "long": {
            "default": "Southampton"
        },
        "parent": 6269131,
        "lat": 50.90395,
        "lng": -1.40428,
        "country": "GB",
        "population": 246201
    },
    "2637490": {
        "ids": {
            "geonames": 2637490
        },
        "long": {
            "default": "Southall"
        },
        "parent": 6269131,
        "lat": 51.50896,
        "lng": -0.3713,
        "country": "GB",
        "population": 70000
    },
    "2637546": {
        "ids": {
            "geonames": 2637546
        },
        "long": {
            "default": "Solihull"
        },
        "parent": 6269131,
        "lat": 52.41426,
        "lng": -1.78094,
        "country": "GB",
        "population": 96267
    },
    "2637627": {
        "ids": {
            "geonames": 2637627
        },
        "long": {
            "default": "Slough"
        },
        "parent": 6269131,
        "lat": 51.50949,
        "lng": -0.59541,
        "country": "GB",
        "population": 134072
    },
    "2637891": {
        "ids": {
            "geonames": 2637891
        },
        "long": {
            "default": "Shrewsbury"
        },
        "parent": 6269131,
        "lat": 52.71009,
        "lng": -2.75208,
        "country": "GB",
        "population": 69519
    },
    "2638077": {
        "ids": {
            "geonames": 2638077
        },
        "long": {
            "default": "Sheffield"
        },
        "parent": 6269131,
        "lat": 53.38297,
        "lng": -1.4659,
        "country": "GB",
        "population": 447047
    },
    "2638324": {
        "ids": {
            "geonames": 2638324
        },
        "long": {
            "default": "Scunthorpe"
        },
        "parent": 6269131,
        "lat": 53.57905,
        "lng": -0.65437,
        "country": "GB",
        "population": 72514
    },
    "2638671": {
        "ids": {
            "geonames": 2638671
        },
        "long": {
            "default": "Salford"
        },
        "parent": 6269131,
        "lat": 53.48771,
        "lng": -2.29042,
        "country": "GB",
        "population": 72750
    },
    "2638678": {
        "ids": {
            "geonames": 2638678
        },
        "long": {
            "default": "Sale"
        },
        "parent": 6269131,
        "lat": 53.42519,
        "lng": -2.32443,
        "country": "GB",
        "population": 55689
    },
    "2638785": {
        "ids": {
            "geonames": 2638785
        },
        "long": {
            "default": "St Helens"
        },
        "parent": 6269131,
        "lat": 53.45,
        "lng": -2.73333,
        "country": "GB",
        "population": 102555
    },
    "2638867": {
        "ids": {
            "geonames": 2638867
        },
        "long": {
            "default": "St Albans"
        },
        "parent": 6269131,
        "lat": 51.75,
        "lng": -0.33333,
        "country": "GB",
        "population": 84561
    },
    "2638960": {
        "ids": {
            "geonames": 2638960
        },
        "long": {
            "default": "Runcorn"
        },
        "parent": 6269131,
        "lat": 53.34174,
        "lng": -2.73124,
        "country": "GB",
        "population": 59679
    },
    "2638978": {
        "ids": {
            "geonames": 2638978
        },
        "long": {
            "default": "Rugby"
        },
        "parent": 6269131,
        "lat": 52.37092,
        "lng": -1.26417,
        "country": "GB",
        "population": 63323
    },
    "2639022": {
        "ids": {
            "geonames": 2639022
        },
        "long": {
            "default": "Royal Tunbridge Wells"
        },
        "parent": 6269131,
        "lat": 51.13321,
        "lng": 0.26256,
        "country": "GB",
        "population": 61075
    },
    "2639093": {
        "ids": {
            "geonames": 2639093
        },
        "long": {
            "default": "Rotherham"
        },
        "parent": 6269131,
        "lat": 53.43012,
        "lng": -1.35678,
        "country": "GB",
        "population": 117618
    },
    "2639272": {
        "ids": {
            "geonames": 2639272
        },
        "long": {
            "default": "Rochdale"
        },
        "parent": 6269131,
        "lat": 53.61766,
        "lng": -2.1552,
        "country": "GB",
        "population": 97550
    },
    "2639447": {
        "ids": {
            "geonames": 2639447
        },
        "long": {
            "default": "Rhondda"
        },
        "parent": 2634895,
        "lat": 51.65896,
        "lng": -3.44885,
        "country": "GB",
        "population": 59450
    },
    "2639506": {
        "ids": {
            "geonames": 2639506
        },
        "long": {
            "default": "Reigate"
        },
        "parent": 6269131,
        "lat": 51.23736,
        "lng": -0.20582,
        "country": "GB",
        "population": 52123
    },
    "2639545": {
        "ids": {
            "geonames": 2639545
        },
        "long": {
            "default": "Redhill"
        },
        "parent": 6269131,
        "lat": 51.24048,
        "lng": -0.17044,
        "country": "GB",
        "population": 51559
    },
    "2639557": {
        "ids": {
            "geonames": 2639557
        },
        "long": {
            "default": "Redditch"
        },
        "parent": 6269131,
        "lat": 52.3065,
        "lng": -1.94569,
        "country": "GB",
        "population": 77128
    },
    "2639577": {
        "ids": {
            "geonames": 2639577
        },
        "long": {
            "default": "Reading"
        },
        "parent": 6269131,
        "lat": 51.45625,
        "lng": -0.97113,
        "country": "GB",
        "population": 244070
    },
    "2639842": {
        "ids": {
            "geonames": 2639842
        },
        "long": {
            "default": "Purley"
        },
        "parent": 6269131,
        "lat": 51.33678,
        "lng": -0.11201,
        "country": "GB",
        "population": 72000
    },
    "2639912": {
        "ids": {
            "geonames": 2639912
        },
        "long": {
            "default": "Preston"
        },
        "parent": 6269131,
        "lat": 53.76282,
        "lng": -2.70452,
        "country": "GB",
        "population": 190687
    },
    "2639996": {
        "ids": {
            "geonames": 2639996
        },
        "long": {
            "default": "Portsmouth"
        },
        "parent": 6269131,
        "lat": 50.79899,
        "lng": -1.09125,
        "country": "GB",
        "population": 194150
    },
    "2640101": {
        "ids": {
            "geonames": 2640101
        },
        "long": {
            "default": "Poole"
        },
        "parent": 6269131,
        "lat": 50.71429,
        "lng": -1.98458,
        "country": "GB",
        "population": 150092
    },
    "2640194": {
        "ids": {
            "geonames": 2640194
        },
        "long": {
            "default": "Plymouth"
        },
        "parent": 6269131,
        "lat": 50.37153,
        "lng": -4.14305,
        "country": "GB",
        "population": 247297
    },
    "2640354": {
        "ids": {
            "geonames": 2640354
        },
        "long": {
            "default": "Peterborough"
        },
        "parent": 6269131,
        "lat": 52.57364,
        "lng": -0.24777,
        "country": "GB",
        "population": 140141
    },
    "2640677": {
        "ids": {
            "geonames": 2640677
        },
        "long": {
            "default": "Paisley"
        },
        "parent": 2638360,
        "lat": 55.83173,
        "lng": -4.43254,
        "country": "GB",
        "population": 73074
    },
    "2640729": {
        "ids": {
            "geonames": 2640729
        },
        "long": {
            "default": "Oxford"
        },
        "parent": 6269131,
        "lat": 51.75222,
        "lng": -1.25596,
        "country": "GB",
        "population": 154566
    },
    "2641022": {
        "ids": {
            "geonames": 2641022
        },
        "long": {
            "default": "Oldham"
        },
        "parent": 6269131,
        "lat": 53.54051,
        "lng": -2.1183,
        "country": "GB",
        "population": 104782
    },
    "2641157": {
        "ids": {
            "geonames": 2641157
        },
        "long": {
            "default": "Nuneaton"
        },
        "parent": 6269131,
        "lat": 52.52323,
        "lng": -1.46523,
        "country": "GB",
        "population": 73555
    },
    "2641170": {
        "ids": {
            "geonames": 2641170
        },
        "long": {
            "default": "Nottingham"
        },
        "parent": 6269131,
        "lat": 52.9536,
        "lng": -1.15047,
        "country": "GB",
        "population": 246654
    },
    "2641181": {
        "ids": {
            "geonames": 2641181
        },
        "long": {
            "default": "Norwich"
        },
        "parent": 6269131,
        "lat": 52.62783,
        "lng": 1.29834,
        "country": "GB",
        "population": 177636
    },
    "2641430": {
        "ids": {
            "geonames": 2641430
        },
        "long": {
            "default": "Northampton"
        },
        "parent": 6269131,
        "lat": 52.25,
        "lng": -0.88333,
        "country": "GB",
        "population": 197322
    },
    "2641520": {
        "ids": {
            "geonames": 2641520
        },
        "long": {
            "default": "Newtownabbey"
        },
        "parent": 2641364,
        "lat": 54.65983,
        "lng": -5.90858,
        "country": "GB",
        "population": 63860
    },
    "2641598": {
        "ids": {
            "geonames": 2641598
        },
        "long": {
            "default": "Newport"
        },
        "parent": 2634895,
        "lat": 51.58774,
        "lng": -2.99835,
        "country": "GB",
        "population": 117326
    },
    "2641673": {
        "ids": {
            "geonames": 2641673
        },
        "long": {
            "default": "Newcastle upon Tyne"
        },
        "parent": 6269131,
        "lat": 54.97328,
        "lng": -1.61396,
        "country": "GB",
        "population": 192382
    },
    "2641674": {
        "ids": {
            "geonames": 2641674
        },
        "long": {
            "default": "Newcastle under Lyme"
        },
        "parent": 6269131,
        "lat": 53,
        "lng": -2.23333,
        "country": "GB",
        "population": 75794
    },
    "2642189": {
        "ids": {
            "geonames": 2642189
        },
        "long": {
            "default": "Morley"
        },
        "parent": 6269131,
        "lat": 53.74013,
        "lng": -1.59877,
        "country": "GB",
        "population": 57385
    },
    "2642214": {
        "ids": {
            "geonames": 2642214
        },
        "long": {
            "default": "Morecambe"
        },
        "parent": 6269131,
        "lat": 54.06835,
        "lng": -2.86108,
        "country": "GB",
        "population": 51644
    },
    "2642465": {
        "ids": {
            "geonames": 2642465
        },
        "long": {
            "default": "Milton Keynes"
        },
        "parent": 6269131,
        "lat": 52.04172,
        "lng": -0.75583,
        "country": "GB",
        "population": 184506
    },
    "2642607": {
        "ids": {
            "geonames": 2642607
        },
        "long": {
            "default": "Middlesbrough"
        },
        "parent": 6269131,
        "lat": 54.57623,
        "lng": -1.23483,
        "country": "GB",
        "population": 142707
    },
    "2643044": {
        "ids": {
            "geonames": 2643044
        },
        "long": {
            "default": "Margate"
        },
        "parent": 6269131,
        "lat": 51.38132,
        "lng": 1.38617,
        "country": "GB",
        "population": 60134
    },
    "2643097": {
        "ids": {
            "geonames": 2643097
        },
        "long": {
            "default": "Mansfield"
        },
        "parent": 6269131,
        "lat": 53.13333,
        "lng": -1.2,
        "country": "GB",
        "population": 70447
    },
    "2643123": {
        "ids": {
            "geonames": 2643123
        },
        "long": {
            "default": "Manchester"
        },
        "parent": 6269131,
        "lat": 53.48095,
        "lng": -2.23743,
        "country": "GB",
        "population": 395515
    },
    "2643179": {
        "ids": {
            "geonames": 2643179
        },
        "long": {
            "default": "Maidstone"
        },
        "parent": 6269131,
        "lat": 51.26667,
        "lng": 0.51667,
        "country": "GB",
        "population": 90894
    },
    "2643186": {
        "ids": {
            "geonames": 2643186
        },
        "long": {
            "default": "Maidenhead"
        },
        "parent": 6269131,
        "lat": 51.52279,
        "lng": -0.71986,
        "country": "GB",
        "population": 59463
    },
    "2643266": {
        "ids": {
            "geonames": 2643266
        },
        "long": {
            "default": "Macclesfield"
        },
        "parent": 6269131,
        "lat": 53.26023,
        "lng": -2.12564,
        "country": "GB",
        "population": 51739
    },
    "2643339": {
        "ids": {
            "geonames": 2643339
        },
        "long": {
            "default": "Luton"
        },
        "parent": 6269131,
        "lat": 51.87967,
        "lng": -0.41748,
        "country": "GB",
        "population": 193669
    },
    "2643490": {
        "ids": {
            "geonames": 2643490
        },
        "long": {
            "default": "Lowestoft"
        },
        "parent": 6269131,
        "lat": 52.4752,
        "lng": 1.75159,
        "country": "GB",
        "population": 71479
    },
    "2643567": {
        "ids": {
            "geonames": 2643567
        },
        "long": {
            "default": "Loughborough"
        },
        "parent": 6269131,
        "lat": 52.76667,
        "lng": -1.2,
        "country": "GB",
        "population": 59317
    },
    "2643734": {
        "ids": {
            "geonames": 2643734
        },
        "long": {
            "default": "Londonderry County Borough"
        },
        "parent": 2641364,
        "lat": 54.99721,
        "lng": -7.30917,
        "country": "GB",
        "population": 87153
    },
    "2643736": {
        "ids": {
            "geonames": 2643736
        },
        "long": {
            "default": "Derry"
        },
        "parent": 2641364,
        "lat": 54.9981,
        "lng": -7.30934,
        "country": "GB",
        "population": 83652
    },
    "2643741": {
        "ids": {
            "geonames": 2643741
        },
        "long": {
            "default": "City of London"
        },
        "parent": 6269131,
        "lat": 51.51279,
        "lng": -0.09184,
        "country": "GB",
        "population": 7556900
    },
    "2643743": {
        "ids": {
            "geonames": 2643743
        },
        "long": {
            "default": "London"
        },
        "parent": 6269131,
        "lat": 51.50853,
        "lng": -0.12574,
        "country": "GB",
        "population": 7556900
    },
    "2644204": {
        "ids": {
            "geonames": 2644204
        },
        "long": {
            "default": "Livingston"
        },
        "parent": 2638360,
        "lat": 55.90288,
        "lng": -3.52261,
        "country": "GB",
        "population": 53798
    },
    "2644210": {
        "ids": {
            "geonames": 2644210
        },
        "long": {
            "default": "Liverpool"
        },
        "parent": 6269131,
        "lat": 53.41058,
        "lng": -2.97794,
        "country": "GB",
        "population": 468945
    },
    "2644319": {
        "ids": {
            "geonames": 2644319
        },
        "long": {
            "default": "Littlehampton"
        },
        "parent": 6269131,
        "lat": 50.81137,
        "lng": -0.54078,
        "country": "GB",
        "population": 58714
    },
    "2644411": {
        "ids": {
            "geonames": 2644411
        },
        "long": {
            "default": "Lisburn"
        },
        "parent": 2641364,
        "lat": 54.52337,
        "lng": -6.03527,
        "country": "GB",
        "population": 77506
    },
    "2644487": {
        "ids": {
            "geonames": 2644487
        },
        "long": {
            "default": "Lincoln"
        },
        "parent": 6269131,
        "lat": 53.22683,
        "lng": -0.53792,
        "country": "GB",
        "population": 89228
    },
    "2644668": {
        "ids": {
            "geonames": 2644668
        },
        "long": {
            "default": "Leicester"
        },
        "parent": 6269131,
        "lat": 52.6386,
        "lng": -1.13169,
        "country": "GB",
        "population": 339239
    },
    "2644688": {
        "ids": {
            "geonames": 2644688
        },
        "long": {
            "default": "Leeds"
        },
        "parent": 6269131,
        "lat": 53.79648,
        "lng": -1.54785,
        "country": "GB",
        "population": 455123
    },
    "2644737": {
        "ids": {
            "geonames": 2644737
        },
        "long": {
            "default": "Royal Leamington Spa"
        },
        "parent": 6269131,
        "lat": 52.3,
        "lng": -1.53333,
        "country": "GB",
        "population": 64640
    },
    "2645418": {
        "ids": {
            "geonames": 2645418
        },
        "long": {
            "default": "Kingswood"
        },
        "parent": 6269131,
        "lat": 51.45278,
        "lng": -2.50833,
        "country": "GB",
        "population": 64793
    },
    "2645425": {
        "ids": {
            "geonames": 2645425
        },
        "long": {
            "default": "Hull"
        },
        "parent": 6269131,
        "lat": 53.7446,
        "lng": -0.33525,
        "country": "GB",
        "population": 302296
    },
    "2645724": {
        "ids": {
            "geonames": 2645724
        },
        "long": {
            "default": "Kidderminster"
        },
        "parent": 6269131,
        "lat": 52.38819,
        "lng": -2.25,
        "country": "GB",
        "population": 56657
    },
    "2645753": {
        "ids": {
            "geonames": 2645753
        },
        "long": {
            "default": "Kettering"
        },
        "parent": 6269131,
        "lat": 52.39836,
        "lng": -0.72571,
        "country": "GB",
        "population": 53329
    },
    "2645889": {
        "ids": {
            "geonames": 2645889
        },
        "long": {
            "default": "Keighley"
        },
        "parent": 6269131,
        "lat": 53.86791,
        "lng": -1.90664,
        "country": "GB",
        "population": 50171
    },
    "2646003": {
        "ids": {
            "geonames": 2646003
        },
        "long": {
            "default": "Islington"
        },
        "parent": 6269131,
        "lat": 51.53622,
        "lng": -0.10304,
        "country": "GB",
        "population": 319143
    },
    "2646057": {
        "ids": {
            "geonames": 2646057
        },
        "long": {
            "default": "Ipswich"
        },
        "parent": 6269131,
        "lat": 52.05917,
        "lng": 1.15545,
        "country": "GB",
        "population": 143767
    },
    "2646329": {
        "ids": {
            "geonames": 2646329
        },
        "long": {
            "default": "Huyton"
        },
        "parent": 6269131,
        "lat": 53.4115,
        "lng": -2.83935,
        "country": "GB",
        "population": 54738
    },
    "2646458": {
        "ids": {
            "geonames": 2646458
        },
        "long": {
            "default": "Huddersfield"
        },
        "parent": 6269131,
        "lat": 53.64904,
        "lng": -1.78416,
        "country": "GB",
        "population": 149017
    },
    "2646504": {
        "ids": {
            "geonames": 2646504
        },
        "long": {
            "default": "Hove"
        },
        "parent": 6269131,
        "lat": 50.83088,
        "lng": -0.1672,
        "country": "GB",
        "population": 75174
    },
    "2646557": {
        "ids": {
            "geonames": 2646557
        },
        "long": {
            "default": "Horsham"
        },
        "parent": 6269131,
        "lat": 51.06314,
        "lng": -0.32757,
        "country": "GB",
        "population": 50680
    },
    "2646914": {
        "ids": {
            "geonames": 2646914
        },
        "long": {
            "default": "High Wycombe"
        },
        "parent": 6269131,
        "lat": 51.62907,
        "lng": -0.74934,
        "country": "GB",
        "population": 80357
    },
    "2647074": {
        "ids": {
            "geonames": 2647074
        },
        "long": {
            "default": "Hereford"
        },
        "parent": 6269131,
        "lat": 52.05684,
        "lng": -2.71482,
        "country": "GB",
        "population": 58281
    },
    "2647138": {
        "ids": {
            "geonames": 2647138
        },
        "long": {
            "default": "Hemel Hempstead"
        },
        "parent": 6269131,
        "lat": 51.75368,
        "lng": -0.44975,
        "country": "GB",
        "population": 85629
    },
    "2647356": {
        "ids": {
            "geonames": 2647356
        },
        "long": {
            "default": "Hastings"
        },
        "parent": 6269131,
        "lat": 50.85519,
        "lng": 0.57292,
        "country": "GB",
        "population": 89100
    },
    "2647400": {
        "ids": {
            "geonames": 2647400
        },
        "long": {
            "default": "Hartlepool"
        },
        "parent": 6269131,
        "lat": 54.68611,
        "lng": -1.2125,
        "country": "GB",
        "population": 86713
    },
    "2647428": {
        "ids": {
            "geonames": 2647428
        },
        "long": {
            "default": "Harrogate"
        },
        "parent": 6269131,
        "lat": 53.99078,
        "lng": -1.5373,
        "country": "GB",
        "population": 87024
    },
    "2647461": {
        "ids": {
            "geonames": 2647461
        },
        "long": {
            "default": "Harlow"
        },
        "parent": 6269131,
        "lat": 51.77655,
        "lng": 0.11158,
        "country": "GB",
        "population": 94365
    },
    "2647632": {
        "ids": {
            "geonames": 2647632
        },
        "long": {
            "default": "Halifax"
        },
        "parent": 6269131,
        "lat": 53.71667,
        "lng": -1.85,
        "country": "GB",
        "population": 82624
    },
    "2647639": {
        "ids": {
            "geonames": 2647639
        },
        "long": {
            "default": "Halesowen"
        },
        "parent": 6269131,
        "lat": 52.44859,
        "lng": -2.04938,
        "country": "GB",
        "population": 55265
    },
    "2647793": {
        "ids": {
            "geonames": 2647793
        },
        "long": {
            "default": "Guildford"
        },
        "parent": 6269131,
        "lat": 51.23536,
        "lng": -0.57427,
        "country": "GB",
        "population": 71873
    },
    "2647984": {
        "ids": {
            "geonames": 2647984
        },
        "long": {
            "default": "Great Yarmouth"
        },
        "parent": 6269131,
        "lat": 52.60831,
        "lng": 1.73052,
        "country": "GB",
        "population": 59601
    },
    "2648182": {
        "ids": {
            "geonames": 2648182
        },
        "long": {
            "default": "Grays"
        },
        "parent": 6269131,
        "lat": 51.47566,
        "lng": 0.32521,
        "country": "GB",
        "population": 70934
    },
    "2648187": {
        "ids": {
            "geonames": 2648187
        },
        "long": {
            "default": "Gravesend"
        },
        "parent": 6269131,
        "lat": 51.44138,
        "lng": 0.37371,
        "country": "GB",
        "population": 54263
    },
    "2648272": {
        "ids": {
            "geonames": 2648272
        },
        "long": {
            "default": "Gosport"
        },
        "parent": 6269131,
        "lat": 50.79509,
        "lng": -1.12902,
        "country": "GB",
        "population": 70793
    },
    "2648404": {
        "ids": {
            "geonames": 2648404
        },
        "long": {
            "default": "Gloucester"
        },
        "parent": 6269131,
        "lat": 51.86568,
        "lng": -2.2431,
        "country": "GB",
        "population": 128721
    },
    "2648579": {
        "ids": {
            "geonames": 2648579
        },
        "long": {
            "default": "Glasgow"
        },
        "parent": 2638360,
        "lat": 55.86515,
        "lng": -4.25763,
        "country": "GB",
        "population": 610268
    },
    "2648657": {
        "ids": {
            "geonames": 2648657
        },
        "long": {
            "default": "Gillingham"
        },
        "parent": 6269131,
        "lat": 51.38914,
        "lng": 0.54863,
        "country": "GB",
        "population": 101187
    },
    "2648773": {
        "ids": {
            "geonames": 2648773
        },
        "long": {
            "default": "Gateshead"
        },
        "parent": 6269131,
        "lat": 54.96209,
        "lng": -1.60168,
        "country": "GB",
        "population": 77649
    },
    "2648970": {
        "ids": {
            "geonames": 2648970
        },
        "long": {
            "default": "Fylde"
        },
        "parent": 6269131,
        "lat": 53.83333,
        "lng": -2.91667,
        "country": "GB",
        "population": 76500
    },
    "2649672": {
        "ids": {
            "geonames": 2649672
        },
        "long": {
            "default": "Farnborough"
        },
        "parent": 6269131,
        "lat": 51.29424,
        "lng": -0.75565,
        "country": "GB",
        "population": 59902
    },
    "2649692": {
        "ids": {
            "geonames": 2649692
        },
        "long": {
            "default": "Fareham"
        },
        "parent": 6269131,
        "lat": 50.85162,
        "lng": -1.17929,
        "country": "GB",
        "population": 57390
    },
    "2649808": {
        "ids": {
            "geonames": 2649808
        },
        "long": {
            "default": "Exeter"
        },
        "parent": 6269131,
        "lat": 50.7236,
        "lng": -3.52751,
        "country": "GB",
        "population": 113118
    },
    "2649911": {
        "ids": {
            "geonames": 2649911
        },
        "long": {
            "default": "Esher"
        },
        "parent": 6269131,
        "lat": 51.36969,
        "lng": -0.36693,
        "country": "GB",
        "population": 52392
    },
    "2649997": {
        "ids": {
            "geonames": 2649997
        },
        "long": {
            "default": "Enfield Town"
        },
        "parent": 6269131,
        "lat": 51.65147,
        "lng": -0.08497,
        "country": "GB",
        "population": 103970
    },
    "2650096": {
        "ids": {
            "geonames": 2650096
        },
        "long": {
            "default": "Ellesmere Port"
        },
        "parent": 6269131,
        "lat": 53.27875,
        "lng": -2.90134,
        "country": "GB",
        "population": 67768
    },
    "2650225": {
        "ids": {
            "geonames": 2650225
        },
        "long": {
            "default": "Edinburgh"
        },
        "parent": 2638360,
        "lat": 55.95206,
        "lng": -3.19648,
        "country": "GB",
        "population": 435791
    },
    "2650396": {
        "ids": {
            "geonames": 2650396
        },
        "long": {
            "default": "Eastleigh"
        },
        "parent": 6269131,
        "lat": 50.96667,
        "lng": -1.35,
        "country": "GB",
        "population": 54225
    },
    "2650405": {
        "ids": {
            "geonames": 2650405
        },
        "long": {
            "default": "East Kilbride"
        },
        "parent": 2638360,
        "lat": 55.76412,
        "lng": -4.17669,
        "country": "GB",
        "population": 74231
    },
    "2650497": {
        "ids": {
            "geonames": 2650497
        },
        "long": {
            "default": "Eastbourne"
        },
        "parent": 6269131,
        "lat": 50.76871,
        "lng": 0.28453,
        "country": "GB",
        "population": 112906
    },
    "2650657": {
        "ids": {
            "geonames": 2650657
        },
        "long": {
            "default": "Dunstable"
        },
        "parent": 6269131,
        "lat": 51.88571,
        "lng": -0.52288,
        "country": "GB",
        "population": 51973
    },
    "2650752": {
        "ids": {
            "geonames": 2650752
        },
        "long": {
            "default": "Dundee"
        },
        "parent": 2638360,
        "lat": 56.46913,
        "lng": -2.97489,
        "country": "GB",
        "population": 151592
    },
    "2650839": {
        "ids": {
            "geonames": 2650839
        },
        "long": {
            "default": "Dudley"
        },
        "parent": 6269131,
        "lat": 52.5,
        "lng": -2.08333,
        "country": "GB",
        "population": 199059
    },
    "2651123": {
        "ids": {
            "geonames": 2651123
        },
        "long": {
            "default": "Doncaster"
        },
        "parent": 6269131,
        "lat": 53.52285,
        "lng": -1.13116,
        "country": "GB",
        "population": 67670
    },
    "2651286": {
        "ids": {
            "geonames": 2651286
        },
        "long": {
            "default": "Dewsbury"
        },
        "parent": 6269131,
        "lat": 53.69076,
        "lng": -1.62907,
        "country": "GB",
        "population": 56640
    },
    "2651347": {
        "ids": {
            "geonames": 2651347
        },
        "long": {
            "default": "Derby"
        },
        "parent": 6269131,
        "lat": 52.92277,
        "lng": -1.47663,
        "country": "GB",
        "population": 235029
    },
    "2651500": {
        "ids": {
            "geonames": 2651500
        },
        "long": {
            "default": "Dartford"
        },
        "parent": 6269131,
        "lat": 51.44657,
        "lng": 0.21423,
        "country": "GB",
        "population": 56694
    },
    "2651513": {
        "ids": {
            "geonames": 2651513
        },
        "long": {
            "default": "Darlington"
        },
        "parent": 6269131,
        "lat": 54.52429,
        "lng": -1.55039,
        "country": "GB",
        "population": 87204
    },
    "2651621": {
        "ids": {
            "geonames": 2651621
        },
        "long": {
            "default": "Dagenham"
        },
        "parent": 6269131,
        "lat": 51.55,
        "lng": 0.16667,
        "country": "GB",
        "population": 108368
    },
    "2651817": {
        "ids": {
            "geonames": 2651817
        },
        "long": {
            "default": "Croydon"
        },
        "parent": 6269131,
        "lat": 51.38333,
        "lng": -0.1,
        "country": "GB",
        "population": 173314
    },
    "2652002": {
        "ids": {
            "geonames": 2652002
        },
        "long": {
            "default": "Crewe"
        },
        "parent": 6269131,
        "lat": 53.09787,
        "lng": -2.44161,
        "country": "GB",
        "population": 70455
    },
    "2652053": {
        "ids": {
            "geonames": 2652053
        },
        "long": {
            "default": "Crawley"
        },
        "parent": 6269131,
        "lat": 51.11303,
        "lng": -0.18312,
        "country": "GB",
        "population": 107061
    },
    "2652221": {
        "ids": {
            "geonames": 2652221
        },
        "long": {
            "default": "Coventry"
        },
        "parent": 6269131,
        "lat": 52.40656,
        "lng": -1.51217,
        "country": "GB",
        "population": 308313
    },
    "2652381": {
        "ids": {
            "geonames": 2652381
        },
        "long": {
            "default": "Corby"
        },
        "parent": 6269131,
        "lat": 52.49637,
        "lng": -0.68939,
        "country": "GB",
        "population": 50029
    },
    "2652618": {
        "ids": {
            "geonames": 2652618
        },
        "long": {
            "default": "Colchester"
        },
        "parent": 6269131,
        "lat": 51.88921,
        "lng": 0.90421,
        "country": "GB",
        "population": 109414
    },
    "2652974": {
        "ids": {
            "geonames": 2652974
        },
        "long": {
            "default": "Clacton-on-Sea"
        },
        "parent": 6269131,
        "lat": 51.78967,
        "lng": 1.15597,
        "country": "GB",
        "population": 54674
    },
    "2653225": {
        "ids": {
            "geonames": 2653225
        },
        "long": {
            "default": "Chesterfield"
        },
        "parent": 6269131,
        "lat": 53.25,
        "lng": -1.41667,
        "country": "GB",
        "population": 70679
    },
    "2653228": {
        "ids": {
            "geonames": 2653228
        },
        "long": {
            "default": "Chester"
        },
        "parent": 6269131,
        "lat": 53.1905,
        "lng": -2.89189,
        "country": "GB",
        "population": 77040
    },
    "2653232": {
        "ids": {
            "geonames": 2653232
        },
        "long": {
            "default": "Cheshunt"
        },
        "parent": 6269131,
        "lat": 51.7002,
        "lng": -0.03026,
        "country": "GB",
        "population": 57374
    },
    "2653261": {
        "ids": {
            "geonames": 2653261
        },
        "long": {
            "default": "Cheltenham"
        },
        "parent": 6269131,
        "lat": 51.90006,
        "lng": -2.07972,
        "country": "GB",
        "population": 103249
    },
    "2653265": {
        "ids": {
            "geonames": 2653265
        },
        "long": {
            "default": "Chelsea"
        },
        "parent": 6269131,
        "lat": 51.48755,
        "lng": -0.16936,
        "country": "GB",
        "population": 60000
    },
    "2653266": {
        "ids": {
            "geonames": 2653266
        },
        "long": {
            "default": "Chelmsford"
        },
        "parent": 6269131,
        "lat": 51.73575,
        "lng": 0.46958,
        "country": "GB",
        "population": 102671
    },
    "2653305": {
        "ids": {
            "geonames": 2653305
        },
        "long": {
            "default": "Chatham"
        },
        "parent": 6269131,
        "lat": 51.37891,
        "lng": 0.52786,
        "country": "GB",
        "population": 75509
    },
    "2653558": {
        "ids": {
            "geonames": 2653558
        },
        "long": {
            "default": "Castlereagh"
        },
        "parent": 2641364,
        "lat": 54.5735,
        "lng": -5.88472,
        "country": "GB",
        "population": 56679
    },
    "2653775": {
        "ids": {
            "geonames": 2653775
        },
        "long": {
            "default": "Carlisle"
        },
        "parent": 6269131,
        "lat": 54.8951,
        "lng": -2.9382,
        "country": "GB",
        "population": 72633
    },
    "2653822": {
        "ids": {
            "geonames": 2653822
        },
        "long": {
            "default": "Cardiff"
        },
        "parent": 2634895,
        "lat": 51.48,
        "lng": -3.18,
        "country": "GB",
        "population": 302139
    },
    "2653883": {
        "ids": {
            "geonames": 2653883
        },
        "long": {
            "default": "Cannock"
        },
        "parent": 6269131,
        "lat": 52.69045,
        "lng": -2.03085,
        "country": "GB",
        "population": 68067
    },
    "2653941": {
        "ids": {
            "geonames": 2653941
        },
        "long": {
            "default": "Cambridge"
        },
        "parent": 6269131,
        "lat": 52.2,
        "lng": 0.11667,
        "country": "GB",
        "population": 128488
    },
    "2654187": {
        "ids": {
            "geonames": 2654187
        },
        "long": {
            "default": "Bury"
        },
        "parent": 6269131,
        "lat": 53.6,
        "lng": -2.3,
        "country": "GB",
        "population": 61044
    },
    "2654264": {
        "ids": {
            "geonames": 2654264
        },
        "long": {
            "default": "Burnley"
        },
        "parent": 6269131,
        "lat": 53.8,
        "lng": -2.23333,
        "country": "GB",
        "population": 73480
    },
    "2654675": {
        "ids": {
            "geonames": 2654675
        },
        "long": {
            "default": "Bristol"
        },
        "parent": 6269131,
        "lat": 51.45523,
        "lng": -2.59665,
        "country": "GB",
        "population": 430713
    },
    "2654710": {
        "ids": {
            "geonames": 2654710
        },
        "long": {
            "default": "Brighton"
        },
        "parent": 6269131,
        "lat": 50.82838,
        "lng": -0.13947,
        "country": "GB",
        "population": 139001
    },
    "2654993": {
        "ids": {
            "geonames": 2654993
        },
        "long": {
            "default": "Bradford"
        },
        "parent": 6269131,
        "lat": 53.79391,
        "lng": -1.75206,
        "country": "GB",
        "population": 299310
    },
    "2655009": {
        "ids": {
            "geonames": 2655009
        },
        "long": {
            "default": "Bracknell"
        },
        "parent": 6269131,
        "lat": 51.41363,
        "lng": -0.75054,
        "country": "GB",
        "population": 76103
    },
    "2655095": {
        "ids": {
            "geonames": 2655095
        },
        "long": {
            "default": "Bournemouth"
        },
        "parent": 6269131,
        "lat": 50.72048,
        "lng": -1.8795,
        "country": "GB",
        "population": 163600
    },
    "2655198": {
        "ids": {
            "geonames": 2655198
        },
        "long": {
            "default": "Bootle"
        },
        "parent": 6269131,
        "lat": 53.46667,
        "lng": -3.01667,
        "country": "GB",
        "population": 57791
    },
    "2655237": {
        "ids": {
            "geonames": 2655237
        },
        "long": {
            "default": "Bolton"
        },
        "parent": 6269131,
        "lat": 53.58333,
        "lng": -2.43333,
        "country": "GB",
        "population": 141331
    },
    "2655262": {
        "ids": {
            "geonames": 2655262
        },
        "long": {
            "default": "Bognor Regis"
        },
        "parent": 6269131,
        "lat": 50.78206,
        "lng": -0.67978,
        "country": "GB",
        "population": 65391
    },
    "2655351": {
        "ids": {
            "geonames": 2655351
        },
        "long": {
            "default": "Bletchley"
        },
        "parent": 6269131,
        "lat": 51.99334,
        "lng": -0.73471,
        "country": "GB",
        "population": 50193
    },
    "2655459": {
        "ids": {
            "geonames": 2655459
        },
        "long": {
            "default": "Blackpool"
        },
        "parent": 6269131,
        "lat": 53.81667,
        "lng": -3.05,
        "country": "GB",
        "population": 143101
    },
    "2655524": {
        "ids": {
            "geonames": 2655524
        },
        "long": {
            "default": "Blackburn"
        },
        "parent": 6269131,
        "lat": 53.75,
        "lng": -2.48333,
        "country": "GB",
        "population": 106154
    },
    "2655603": {
        "ids": {
            "geonames": 2655603
        },
        "long": {
            "default": "Birmingham"
        },
        "parent": 6269131,
        "lat": 52.48142,
        "lng": -1.89983,
        "country": "GB",
        "population": 984333
    },
    "2655613": {
        "ids": {
            "geonames": 2655613
        },
        "long": {
            "default": "Birkenhead"
        },
        "parent": 6269131,
        "lat": 53.39337,
        "lng": -3.01479,
        "country": "GB",
        "population": 81805
    },
    "2655775": {
        "ids": {
            "geonames": 2655775
        },
        "long": {
            "default": "Bexley"
        },
        "parent": 6269131,
        "lat": 51.44162,
        "lng": 0.14866,
        "country": "GB",
        "population": 228000
    },
    "2655984": {
        "ids": {
            "geonames": 2655984
        },
        "long": {
            "default": "Belfast"
        },
        "parent": 2641364,
        "lat": 54.59682,
        "lng": -5.92541,
        "country": "GB",
        "population": 274770
    },
    "2656046": {
        "ids": {
            "geonames": 2656046
        },
        "long": {
            "default": "Bedford"
        },
        "parent": 6269131,
        "lat": 52.13459,
        "lng": -0.46632,
        "country": "GB",
        "population": 86658
    },
    "2656065": {
        "ids": {
            "geonames": 2656065
        },
        "long": {
            "default": "Beckenham"
        },
        "parent": 6269131,
        "lat": 51.40878,
        "lng": -0.02526,
        "country": "GB",
        "population": 82000
    },
    "2656168": {
        "ids": {
            "geonames": 2656168
        },
        "long": {
            "default": "Batley"
        },
        "parent": 6269131,
        "lat": 53.70291,
        "lng": -1.6337,
        "country": "GB",
        "population": 50807
    },
    "2656173": {
        "ids": {
            "geonames": 2656173
        },
        "long": {
            "default": "Bath"
        },
        "parent": 6269131,
        "lat": 51.3751,
        "lng": -2.36172,
        "country": "GB",
        "population": 93238
    },
    "2656192": {
        "ids": {
            "geonames": 2656192
        },
        "long": {
            "default": "Basingstoke"
        },
        "parent": 6269131,
        "lat": 51.26249,
        "lng": -1.08708,
        "country": "GB",
        "population": 96348
    },
    "2656194": {
        "ids": {
            "geonames": 2656194
        },
        "long": {
            "default": "Basildon"
        },
        "parent": 6269131,
        "lat": 51.56844,
        "lng": 0.45782,
        "country": "GB",
        "population": 101362
    },
    "2656235": {
        "ids": {
            "geonames": 2656235
        },
        "long": {
            "default": "Barry"
        },
        "parent": 2634895,
        "lat": 51.39979,
        "lng": -3.2838,
        "country": "GB",
        "population": 51681
    },
    "2656284": {
        "ids": {
            "geonames": 2656284
        },
        "long": {
            "default": "Barnsley"
        },
        "parent": 6269131,
        "lat": 53.55,
        "lng": -1.48333,
        "country": "GB",
        "population": 71447
    },
    "2656333": {
        "ids": {
            "geonames": 2656333
        },
        "long": {
            "default": "Barking"
        },
        "parent": 6269131,
        "lat": 51.53333,
        "lng": 0.08333,
        "country": "GB",
        "population": 61000
    },
    "2656396": {
        "ids": {
            "geonames": 2656396
        },
        "long": {
            "default": "Bangor"
        },
        "parent": 2641364,
        "lat": 54.65338,
        "lng": -5.66895,
        "country": "GB",
        "population": 60385
    },
    "2656719": {
        "ids": {
            "geonames": 2656719
        },
        "long": {
            "default": "Aylesbury"
        },
        "parent": 6269131,
        "lat": 51.81665,
        "lng": -0.81458,
        "country": "GB",
        "population": 74565
    },
    "2656955": {
        "ids": {
            "geonames": 2656955
        },
        "long": {
            "default": "Ashford"
        },
        "parent": 6269131,
        "lat": 51.14648,
        "lng": 0.87376,
        "country": "GB",
        "population": 62787
    },
    "2657540": {
        "ids": {
            "geonames": 2657540
        },
        "long": {
            "default": "Aldershot"
        },
        "parent": 6269131,
        "lat": 51.24827,
        "lng": -0.76389,
        "country": "GB",
        "population": 61339
    },
    "2657697": {
        "ids": {
            "geonames": 2657697
        },
        "long": {
            "default": "Acton"
        },
        "parent": 6269131,
        "lat": 51.50901,
        "lng": -0.2762,
        "country": "GB",
        "population": 53689
    },
    "2657832": {
        "ids": {
            "geonames": 2657832
        },
        "long": {
            "default": "Aberdeen"
        },
        "parent": 2638360,
        "lat": 57.14369,
        "lng": -2.09814,
        "country": "GB",
        "population": 183790
    },
    "3209584": {
        "ids": {
            "geonames": 3209584
        },
        "long": {
            "default": "Crosby"
        },
        "parent": 6269131,
        "lat": 53.47778,
        "lng": -3.03333,
        "country": "GB",
        "population": 52140
    },
    "3345439": {
        "ids": {
            "geonames": 3345439
        },
        "long": {
            "default": "Telford"
        },
        "parent": 6269131,
        "lat": 52.67659,
        "lng": -2.44926,
        "country": "GB",
        "population": 138241
    },
    "3345440": {
        "ids": {
            "geonames": 3345440
        },
        "long": {
            "default": "Craigavon"
        },
        "parent": 2641364,
        "lat": 54.44709,
        "lng": -6.387,
        "country": "GB",
        "population": 59236
    },
    "6690602": {
        "ids": {
            "geonames": 6690602
        },
        "long": {
            "default": "Battersea"
        },
        "parent": 6269131,
        "lat": 51.47475,
        "lng": -0.15547,
        "country": "GB",
        "population": 75651
    },
    "6690862": {
        "ids": {
            "geonames": 6690862
        },
        "long": {
            "default": "South Croydon"
        },
        "parent": 6269131,
        "lat": 51.36217,
        "lng": -0.09421,
        "country": "GB",
        "population": 55198
    },
    "6690870": {
        "ids": {
            "geonames": 6690870
        },
        "long": {
            "default": "Becontree"
        },
        "parent": 6269131,
        "lat": 51.5529,
        "lng": 0.129,
        "country": "GB",
        "population": 100000
    },
    "6690877": {
        "ids": {
            "geonames": 6690877
        },
        "long": {
            "default": "Brixton"
        },
        "parent": 6269131,
        "lat": 51.46593,
        "lng": -0.10652,
        "country": "GB",
        "population": 66300
    },
    "6692280": {
        "ids": {
            "geonames": 6692280
        },
        "long": {
            "default": "Canary Wharf"
        },
        "parent": 6269131,
        "lat": 51.50519,
        "lng": -0.02085,
        "country": "GB",
        "population": 73390
    },
    "6947756": {
        "ids": {
            "geonames": 6947756
        },
        "long": {
            "default": "Mendip"
        },
        "parent": 6269131,
        "lat": 51.2372,
        "lng": -2.6266,
        "country": "GB",
        "population": 110000
    },
    "8299614": {
        "ids": {
            "geonames": 8299614
        },
        "long": {
            "default": "Rossendale"
        },
        "parent": 6269131,
        "lat": 53.68456,
        "lng": -2.2769,
        "country": "GB",
        "population": 67400
    },
    "8299617": {
        "ids": {
            "geonames": 8299617
        },
        "long": {
            "default": "High Peak"
        },
        "parent": 6269131,
        "lat": 53.36797,
        "lng": -1.84536,
        "country": "GB",
        "population": 92600
    }
}