{
    "2294206": {
        "ids": {
            "geonames": 2294206
        },
        "long": {
            "default": "Wa"
        },
        "parent": 2294286,
        "lat": 10.06069,
        "lng": -2.50192,
        "country": "GH",
        "population": 78107
    },
    "2294665": {
        "ids": {
            "geonames": 2294665
        },
        "long": {
            "default": "Teshi Old Town"
        },
        "parent": 2300569,
        "lat": 5.58365,
        "lng": -0.10722,
        "country": "GH",
        "population": 144013
    },
    "2294700": {
        "ids": {
            "geonames": 2294700
        },
        "long": {
            "default": "Tema"
        },
        "parent": 2300569,
        "lat": 5.6698,
        "lng": -0.01657,
        "country": "GH",
        "population": 155782
    },
    "2294727": {
        "ids": {
            "geonames": 2294727
        },
        "long": {
            "default": "Techiman"
        },
        "parent": 2302547,
        "lat": 7.58617,
        "lng": -1.94137,
        "country": "GH",
        "population": 69720
    },
    "2294877": {
        "ids": {
            "geonames": 2294877
        },
        "long": {
            "default": "Tamale"
        },
        "parent": 2297169,
        "lat": 9.40079,
        "lng": -0.8393,
        "country": "GH",
        "population": 360579
    },
    "2294915": {
        "ids": {
            "geonames": 2294915
        },
        "long": {
            "default": "Takoradi"
        },
        "parent": 2294076,
        "lat": 4.88447,
        "lng": -1.75536,
        "country": "GH",
        "population": 232919
    },
    "2294938": {
        "ids": {
            "geonames": 2294938
        },
        "long": {
            "default": "Tafo"
        },
        "parent": 2304116,
        "lat": 6.73453,
        "lng": -1.61275,
        "country": "GH",
        "population": 50457
    },
    "2294962": {
        "ids": {
            "geonames": 2294962
        },
        "long": {
            "default": "Swedru"
        },
        "parent": 2302353,
        "lat": 5.53711,
        "lng": -0.69984,
        "country": "GH",
        "population": 50293
    },
    "2295021": {
        "ids": {
            "geonames": 2295021
        },
        "long": {
            "default": "Sunyani"
        },
        "parent": 2302547,
        "lat": 7.33991,
        "lng": -2.32676,
        "country": "GH",
        "population": 70299
    },
    "2295458": {
        "ids": {
            "geonames": 2295458
        },
        "long": {
            "default": "Sekondi-Takoradi"
        },
        "parent": 2294076,
        "lat": 4.934,
        "lng": -1.7137,
        "country": "GH",
        "population": 138872
    },
    "2296564": {
        "ids": {
            "geonames": 2296564
        },
        "long": {
            "default": "Akim Oda"
        },
        "parent": 2301360,
        "lat": 5.92665,
        "lng": -0.98577,
        "country": "GH",
        "population": 60604
    },
    "2296606": {
        "ids": {
            "geonames": 2296606
        },
        "long": {
            "default": "Obuasi"
        },
        "parent": 2304116,
        "lat": 6.20602,
        "lng": -1.66191,
        "country": "GH",
        "population": 137856
    },
    "2296969": {
        "ids": {
            "geonames": 2296969
        },
        "long": {
            "default": "Nungua"
        },
        "parent": 2300569,
        "lat": 5.60105,
        "lng": -0.07713,
        "country": "GH",
        "population": 70483
    },
    "2297313": {
        "ids": {
            "geonames": 2297313
        },
        "long": {
            "default": "Nkawkaw"
        },
        "parent": 2301360,
        "lat": 6.55121,
        "lng": -0.7662,
        "country": "GH",
        "population": 61785
    },
    "2298330": {
        "ids": {
            "geonames": 2298330
        },
        "long": {
            "default": "Medina Estates"
        },
        "parent": 2300569,
        "lat": 5.6658,
        "lng": -0.16307,
        "country": "GH",
        "population": 101207
    },
    "2298890": {
        "ids": {
            "geonames": 2298890
        },
        "long": {
            "default": "Kumasi"
        },
        "parent": 2304116,
        "lat": 6.68848,
        "lng": -1.62443,
        "country": "GH",
        "population": 1468609
    },
    "2299522": {
        "ids": {
            "geonames": 2299522
        },
        "long": {
            "default": "Koforidua"
        },
        "parent": 2301360,
        "lat": 6.09408,
        "lng": -0.25913,
        "country": "GH",
        "population": 96266
    },
    "2300372": {
        "ids": {
            "geonames": 2300372
        },
        "long": {
            "default": "Hohoe"
        },
        "parent": 2294234,
        "lat": 7.15181,
        "lng": 0.47362,
        "country": "GH",
        "population": 56202
    },
    "2300379": {
        "ids": {
            "geonames": 2300379
        },
        "long": {
            "default": "Ho"
        },
        "parent": 2294234,
        "lat": 6.60084,
        "lng": 0.4713,
        "country": "GH",
        "population": 69998
    },
    "2301217": {
        "ids": {
            "geonames": 2301217
        },
        "long": {
            "default": "Ejura"
        },
        "parent": 2304116,
        "lat": 7.38558,
        "lng": -1.35617,
        "country": "GH",
        "population": 70807
    },
    "2302357": {
        "ids": {
            "geonames": 2302357
        },
        "long": {
            "default": "Cape Coast"
        },
        "parent": 2302353,
        "lat": 5.10535,
        "lng": -1.2466,
        "country": "GH",
        "population": 143015
    },
    "2302821": {
        "ids": {
            "geonames": 2302821
        },
        "long": {
            "default": "Bolgatanga"
        },
        "parent": 2294291,
        "lat": 10.78556,
        "lng": -0.85139,
        "country": "GH",
        "population": 54430
    },
    "2303125": {
        "ids": {
            "geonames": 2303125
        },
        "long": {
            "default": "Berekum"
        },
        "parent": 2302547,
        "lat": 7.4534,
        "lng": -2.58404,
        "country": "GH",
        "population": 62364
    },
    "2303287": {
        "ids": {
            "geonames": 2303287
        },
        "long": {
            "default": "Bawku"
        },
        "parent": 2294291,
        "lat": 11.0616,
        "lng": -0.24169,
        "country": "GH",
        "population": 56830
    },
    "2306079": {
        "ids": {
            "geonames": 2306079
        },
        "long": {
            "default": "Achiaman"
        },
        "parent": 2300569,
        "lat": 5.7,
        "lng": -0.33333,
        "country": "GH",
        "population": 202932
    },
    "2306104": {
        "ids": {
            "geonames": 2306104
        },
        "long": {
            "default": "Accra"
        },
        "parent": 2300569,
        "lat": 5.55602,
        "lng": -0.1969,
        "country": "GH",
        "population": 1963264
    }
}