{
    "2416969": {
        "ids": {
            "geonames": 2416969
        },
        "long": {
            "default": "Nzérékoré"
        },
        "parent": 8335091,
        "lat": 7.75624,
        "lng": -8.8179,
        "country": "GN",
        "population": 132728
    },
    "2418362": {
        "ids": {
            "geonames": 2418362
        },
        "long": {
            "default": "Labé"
        },
        "parent": 8335089,
        "lat": 11.31823,
        "lng": -12.28332,
        "country": "GN",
        "population": 58649
    },
    "2419533": {
        "ids": {
            "geonames": 2419533
        },
        "long": {
            "default": "Kindia"
        },
        "parent": 8335088,
        "lat": 10.05692,
        "lng": -12.86576,
        "country": "GN",
        "population": 117062
    },
    "2419992": {
        "ids": {
            "geonames": 2419992
        },
        "long": {
            "default": "Kankan"
        },
        "parent": 8335087,
        "lat": 10.38542,
        "lng": -9.30568,
        "country": "GN",
        "population": 114009
    },
    "2420056": {
        "ids": {
            "geonames": 2420056
        },
        "long": {
            "default": "Kamsar"
        },
        "parent": 8335085,
        "lat": 10.66667,
        "lng": -14.6,
        "country": "GN",
        "population": 61527
    },
    "2420562": {
        "ids": {
            "geonames": 2420562
        },
        "long": {
            "default": "Gueckedou"
        },
        "parent": 8335091,
        "lat": 8.56744,
        "lng": -10.1336,
        "country": "GN",
        "population": 79140
    },
    "2422457": {
        "ids": {
            "geonames": 2422457
        },
        "long": {
            "default": "Coyah"
        },
        "parent": 8335088,
        "lat": 9.70643,
        "lng": -13.38465,
        "country": "GN",
        "population": 77103
    },
    "2422465": {
        "ids": {
            "geonames": 2422465
        },
        "long": {
            "default": "Conakry"
        },
        "parent": 2422464,
        "lat": 9.53795,
        "lng": -13.67729,
        "country": "GN",
        "population": 1767200
    },
    "2422488": {
        "ids": {
            "geonames": 2422488
        },
        "long": {
            "default": "Camayenne"
        },
        "parent": 2422464,
        "lat": 9.535,
        "lng": -13.68778,
        "country": "GN",
        "population": 1871242
    }
}