{
    "2309527": {
        "ids": {
            "geonames": 2309527
        },
        "long": {
            "default": "Malabo"
        },
        "parent": 2566978,
        "lat": 3.75,
        "lng": 8.78333,
        "country": "GQ",
        "population": 155963
    },
    "2310046": {
        "ids": {
            "geonames": 2310046
        },
        "long": {
            "default": "Bata"
        },
        "parent": 2566982,
        "lat": 1.86391,
        "lng": 9.76582,
        "country": "GQ",
        "population": 173046
    }
}