{
    "251833": {
        "ids": {
            "geonames": 251833
        },
        "long": {
            "default": "Vólos"
        },
        "parent": 6697809,
        "lat": 39.36103,
        "lng": 22.94248,
        "country": "GR",
        "population": 86048
    },
    "251948": {
        "ids": {
            "geonames": 251948
        },
        "long": {
            "default": "Výronas"
        },
        "parent": 6692632,
        "lat": 37.96105,
        "lng": 23.753,
        "country": "GR",
        "population": 61308
    },
    "252664": {
        "ids": {
            "geonames": 252664
        },
        "long": {
            "default": "Tríkala"
        },
        "parent": 6697809,
        "lat": 39.55493,
        "lng": 21.76837,
        "country": "GR",
        "population": 61653
    },
    "255274": {
        "ids": {
            "geonames": 255274
        },
        "long": {
            "default": "Piraeus"
        },
        "parent": 6692632,
        "lat": 37.94745,
        "lng": 23.63708,
        "country": "GR",
        "population": 163688
    },
    "255377": {
        "ids": {
            "geonames": 255377
        },
        "long": {
            "default": "Petroúpolis"
        },
        "parent": 6692632,
        "lat": 38.04187,
        "lng": 23.68494,
        "country": "GR",
        "population": 58979
    },
    "255524": {
        "ids": {
            "geonames": 255524
        },
        "long": {
            "default": "Peristéri"
        },
        "parent": 6692632,
        "lat": 38.01539,
        "lng": 23.69187,
        "country": "GR",
        "population": 139981
    },
    "255683": {
        "ids": {
            "geonames": 255683
        },
        "long": {
            "default": "Pátra"
        },
        "parent": 6697810,
        "lat": 38.24444,
        "lng": 21.73444,
        "country": "GR",
        "population": 168034
    },
    "256075": {
        "ids": {
            "geonames": 256075
        },
        "long": {
            "default": "Palaió Fáliro"
        },
        "parent": 6692632,
        "lat": 37.92812,
        "lng": 23.70105,
        "country": "GR",
        "population": 64021
    },
    "256429": {
        "ids": {
            "geonames": 256429
        },
        "long": {
            "default": "Níkaia"
        },
        "parent": 6692632,
        "lat": 37.96667,
        "lng": 23.65,
        "country": "GR",
        "population": 89380
    },
    "256575": {
        "ids": {
            "geonames": 256575
        },
        "long": {
            "default": "Néa Smýrni"
        },
        "parent": 6692632,
        "lat": 37.94504,
        "lng": 23.71416,
        "country": "GR",
        "population": 73076
    },
    "256601": {
        "ids": {
            "geonames": 256601
        },
        "long": {
            "default": "Ílion"
        },
        "parent": 6692632,
        "lat": 38.03333,
        "lng": 23.7,
        "country": "GR",
        "population": 84793
    },
    "256614": {
        "ids": {
            "geonames": 256614
        },
        "long": {
            "default": "Néa Ionía"
        },
        "parent": 6692632,
        "lat": 38.0357,
        "lng": 23.75733,
        "country": "GR",
        "population": 67134
    },
    "258576": {
        "ids": {
            "geonames": 258576
        },
        "long": {
            "default": "Lárisa"
        },
        "parent": 6697809,
        "lat": 39.63689,
        "lng": 22.41761,
        "country": "GR",
        "population": 144651
    },
    "258620": {
        "ids": {
            "geonames": 258620
        },
        "long": {
            "default": "Lamía"
        },
        "parent": 6697800,
        "lat": 38.9,
        "lng": 22.43333,
        "country": "GR",
        "population": 52006
    },
    "260114": {
        "ids": {
            "geonames": 260114
        },
        "long": {
            "default": "Chaniá"
        },
        "parent": 6697802,
        "lat": 35.51124,
        "lng": 24.02921,
        "country": "GR",
        "population": 53910
    },
    "260133": {
        "ids": {
            "geonames": 260133
        },
        "long": {
            "default": "Chalkída"
        },
        "parent": 6697800,
        "lat": 38.46354,
        "lng": 23.60284,
        "country": "GR",
        "population": 59125
    },
    "260172": {
        "ids": {
            "geonames": 260172
        },
        "long": {
            "default": "Khalándrion"
        },
        "parent": 6692632,
        "lat": 38.02369,
        "lng": 23.80068,
        "country": "GR",
        "population": 74192
    },
    "260204": {
        "ids": {
            "geonames": 260204
        },
        "long": {
            "default": "Keratsíni"
        },
        "parent": 6692632,
        "lat": 37.9625,
        "lng": 23.61972,
        "country": "GR",
        "population": 77077
    },
    "261414": {
        "ids": {
            "geonames": 261414
        },
        "long": {
            "default": "Kallithéa"
        },
        "parent": 6692632,
        "lat": 37.95,
        "lng": 23.7,
        "country": "GR",
        "population": 100641
    },
    "261604": {
        "ids": {
            "geonames": 261604
        },
        "long": {
            "default": "Kalamáta"
        },
        "parent": 6697807,
        "lat": 37.03913,
        "lng": 22.11265,
        "country": "GR",
        "population": 54100
    },
    "261745": {
        "ids": {
            "geonames": 261745
        },
        "long": {
            "default": "Irákleion"
        },
        "parent": 6697802,
        "lat": 35.32787,
        "lng": 25.14341,
        "country": "GR",
        "population": 137154
    },
    "261779": {
        "ids": {
            "geonames": 261779
        },
        "long": {
            "default": "Ioánnina"
        },
        "parent": 6697804,
        "lat": 39.66486,
        "lng": 20.85189,
        "country": "GR",
        "population": 65574
    },
    "262036": {
        "ids": {
            "geonames": 262036
        },
        "long": {
            "default": "Glyfáda"
        },
        "parent": 6692632,
        "lat": 37.86289,
        "lng": 23.75802,
        "country": "GR",
        "population": 87305
    },
    "262135": {
        "ids": {
            "geonames": 262135
        },
        "long": {
            "default": "Galátsi"
        },
        "parent": 6692632,
        "lat": 38.01667,
        "lng": 23.75,
        "country": "GR",
        "population": 59345
    },
    "263986": {
        "ids": {
            "geonames": 263986
        },
        "long": {
            "default": "Agios Dimitrios"
        },
        "parent": 6692632,
        "lat": 37.93333,
        "lng": 23.73333,
        "country": "GR",
        "population": 71294
    },
    "264194": {
        "ids": {
            "geonames": 264194
        },
        "long": {
            "default": "Agía Paraskeví"
        },
        "parent": 6692632,
        "lat": 38.01667,
        "lng": 23.83333,
        "country": "GR",
        "population": 59704
    },
    "264371": {
        "ids": {
            "geonames": 264371
        },
        "long": {
            "default": "Athens"
        },
        "parent": 6692632,
        "lat": 37.97945,
        "lng": 23.71622,
        "country": "GR",
        "population": 664046
    },
    "265243": {
        "ids": {
            "geonames": 265243
        },
        "long": {
            "default": "Maroúsi"
        },
        "parent": 6692632,
        "lat": 38.05,
        "lng": 23.8,
        "country": "GR",
        "population": 72333
    },
    "265488": {
        "ids": {
            "geonames": 265488
        },
        "long": {
            "default": "Acharnés"
        },
        "parent": 6692632,
        "lat": 38.08333,
        "lng": 23.73333,
        "country": "GR",
        "population": 99346
    },
    "265533": {
        "ids": {
            "geonames": 265533
        },
        "long": {
            "default": "Aigáleo"
        },
        "parent": 6692632,
        "lat": 37.98333,
        "lng": 23.68333,
        "country": "GR",
        "population": 69946
    },
    "400666": {
        "ids": {
            "geonames": 400666
        },
        "long": {
            "default": "Ródos"
        },
        "parent": 6697808,
        "lat": 36.44083,
        "lng": 28.2225,
        "country": "GR",
        "population": 56128
    },
    "734077": {
        "ids": {
            "geonames": 734077
        },
        "long": {
            "default": "Thessaloníki"
        },
        "parent": 6697801,
        "lat": 40.64361,
        "lng": 22.93086,
        "country": "GR",
        "population": 354290
    },
    "734330": {
        "ids": {
            "geonames": 734330
        },
        "long": {
            "default": "Sérres"
        },
        "parent": 6697801,
        "lat": 41.08499,
        "lng": 23.54757,
        "country": "GR",
        "population": 58287
    },
    "735861": {
        "ids": {
            "geonames": 735861
        },
        "long": {
            "default": "Kavála"
        },
        "parent": 6697803,
        "lat": 40.93959,
        "lng": 24.40687,
        "country": "GR",
        "population": 54027
    },
    "735914": {
        "ids": {
            "geonames": 735914
        },
        "long": {
            "default": "Kateríni"
        },
        "parent": 6697801,
        "lat": 40.26956,
        "lng": 22.50608,
        "country": "GR",
        "population": 53293
    },
    "736083": {
        "ids": {
            "geonames": 736083
        },
        "long": {
            "default": "Kalamariá"
        },
        "parent": 6697801,
        "lat": 40.5825,
        "lng": 22.95028,
        "country": "GR",
        "population": 91617
    },
    "736928": {
        "ids": {
            "geonames": 736928
        },
        "long": {
            "default": "Alexandroúpoli"
        },
        "parent": 6697803,
        "lat": 40.84995,
        "lng": 25.87644,
        "country": "GR",
        "population": 52979
    },
    "8310138": {
        "ids": {
            "geonames": 8310138
        },
        "long": {
            "default": "Ilioúpoli"
        },
        "parent": 6692632,
        "lat": 37.93149,
        "lng": 23.76779,
        "country": "GR",
        "population": 78153
    },
    "8310183": {
        "ids": {
            "geonames": 8310183
        },
        "long": {
            "default": "Korydallós"
        },
        "parent": 6692632,
        "lat": 37.98468,
        "lng": 23.64711,
        "country": "GR",
        "population": 63445
    },
    "8358544": {
        "ids": {
            "geonames": 8358544
        },
        "long": {
            "default": "Zográfos"
        },
        "parent": 6692632,
        "lat": 37.97574,
        "lng": 23.76911,
        "country": "GR",
        "population": 71026
    }
}