{
    "3587902": {
        "ids": {
            "geonames": 3587902
        },
        "long": {
            "default": "Villa Nueva"
        },
        "parent": 3595530,
        "lat": 14.52694,
        "lng": -90.5875,
        "country": "GT",
        "population": 406830
    },
    "3587923": {
        "ids": {
            "geonames": 3587923
        },
        "long": {
            "default": "Villa Canales"
        },
        "parent": 3595530,
        "lat": 14.48139,
        "lng": -90.53167,
        "country": "GT",
        "population": 122194
    },
    "3588258": {
        "ids": {
            "geonames": 3588258
        },
        "long": {
            "default": "Totonicapán"
        },
        "parent": 3588257,
        "lat": 14.91167,
        "lng": -91.36111,
        "country": "GT",
        "population": 69734
    },
    "3589289": {
        "ids": {
            "geonames": 3589289
        },
        "long": {
            "default": "Santa Lucía Cotzumalguapa"
        },
        "parent": 3595802,
        "lat": 14.33333,
        "lng": -91.01667,
        "country": "GT",
        "population": 62097
    },
    "3589452": {
        "ids": {
            "geonames": 3589452
        },
        "long": {
            "default": "Santa Catarina Pinula"
        },
        "parent": 3595530,
        "lat": 14.56889,
        "lng": -90.49528,
        "country": "GT",
        "population": 67994
    },
    "3589885": {
        "ids": {
            "geonames": 3589885
        },
        "long": {
            "default": "San Juan Sacatepéquez"
        },
        "parent": 3595530,
        "lat": 14.71889,
        "lng": -90.64417,
        "country": "GT",
        "population": 136886
    },
    "3590219": {
        "ids": {
            "geonames": 3590219
        },
        "long": {
            "default": "San Francisco El Alto"
        },
        "parent": 3588257,
        "lat": 14.95,
        "lng": -91.45,
        "country": "GT",
        "population": 54493
    },
    "3590979": {
        "ids": {
            "geonames": 3590979
        },
        "long": {
            "default": "Quetzaltenango"
        },
        "parent": 3590978,
        "lat": 14.83472,
        "lng": -91.51806,
        "country": "GT",
        "population": 132230
    },
    "3591062": {
        "ids": {
            "geonames": 3591062
        },
        "long": {
            "default": "Puerto Barrios"
        },
        "parent": 3595259,
        "lat": 15.72778,
        "lng": -88.59444,
        "country": "GT",
        "population": 56605
    },
    "3591415": {
        "ids": {
            "geonames": 3591415
        },
        "long": {
            "default": "Petapa"
        },
        "parent": 3595530,
        "lat": 14.50278,
        "lng": -90.55167,
        "country": "GT",
        "population": 141455
    },
    "3592519": {
        "ids": {
            "geonames": 3592519
        },
        "long": {
            "default": "Mixco"
        },
        "parent": 3595530,
        "lat": 14.63333,
        "lng": -90.60639,
        "country": "GT",
        "population": 473080
    },
    "3595416": {
        "ids": {
            "geonames": 3595416
        },
        "long": {
            "default": "Huehuetenango"
        },
        "parent": 3595415,
        "lat": 15.31972,
        "lng": -91.47083,
        "country": "GT",
        "population": 79426
    },
    "3595803": {
        "ids": {
            "geonames": 3595803
        },
        "long": {
            "default": "Escuintla"
        },
        "parent": 3595802,
        "lat": 14.305,
        "lng": -90.785,
        "country": "GT",
        "population": 103165
    },
    "3598119": {
        "ids": {
            "geonames": 3598119
        },
        "long": {
            "default": "Cobán"
        },
        "parent": 3599773,
        "lat": 15.47083,
        "lng": -90.37083,
        "country": "GT",
        "population": 53375
    },
    "3598132": {
        "ids": {
            "geonames": 3598132
        },
        "long": {
            "default": "Guatemala City"
        },
        "parent": 3595530,
        "lat": 14.64072,
        "lng": -90.51327,
        "country": "GT",
        "population": 994938
    },
    "3598529": {
        "ids": {
            "geonames": 3598529
        },
        "long": {
            "default": "Chinautla"
        },
        "parent": 3595530,
        "lat": 14.70833,
        "lng": -90.49944,
        "country": "GT",
        "population": 97172
    },
    "3598572": {
        "ids": {
            "geonames": 3598572
        },
        "long": {
            "default": "Chimaltenango"
        },
        "parent": 3598571,
        "lat": 14.66111,
        "lng": -90.81944,
        "country": "GT",
        "population": 82370
    },
    "3598655": {
        "ids": {
            "geonames": 3598655
        },
        "long": {
            "default": "Chichicastenango"
        },
        "parent": 3590964,
        "lat": 14.93333,
        "lng": -91.11667,
        "country": "GT",
        "population": 79759
    },
    "3599735": {
        "ids": {
            "geonames": 3599735
        },
        "long": {
            "default": "Amatitlán"
        },
        "parent": 3595530,
        "lat": 14.4875,
        "lng": -90.61528,
        "country": "GT",
        "population": 71836
    }
}