{
    "1818209": {
        "ids": {
            "geonames": 1818209
        },
        "long": {
            "default": "Tsuen Wan"
        },
        "parent": 1818458,
        "lat": 22.37066,
        "lng": 114.10479,
        "country": "HK",
        "population": 288728
    },
    "1818223": {
        "ids": {
            "geonames": 1818223
        },
        "long": {
            "default": "Yuen Long Kau Hui"
        },
        "parent": 1818224,
        "lat": 22.45,
        "lng": 114.03333,
        "country": "HK",
        "population": 141900
    },
    "1819609": {
        "ids": {
            "geonames": 1819609
        },
        "long": {
            "default": "Kowloon"
        },
        "parent": 7533612,
        "lat": 22.31667,
        "lng": 114.18333,
        "country": "HK",
        "population": 2019533
    },
    "1819729": {
        "ids": {
            "geonames": 1819729
        },
        "long": {
            "default": "Hong Kong"
        },
        "parent": 7533598,
        "lat": 22.28552,
        "lng": 114.15769,
        "country": "HK",
        "population": 7012738
    }
}