{
    "3600949": {
        "ids": {
            "geonames": 3600949
        },
        "long": {
            "default": "Tegucigalpa"
        },
        "parent": 3609672,
        "lat": 14.0818,
        "lng": -87.20681,
        "country": "HN",
        "population": 850848
    },
    "3601782": {
        "ids": {
            "geonames": 3601782
        },
        "long": {
            "default": "San Pedro Sula"
        },
        "parent": 3613140,
        "lat": 15.50417,
        "lng": -88.025,
        "country": "HN",
        "population": 489466
    },
    "3608248": {
        "ids": {
            "geonames": 3608248
        },
        "long": {
            "default": "La Ceiba"
        },
        "parent": 3615027,
        "lat": 15.75971,
        "lng": -86.78221,
        "country": "HN",
        "population": 130218
    },
    "3610613": {
        "ids": {
            "geonames": 3610613
        },
        "long": {
            "default": "El Progreso"
        },
        "parent": 3600193,
        "lat": 15.4,
        "lng": -87.8,
        "country": "HN",
        "population": 100810
    },
    "3613321": {
        "ids": {
            "geonames": 3613321
        },
        "long": {
            "default": "Comayagua"
        },
        "parent": 3613319,
        "lat": 14.45139,
        "lng": -87.6375,
        "country": "HN",
        "population": 58784
    },
    "3613528": {
        "ids": {
            "geonames": 3613528
        },
        "long": {
            "default": "Ciudad Choluteca"
        },
        "parent": 3613527,
        "lat": 13.30028,
        "lng": -87.19083,
        "country": "HN",
        "population": 75872
    },
    "3613533": {
        "ids": {
            "geonames": 3613533
        },
        "long": {
            "default": "Choloma"
        },
        "parent": 3613140,
        "lat": 15.61444,
        "lng": -87.95302,
        "country": "HN",
        "population": 139100
    }
}