{
    "3186886": {
        "ids": {
            "geonames": 3186886
        },
        "long": {
            "default": "Zagreb"
        },
        "parent": 3337532,
        "lat": 45.81444,
        "lng": 15.97798,
        "country": "HR",
        "population": 698966
    },
    "3186952": {
        "ids": {
            "geonames": 3186952
        },
        "long": {
            "default": "Zadar"
        },
        "parent": 3337530,
        "lat": 44.11972,
        "lng": 15.24222,
        "country": "HR",
        "population": 71258
    },
    "3190261": {
        "ids": {
            "geonames": 3190261
        },
        "long": {
            "default": "Split"
        },
        "parent": 3337527,
        "lat": 43.50891,
        "lng": 16.43915,
        "country": "HR",
        "population": 176314
    },
    "3190586": {
        "ids": {
            "geonames": 3190586
        },
        "long": {
            "default": "Slavonski Brod"
        },
        "parent": 3337512,
        "lat": 45.16028,
        "lng": 18.01556,
        "country": "HR",
        "population": 60742
    },
    "3190966": {
        "ids": {
            "geonames": 3190966
        },
        "long": {
            "default": "Sesvete"
        },
        "parent": 3337532,
        "lat": 45.83111,
        "lng": 16.11639,
        "country": "HR",
        "population": 52411
    },
    "3191648": {
        "ids": {
            "geonames": 3191648
        },
        "long": {
            "default": "Rijeka"
        },
        "parent": 3337524,
        "lat": 45.34306,
        "lng": 14.40917,
        "country": "HR",
        "population": 141172
    },
    "3192224": {
        "ids": {
            "geonames": 3192224
        },
        "long": {
            "default": "Pula"
        },
        "parent": 3337514,
        "lat": 44.86833,
        "lng": 13.84806,
        "country": "HR",
        "population": 59078
    },
    "3193935": {
        "ids": {
            "geonames": 3193935
        },
        "long": {
            "default": "Osijek"
        },
        "parent": 3337522,
        "lat": 45.55111,
        "lng": 18.69389,
        "country": "HR",
        "population": 88140
    },
    "6618983": {
        "ids": {
            "geonames": 6618983
        },
        "long": {
            "default": "Zagreb - Centar"
        },
        "parent": 3337532,
        "lat": 45.81313,
        "lng": 15.97753,
        "country": "HR",
        "population": 800000
    }
}