{
    "3716667": {
        "ids": {
            "geonames": 3716667
        },
        "long": {
            "default": "Thomazeau"
        },
        "parent": 3719432,
        "lat": 18.65094,
        "lng": -72.09191,
        "country": "HT",
        "population": 52017
    },
    "3717588": {
        "ids": {
            "geonames": 3717588
        },
        "long": {
            "default": "Saint-Marc"
        },
        "parent": 3731053,
        "lat": 19.10819,
        "lng": -72.69379,
        "country": "HT",
        "population": 66226
    },
    "3718420": {
        "ids": {
            "geonames": 3718420
        },
        "long": {
            "default": "Port-de-Paix"
        },
        "parent": 3719536,
        "lat": 19.9389,
        "lng": -72.83257,
        "country": "HT",
        "population": 250000
    },
    "3718426": {
        "ids": {
            "geonames": 3718426
        },
        "long": {
            "default": "Port-au-Prince"
        },
        "parent": 3719432,
        "lat": 18.53917,
        "lng": -72.335,
        "country": "HT",
        "population": 1234742
    },
    "3718962": {
        "ids": {
            "geonames": 3718962
        },
        "long": {
            "default": "Tigwav"
        },
        "parent": 3719432,
        "lat": 18.42939,
        "lng": -72.86297,
        "country": "HT",
        "population": 117504
    },
    "3719028": {
        "ids": {
            "geonames": 3719028
        },
        "long": {
            "default": "Pétionville"
        },
        "parent": 3719432,
        "lat": 18.5125,
        "lng": -72.28528,
        "country": "HT",
        "population": 283052
    },
    "3720824": {
        "ids": {
            "geonames": 3720824
        },
        "long": {
            "default": "Miragoâne"
        },
        "parent": 7115999,
        "lat": 18.44232,
        "lng": -73.08758,
        "country": "HT",
        "population": 89202
    },
    "3722286": {
        "ids": {
            "geonames": 3722286
        },
        "long": {
            "default": "Léogâne"
        },
        "parent": 3719432,
        "lat": 18.50959,
        "lng": -72.63147,
        "country": "HT",
        "population": 134190
    },
    "3723593": {
        "ids": {
            "geonames": 3723593
        },
        "long": {
            "default": "Jérémie"
        },
        "parent": 3724613,
        "lat": 18.65,
        "lng": -74.11667,
        "country": "HT",
        "population": 97503
    },
    "3723779": {
        "ids": {
            "geonames": 3723779
        },
        "long": {
            "default": "Jacmel"
        },
        "parent": 3716950,
        "lat": 18.23427,
        "lng": -72.53539,
        "country": "HT",
        "population": 137966
    },
    "3724696": {
        "ids": {
            "geonames": 3724696
        },
        "long": {
            "default": "Gonayiv"
        },
        "parent": 3731053,
        "lat": 19.44749,
        "lng": -72.68903,
        "country": "HT",
        "population": 84961
    },
    "3726786": {
        "ids": {
            "geonames": 3726786
        },
        "long": {
            "default": "Delmas 73"
        },
        "parent": 3719432,
        "lat": 18.54472,
        "lng": -72.30278,
        "country": "HT",
        "population": 382920
    },
    "3727135": {
        "ids": {
            "geonames": 3727135
        },
        "long": {
            "default": "Croix des Bouquets"
        },
        "parent": 3719432,
        "lat": 18.57512,
        "lng": -72.22302,
        "country": "HT",
        "population": 229127
    },
    "3728097": {
        "ids": {
            "geonames": 3728097
        },
        "long": {
            "default": "Les Cayes"
        },
        "parent": 3716952,
        "lat": 18.19331,
        "lng": -73.74601,
        "country": "HT",
        "population": 125799
    },
    "3728338": {
        "ids": {
            "geonames": 3728338
        },
        "long": {
            "default": "Carrefour"
        },
        "parent": 3719432,
        "lat": 18.54114,
        "lng": -72.39922,
        "country": "HT",
        "population": 442156
    },
    "3728474": {
        "ids": {
            "geonames": 3728474
        },
        "long": {
            "default": "Okap"
        },
        "parent": 3719543,
        "lat": 19.75938,
        "lng": -72.19815,
        "country": "HT",
        "population": 134815
    }
}