{
    "715126": {
        "ids": {
            "geonames": 715126
        },
        "long": {
            "default": "Szolnok"
        },
        "parent": 719637,
        "lat": 47.18333,
        "lng": 20.2,
        "country": "HU",
        "population": 75474
    },
    "715429": {
        "ids": {
            "geonames": 715429
        },
        "long": {
            "default": "Szeged"
        },
        "parent": 721589,
        "lat": 46.253,
        "lng": 20.14824,
        "country": "HU",
        "population": 164883
    },
    "716935": {
        "ids": {
            "geonames": 716935
        },
        "long": {
            "default": "Nyíregyháza"
        },
        "parent": 715593,
        "lat": 47.95539,
        "lng": 21.71671,
        "country": "HU",
        "population": 116298
    },
    "717582": {
        "ids": {
            "geonames": 717582
        },
        "long": {
            "default": "Miskolc"
        },
        "parent": 722064,
        "lat": 48.1,
        "lng": 20.78333,
        "country": "HU",
        "population": 172637
    },
    "721239": {
        "ids": {
            "geonames": 721239
        },
        "long": {
            "default": "Eger"
        },
        "parent": 720002,
        "lat": 47.90265,
        "lng": 20.37329,
        "country": "HU",
        "population": 56647
    },
    "721472": {
        "ids": {
            "geonames": 721472
        },
        "long": {
            "default": "Debrecen"
        },
        "parent": 720293,
        "lat": 47.53333,
        "lng": 21.63333,
        "country": "HU",
        "population": 204124
    },
    "722437": {
        "ids": {
            "geonames": 722437
        },
        "long": {
            "default": "Békéscsaba"
        },
        "parent": 722433,
        "lat": 46.68333,
        "lng": 21.1,
        "country": "HU",
        "population": 65206
    },
    "3042638": {
        "ids": {
            "geonames": 3042638
        },
        "long": {
            "default": "Zalaegerszeg"
        },
        "parent": 3042613,
        "lat": 46.84,
        "lng": 16.84389,
        "country": "HU",
        "population": 61898
    },
    "3042929": {
        "ids": {
            "geonames": 3042929
        },
        "long": {
            "default": "Veszprém"
        },
        "parent": 3042925,
        "lat": 47.09327,
        "lng": 17.91149,
        "country": "HU",
        "population": 62023
    },
    "3044082": {
        "ids": {
            "geonames": 3044082
        },
        "long": {
            "default": "Tatabánya"
        },
        "parent": 3049518,
        "lat": 47.58494,
        "lng": 18.39325,
        "country": "HU",
        "population": 70541
    },
    "3044310": {
        "ids": {
            "geonames": 3044310
        },
        "long": {
            "default": "Szombathely"
        },
        "parent": 3043047,
        "lat": 47.23088,
        "lng": 16.62155,
        "country": "HU",
        "population": 79534
    },
    "3044774": {
        "ids": {
            "geonames": 3044774
        },
        "long": {
            "default": "Székesfehérvár"
        },
        "parent": 3053028,
        "lat": 47.18995,
        "lng": 18.41034,
        "country": "HU",
        "population": 101600
    },
    "3045190": {
        "ids": {
            "geonames": 3045190
        },
        "long": {
            "default": "Sopron"
        },
        "parent": 3051977,
        "lat": 47.68501,
        "lng": 16.59049,
        "country": "HU",
        "population": 57210
    },
    "3046526": {
        "ids": {
            "geonames": 3046526
        },
        "long": {
            "default": "Pécs"
        },
        "parent": 3055399,
        "lat": 46.08333,
        "lng": 18.23333,
        "country": "HU",
        "population": 156649
    },
    "3046619": {
        "ids": {
            "geonames": 3046619
        },
        "long": {
            "default": "Parádsasvár"
        },
        "parent": 720002,
        "lat": 47.9126,
        "lng": 19.97709,
        "country": "HU",
        "population": 76000
    },
    "3047679": {
        "ids": {
            "geonames": 3047679
        },
        "long": {
            "default": "Nagykanizsa"
        },
        "parent": 3042613,
        "lat": 46.45347,
        "lng": 16.99104,
        "country": "HU",
        "population": 50823
    },
    "3050434": {
        "ids": {
            "geonames": 3050434
        },
        "long": {
            "default": "Kecskemét"
        },
        "parent": 3055744,
        "lat": 46.90618,
        "lng": 19.69128,
        "country": "HU",
        "population": 109847
    },
    "3050616": {
        "ids": {
            "geonames": 3050616
        },
        "long": {
            "default": "Kaposvár"
        },
        "parent": 3045226,
        "lat": 46.36667,
        "lng": 17.8,
        "country": "HU",
        "population": 67746
    },
    "3052009": {
        "ids": {
            "geonames": 3052009
        },
        "long": {
            "default": "Győr"
        },
        "parent": 3051977,
        "lat": 47.68333,
        "lng": 17.63512,
        "country": "HU",
        "population": 128265
    },
    "3053281": {
        "ids": {
            "geonames": 3053281
        },
        "long": {
            "default": "Érd"
        },
        "parent": 3046431,
        "lat": 47.39489,
        "lng": 18.91361,
        "country": "HU",
        "population": 62408
    },
    "3053438": {
        "ids": {
            "geonames": 3053438
        },
        "long": {
            "default": "Dunaújváros"
        },
        "parent": 3053028,
        "lat": 46.96479,
        "lng": 18.93974,
        "country": "HU",
        "population": 50084
    },
    "3054643": {
        "ids": {
            "geonames": 3054643
        },
        "long": {
            "default": "Budapest"
        },
        "parent": 3054638,
        "lat": 47.49801,
        "lng": 19.03991,
        "country": "HU",
        "population": 1741041
    },
    "7284823": {
        "ids": {
            "geonames": 7284823
        },
        "long": {
            "default": "Budapest XII. kerület"
        },
        "parent": 3054638,
        "lat": 47.49192,
        "lng": 19.01493,
        "country": "HU",
        "population": 56544
    },
    "7284824": {
        "ids": {
            "geonames": 7284824
        },
        "long": {
            "default": "Budapest XI. kerület"
        },
        "parent": 3054638,
        "lat": 47.47603,
        "lng": 19.03605,
        "country": "HU",
        "population": 139049
    },
    "7284825": {
        "ids": {
            "geonames": 7284825
        },
        "long": {
            "default": "Budapest IX. kerület"
        },
        "parent": 3054638,
        "lat": 47.48299,
        "lng": 19.06591,
        "country": "HU",
        "population": 61576
    },
    "7284826": {
        "ids": {
            "geonames": 7284826
        },
        "long": {
            "default": "Budapest VIII. kerület"
        },
        "parent": 3054638,
        "lat": 47.48919,
        "lng": 19.07012,
        "country": "HU",
        "population": 82222
    },
    "7284827": {
        "ids": {
            "geonames": 7284827
        },
        "long": {
            "default": "Budapest VII. kerület"
        },
        "parent": 3054638,
        "lat": 47.50045,
        "lng": 19.06875,
        "country": "HU",
        "population": 62530
    },
    "7284829": {
        "ids": {
            "geonames": 7284829
        },
        "long": {
            "default": "Budapest XIV. kerület"
        },
        "parent": 3054638,
        "lat": 47.5183,
        "lng": 19.10789,
        "country": "HU",
        "population": 120148
    },
    "7284830": {
        "ids": {
            "geonames": 7284830
        },
        "long": {
            "default": "Budapest XIII. kerület"
        },
        "parent": 3054638,
        "lat": 47.52978,
        "lng": 19.08068,
        "country": "HU",
        "population": 113531
    },
    "7284831": {
        "ids": {
            "geonames": 7284831
        },
        "long": {
            "default": "Budapest IV. kerület"
        },
        "parent": 3054638,
        "lat": 47.56182,
        "lng": 19.08909,
        "country": "HU",
        "population": 98374
    },
    "7284832": {
        "ids": {
            "geonames": 7284832
        },
        "long": {
            "default": "Budapest XV. kerület"
        },
        "parent": 3054638,
        "lat": 47.56263,
        "lng": 19.11681,
        "country": "HU",
        "population": 80218
    },
    "7284833": {
        "ids": {
            "geonames": 7284833
        },
        "long": {
            "default": "Budapest XVI. kerület"
        },
        "parent": 3054638,
        "lat": 47.51482,
        "lng": 19.17028,
        "country": "HU",
        "population": 68484
    },
    "7284834": {
        "ids": {
            "geonames": 7284834
        },
        "long": {
            "default": "Budapest X. kerület"
        },
        "parent": 3054638,
        "lat": 47.4791,
        "lng": 19.15835,
        "country": "HU",
        "population": 79270
    },
    "7284835": {
        "ids": {
            "geonames": 7284835
        },
        "long": {
            "default": "Budapest XIX. kerület"
        },
        "parent": 3054638,
        "lat": 47.45293,
        "lng": 19.14943,
        "country": "HU",
        "population": 61610
    },
    "7284836": {
        "ids": {
            "geonames": 7284836
        },
        "long": {
            "default": "Budapest XVIII. kerület"
        },
        "parent": 3054638,
        "lat": 47.44417,
        "lng": 19.17595,
        "country": "HU",
        "population": 93225
    },
    "7284838": {
        "ids": {
            "geonames": 7284838
        },
        "long": {
            "default": "Budapest XXII. kerület"
        },
        "parent": 3054638,
        "lat": 47.42698,
        "lng": 19.04016,
        "country": "HU",
        "population": 50499
    },
    "7284839": {
        "ids": {
            "geonames": 7284839
        },
        "long": {
            "default": "Budapest XXI. kerület"
        },
        "parent": 3054638,
        "lat": 47.43047,
        "lng": 19.07098,
        "country": "HU",
        "population": 76339
    },
    "7284840": {
        "ids": {
            "geonames": 7284840
        },
        "long": {
            "default": "Budapest XX. kerület"
        },
        "parent": 3054638,
        "lat": 47.43674,
        "lng": 19.10093,
        "country": "HU",
        "population": 63371
    },
    "7284841": {
        "ids": {
            "geonames": 7284841
        },
        "long": {
            "default": "Budapest XVII. kerület"
        },
        "parent": 3054638,
        "lat": 47.47997,
        "lng": 19.25388,
        "country": "HU",
        "population": 78250
    },
    "7284842": {
        "ids": {
            "geonames": 7284842
        },
        "long": {
            "default": "Budapest III. kerület"
        },
        "parent": 3054638,
        "lat": 47.54157,
        "lng": 19.04501,
        "country": "HU",
        "population": 123723
    },
    "7284843": {
        "ids": {
            "geonames": 7284843
        },
        "long": {
            "default": "Budapest II. kerület"
        },
        "parent": 3054638,
        "lat": 47.51984,
        "lng": 19.02218,
        "country": "HU",
        "population": 88729
    }
}