{
    "1213500": {
        "ids": {
            "geonames": 1213500
        },
        "long": {
            "default": "Tebingtinggi"
        },
        "parent": 1213642,
        "lat": 3.3285,
        "lng": 99.1625,
        "country": "ID",
        "population": 117530
    },
    "1213547": {
        "ids": {
            "geonames": 1213547
        },
        "long": {
            "default": "Tanjungbalai"
        },
        "parent": 1213642,
        "lat": 2.96667,
        "lng": 99.8,
        "country": "ID",
        "population": 142506
    },
    "1213614": {
        "ids": {
            "geonames": 1213614
        },
        "long": {
            "default": "Sunggal"
        },
        "parent": 1213642,
        "lat": 3.5765,
        "lng": 98.6151,
        "country": "ID",
        "population": 157914
    },
    "1213855": {
        "ids": {
            "geonames": 1213855
        },
        "long": {
            "default": "Sibolga"
        },
        "parent": 1213642,
        "lat": 1.74016,
        "lng": 98.78117,
        "country": "ID",
        "population": 79714
    },
    "1214073": {
        "ids": {
            "geonames": 1214073
        },
        "long": {
            "default": "Rantauprapat"
        },
        "parent": 1213642,
        "lat": 2.1,
        "lng": 99.83333,
        "country": "ID",
        "population": 103009
    },
    "1214189": {
        "ids": {
            "geonames": 1214189
        },
        "long": {
            "default": "Percut"
        },
        "parent": 1213642,
        "lat": 3.6253,
        "lng": 98.864,
        "country": "ID",
        "population": 311063
    },
    "1214191": {
        "ids": {
            "geonames": 1214191
        },
        "long": {
            "default": "Perbaungan"
        },
        "parent": 1213642,
        "lat": 3.5679,
        "lng": 98.956,
        "country": "ID",
        "population": 157174
    },
    "1214204": {
        "ids": {
            "geonames": 1214204
        },
        "long": {
            "default": "Pematangsiantar"
        },
        "parent": 1213642,
        "lat": 2.9595,
        "lng": 99.0687,
        "country": "ID",
        "population": 209614
    },
    "1214369": {
        "ids": {
            "geonames": 1214369
        },
        "long": {
            "default": "Padangsidempuan"
        },
        "parent": 1213642,
        "lat": 1.37952,
        "lng": 99.27146,
        "country": "ID",
        "population": 100561
    },
    "1214520": {
        "ids": {
            "geonames": 1214520
        },
        "long": {
            "default": "Medan"
        },
        "parent": 1213642,
        "lat": 3.58333,
        "lng": 98.66667,
        "country": "ID",
        "population": 1750971
    },
    "1214658": {
        "ids": {
            "geonames": 1214658
        },
        "long": {
            "default": "Lhokseumawe"
        },
        "parent": 1215638,
        "lat": 5.1801,
        "lng": 97.1507,
        "country": "ID",
        "population": 88974
    },
    "1214724": {
        "ids": {
            "geonames": 1214724
        },
        "long": {
            "default": "Langsa"
        },
        "parent": 1215638,
        "lat": 4.4683,
        "lng": 97.9683,
        "country": "ID",
        "population": 54465
    },
    "1214882": {
        "ids": {
            "geonames": 1214882
        },
        "long": {
            "default": "Kisaran"
        },
        "parent": 1213642,
        "lat": 2.9845,
        "lng": 99.6158,
        "country": "ID",
        "population": 129911
    },
    "1214965": {
        "ids": {
            "geonames": 1214965
        },
        "long": {
            "default": "Kabanjahe"
        },
        "parent": 1213642,
        "lat": 3.1001,
        "lng": 98.4908,
        "country": "ID",
        "population": 57159
    },
    "1215355": {
        "ids": {
            "geonames": 1215355
        },
        "long": {
            "default": "Binjai"
        },
        "parent": 1213642,
        "lat": 3.6001,
        "lng": 98.4854,
        "country": "ID",
        "population": 228763
    },
    "1215412": {
        "ids": {
            "geonames": 1215412
        },
        "long": {
            "default": "Belawan"
        },
        "parent": 1213642,
        "lat": 3.7755,
        "lng": 98.6832,
        "country": "ID",
        "population": 102707
    },
    "1215502": {
        "ids": {
            "geonames": 1215502
        },
        "long": {
            "default": "Banda Aceh"
        },
        "parent": 1215638,
        "lat": 5.54167,
        "lng": 95.33333,
        "country": "ID",
        "population": 250757
    },
    "1621177": {
        "ids": {
            "geonames": 1621177
        },
        "long": {
            "default": "Yogyakarta"
        },
        "parent": 1621176,
        "lat": -7.80139,
        "lng": 110.36472,
        "country": "ID",
        "population": 636660
    },
    "1621395": {
        "ids": {
            "geonames": 1621395
        },
        "long": {
            "default": "Wonosobo"
        },
        "parent": 1642669,
        "lat": -7.35889,
        "lng": 109.90306,
        "country": "ID",
        "population": 92990
    },
    "1621613": {
        "ids": {
            "geonames": 1621613
        },
        "long": {
            "default": "Weru"
        },
        "parent": 1642672,
        "lat": -6.711,
        "lng": 108.5037,
        "country": "ID",
        "population": 139004
    },
    "1621655": {
        "ids": {
            "geonames": 1621655
        },
        "long": {
            "default": "Weleri"
        },
        "parent": 1642669,
        "lat": -6.9713,
        "lng": 110.0666,
        "country": "ID",
        "population": 58448
    },
    "1621678": {
        "ids": {
            "geonames": 1621678
        },
        "long": {
            "default": "Wedi"
        },
        "parent": 1642669,
        "lat": -7.74306,
        "lng": 110.57944,
        "country": "ID",
        "population": 55300
    },
    "1621884": {
        "ids": {
            "geonames": 1621884
        },
        "long": {
            "default": "Watampone"
        },
        "parent": 1626232,
        "lat": -4.5386,
        "lng": 120.3279,
        "country": "ID",
        "population": 81629
    },
    "1622636": {
        "ids": {
            "geonames": 1622636
        },
        "long": {
            "default": "Ungaran"
        },
        "parent": 1642669,
        "lat": -7.13972,
        "lng": 110.405,
        "country": "ID",
        "population": 127812
    },
    "1622786": {
        "ids": {
            "geonames": 1622786
        },
        "long": {
            "default": "Makassar"
        },
        "parent": 1626232,
        "lat": -5.14861,
        "lng": 119.43194,
        "country": "ID",
        "population": 1321717
    },
    "1623080": {
        "ids": {
            "geonames": 1623080
        },
        "long": {
            "default": "Tulungagung"
        },
        "parent": 1642668,
        "lat": -8.0657,
        "lng": 111.9025,
        "country": "ID",
        "population": 65262
    },
    "1623096": {
        "ids": {
            "geonames": 1623096
        },
        "long": {
            "default": "Tulangan Utara"
        },
        "parent": 1642668,
        "lat": -7.4737,
        "lng": 112.6505,
        "country": "ID",
        "population": 63889
    },
    "1623180": {
        "ids": {
            "geonames": 1623180
        },
        "long": {
            "default": "Tuban"
        },
        "parent": 1642668,
        "lat": -6.8976,
        "lng": 112.0649,
        "country": "ID",
        "population": 76242
    },
    "1624041": {
        "ids": {
            "geonames": 1624041
        },
        "long": {
            "default": "Ternate"
        },
        "parent": 1958070,
        "lat": 0.79065,
        "lng": 127.38424,
        "country": "ID",
        "population": 101731
    },
    "1624058": {
        "ids": {
            "geonames": 1624058
        },
        "long": {
            "default": "Terbanggi Besar"
        },
        "parent": 1638535,
        "lat": -4.87898,
        "lng": 105.21818,
        "country": "ID",
        "population": 52566
    },
    "1624494": {
        "ids": {
            "geonames": 1624494
        },
        "long": {
            "default": "Tegal"
        },
        "parent": 1642669,
        "lat": -6.8694,
        "lng": 109.1402,
        "country": "ID",
        "population": 237084
    },
    "1624647": {
        "ids": {
            "geonames": 1624647
        },
        "long": {
            "default": "Tasikmalaya"
        },
        "parent": 1642672,
        "lat": -7.3274,
        "lng": 108.2207,
        "country": "ID",
        "population": 271143
    },
    "1624668": {
        "ids": {
            "geonames": 1624668
        },
        "long": {
            "default": "Tarub"
        },
        "parent": 1642669,
        "lat": -6.93333,
        "lng": 109.16667,
        "country": "ID",
        "population": 75739
    },
    "1624725": {
        "ids": {
            "geonames": 1624725
        },
        "long": {
            "default": "Tarakan"
        },
        "parent": 8604684,
        "lat": 3.31332,
        "lng": 117.59152,
        "country": "ID",
        "population": 97478
    },
    "1624863": {
        "ids": {
            "geonames": 1624863
        },
        "long": {
            "default": "Tanjungpinang"
        },
        "parent": 1996551,
        "lat": 0.91667,
        "lng": 104.45833,
        "country": "ID",
        "population": 192493
    },
    "1624877": {
        "ids": {
            "geonames": 1624877
        },
        "long": {
            "default": "Tanjung Pandan"
        },
        "parent": 1923047,
        "lat": -2.73353,
        "lng": 107.63477,
        "country": "ID",
        "population": 62374
    },
    "1624917": {
        "ids": {
            "geonames": 1624917
        },
        "long": {
            "default": "Bandar Lampung"
        },
        "parent": 1638535,
        "lat": -5.42917,
        "lng": 105.26111,
        "country": "ID",
        "population": 800348
    },
    "1624987": {
        "ids": {
            "geonames": 1624987
        },
        "long": {
            "default": "Tanjungagung"
        },
        "parent": 1626196,
        "lat": -3.93728,
        "lng": 103.80465,
        "country": "ID",
        "population": 53117
    },
    "1625084": {
        "ids": {
            "geonames": 1625084
        },
        "long": {
            "default": "Tangerang"
        },
        "parent": 1923045,
        "lat": -6.17806,
        "lng": 106.63,
        "country": "ID",
        "population": 1372124
    },
    "1625812": {
        "ids": {
            "geonames": 1625812
        },
        "long": {
            "default": "Surakarta"
        },
        "parent": 1642669,
        "lat": -7.55611,
        "lng": 110.83167,
        "country": "ID",
        "population": 555308
    },
    "1625822": {
        "ids": {
            "geonames": 1625822
        },
        "long": {
            "default": "Surabaya"
        },
        "parent": 1642668,
        "lat": -7.24917,
        "lng": 112.75083,
        "country": "ID",
        "population": 2374658
    },
    "1625929": {
        "ids": {
            "geonames": 1625929
        },
        "long": {
            "default": "Sungai Penuh"
        },
        "parent": 1642856,
        "lat": -2.0561,
        "lng": 101.3913,
        "country": "ID",
        "population": 95913
    },
    "1625958": {
        "ids": {
            "geonames": 1625958
        },
        "long": {
            "default": "Sungailiat"
        },
        "parent": 1923047,
        "lat": -1.85442,
        "lng": 106.12215,
        "country": "ID",
        "population": 74719
    },
    "1626099": {
        "ids": {
            "geonames": 1626099
        },
        "long": {
            "default": "Sumenep"
        },
        "parent": 1642668,
        "lat": -7.01667,
        "lng": 113.86667,
        "country": "ID",
        "population": 84656
    },
    "1626100": {
        "ids": {
            "geonames": 1626100
        },
        "long": {
            "default": "Sumedang Utara"
        },
        "parent": false,
        "lat": -6.85,
        "lng": 107.91667,
        "country": "ID",
        "population": 206746
    },
    "1626183": {
        "ids": {
            "geonames": 1626183
        },
        "long": {
            "default": "Sumber"
        },
        "parent": 1642672,
        "lat": -6.76028,
        "lng": 108.48306,
        "country": "ID",
        "population": 93420
    },
    "1626185": {
        "ids": {
            "geonames": 1626185
        },
        "long": {
            "default": "Sumbawa Besar"
        },
        "parent": 1633792,
        "lat": -8.49317,
        "lng": 117.42024,
        "country": "ID",
        "population": 52654
    },
    "1626312": {
        "ids": {
            "geonames": 1626312
        },
        "long": {
            "default": "Sokaraja"
        },
        "parent": 1642669,
        "lat": -7.45806,
        "lng": 109.28806,
        "country": "ID",
        "population": 66482
    },
    "1626381": {
        "ids": {
            "geonames": 1626381
        },
        "long": {
            "default": "Sukabumi"
        },
        "parent": 1642672,
        "lat": -6.91806,
        "lng": 106.92667,
        "country": "ID",
        "population": 276414
    },
    "1626498": {
        "ids": {
            "geonames": 1626498
        },
        "long": {
            "default": "Sragen"
        },
        "parent": 1642669,
        "lat": -7.42639,
        "lng": 111.02222,
        "country": "ID",
        "population": 71522
    },
    "1626542": {
        "ids": {
            "geonames": 1626542
        },
        "long": {
            "default": "Sorong"
        },
        "parent": 1996549,
        "lat": -0.87956,
        "lng": 131.26104,
        "country": "ID",
        "population": 125535
    },
    "1626560": {
        "ids": {
            "geonames": 1626560
        },
        "long": {
            "default": "Soreang"
        },
        "parent": 1642672,
        "lat": -7.03306,
        "lng": 107.51833,
        "country": "ID",
        "population": 150932
    },
    "1626754": {
        "ids": {
            "geonames": 1626754
        },
        "long": {
            "default": "Sleman"
        },
        "parent": 1621176,
        "lat": -7.71556,
        "lng": 110.35556,
        "country": "ID",
        "population": 56215
    },
    "1626758": {
        "ids": {
            "geonames": 1626758
        },
        "long": {
            "default": "Slawi"
        },
        "parent": 1642669,
        "lat": -6.9816,
        "lng": 109.1407,
        "country": "ID",
        "population": 61206
    },
    "1626801": {
        "ids": {
            "geonames": 1626801
        },
        "long": {
            "default": "Situbondo"
        },
        "parent": 1642668,
        "lat": -7.70623,
        "lng": 114.00976,
        "country": "ID",
        "population": 600000
    },
    "1626899": {
        "ids": {
            "geonames": 1626899
        },
        "long": {
            "default": "Singosari"
        },
        "parent": 1642668,
        "lat": -7.8924,
        "lng": 112.6658,
        "country": "ID",
        "population": 57793
    },
    "1626916": {
        "ids": {
            "geonames": 1626916
        },
        "long": {
            "default": "Singkawang"
        },
        "parent": 1641900,
        "lat": 0.90925,
        "lng": 108.98463,
        "country": "ID",
        "population": 101838
    },
    "1626921": {
        "ids": {
            "geonames": 1626921
        },
        "long": {
            "default": "Sengkang"
        },
        "parent": 1626232,
        "lat": -4.1279,
        "lng": 120.0297,
        "country": "ID",
        "population": 59523
    },
    "1626932": {
        "ids": {
            "geonames": 1626932
        },
        "long": {
            "default": "Singaraja"
        },
        "parent": 1650535,
        "lat": -8.112,
        "lng": 115.08818,
        "country": "ID",
        "population": 133784
    },
    "1627253": {
        "ids": {
            "geonames": 1627253
        },
        "long": {
            "default": "Sidoarjo"
        },
        "parent": 1642668,
        "lat": -7.4478,
        "lng": 112.7183,
        "country": "ID",
        "population": 139189
    },
    "1627357": {
        "ids": {
            "geonames": 1627357
        },
        "long": {
            "default": "Sewon"
        },
        "parent": 1621176,
        "lat": -7.87639,
        "lng": 110.35889,
        "country": "ID",
        "population": 73585
    },
    "1627459": {
        "ids": {
            "geonames": 1627459
        },
        "long": {
            "default": "Serpong"
        },
        "parent": 1642672,
        "lat": -6.31694,
        "lng": 106.66417,
        "country": "ID",
        "population": 80193
    },
    "1627549": {
        "ids": {
            "geonames": 1627549
        },
        "long": {
            "default": "Serang"
        },
        "parent": 1923045,
        "lat": -6.11528,
        "lng": 106.15417,
        "country": "ID",
        "population": 164767
    },
    "1627610": {
        "ids": {
            "geonames": 1627610
        },
        "long": {
            "default": "Sepatan"
        },
        "parent": 1642672,
        "lat": -6.11889,
        "lng": 106.575,
        "country": "ID",
        "population": 118439
    },
    "1627896": {
        "ids": {
            "geonames": 1627896
        },
        "long": {
            "default": "Semarang"
        },
        "parent": 1642669,
        "lat": -6.99306,
        "lng": 110.42083,
        "country": "ID",
        "population": 1288084
    },
    "1628453": {
        "ids": {
            "geonames": 1628453
        },
        "long": {
            "default": "Sawangan"
        },
        "parent": 1642672,
        "lat": -6.40278,
        "lng": 106.77444,
        "country": "ID",
        "population": 114069
    },
    "1628884": {
        "ids": {
            "geonames": 1628884
        },
        "long": {
            "default": "Sampit"
        },
        "parent": 1641898,
        "lat": -2.5315,
        "lng": 112.9496,
        "country": "ID",
        "population": 66053
    },
    "1628899": {
        "ids": {
            "geonames": 1628899
        },
        "long": {
            "default": "Sampang"
        },
        "parent": 1642668,
        "lat": -7.1872,
        "lng": 113.2394,
        "country": "ID",
        "population": 53269
    },
    "1629001": {
        "ids": {
            "geonames": 1629001
        },
        "long": {
            "default": "Samarinda"
        },
        "parent": 1641897,
        "lat": -0.49167,
        "lng": 117.14583,
        "country": "ID",
        "population": 355160
    },
    "1629131": {
        "ids": {
            "geonames": 1629131
        },
        "long": {
            "default": "Salatiga"
        },
        "parent": 1642669,
        "lat": -7.33194,
        "lng": 110.49278,
        "country": "ID",
        "population": 172645
    },
    "1629710": {
        "ids": {
            "geonames": 1629710
        },
        "long": {
            "default": "Rengasdengklok"
        },
        "parent": 1642672,
        "lat": -6.15917,
        "lng": 107.29806,
        "country": "ID",
        "population": 201463
    },
    "1630058": {
        "ids": {
            "geonames": 1630058
        },
        "long": {
            "default": "Rangkasbitung"
        },
        "parent": 1923045,
        "lat": -6.3591,
        "lng": 106.2494,
        "country": "ID",
        "population": 126910
    },
    "1630328": {
        "ids": {
            "geonames": 1630328
        },
        "long": {
            "default": "Purwokerto"
        },
        "parent": 1642669,
        "lat": -7.42139,
        "lng": 109.23444,
        "country": "ID",
        "population": 217222
    },
    "1630333": {
        "ids": {
            "geonames": 1630333
        },
        "long": {
            "default": "Purwodadi"
        },
        "parent": 1642669,
        "lat": -7.0868,
        "lng": 110.9158,
        "country": "ID",
        "population": 150206
    },
    "1630341": {
        "ids": {
            "geonames": 1630341
        },
        "long": {
            "default": "Purwakarta"
        },
        "parent": 1642672,
        "lat": -6.55694,
        "lng": 107.44333,
        "country": "ID",
        "population": 215803
    },
    "1630366": {
        "ids": {
            "geonames": 1630366
        },
        "long": {
            "default": "Purbalingga"
        },
        "parent": 1642669,
        "lat": -7.38806,
        "lng": 109.36389,
        "country": "ID",
        "population": 56903
    },
    "1630634": {
        "ids": {
            "geonames": 1630634
        },
        "long": {
            "default": "Probolinggo"
        },
        "parent": 1642668,
        "lat": -7.7543,
        "lng": 113.2159,
        "country": "ID",
        "population": 181656
    },
    "1630789": {
        "ids": {
            "geonames": 1630789
        },
        "long": {
            "default": "Pontianak"
        },
        "parent": 1641900,
        "lat": -0.03194,
        "lng": 109.325,
        "country": "ID",
        "population": 455173
    },
    "1630798": {
        "ids": {
            "geonames": 1630798
        },
        "long": {
            "default": "Ponorogo"
        },
        "parent": 1642668,
        "lat": -7.8685,
        "lng": 111.462,
        "country": "ID",
        "population": 79026
    },
    "1630935": {
        "ids": {
            "geonames": 1630935
        },
        "long": {
            "default": "Polewali"
        },
        "parent": 1996550,
        "lat": -3.4324,
        "lng": 119.3435,
        "country": "ID",
        "population": 58190
    },
    "1630997": {
        "ids": {
            "geonames": 1630997
        },
        "long": {
            "default": "Plumbon"
        },
        "parent": 1642672,
        "lat": -6.705,
        "lng": 108.47278,
        "country": "ID",
        "population": 167105
    },
    "1631271": {
        "ids": {
            "geonames": 1631271
        },
        "long": {
            "default": "Petarukan"
        },
        "parent": 1642669,
        "lat": -6.88333,
        "lng": 109.43333,
        "country": "ID",
        "population": 74188
    },
    "1631393": {
        "ids": {
            "geonames": 1631393
        },
        "long": {
            "default": "Prabumulih"
        },
        "parent": 1626196,
        "lat": -3.43447,
        "lng": 104.23056,
        "country": "ID",
        "population": 103470
    },
    "1631648": {
        "ids": {
            "geonames": 1631648
        },
        "long": {
            "default": "Pemalang"
        },
        "parent": 1642669,
        "lat": -6.9,
        "lng": 109.36667,
        "country": "ID",
        "population": 184149
    },
    "1631761": {
        "ids": {
            "geonames": 1631761
        },
        "long": {
            "default": "Pekanbaru"
        },
        "parent": 1629652,
        "lat": 0.51667,
        "lng": 101.44167,
        "country": "ID",
        "population": 703956
    },
    "1631766": {
        "ids": {
            "geonames": 1631766
        },
        "long": {
            "default": "Pekalongan"
        },
        "parent": 1642669,
        "lat": -6.8886,
        "lng": 109.6753,
        "country": "ID",
        "population": 257945
    },
    "1631851": {
        "ids": {
            "geonames": 1631851
        },
        "long": {
            "default": "Pecangaan"
        },
        "parent": 1642669,
        "lat": -6.6978,
        "lng": 110.7107,
        "country": "ID",
        "population": 61046
    },
    "1631905": {
        "ids": {
            "geonames": 1631905
        },
        "long": {
            "default": "Payakumbuh"
        },
        "parent": 1626197,
        "lat": -0.2159,
        "lng": 100.6334,
        "country": "ID",
        "population": 121572
    },
    "1631992": {
        "ids": {
            "geonames": 1631992
        },
        "long": {
            "default": "Pati"
        },
        "parent": 1642669,
        "lat": -6.7559,
        "lng": 111.038,
        "country": "ID",
        "population": 122785
    },
    "1632033": {
        "ids": {
            "geonames": 1632033
        },
        "long": {
            "default": "Pasuruan"
        },
        "parent": 1642668,
        "lat": -7.6453,
        "lng": 112.9075,
        "country": "ID",
        "population": 158600
    },
    "1632197": {
        "ids": {
            "geonames": 1632197
        },
        "long": {
            "default": "Paseh"
        },
        "parent": 1642672,
        "lat": -7.1026,
        "lng": 107.7641,
        "country": "ID",
        "population": 126181
    },
    "1632228": {
        "ids": {
            "geonames": 1632228
        },
        "long": {
            "default": "Pasarkemis"
        },
        "parent": 1642672,
        "lat": -6.17028,
        "lng": 106.53028,
        "country": "ID",
        "population": 154234
    },
    "1632276": {
        "ids": {
            "geonames": 1632276
        },
        "long": {
            "default": "Parung"
        },
        "parent": 1642672,
        "lat": -6.42139,
        "lng": 106.73306,
        "country": "ID",
        "population": 193898
    },
    "1632334": {
        "ids": {
            "geonames": 1632334
        },
        "long": {
            "default": "Pariaman"
        },
        "parent": 1626197,
        "lat": -0.61898,
        "lng": 100.11997,
        "country": "ID",
        "population": 92183
    },
    "1632353": {
        "ids": {
            "geonames": 1632353
        },
        "long": {
            "default": "Parepare"
        },
        "parent": 1626232,
        "lat": -4.0135,
        "lng": 119.6255,
        "country": "ID",
        "population": 140000
    },
    "1632358": {
        "ids": {
            "geonames": 1632358
        },
        "long": {
            "default": "Pare"
        },
        "parent": 1642668,
        "lat": -7.7679,
        "lng": 112.198,
        "country": "ID",
        "population": 56699
    },
    "1632654": {
        "ids": {
            "geonames": 1632654
        },
        "long": {
            "default": "Pangkalpinang"
        },
        "parent": 1923047,
        "lat": -2.12914,
        "lng": 106.11377,
        "country": "ID",
        "population": 125933
    },
    "1632823": {
        "ids": {
            "geonames": 1632823
        },
        "long": {
            "default": "Pandeglang"
        },
        "parent": 1923045,
        "lat": -6.3084,
        "lng": 106.1067,
        "country": "ID",
        "population": 92316
    },
    "1632861": {
        "ids": {
            "geonames": 1632861
        },
        "long": {
            "default": "Pandak"
        },
        "parent": 1621176,
        "lat": -7.91306,
        "lng": 110.29361,
        "country": "ID",
        "population": 56043
    },
    "1632937": {
        "ids": {
            "geonames": 1632937
        },
        "long": {
            "default": "Pamulang"
        },
        "parent": 1642672,
        "lat": -6.34278,
        "lng": 106.73833,
        "country": "ID",
        "population": 174557
    },
    "1632978": {
        "ids": {
            "geonames": 1632978
        },
        "long": {
            "default": "Pamekasan"
        },
        "parent": 1642668,
        "lat": -7.1568,
        "lng": 113.4746,
        "country": "ID",
        "population": 92447
    },
    "1632998": {
        "ids": {
            "geonames": 1632998
        },
        "long": {
            "default": "Pamanukan"
        },
        "parent": 1642672,
        "lat": -6.28417,
        "lng": 107.81056,
        "country": "ID",
        "population": 114290
    },
    "1633034": {
        "ids": {
            "geonames": 1633034
        },
        "long": {
            "default": "Palu"
        },
        "parent": 1626231,
        "lat": -0.90833,
        "lng": 119.87083,
        "country": "ID",
        "population": 282431
    },
    "1633037": {
        "ids": {
            "geonames": 1633037
        },
        "long": {
            "default": "Palopo"
        },
        "parent": 1626232,
        "lat": -2.9925,
        "lng": 120.19694,
        "country": "ID",
        "population": 129273
    },
    "1633056": {
        "ids": {
            "geonames": 1633056
        },
        "long": {
            "default": "Palimanan"
        },
        "parent": 1642672,
        "lat": -6.70694,
        "lng": 108.42417,
        "country": "ID",
        "population": 92600
    },
    "1633070": {
        "ids": {
            "geonames": 1633070
        },
        "long": {
            "default": "Palembang"
        },
        "parent": 1626196,
        "lat": -2.91673,
        "lng": 104.7458,
        "country": "ID",
        "population": 1441500
    },
    "1633118": {
        "ids": {
            "geonames": 1633118
        },
        "long": {
            "default": "Palangkaraya"
        },
        "parent": 1641898,
        "lat": -2.20833,
        "lng": 113.91667,
        "country": "ID",
        "population": 148139
    },
    "1633308": {
        "ids": {
            "geonames": 1633308
        },
        "long": {
            "default": "Pageralam"
        },
        "parent": 1626196,
        "lat": -4.02177,
        "lng": 103.25093,
        "country": "ID",
        "population": 70386
    },
    "1633419": {
        "ids": {
            "geonames": 1633419
        },
        "long": {
            "default": "Padang"
        },
        "parent": 1626197,
        "lat": -0.94924,
        "lng": 100.35427,
        "country": "ID",
        "population": 840352
    },
    "1634131": {
        "ids": {
            "geonames": 1634131
        },
        "long": {
            "default": "Nganjuk"
        },
        "parent": 1642668,
        "lat": -7.6051,
        "lng": 111.9035,
        "country": "ID",
        "population": 69011
    },
    "1634718": {
        "ids": {
            "geonames": 1634718
        },
        "long": {
            "default": "Muncar"
        },
        "parent": 1642668,
        "lat": -8.43333,
        "lng": 114.33333,
        "country": "ID",
        "population": 64537
    },
    "1635111": {
        "ids": {
            "geonames": 1635111
        },
        "long": {
            "default": "Mojokerto"
        },
        "parent": 1642668,
        "lat": -7.4664,
        "lng": 112.4338,
        "country": "ID",
        "population": 112557
    },
    "1635283": {
        "ids": {
            "geonames": 1635283
        },
        "long": {
            "default": "Metro"
        },
        "parent": 1638535,
        "lat": -5.11306,
        "lng": 105.30667,
        "country": "ID",
        "population": 149526
    },
    "1635342": {
        "ids": {
            "geonames": 1635342
        },
        "long": {
            "default": "Mertoyudan"
        },
        "parent": 1642669,
        "lat": -7.52,
        "lng": 110.22639,
        "country": "ID",
        "population": 69871
    },
    "1635660": {
        "ids": {
            "geonames": 1635660
        },
        "long": {
            "default": "Melati"
        },
        "parent": 1621176,
        "lat": -7.73333,
        "lng": 110.36667,
        "country": "ID",
        "population": 67090
    },
    "1635882": {
        "ids": {
            "geonames": 1635882
        },
        "long": {
            "default": "Mataram"
        },
        "parent": 1633792,
        "lat": -8.58333,
        "lng": 116.11667,
        "country": "ID",
        "population": 318674
    },
    "1636022": {
        "ids": {
            "geonames": 1636022
        },
        "long": {
            "default": "Martapura"
        },
        "parent": 1641899,
        "lat": -3.4109,
        "lng": 114.8642,
        "country": "ID",
        "population": 131449
    },
    "1636125": {
        "ids": {
            "geonames": 1636125
        },
        "long": {
            "default": "Margahayukencana"
        },
        "parent": 1642672,
        "lat": -6.97083,
        "lng": 107.5675,
        "country": "ID",
        "population": 83119
    },
    "1636308": {
        "ids": {
            "geonames": 1636308
        },
        "long": {
            "default": "Manokwari"
        },
        "parent": 1996549,
        "lat": -0.86291,
        "lng": 134.06402,
        "country": "ID",
        "population": 53190
    },
    "1636507": {
        "ids": {
            "geonames": 1636507
        },
        "long": {
            "default": "Mendaha"
        },
        "parent": 1642856,
        "lat": -1.0163,
        "lng": 103.59331,
        "country": "ID",
        "population": 56268
    },
    "1636544": {
        "ids": {
            "geonames": 1636544
        },
        "long": {
            "default": "Manado"
        },
        "parent": 1626229,
        "lat": 1.48218,
        "lng": 124.84892,
        "country": "ID",
        "population": 451893
    },
    "1636722": {
        "ids": {
            "geonames": 1636722
        },
        "long": {
            "default": "Malang"
        },
        "parent": 1642668,
        "lat": -7.9797,
        "lng": 112.6304,
        "country": "ID",
        "population": 746716
    },
    "1636816": {
        "ids": {
            "geonames": 1636816
        },
        "long": {
            "default": "Majalengka"
        },
        "parent": 1642672,
        "lat": -6.83611,
        "lng": 108.22778,
        "country": "ID",
        "population": 87732
    },
    "1636884": {
        "ids": {
            "geonames": 1636884
        },
        "long": {
            "default": "Magelang"
        },
        "parent": 1642669,
        "lat": -7.47056,
        "lng": 110.21778,
        "country": "ID",
        "population": 111461
    },
    "1636930": {
        "ids": {
            "geonames": 1636930
        },
        "long": {
            "default": "Madiun"
        },
        "parent": 1642668,
        "lat": -7.6298,
        "lng": 111.5239,
        "country": "ID",
        "population": 186099
    },
    "1637090": {
        "ids": {
            "geonames": 1637090
        },
        "long": {
            "default": "Lumajang"
        },
        "parent": 1642668,
        "lat": -8.1335,
        "lng": 113.2248,
        "country": "ID",
        "population": 123626
    },
    "1637158": {
        "ids": {
            "geonames": 1637158
        },
        "long": {
            "default": "Lubuklinggau"
        },
        "parent": 1626196,
        "lat": -3.2945,
        "lng": 102.8614,
        "country": "ID",
        "population": 148243
    },
    "1637510": {
        "ids": {
            "geonames": 1637510
        },
        "long": {
            "default": "Loa Janan"
        },
        "parent": 1641897,
        "lat": -0.58295,
        "lng": 117.09503,
        "country": "ID",
        "population": 212816
    },
    "1638063": {
        "ids": {
            "geonames": 1638063
        },
        "long": {
            "default": "Lembang"
        },
        "parent": 1642672,
        "lat": -6.81167,
        "lng": 107.6175,
        "country": "ID",
        "population": 183130
    },
    "1638284": {
        "ids": {
            "geonames": 1638284
        },
        "long": {
            "default": "Lawang"
        },
        "parent": 1642668,
        "lat": -7.8353,
        "lng": 112.6947,
        "country": "ID",
        "population": 159380
    },
    "1638562": {
        "ids": {
            "geonames": 1638562
        },
        "long": {
            "default": "Lamongan"
        },
        "parent": 1642668,
        "lat": -7.11667,
        "lng": 112.41667,
        "country": "ID",
        "population": 59224
    },
    "1638775": {
        "ids": {
            "geonames": 1638775
        },
        "long": {
            "default": "Lahat"
        },
        "parent": 1626196,
        "lat": -3.78514,
        "lng": 103.54279,
        "country": "ID",
        "population": 65906
    },
    "1638868": {
        "ids": {
            "geonames": 1638868
        },
        "long": {
            "default": "Labuan Bajo"
        },
        "parent": 1633791,
        "lat": -8.4964,
        "lng": 119.8877,
        "country": "ID",
        "population": 188724
    },
    "1639094": {
        "ids": {
            "geonames": 1639094
        },
        "long": {
            "default": "Kuningan"
        },
        "parent": 1642672,
        "lat": -6.97583,
        "lng": 108.48306,
        "country": "ID",
        "population": 72085
    },
    "1639215": {
        "ids": {
            "geonames": 1639215
        },
        "long": {
            "default": "Kudus"
        },
        "parent": 1642669,
        "lat": -6.8048,
        "lng": 110.8405,
        "country": "ID",
        "population": 92156
    },
    "1639362": {
        "ids": {
            "geonames": 1639362
        },
        "long": {
            "default": "Kresek"
        },
        "parent": 1642672,
        "lat": -6.13139,
        "lng": 106.37972,
        "country": "ID",
        "population": 110182
    },
    "1639900": {
        "ids": {
            "geonames": 1639900
        },
        "long": {
            "default": "Klaten"
        },
        "parent": 1642669,
        "lat": -7.70583,
        "lng": 110.60639,
        "country": "ID",
        "population": 126831
    },
    "1639925": {
        "ids": {
            "geonames": 1639925
        },
        "long": {
            "default": "Klangenan"
        },
        "parent": 1642672,
        "lat": -6.70944,
        "lng": 108.44,
        "country": "ID",
        "population": 88378
    },
    "1640185": {
        "ids": {
            "geonames": 1640185
        },
        "long": {
            "default": "Kertosono"
        },
        "parent": 1642668,
        "lat": -7.58333,
        "lng": 112.1,
        "country": "ID",
        "population": 60782
    },
    "1640296": {
        "ids": {
            "geonames": 1640296
        },
        "long": {
            "default": "Kepanjen"
        },
        "parent": 1642668,
        "lat": -8.1303,
        "lng": 112.5727,
        "country": "ID",
        "population": 51919
    },
    "1640344": {
        "ids": {
            "geonames": 1640344
        },
        "long": {
            "default": "Kendari"
        },
        "parent": 1626230,
        "lat": -3.9778,
        "lng": 122.51507,
        "country": "ID",
        "population": 195006
    },
    "1640581": {
        "ids": {
            "geonames": 1640581
        },
        "long": {
            "default": "Kedungwuni"
        },
        "parent": 1642669,
        "lat": -6.97038,
        "lng": 109.64794,
        "country": "ID",
        "population": 117249
    },
    "1640585": {
        "ids": {
            "geonames": 1640585
        },
        "long": {
            "default": "Kedungwaru"
        },
        "parent": 1642668,
        "lat": -8.06667,
        "lng": 111.91667,
        "country": "ID",
        "population": 80257
    },
    "1640660": {
        "ids": {
            "geonames": 1640660
        },
        "long": {
            "default": "Kediri"
        },
        "parent": 1642668,
        "lat": -7.81667,
        "lng": 112.01667,
        "country": "ID",
        "population": 235143
    },
    "1640765": {
        "ids": {
            "geonames": 1640765
        },
        "long": {
            "default": "Kebomas"
        },
        "parent": 1642668,
        "lat": -7.16667,
        "lng": 112.6333,
        "country": "ID",
        "population": 75982
    },
    "1640902": {
        "ids": {
            "geonames": 1640902
        },
        "long": {
            "default": "Kawalu"
        },
        "parent": 1642672,
        "lat": -7.3817,
        "lng": 108.2082,
        "country": "ID",
        "population": 50541
    },
    "1641184": {
        "ids": {
            "geonames": 1641184
        },
        "long": {
            "default": "Karangsembung"
        },
        "parent": 1642672,
        "lat": -6.8487,
        "lng": 108.6422,
        "country": "ID",
        "population": 75856
    },
    "1641333": {
        "ids": {
            "geonames": 1641333
        },
        "long": {
            "default": "Karanganom"
        },
        "parent": 1642669,
        "lat": -7.64889,
        "lng": 110.625,
        "country": "ID",
        "population": 50670
    },
    "1642414": {
        "ids": {
            "geonames": 1642414
        },
        "long": {
            "default": "Jombang"
        },
        "parent": 1642668,
        "lat": -7.54595,
        "lng": 112.23307,
        "country": "ID",
        "population": 126465
    },
    "1642588": {
        "ids": {
            "geonames": 1642588
        },
        "long": {
            "default": "Jember"
        },
        "parent": 1642668,
        "lat": -8.17211,
        "lng": 113.69953,
        "country": "ID",
        "population": 298585
    },
    "1642684": {
        "ids": {
            "geonames": 1642684
        },
        "long": {
            "default": "Jatiwangi"
        },
        "parent": 1642672,
        "lat": -6.73361,
        "lng": 108.26278,
        "country": "ID",
        "population": 57973
    },
    "1642692": {
        "ids": {
            "geonames": 1642692
        },
        "long": {
            "default": "Jatiroto"
        },
        "parent": 1642669,
        "lat": -7.88333,
        "lng": 111.11667,
        "country": "ID",
        "population": 50059
    },
    "1642726": {
        "ids": {
            "geonames": 1642726
        },
        "long": {
            "default": "Jatibarang"
        },
        "parent": 1642672,
        "lat": -6.47472,
        "lng": 108.31528,
        "country": "ID",
        "population": 73010
    },
    "1642858": {
        "ids": {
            "geonames": 1642858
        },
        "long": {
            "default": "Jambi City"
        },
        "parent": 1642856,
        "lat": -1.6,
        "lng": 103.61667,
        "country": "ID",
        "population": 420323
    },
    "1642911": {
        "ids": {
            "geonames": 1642911
        },
        "long": {
            "default": "Jakarta"
        },
        "parent": 1642907,
        "lat": -6.21462,
        "lng": 106.84513,
        "country": "ID",
        "population": 8540121
    },
    "1643078": {
        "ids": {
            "geonames": 1643078
        },
        "long": {
            "default": "Indramayu"
        },
        "parent": 1642672,
        "lat": -6.32639,
        "lng": 108.32,
        "country": "ID",
        "population": 123263
    },
    "1643761": {
        "ids": {
            "geonames": 1643761
        },
        "long": {
            "default": "Grogol"
        },
        "parent": 1642669,
        "lat": -7.60111,
        "lng": 110.81861,
        "country": "ID",
        "population": 100613
    },
    "1643776": {
        "ids": {
            "geonames": 1643776
        },
        "long": {
            "default": "Gresik"
        },
        "parent": 1642668,
        "lat": -7.15389,
        "lng": 112.65611,
        "country": "ID",
        "population": 73629
    },
    "1643837": {
        "ids": {
            "geonames": 1643837
        },
        "long": {
            "default": "Gorontalo"
        },
        "parent": 1923046,
        "lat": 0.5375,
        "lng": 123.0625,
        "country": "ID",
        "population": 144195
    },
    "1643981": {
        "ids": {
            "geonames": 1643981
        },
        "long": {
            "default": "Godean"
        },
        "parent": 1621176,
        "lat": -7.76972,
        "lng": 110.29389,
        "country": "ID",
        "population": 63164
    },
    "1644178": {
        "ids": {
            "geonames": 1644178
        },
        "long": {
            "default": "Genteng"
        },
        "parent": 1642668,
        "lat": -8.36667,
        "lng": 114.15,
        "country": "ID",
        "population": 79652
    },
    "1644349": {
        "ids": {
            "geonames": 1644349
        },
        "long": {
            "default": "Gedangan"
        },
        "parent": 1642668,
        "lat": -7.39083,
        "lng": 112.72667,
        "country": "ID",
        "population": 79230
    },
    "1644605": {
        "ids": {
            "geonames": 1644605
        },
        "long": {
            "default": "Galesong"
        },
        "parent": 1626232,
        "lat": -5.3166,
        "lng": 119.3661,
        "country": "ID",
        "population": 83050
    },
    "1644932": {
        "ids": {
            "geonames": 1644932
        },
        "long": {
            "default": "Ende"
        },
        "parent": 1633791,
        "lat": -8.8432,
        "lng": 121.6623,
        "country": "ID",
        "population": 77205
    },
    "1645133": {
        "ids": {
            "geonames": 1645133
        },
        "long": {
            "default": "Dumai"
        },
        "parent": 1629652,
        "lat": 1.66711,
        "lng": 101.44316,
        "country": "ID",
        "population": 143760
    },
    "1645154": {
        "ids": {
            "geonames": 1645154
        },
        "long": {
            "default": "Dukuhturi"
        },
        "parent": 1642669,
        "lat": -6.9,
        "lng": 109.08333,
        "country": "ID",
        "population": 98074
    },
    "1645518": {
        "ids": {
            "geonames": 1645518
        },
        "long": {
            "default": "Depok"
        },
        "parent": 1621176,
        "lat": -7.7625,
        "lng": 110.43167,
        "country": "ID",
        "population": 104527
    },
    "1645524": {
        "ids": {
            "geonames": 1645524
        },
        "long": {
            "default": "Depok"
        },
        "parent": 1642672,
        "lat": -6.4,
        "lng": 106.81861,
        "country": "ID",
        "population": 1198129
    },
    "1645528": {
        "ids": {
            "geonames": 1645528
        },
        "long": {
            "default": "Denpasar"
        },
        "parent": 1650535,
        "lat": -8.65,
        "lng": 115.21667,
        "country": "ID",
        "population": 834881
    },
    "1645895": {
        "ids": {
            "geonames": 1645895
        },
        "long": {
            "default": "Curug"
        },
        "parent": 1923045,
        "lat": -6.26583,
        "lng": 106.55639,
        "country": "ID",
        "population": 191406
    },
    "1645976": {
        "ids": {
            "geonames": 1645976
        },
        "long": {
            "default": "Comal"
        },
        "parent": 1642669,
        "lat": -6.9053,
        "lng": 109.5347,
        "country": "ID",
        "population": 51092
    },
    "1646034": {
        "ids": {
            "geonames": 1646034
        },
        "long": {
            "default": "Citeureup"
        },
        "parent": 1642672,
        "lat": -6.48556,
        "lng": 106.88194,
        "country": "ID",
        "population": 110155
    },
    "1646170": {
        "ids": {
            "geonames": 1646170
        },
        "long": {
            "default": "Cirebon"
        },
        "parent": 1642672,
        "lat": -6.7063,
        "lng": 108.557,
        "country": "ID",
        "population": 254298
    },
    "1646194": {
        "ids": {
            "geonames": 1646194
        },
        "long": {
            "default": "Ciputat"
        },
        "parent": 1642672,
        "lat": -6.2375,
        "lng": 106.69556,
        "country": "ID",
        "population": 207858
    },
    "1646448": {
        "ids": {
            "geonames": 1646448
        },
        "long": {
            "default": "Cimahi"
        },
        "parent": 1642672,
        "lat": -6.87222,
        "lng": 107.5425,
        "country": "ID",
        "population": 493698
    },
    "1646492": {
        "ids": {
            "geonames": 1646492
        },
        "long": {
            "default": "Cileunyi"
        },
        "parent": 1642672,
        "lat": -6.93889,
        "lng": 107.75278,
        "country": "ID",
        "population": 111476
    },
    "1646494": {
        "ids": {
            "geonames": 1646494
        },
        "long": {
            "default": "Cileungsir"
        },
        "parent": 1642672,
        "lat": -6.39472,
        "lng": 106.95917,
        "country": "ID",
        "population": 202190
    },
    "1646678": {
        "ids": {
            "geonames": 1646678
        },
        "long": {
            "default": "Cikarang"
        },
        "parent": 1642672,
        "lat": -6.26111,
        "lng": 107.15278,
        "country": "ID",
        "population": 106479
    },
    "1646698": {
        "ids": {
            "geonames": 1646698
        },
        "long": {
            "default": "Cikampek"
        },
        "parent": 1642672,
        "lat": -6.41972,
        "lng": 107.45583,
        "country": "ID",
        "population": 145620
    },
    "1646893": {
        "ids": {
            "geonames": 1646893
        },
        "long": {
            "default": "Cicurug"
        },
        "parent": 1642672,
        "lat": -6.78139,
        "lng": 106.7825,
        "country": "ID",
        "population": 88965
    },
    "1647003": {
        "ids": {
            "geonames": 1647003
        },
        "long": {
            "default": "Cibinong"
        },
        "parent": 1642672,
        "lat": -6.48167,
        "lng": 106.85417,
        "country": "ID",
        "population": 188663
    },
    "1647149": {
        "ids": {
            "geonames": 1647149
        },
        "long": {
            "default": "Ciamis"
        },
        "parent": 1642672,
        "lat": -7.3257,
        "lng": 108.3534,
        "country": "ID",
        "population": 123637
    },
    "1647179": {
        "ids": {
            "geonames": 1647179
        },
        "long": {
            "default": "Cepu"
        },
        "parent": 1642669,
        "lat": -7.1475,
        "lng": 111.5906,
        "country": "ID",
        "population": 55055
    },
    "1647298": {
        "ids": {
            "geonames": 1647298
        },
        "long": {
            "default": "Caringin"
        },
        "parent": 1642672,
        "lat": -6.70611,
        "lng": 106.82139,
        "country": "ID",
        "population": 91845
    },
    "1647383": {
        "ids": {
            "geonames": 1647383
        },
        "long": {
            "default": "Ciampea"
        },
        "parent": 1642672,
        "lat": -6.55472,
        "lng": 106.70083,
        "country": "ID",
        "population": 207212
    },
    "1647866": {
        "ids": {
            "geonames": 1647866
        },
        "long": {
            "default": "Bukittinggi"
        },
        "parent": 1626197,
        "lat": -0.30907,
        "lng": 100.37055,
        "country": "ID",
        "population": 98746
    },
    "1648084": {
        "ids": {
            "geonames": 1648084
        },
        "long": {
            "default": "Boyolali"
        },
        "parent": 1642669,
        "lat": -7.53306,
        "lng": 110.59583,
        "country": "ID",
        "population": 59851
    },
    "1648186": {
        "ids": {
            "geonames": 1648186
        },
        "long": {
            "default": "Bontang"
        },
        "parent": 1641897,
        "lat": 0.1324,
        "lng": 117.4854,
        "country": "ID",
        "population": 101691
    },
    "1648266": {
        "ids": {
            "geonames": 1648266
        },
        "long": {
            "default": "Bondowoso"
        },
        "parent": 1642668,
        "lat": -7.91346,
        "lng": 113.82145,
        "country": "ID",
        "population": 69783
    },
    "1648451": {
        "ids": {
            "geonames": 1648451
        },
        "long": {
            "default": "Bojonegoro"
        },
        "parent": 1642668,
        "lat": -7.1502,
        "lng": 111.8817,
        "country": "ID",
        "population": 86568
    },
    "1648473": {
        "ids": {
            "geonames": 1648473
        },
        "long": {
            "default": "Bogor"
        },
        "parent": 1642672,
        "lat": -6.59444,
        "lng": 106.78917,
        "country": "ID",
        "population": 800000
    },
    "1648568": {
        "ids": {
            "geonames": 1648568
        },
        "long": {
            "default": "Blora"
        },
        "parent": 1642669,
        "lat": -6.9698,
        "lng": 111.4186,
        "country": "ID",
        "population": 51811
    },
    "1648580": {
        "ids": {
            "geonames": 1648580
        },
        "long": {
            "default": "Blitar"
        },
        "parent": 1642668,
        "lat": -8.0983,
        "lng": 112.1681,
        "country": "ID",
        "population": 132416
    },
    "1648636": {
        "ids": {
            "geonames": 1648636
        },
        "long": {
            "default": "Bitung"
        },
        "parent": 1626229,
        "lat": 1.45697,
        "lng": 125.1895,
        "country": "ID",
        "population": 137364
    },
    "1648759": {
        "ids": {
            "geonames": 1648759
        },
        "long": {
            "default": "Bima"
        },
        "parent": 1633792,
        "lat": -8.46006,
        "lng": 118.72667,
        "country": "ID",
        "population": 66970
    },
    "1648918": {
        "ids": {
            "geonames": 1648918
        },
        "long": {
            "default": "Besuki"
        },
        "parent": 1642668,
        "lat": -7.73379,
        "lng": 113.69785,
        "country": "ID",
        "population": 55465
    },
    "1649150": {
        "ids": {
            "geonames": 1649150
        },
        "long": {
            "default": "Bengkulu"
        },
        "parent": 1649147,
        "lat": -3.80044,
        "lng": 102.26554,
        "country": "ID",
        "population": 309712
    },
    "1649378": {
        "ids": {
            "geonames": 1649378
        },
        "long": {
            "default": "Bekasi"
        },
        "parent": 1642672,
        "lat": -6.2349,
        "lng": 106.9896,
        "country": "ID",
        "population": 1520119
    },
    "1649593": {
        "ids": {
            "geonames": 1649593
        },
        "long": {
            "default": "Baturaja"
        },
        "parent": 1626196,
        "lat": -4.12891,
        "lng": 104.16695,
        "country": "ID",
        "population": 134759
    },
    "1649824": {
        "ids": {
            "geonames": 1649824
        },
        "long": {
            "default": "Batu"
        },
        "parent": 1642668,
        "lat": -7.87,
        "lng": 112.52833,
        "country": "ID",
        "population": 75631
    },
    "1649881": {
        "ids": {
            "geonames": 1649881
        },
        "long": {
            "default": "Batang"
        },
        "parent": 1642669,
        "lat": -6.4846,
        "lng": 110.7083,
        "country": "ID",
        "population": 115537
    },
    "1650064": {
        "ids": {
            "geonames": 1650064
        },
        "long": {
            "default": "Barabai"
        },
        "parent": 1641899,
        "lat": -2.58333,
        "lng": 115.38333,
        "country": "ID",
        "population": 60192
    },
    "1650077": {
        "ids": {
            "geonames": 1650077
        },
        "long": {
            "default": "Banyuwangi"
        },
        "parent": 1642668,
        "lat": -8.2325,
        "lng": 114.35755,
        "country": "ID",
        "population": 108166
    },
    "1650119": {
        "ids": {
            "geonames": 1650119
        },
        "long": {
            "default": "Bantul"
        },
        "parent": 1621176,
        "lat": -7.88806,
        "lng": 110.32889,
        "country": "ID",
        "population": 58653
    },
    "1650213": {
        "ids": {
            "geonames": 1650213
        },
        "long": {
            "default": "Banjarmasin"
        },
        "parent": 1641899,
        "lat": -3.31987,
        "lng": 114.59075,
        "country": "ID",
        "population": 572837
    },
    "1650227": {
        "ids": {
            "geonames": 1650227
        },
        "long": {
            "default": "Banjaran"
        },
        "parent": 1642672,
        "lat": -7.04528,
        "lng": 107.58778,
        "country": "ID",
        "population": 164952
    },
    "1650232": {
        "ids": {
            "geonames": 1650232
        },
        "long": {
            "default": "Banjar"
        },
        "parent": 1650535,
        "lat": -8.19,
        "lng": 114.9675,
        "country": "ID",
        "population": 89040
    },
    "1650298": {
        "ids": {
            "geonames": 1650298
        },
        "long": {
            "default": "Bangkalan"
        },
        "parent": 1642668,
        "lat": -7.0455,
        "lng": 112.7351,
        "country": "ID",
        "population": 62178
    },
    "1650319": {
        "ids": {
            "geonames": 1650319
        },
        "long": {
            "default": "Bangil"
        },
        "parent": 1642668,
        "lat": -7.59939,
        "lng": 112.8186,
        "country": "ID",
        "population": 120000
    },
    "1650357": {
        "ids": {
            "geonames": 1650357
        },
        "long": {
            "default": "Bandung"
        },
        "parent": 1642672,
        "lat": -6.92222,
        "lng": 107.60694,
        "country": "ID",
        "population": 1699719
    },
    "1650527": {
        "ids": {
            "geonames": 1650527
        },
        "long": {
            "default": "Balikpapan"
        },
        "parent": 1641897,
        "lat": -1.26753,
        "lng": 116.82887,
        "country": "ID",
        "population": 433866
    },
    "1650600": {
        "ids": {
            "geonames": 1650600
        },
        "long": {
            "default": "Balaipungut"
        },
        "parent": 1629652,
        "lat": 1.05949,
        "lng": 101.29054,
        "country": "ID",
        "population": 56452
    },
    "1650670": {
        "ids": {
            "geonames": 1650670
        },
        "long": {
            "default": "Baki"
        },
        "parent": 1642669,
        "lat": -7.61278,
        "lng": 110.78389,
        "country": "ID",
        "population": 58909
    },
    "1650815": {
        "ids": {
            "geonames": 1650815
        },
        "long": {
            "default": "Baekrajan"
        },
        "parent": 1642669,
        "lat": -6.7674,
        "lng": 110.8541,
        "country": "ID",
        "population": 57920
    },
    "1651112": {
        "ids": {
            "geonames": 1651112
        },
        "long": {
            "default": "Astanajapura"
        },
        "parent": 1642672,
        "lat": -6.8017,
        "lng": 108.6311,
        "country": "ID",
        "population": 148047
    },
    "1651226": {
        "ids": {
            "geonames": 1651226
        },
        "long": {
            "default": "Arjawinangun"
        },
        "parent": 1642672,
        "lat": -6.64528,
        "lng": 108.41028,
        "country": "ID",
        "population": 105845
    },
    "1651461": {
        "ids": {
            "geonames": 1651461
        },
        "long": {
            "default": "Amuntai"
        },
        "parent": 1641899,
        "lat": -2.41773,
        "lng": 115.24941,
        "country": "ID",
        "population": 55560
    },
    "1651531": {
        "ids": {
            "geonames": 1651531
        },
        "long": {
            "default": "Ambon"
        },
        "parent": 1636627,
        "lat": -3.69583,
        "lng": 128.18333,
        "country": "ID",
        "population": 355596
    },
    "1651555": {
        "ids": {
            "geonames": 1651555
        },
        "long": {
            "default": "Ambarawa"
        },
        "parent": 1642669,
        "lat": -7.26333,
        "lng": 110.3975,
        "country": "ID",
        "population": 84379
    },
    "1651887": {
        "ids": {
            "geonames": 1651887
        },
        "long": {
            "default": "Adiwerna"
        },
        "parent": 1642669,
        "lat": -6.9375,
        "lng": 109.1325,
        "country": "ID",
        "population": 134188
    },
    "1963770": {
        "ids": {
            "geonames": 1963770
        },
        "long": {
            "default": "Padalarang"
        },
        "parent": 1642672,
        "lat": -6.83778,
        "lng": 107.47278,
        "country": "ID",
        "population": 124946
    },
    "1964032": {
        "ids": {
            "geonames": 1964032
        },
        "long": {
            "default": "Ciranjang-hilir"
        },
        "parent": 1642672,
        "lat": -6.82,
        "lng": 107.25722,
        "country": "ID",
        "population": 77758
    },
    "1985663": {
        "ids": {
            "geonames": 1985663
        },
        "long": {
            "default": "Cikupa"
        },
        "parent": 1642672,
        "lat": -6.23639,
        "lng": 106.50833,
        "country": "ID",
        "population": 174041
    },
    "1990589": {
        "ids": {
            "geonames": 1990589
        },
        "long": {
            "default": "Teluknaga"
        },
        "parent": 1642672,
        "lat": -6.09889,
        "lng": 106.63806,
        "country": "ID",
        "population": 128275
    },
    "2005057": {
        "ids": {
            "geonames": 2005057
        },
        "long": {
            "default": "Gamping Lor"
        },
        "parent": 1621176,
        "lat": -7.79556,
        "lng": 110.32639,
        "country": "ID",
        "population": 66110
    },
    "2005237": {
        "ids": {
            "geonames": 2005237
        },
        "long": {
            "default": "Kasihan"
        },
        "parent": 1621176,
        "lat": -7.82694,
        "lng": 110.32917,
        "country": "ID",
        "population": 86234
    },
    "2010985": {
        "ids": {
            "geonames": 2010985
        },
        "long": {
            "default": "Kartasura"
        },
        "parent": 1642669,
        "lat": -7.55194,
        "lng": 110.73778,
        "country": "ID",
        "population": 88927
    },
    "2057087": {
        "ids": {
            "geonames": 2057087
        },
        "long": {
            "default": "Kupang"
        },
        "parent": 1633791,
        "lat": -10.17083,
        "lng": 123.60694,
        "country": "ID",
        "population": 282396
    },
    "2082600": {
        "ids": {
            "geonames": 2082600
        },
        "long": {
            "default": "Jayapura"
        },
        "parent": 1643012,
        "lat": -2.53371,
        "lng": 140.71813,
        "country": "ID",
        "population": 134895
    },
    "2082727": {
        "ids": {
            "geonames": 2082727
        },
        "long": {
            "default": "Abepura"
        },
        "parent": 1643012,
        "lat": -2.5964,
        "lng": 140.6324,
        "country": "ID",
        "population": 62248
    },
    "8224624": {
        "ids": {
            "geonames": 8224624
        },
        "long": {
            "default": "City of Balikpapan"
        },
        "parent": 1641897,
        "lat": -1.24204,
        "lng": 116.89419,
        "country": "ID",
        "population": 700000
    },
    "8581443": {
        "ids": {
            "geonames": 8581443
        },
        "long": {
            "default": "South Tangerang"
        },
        "parent": 1923045,
        "lat": -6.28862,
        "lng": 106.71789,
        "country": "ID",
        "population": 1303569
    }
}