{
    "2961284": {
        "ids": {
            "geonames": 2961284
        },
        "long": {
            "default": "Tallaght"
        },
        "parent": 7521314,
        "lat": 53.2859,
        "lng": -6.37344,
        "country": "IE",
        "population": 64282
    },
    "2962943": {
        "ids": {
            "geonames": 2962943
        },
        "long": {
            "default": "Luimneach"
        },
        "parent": 7521315,
        "lat": 52.66472,
        "lng": -8.62306,
        "country": "IE",
        "population": 90054
    },
    "2964180": {
        "ids": {
            "geonames": 2964180
        },
        "long": {
            "default": "Gaillimh"
        },
        "parent": 7521313,
        "lat": 53.27194,
        "lng": -9.04889,
        "country": "IE",
        "population": 70686
    },
    "2964506": {
        "ids": {
            "geonames": 2964506
        },
        "long": {
            "default": "Dún Laoghaire"
        },
        "parent": 7521314,
        "lat": 53.29395,
        "lng": -6.13586,
        "country": "IE",
        "population": 185400
    },
    "2964574": {
        "ids": {
            "geonames": 2964574
        },
        "long": {
            "default": "Dublin"
        },
        "parent": 7521314,
        "lat": 53.33306,
        "lng": -6.24889,
        "country": "IE",
        "population": 1024027
    },
    "2965140": {
        "ids": {
            "geonames": 2965140
        },
        "long": {
            "default": "Cork"
        },
        "parent": 7521315,
        "lat": 51.89797,
        "lng": -8.47061,
        "country": "IE",
        "population": 190384
    }
}