{
    "281184": {
        "ids": {
            "geonames": 281184
        },
        "long": {
            "default": "Jerusalem"
        },
        "parent": 293198,
        "lat": 31.76904,
        "lng": 35.21633,
        "country": "IL",
        "population": 801000
    },
    "293253": {
        "ids": {
            "geonames": 293253
        },
        "long": {
            "default": "Yafo"
        },
        "parent": 293396,
        "lat": 32.05043,
        "lng": 34.75224,
        "country": "IL",
        "population": 100000
    },
    "293397": {
        "ids": {
            "geonames": 293397
        },
        "long": {
            "default": "Tel Aviv"
        },
        "parent": 293396,
        "lat": 32.08088,
        "lng": 34.78057,
        "country": "IL",
        "population": 250000
    },
    "293703": {
        "ids": {
            "geonames": 293703
        },
        "long": {
            "default": "Rishon LeẔiyyon"
        },
        "parent": 294904,
        "lat": 31.97102,
        "lng": 34.78939,
        "country": "IL",
        "population": 220492
    },
    "293768": {
        "ids": {
            "geonames": 293768
        },
        "long": {
            "default": "Ramla"
        },
        "parent": 294904,
        "lat": 31.92923,
        "lng": 34.86563,
        "country": "IL",
        "population": 63860
    },
    "293788": {
        "ids": {
            "geonames": 293788
        },
        "long": {
            "default": "Ramat Gan"
        },
        "parent": 293396,
        "lat": 32.08227,
        "lng": 34.81065,
        "country": "IL",
        "population": 128095
    },
    "293807": {
        "ids": {
            "geonames": 293807
        },
        "long": {
            "default": "Ra'anana"
        },
        "parent": 294904,
        "lat": 32.1836,
        "lng": 34.87386,
        "country": "IL",
        "population": 80000
    },
    "293918": {
        "ids": {
            "geonames": 293918
        },
        "long": {
            "default": "Petaẖ Tiqwa"
        },
        "parent": 294904,
        "lat": 32.08707,
        "lng": 34.88747,
        "country": "IL",
        "population": 200000
    },
    "294071": {
        "ids": {
            "geonames": 294071
        },
        "long": {
            "default": "Netanya"
        },
        "parent": 294904,
        "lat": 32.33291,
        "lng": 34.85992,
        "country": "IL",
        "population": 171676
    },
    "294098": {
        "ids": {
            "geonames": 294098
        },
        "long": {
            "default": "Nazareth"
        },
        "parent": 294824,
        "lat": 32.69925,
        "lng": 35.30483,
        "country": "IL",
        "population": 64800
    },
    "294117": {
        "ids": {
            "geonames": 294117
        },
        "long": {
            "default": "Nahariya"
        },
        "parent": 294824,
        "lat": 33.01135,
        "lng": 35.09467,
        "country": "IL",
        "population": 51200
    },
    "294421": {
        "ids": {
            "geonames": 294421
        },
        "long": {
            "default": "Lod"
        },
        "parent": 294904,
        "lat": 31.9467,
        "lng": 34.8903,
        "country": "IL",
        "population": 66589
    },
    "294514": {
        "ids": {
            "geonames": 294514
        },
        "long": {
            "default": "Kfar Saba"
        },
        "parent": 294904,
        "lat": 32.175,
        "lng": 34.90694,
        "country": "IL",
        "population": 80773
    },
    "294751": {
        "ids": {
            "geonames": 294751
        },
        "long": {
            "default": "H̱olon"
        },
        "parent": 293396,
        "lat": 32.01034,
        "lng": 34.77918,
        "country": "IL",
        "population": 165787
    },
    "294778": {
        "ids": {
            "geonames": 294778
        },
        "long": {
            "default": "Herzliyya"
        },
        "parent": 293396,
        "lat": 32.16627,
        "lng": 34.82536,
        "country": "IL",
        "population": 83600
    },
    "294801": {
        "ids": {
            "geonames": 294801
        },
        "long": {
            "default": "Haifa"
        },
        "parent": 294800,
        "lat": 32.81841,
        "lng": 34.9885,
        "country": "IL",
        "population": 267300
    },
    "294946": {
        "ids": {
            "geonames": 294946
        },
        "long": {
            "default": "H̱adera"
        },
        "parent": 294800,
        "lat": 32.44192,
        "lng": 34.9039,
        "country": "IL",
        "population": 75854
    },
    "295432": {
        "ids": {
            "geonames": 295432
        },
        "long": {
            "default": "Bet Shemesh"
        },
        "parent": 293198,
        "lat": 31.73072,
        "lng": 34.99293,
        "country": "IL",
        "population": 67100
    },
    "295514": {
        "ids": {
            "geonames": 295514
        },
        "long": {
            "default": "Bené Beraq"
        },
        "parent": 293396,
        "lat": 32.08074,
        "lng": 34.8338,
        "country": "IL",
        "population": 154400
    },
    "295530": {
        "ids": {
            "geonames": 295530
        },
        "long": {
            "default": "Beersheba"
        },
        "parent": 294952,
        "lat": 31.25181,
        "lng": 34.7913,
        "country": "IL",
        "population": 186600
    },
    "295548": {
        "ids": {
            "geonames": 295548
        },
        "long": {
            "default": "Bat Yam"
        },
        "parent": 293396,
        "lat": 32.02379,
        "lng": 34.75185,
        "country": "IL",
        "population": 128979
    },
    "295620": {
        "ids": {
            "geonames": 295620
        },
        "long": {
            "default": "Ashqelon"
        },
        "parent": 294952,
        "lat": 31.66926,
        "lng": 34.57149,
        "country": "IL",
        "population": 105995
    },
    "295629": {
        "ids": {
            "geonames": 295629
        },
        "long": {
            "default": "Ashdod"
        },
        "parent": 294952,
        "lat": 31.79213,
        "lng": 34.64966,
        "country": "IL",
        "population": 224656
    },
    "6693679": {
        "ids": {
            "geonames": 6693679
        },
        "long": {
            "default": "Modiin"
        },
        "parent": 294904,
        "lat": 31.89825,
        "lng": 35.01051,
        "country": "IL",
        "population": 76466
    },
    "7498240": {
        "ids": {
            "geonames": 7498240
        },
        "long": {
            "default": "West Jerusalem"
        },
        "parent": 293198,
        "lat": 31.78199,
        "lng": 35.21961,
        "country": "IL",
        "population": 400000
    }
}