{
    "89570": {
        "ids": {
            "geonames": 89570
        },
        "long": {
            "default": "Zaxo"
        },
        "parent": 97270,
        "lat": 37.14871,
        "lng": 42.68591,
        "country": "IQ",
        "population": 95052
    },
    "89824": {
        "ids": {
            "geonames": 89824
        },
        "long": {
            "default": "Umm Qaşr"
        },
        "parent": 89341,
        "lat": 30.0362,
        "lng": 47.91951,
        "country": "IQ",
        "population": 107620
    },
    "90026": {
        "ids": {
            "geonames": 90026
        },
        "long": {
            "default": "Tozkhurmato"
        },
        "parent": 91695,
        "lat": 34.88808,
        "lng": 44.63256,
        "country": "IQ",
        "population": 59886
    },
    "90708": {
        "ids": {
            "geonames": 90708
        },
        "long": {
            "default": "Sīnah"
        },
        "parent": 97270,
        "lat": 36.80752,
        "lng": 43.03831,
        "country": "IQ",
        "population": 128776
    },
    "91597": {
        "ids": {
            "geonames": 91597
        },
        "long": {
            "default": "Sāmarrā’"
        },
        "parent": 91695,
        "lat": 34.1959,
        "lng": 43.88568,
        "country": "IQ",
        "population": 158508
    },
    "94787": {
        "ids": {
            "geonames": 94787
        },
        "long": {
            "default": "Kirkuk"
        },
        "parent": 98410,
        "lat": 35.46806,
        "lng": 44.39222,
        "country": "IQ",
        "population": 601433
    },
    "94824": {
        "ids": {
            "geonames": 94824
        },
        "long": {
            "default": "Karbala"
        },
        "parent": 94823,
        "lat": 32.61603,
        "lng": 44.02488,
        "country": "IQ",
        "population": 434450
    },
    "95446": {
        "ids": {
            "geonames": 95446
        },
        "long": {
            "default": "Erbil"
        },
        "parent": 95445,
        "lat": 36.19257,
        "lng": 44.01062,
        "country": "IQ",
        "population": 932800
    },
    "96205": {
        "ids": {
            "geonames": 96205
        },
        "long": {
            "default": "Ḩalabjah"
        },
        "parent": 98465,
        "lat": 35.17778,
        "lng": 45.98611,
        "country": "IQ",
        "population": 57333
    },
    "96994": {
        "ids": {
            "geonames": 96994
        },
        "long": {
            "default": "Dihok"
        },
        "parent": 97270,
        "lat": 36.86709,
        "lng": 42.98845,
        "country": "IQ",
        "population": 284000
    },
    "97417": {
        "ids": {
            "geonames": 97417
        },
        "long": {
            "default": "Jamjamāl"
        },
        "parent": 98465,
        "lat": 35.53356,
        "lng": 44.8343,
        "country": "IQ",
        "population": 75634
    },
    "97990": {
        "ids": {
            "geonames": 97990
        },
        "long": {
            "default": "Baqubah"
        },
        "parent": 96965,
        "lat": 33.75403,
        "lng": 44.60518,
        "country": "IQ",
        "population": 152550
    },
    "98182": {
        "ids": {
            "geonames": 98182
        },
        "long": {
            "default": "Baghdad"
        },
        "parent": 98180,
        "lat": 33.34058,
        "lng": 44.40088,
        "country": "IQ",
        "population": 7216000
    },
    "98245": {
        "ids": {
            "geonames": 98245
        },
        "long": {
            "default": "Az Zubayr"
        },
        "parent": 89341,
        "lat": 30.39213,
        "lng": 47.70175,
        "country": "IQ",
        "population": 122676
    },
    "98463": {
        "ids": {
            "geonames": 98463
        },
        "long": {
            "default": "As Sulaymānīyah"
        },
        "parent": 98465,
        "lat": 35.56496,
        "lng": 45.4329,
        "country": "IQ",
        "population": 723170
    },
    "98530": {
        "ids": {
            "geonames": 98530
        },
        "long": {
            "default": "As Samawah"
        },
        "parent": 99032,
        "lat": 31.33198,
        "lng": 45.2944,
        "country": "IQ",
        "population": 152890
    },
    "98622": {
        "ids": {
            "geonames": 98622
        },
        "long": {
            "default": "Ash Shaţrah"
        },
        "parent": 97019,
        "lat": 31.40906,
        "lng": 46.1727,
        "country": "IQ",
        "population": 82732
    },
    "98629": {
        "ids": {
            "geonames": 98629
        },
        "long": {
            "default": "Ash Shāmīyah"
        },
        "parent": 99022,
        "lat": 31.96257,
        "lng": 44.60075,
        "country": "IQ",
        "population": 57661
    },
    "98717": {
        "ids": {
            "geonames": 98717
        },
        "long": {
            "default": "Ramadi"
        },
        "parent": 99592,
        "lat": 33.42056,
        "lng": 43.30778,
        "country": "IQ",
        "population": 274539
    },
    "98854": {
        "ids": {
            "geonames": 98854
        },
        "long": {
            "default": "An Nāşirīyah"
        },
        "parent": 97019,
        "lat": 31.05799,
        "lng": 46.25726,
        "country": "IQ",
        "population": 400249
    },
    "98860": {
        "ids": {
            "geonames": 98860
        },
        "long": {
            "default": "Najaf"
        },
        "parent": 98862,
        "lat": 32.02594,
        "lng": 44.34625,
        "country": "IQ",
        "population": 482576
    },
    "99062": {
        "ids": {
            "geonames": 99062
        },
        "long": {
            "default": "Al Miqdādīyah"
        },
        "parent": 96965,
        "lat": 33.97861,
        "lng": 44.93694,
        "country": "IQ",
        "population": 50698
    },
    "99071": {
        "ids": {
            "geonames": 99071
        },
        "long": {
            "default": "Al Mawşil al Jadīdah"
        },
        "parent": 92877,
        "lat": 36.33271,
        "lng": 43.10555,
        "country": "IQ",
        "population": 2065597
    },
    "99072": {
        "ids": {
            "geonames": 99072
        },
        "long": {
            "default": "Mosul"
        },
        "parent": 92877,
        "lat": 36.335,
        "lng": 43.11889,
        "country": "IQ",
        "population": 1739800
    },
    "99131": {
        "ids": {
            "geonames": 99131
        },
        "long": {
            "default": "Al Kūt"
        },
        "parent": 89693,
        "lat": 32.5128,
        "lng": 45.81817,
        "country": "IQ",
        "population": 315162
    },
    "99135": {
        "ids": {
            "geonames": 99135
        },
        "long": {
            "default": "Kufa"
        },
        "parent": 98862,
        "lat": 32.05114,
        "lng": 44.44017,
        "country": "IQ",
        "population": 110000
    },
    "99169": {
        "ids": {
            "geonames": 99169
        },
        "long": {
            "default": "Khāliş"
        },
        "parent": 96965,
        "lat": 33.80809,
        "lng": 44.53343,
        "country": "IQ",
        "population": 70046
    },
    "99344": {
        "ids": {
            "geonames": 99344
        },
        "long": {
            "default": "Al Hindīyah"
        },
        "parent": 94823,
        "lat": 32.54671,
        "lng": 44.22765,
        "country": "IQ",
        "population": 57490
    },
    "99347": {
        "ids": {
            "geonames": 99347
        },
        "long": {
            "default": "Al Ḩillah"
        },
        "parent": 98227,
        "lat": 32.46367,
        "lng": 44.41963,
        "country": "IQ",
        "population": 289709
    },
    "99350": {
        "ids": {
            "geonames": 99350
        },
        "long": {
            "default": "Al Ḩayy"
        },
        "parent": 89693,
        "lat": 32.17419,
        "lng": 46.04345,
        "country": "IQ",
        "population": 78272
    },
    "99369": {
        "ids": {
            "geonames": 99369
        },
        "long": {
            "default": "Al Hārithah"
        },
        "parent": 89341,
        "lat": 30.58481,
        "lng": 47.76114,
        "country": "IQ",
        "population": 92395
    },
    "99446": {
        "ids": {
            "geonames": 99446
        },
        "long": {
            "default": "Al Fāw"
        },
        "parent": 89341,
        "lat": 29.97421,
        "lng": 48.47309,
        "country": "IQ",
        "population": 104569
    },
    "99454": {
        "ids": {
            "geonames": 99454
        },
        "long": {
            "default": "Al Fallūjah"
        },
        "parent": 99592,
        "lat": 33.34913,
        "lng": 43.78599,
        "country": "IQ",
        "population": 190159
    },
    "99532": {
        "ids": {
            "geonames": 99532
        },
        "long": {
            "default": "Basrah"
        },
        "parent": 89341,
        "lat": 30.50852,
        "lng": 47.7804,
        "country": "IQ",
        "population": 2600000
    },
    "99608": {
        "ids": {
            "geonames": 99608
        },
        "long": {
            "default": "Al ‘Amārah"
        },
        "parent": 93540,
        "lat": 31.83561,
        "lng": 47.14483,
        "country": "IQ",
        "population": 323302
    },
    "99762": {
        "ids": {
            "geonames": 99762
        },
        "long": {
            "default": "Ad Dīwānīyah"
        },
        "parent": 99022,
        "lat": 31.99289,
        "lng": 44.92552,
        "country": "IQ",
        "population": 318801
    },
    "100077": {
        "ids": {
            "geonames": 100077
        },
        "long": {
            "default": "Abū Ghurayb"
        },
        "parent": 98180,
        "lat": 33.30563,
        "lng": 44.18477,
        "country": "IQ",
        "population": 900000
    },
    "388349": {
        "ids": {
            "geonames": 388349
        },
        "long": {
            "default": "Al Başrah al Qadīmah"
        },
        "parent": 89341,
        "lat": 30.50316,
        "lng": 47.81507,
        "country": "IQ",
        "population": 2015483
    }
}