{
    "14256": {
        "ids": {
            "geonames": 14256
        },
        "long": {
            "default": "Āzādshahr"
        },
        "parent": 132142,
        "lat": 34.79049,
        "lng": 48.57011,
        "country": "IR",
        "population": 514102
    },
    "23814": {
        "ids": {
            "geonames": 23814
        },
        "long": {
            "default": "Kahrīz"
        },
        "parent": 128222,
        "lat": 34.3838,
        "lng": 47.0553,
        "country": "IR",
        "population": 766706
    },
    "24851": {
        "ids": {
            "geonames": 24851
        },
        "long": {
            "default": "Nūrābād"
        },
        "parent": 125605,
        "lat": 34.0734,
        "lng": 47.9725,
        "country": "IR",
        "population": 73528
    },
    "32767": {
        "ids": {
            "geonames": 32767
        },
        "long": {
            "default": "Qarchak"
        },
        "parent": 110791,
        "lat": 35.42867,
        "lng": 51.57544,
        "country": "IR",
        "population": 251834
    },
    "32909": {
        "ids": {
            "geonames": 32909
        },
        "long": {
            "default": "Shahre Jadide Andisheh"
        },
        "parent": 110791,
        "lat": 35.6803,
        "lng": 51.0193,
        "country": "IR",
        "population": 80000
    },
    "41210": {
        "ids": {
            "geonames": 41210
        },
        "long": {
            "default": "Khorramdarreh"
        },
        "parent": 111452,
        "lat": 36.20898,
        "lng": 49.19152,
        "country": "IR",
        "population": 50528
    },
    "66093": {
        "ids": {
            "geonames": 66093
        },
        "long": {
            "default": "Yasuj"
        },
        "parent": 126878,
        "lat": 30.66824,
        "lng": 51.58796,
        "country": "IR",
        "population": 96786
    },
    "111421": {
        "ids": {
            "geonames": 111421
        },
        "long": {
            "default": "Zarand"
        },
        "parent": 128231,
        "lat": 30.81271,
        "lng": 56.56399,
        "country": "IR",
        "population": 58983
    },
    "111453": {
        "ids": {
            "geonames": 111453
        },
        "long": {
            "default": "Zanjān"
        },
        "parent": 111452,
        "lat": 36.6736,
        "lng": 48.4787,
        "country": "IR",
        "population": 357471
    },
    "111822": {
        "ids": {
            "geonames": 111822
        },
        "long": {
            "default": "Yazd"
        },
        "parent": 111821,
        "lat": 31.89722,
        "lng": 54.3675,
        "country": "IR",
        "population": 477905
    },
    "112214": {
        "ids": {
            "geonames": 112214
        },
        "long": {
            "default": "Varāmīn"
        },
        "parent": 110791,
        "lat": 35.3242,
        "lng": 51.6457,
        "country": "IR",
        "population": 179603
    },
    "112646": {
        "ids": {
            "geonames": 112646
        },
        "long": {
            "default": "Torbat-e Ḩeydarīyeh"
        },
        "parent": 6201375,
        "lat": 35.27401,
        "lng": 59.21949,
        "country": "IR",
        "population": 125633
    },
    "112931": {
        "ids": {
            "geonames": 112931
        },
        "long": {
            "default": "Tehran"
        },
        "parent": 110791,
        "lat": 35.69439,
        "lng": 51.42151,
        "country": "IR",
        "population": 7153309
    },
    "113491": {
        "ids": {
            "geonames": 113491
        },
        "long": {
            "default": "Tākestān"
        },
        "parent": 443793,
        "lat": 36.0696,
        "lng": 49.6959,
        "country": "IR",
        "population": 71499
    },
    "113508": {
        "ids": {
            "geonames": 113508
        },
        "long": {
            "default": "Takāb"
        },
        "parent": 142550,
        "lat": 36.4009,
        "lng": 47.1133,
        "country": "IR",
        "population": 51541
    },
    "113646": {
        "ids": {
            "geonames": 113646
        },
        "long": {
            "default": "Tabriz"
        },
        "parent": 142549,
        "lat": 38.08,
        "lng": 46.2919,
        "country": "IR",
        "population": 1424641
    },
    "114259": {
        "ids": {
            "geonames": 114259
        },
        "long": {
            "default": "Sirjan"
        },
        "parent": 128231,
        "lat": 29.45137,
        "lng": 55.6809,
        "country": "IR",
        "population": 207645
    },
    "114584": {
        "ids": {
            "geonames": 114584
        },
        "long": {
            "default": "Shūshtar"
        },
        "parent": 127082,
        "lat": 32.04972,
        "lng": 48.84843,
        "country": "IR",
        "population": 77507
    },
    "114593": {
        "ids": {
            "geonames": 114593
        },
        "long": {
            "default": "Shūsh"
        },
        "parent": 127082,
        "lat": 32.1942,
        "lng": 48.2436,
        "country": "IR",
        "population": 52284
    },
    "114930": {
        "ids": {
            "geonames": 114930
        },
        "long": {
            "default": "Shīrvān"
        },
        "parent": 6201376,
        "lat": 37.39669,
        "lng": 57.92952,
        "country": "IR",
        "population": 82790
    },
    "115019": {
        "ids": {
            "geonames": 115019
        },
        "long": {
            "default": "Shiraz"
        },
        "parent": 134766,
        "lat": 29.61031,
        "lng": 52.53113,
        "country": "IR",
        "population": 1249942
    },
    "115770": {
        "ids": {
            "geonames": 115770
        },
        "long": {
            "default": "Shahr-e Kord"
        },
        "parent": 139677,
        "lat": 32.32556,
        "lng": 50.86444,
        "country": "IR",
        "population": 129153
    },
    "115781": {
        "ids": {
            "geonames": 115781
        },
        "long": {
            "default": "Shahr-e Bābak"
        },
        "parent": 128231,
        "lat": 30.1165,
        "lng": 55.1186,
        "country": "IR",
        "population": 52409
    },
    "116402": {
        "ids": {
            "geonames": 116402
        },
        "long": {
            "default": "Semnān"
        },
        "parent": 116401,
        "lat": 35.57691,
        "lng": 53.39205,
        "country": "IR",
        "population": 124826
    },
    "116667": {
        "ids": {
            "geonames": 116667
        },
        "long": {
            "default": "Sāveh"
        },
        "parent": 124763,
        "lat": 35.0213,
        "lng": 50.3566,
        "country": "IR",
        "population": 175533
    },
    "116996": {
        "ids": {
            "geonames": 116996
        },
        "long": {
            "default": "Sari"
        },
        "parent": 124544,
        "lat": 36.56332,
        "lng": 53.06009,
        "country": "IR",
        "population": 255396
    },
    "117392": {
        "ids": {
            "geonames": 117392
        },
        "long": {
            "default": "Saqqez"
        },
        "parent": 126584,
        "lat": 36.24992,
        "lng": 46.2735,
        "country": "IR",
        "population": 151237
    },
    "117574": {
        "ids": {
            "geonames": 117574
        },
        "long": {
            "default": "Sanandaj"
        },
        "parent": 126584,
        "lat": 35.31495,
        "lng": 46.99883,
        "country": "IR",
        "population": 349176
    },
    "117656": {
        "ids": {
            "geonames": 117656
        },
        "long": {
            "default": "Salmās"
        },
        "parent": 142550,
        "lat": 38.1973,
        "lng": 44.7653,
        "country": "IR",
        "population": 81606
    },
    "118063": {
        "ids": {
            "geonames": 118063
        },
        "long": {
            "default": "Sabzevar"
        },
        "parent": 6201375,
        "lat": 36.2126,
        "lng": 57.68191,
        "country": "IR",
        "population": 226183
    },
    "118367": {
        "ids": {
            "geonames": 118367
        },
        "long": {
            "default": "Robāţ Karīm"
        },
        "parent": 110791,
        "lat": 35.4846,
        "lng": 51.0829,
        "country": "IR",
        "population": 62753
    },
    "118743": {
        "ids": {
            "geonames": 118743
        },
        "long": {
            "default": "Rasht"
        },
        "parent": 133349,
        "lat": 37.27611,
        "lng": 49.58862,
        "country": "IR",
        "population": 594590
    },
    "118994": {
        "ids": {
            "geonames": 118994
        },
        "long": {
            "default": "Rafsanjān"
        },
        "parent": 128231,
        "lat": 30.4067,
        "lng": 55.9939,
        "country": "IR",
        "population": 147680
    },
    "119115": {
        "ids": {
            "geonames": 119115
        },
        "long": {
            "default": "Qūchān"
        },
        "parent": 6201375,
        "lat": 37.106,
        "lng": 58.50955,
        "country": "IR",
        "population": 111752
    },
    "119161": {
        "ids": {
            "geonames": 119161
        },
        "long": {
            "default": "Qorveh"
        },
        "parent": 126584,
        "lat": 35.1664,
        "lng": 47.8045,
        "country": "IR",
        "population": 87953
    },
    "119208": {
        "ids": {
            "geonames": 119208
        },
        "long": {
            "default": "Qom"
        },
        "parent": 443794,
        "lat": 34.6401,
        "lng": 50.8764,
        "country": "IR",
        "population": 900000
    },
    "119505": {
        "ids": {
            "geonames": 119505
        },
        "long": {
            "default": "Qazvin"
        },
        "parent": 443793,
        "lat": 36.26877,
        "lng": 50.0041,
        "country": "IR",
        "population": 333635
    },
    "120931": {
        "ids": {
            "geonames": 120931
        },
        "long": {
            "default": "Sarpol-e Z̄ahāb"
        },
        "parent": 128222,
        "lat": 34.46109,
        "lng": 45.86264,
        "country": "IR",
        "population": 51611
    },
    "120972": {
        "ids": {
            "geonames": 120972
        },
        "long": {
            "default": "Pīshvā"
        },
        "parent": 110791,
        "lat": 35.308,
        "lng": 51.7267,
        "country": "IR",
        "population": 53856
    },
    "121110": {
        "ids": {
            "geonames": 121110
        },
        "long": {
            "default": "Piranshahr"
        },
        "parent": 142550,
        "lat": 36.701,
        "lng": 45.1413,
        "country": "IR",
        "population": 61973
    },
    "121380": {
        "ids": {
            "geonames": 121380
        },
        "long": {
            "default": "Pārsābād"
        },
        "parent": 413931,
        "lat": 39.6482,
        "lng": 47.9174,
        "country": "IR",
        "population": 101661
    },
    "121795": {
        "ids": {
            "geonames": 121795
        },
        "long": {
            "default": "Oshnavīyeh"
        },
        "parent": 142550,
        "lat": 37.0397,
        "lng": 45.0983,
        "country": "IR",
        "population": 50661
    },
    "121801": {
        "ids": {
            "geonames": 121801
        },
        "long": {
            "default": "Orūmīyeh"
        },
        "parent": 142550,
        "lat": 37.55274,
        "lng": 45.07605,
        "country": "IR",
        "population": 577307
    },
    "121925": {
        "ids": {
            "geonames": 121925
        },
        "long": {
            "default": "Nūrābād"
        },
        "parent": 134766,
        "lat": 30.11405,
        "lng": 51.52174,
        "country": "IR",
        "population": 64041
    },
    "122285": {
        "ids": {
            "geonames": 122285
        },
        "long": {
            "default": "Nīshābūr"
        },
        "parent": 6201375,
        "lat": 36.21329,
        "lng": 58.79575,
        "country": "IR",
        "population": 220929
    },
    "122438": {
        "ids": {
            "geonames": 122438
        },
        "long": {
            "default": "Naz̧arābād"
        },
        "parent": 7648907,
        "lat": 35.95411,
        "lng": 50.60607,
        "country": "IR",
        "population": 213388
    },
    "122698": {
        "ids": {
            "geonames": 122698
        },
        "long": {
            "default": "Naqadeh"
        },
        "parent": 142550,
        "lat": 36.9553,
        "lng": 45.388,
        "country": "IR",
        "population": 73528
    },
    "122915": {
        "ids": {
            "geonames": 122915
        },
        "long": {
            "default": "Nahāvand"
        },
        "parent": 132142,
        "lat": 34.1885,
        "lng": 48.377,
        "country": "IR",
        "population": 76250
    },
    "123941": {
        "ids": {
            "geonames": 123941
        },
        "long": {
            "default": "Mīnāb"
        },
        "parent": 131222,
        "lat": 27.13104,
        "lng": 57.08716,
        "country": "IR",
        "population": 70790
    },
    "124085": {
        "ids": {
            "geonames": 124085
        },
        "long": {
            "default": "Mīāndoāb"
        },
        "parent": 142550,
        "lat": 36.96667,
        "lng": 46.10961,
        "country": "IR",
        "population": 132819
    },
    "124193": {
        "ids": {
            "geonames": 124193
        },
        "long": {
            "default": "Meybod"
        },
        "parent": 111821,
        "lat": 32.25014,
        "lng": 54.01658,
        "country": "IR",
        "population": 51874
    },
    "124620": {
        "ids": {
            "geonames": 124620
        },
        "long": {
            "default": "Masjed Soleymān"
        },
        "parent": 127082,
        "lat": 31.9364,
        "lng": 49.3039,
        "country": "IR",
        "population": 111510
    },
    "124665": {
        "ids": {
            "geonames": 124665
        },
        "long": {
            "default": "Mashhad"
        },
        "parent": 6201375,
        "lat": 36.31559,
        "lng": 59.56796,
        "country": "IR",
        "population": 2307177
    },
    "124862": {
        "ids": {
            "geonames": 124862
        },
        "long": {
            "default": "Marand"
        },
        "parent": 142549,
        "lat": 38.4329,
        "lng": 45.7749,
        "country": "IR",
        "population": 124191
    },
    "125185": {
        "ids": {
            "geonames": 125185
        },
        "long": {
            "default": "Malāyer"
        },
        "parent": 132142,
        "lat": 34.2969,
        "lng": 48.8235,
        "country": "IR",
        "population": 176573
    },
    "125188": {
        "ids": {
            "geonames": 125188
        },
        "long": {
            "default": "Malārd"
        },
        "parent": 110791,
        "lat": 35.6659,
        "lng": 50.9767,
        "country": "IR",
        "population": 56745
    },
    "125446": {
        "ids": {
            "geonames": 125446
        },
        "long": {
            "default": "Mahābād"
        },
        "parent": 142550,
        "lat": 36.7631,
        "lng": 45.7222,
        "country": "IR",
        "population": 162434
    },
    "125897": {
        "ids": {
            "geonames": 125897
        },
        "long": {
            "default": "Langarūd"
        },
        "parent": 133349,
        "lat": 37.19701,
        "lng": 50.15351,
        "country": "IR",
        "population": 68148
    },
    "126409": {
        "ids": {
            "geonames": 126409
        },
        "long": {
            "default": "Kūhdasht"
        },
        "parent": 125605,
        "lat": 33.53335,
        "lng": 47.60999,
        "country": "IR",
        "population": 100208
    },
    "126972": {
        "ids": {
            "geonames": 126972
        },
        "long": {
            "default": "Khvoy"
        },
        "parent": 142550,
        "lat": 38.5503,
        "lng": 44.9521,
        "country": "IR",
        "population": 175370
    },
    "127319": {
        "ids": {
            "geonames": 127319
        },
        "long": {
            "default": "Khorramshahr"
        },
        "parent": 127082,
        "lat": 30.44079,
        "lng": 48.18428,
        "country": "IR",
        "population": 330606
    },
    "127349": {
        "ids": {
            "geonames": 127349
        },
        "long": {
            "default": "Khorramabad"
        },
        "parent": 125605,
        "lat": 33.48778,
        "lng": 48.35583,
        "country": "IR",
        "population": 329825
    },
    "127403": {
        "ids": {
            "geonames": 127403
        },
        "long": {
            "default": "Khomeyn"
        },
        "parent": 124763,
        "lat": 33.64225,
        "lng": 50.0789,
        "country": "IR",
        "population": 77425
    },
    "128008": {
        "ids": {
            "geonames": 128008
        },
        "long": {
            "default": "Khalkhāl"
        },
        "parent": 413931,
        "lat": 37.6189,
        "lng": 48.5258,
        "country": "IR",
        "population": 51024
    },
    "128226": {
        "ids": {
            "geonames": 128226
        },
        "long": {
            "default": "Kermānshāh"
        },
        "parent": 128222,
        "lat": 34.31417,
        "lng": 47.065,
        "country": "IR",
        "population": 621100
    },
    "128234": {
        "ids": {
            "geonames": 128234
        },
        "long": {
            "default": "Kerman"
        },
        "parent": 128231,
        "lat": 30.28321,
        "lng": 57.07879,
        "country": "IR",
        "population": 577514
    },
    "128321": {
        "ids": {
            "geonames": 128321
        },
        "long": {
            "default": "Kāzerūn"
        },
        "parent": 134766,
        "lat": 29.61949,
        "lng": 51.65415,
        "country": "IR",
        "population": 94511
    },
    "128447": {
        "ids": {
            "geonames": 128447
        },
        "long": {
            "default": "Kāshmar"
        },
        "parent": 6201375,
        "lat": 35.23831,
        "lng": 58.46558,
        "country": "IR",
        "population": 96151
    },
    "128476": {
        "ids": {
            "geonames": 128476
        },
        "long": {
            "default": "Kāshān"
        },
        "parent": 418862,
        "lat": 33.98308,
        "lng": 51.43644,
        "country": "IR",
        "population": 272359
    },
    "128747": {
        "ids": {
            "geonames": 128747
        },
        "long": {
            "default": "Karaj"
        },
        "parent": 7648907,
        "lat": 35.83266,
        "lng": 50.99155,
        "country": "IR",
        "population": 1448075
    },
    "128831": {
        "ids": {
            "geonames": 128831
        },
        "long": {
            "default": "Kangāvar"
        },
        "parent": 128222,
        "lat": 34.5043,
        "lng": 47.9653,
        "country": "IR",
        "population": 53414
    },
    "128905": {
        "ids": {
            "geonames": 128905
        },
        "long": {
            "default": "Kāmyārān"
        },
        "parent": 126584,
        "lat": 34.7956,
        "lng": 46.9355,
        "country": "IR",
        "population": 61642
    },
    "130802": {
        "ids": {
            "geonames": 130802
        },
        "long": {
            "default": "Īlām"
        },
        "parent": 130801,
        "lat": 33.6374,
        "lng": 46.4227,
        "country": "IR",
        "population": 140940
    },
    "131962": {
        "ids": {
            "geonames": 131962
        },
        "long": {
            "default": "Harsīn"
        },
        "parent": 128222,
        "lat": 34.2721,
        "lng": 47.5861,
        "country": "IR",
        "population": 57647
    },
    "132144": {
        "ids": {
            "geonames": 132144
        },
        "long": {
            "default": "Hamadān"
        },
        "parent": 132142,
        "lat": 34.79922,
        "lng": 48.51456,
        "country": "IR",
        "population": 528256
    },
    "132892": {
        "ids": {
            "geonames": 132892
        },
        "long": {
            "default": "Gorgān"
        },
        "parent": 443792,
        "lat": 36.8427,
        "lng": 54.44391,
        "country": "IR",
        "population": 244937
    },
    "132938": {
        "ids": {
            "geonames": 132938
        },
        "long": {
            "default": "Gonbad-e Kāvūs"
        },
        "parent": 443792,
        "lat": 37.25004,
        "lng": 55.16721,
        "country": "IR",
        "population": 131416
    },
    "134217": {
        "ids": {
            "geonames": 134217
        },
        "long": {
            "default": "Bandar-e Ganāveh"
        },
        "parent": 139816,
        "lat": 29.5791,
        "lng": 50.517,
        "country": "IR",
        "population": 52750
    },
    "134518": {
        "ids": {
            "geonames": 134518
        },
        "long": {
            "default": "Fīrūzābād"
        },
        "parent": 134766,
        "lat": 28.8438,
        "lng": 52.5707,
        "country": "IR",
        "population": 66558
    },
    "134721": {
        "ids": {
            "geonames": 134721
        },
        "long": {
            "default": "Fasā"
        },
        "parent": 134766,
        "lat": 28.9383,
        "lng": 53.6482,
        "country": "IR",
        "population": 98061
    },
    "135298": {
        "ids": {
            "geonames": 135298
        },
        "long": {
            "default": "Esfarāyen"
        },
        "parent": 6201376,
        "lat": 37.07645,
        "lng": 57.51009,
        "country": "IR",
        "population": 59678
    },
    "135423": {
        "ids": {
            "geonames": 135423
        },
        "long": {
            "default": "Shahrud"
        },
        "parent": 116401,
        "lat": 36.41819,
        "lng": 54.97628,
        "country": "IR",
        "population": 131889
    },
    "136014": {
        "ids": {
            "geonames": 136014
        },
        "long": {
            "default": "Dogonbadan"
        },
        "parent": 126878,
        "lat": 30.3586,
        "lng": 50.7981,
        "country": "IR",
        "population": 94638
    },
    "136987": {
        "ids": {
            "geonames": 136987
        },
        "long": {
            "default": "Dehdasht"
        },
        "parent": 126878,
        "lat": 30.7949,
        "lng": 50.56457,
        "country": "IR",
        "population": 69726
    },
    "137956": {
        "ids": {
            "geonames": 137956
        },
        "long": {
            "default": "Dārāb"
        },
        "parent": 134766,
        "lat": 28.75194,
        "lng": 54.54444,
        "country": "IR",
        "population": 63319
    },
    "138025": {
        "ids": {
            "geonames": 138025
        },
        "long": {
            "default": "Dāmghān"
        },
        "parent": 116401,
        "lat": 36.1679,
        "lng": 54.34292,
        "country": "IR",
        "population": 67694
    },
    "139223": {
        "ids": {
            "geonames": 139223
        },
        "long": {
            "default": "Chālūs"
        },
        "parent": 124544,
        "lat": 36.655,
        "lng": 51.4204,
        "country": "IR",
        "population": 69638
    },
    "139817": {
        "ids": {
            "geonames": 139817
        },
        "long": {
            "default": "Bandar-e Būshehr"
        },
        "parent": 139816,
        "lat": 28.9684,
        "lng": 50.8385,
        "country": "IR",
        "population": 165377
    },
    "139889": {
        "ids": {
            "geonames": 139889
        },
        "long": {
            "default": "Būkān"
        },
        "parent": 142550,
        "lat": 36.521,
        "lng": 46.2089,
        "country": "IR",
        "population": 213331
    },
    "140044": {
        "ids": {
            "geonames": 140044
        },
        "long": {
            "default": "Borūjerd"
        },
        "parent": 125605,
        "lat": 33.8973,
        "lng": 48.7516,
        "country": "IR",
        "population": 251958
    },
    "140046": {
        "ids": {
            "geonames": 140046
        },
        "long": {
            "default": "Borūjen"
        },
        "parent": 139677,
        "lat": 31.96523,
        "lng": 51.2873,
        "country": "IR",
        "population": 52654
    },
    "140097": {
        "ids": {
            "geonames": 140097
        },
        "long": {
            "default": "Borāzjān"
        },
        "parent": 139816,
        "lat": 29.2699,
        "lng": 51.2188,
        "country": "IR",
        "population": 86059
    },
    "140380": {
        "ids": {
            "geonames": 140380
        },
        "long": {
            "default": "Bojnūrd"
        },
        "parent": 6201376,
        "lat": 37.47473,
        "lng": 57.32903,
        "country": "IR",
        "population": 192041
    },
    "140463": {
        "ids": {
            "geonames": 140463
        },
        "long": {
            "default": "Bīrjand"
        },
        "parent": 6201374,
        "lat": 32.86628,
        "lng": 59.22114,
        "country": "IR",
        "population": 196982
    },
    "140521": {
        "ids": {
            "geonames": 140521
        },
        "long": {
            "default": "Bījār"
        },
        "parent": 126584,
        "lat": 35.8668,
        "lng": 47.60506,
        "country": "IR",
        "population": 53871
    },
    "140889": {
        "ids": {
            "geonames": 140889
        },
        "long": {
            "default": "Bonāb"
        },
        "parent": 142549,
        "lat": 37.3404,
        "lng": 46.0561,
        "country": "IR",
        "population": 80359
    },
    "140918": {
        "ids": {
            "geonames": 140918
        },
        "long": {
            "default": "Behshahr"
        },
        "parent": 124544,
        "lat": 36.69235,
        "lng": 53.55262,
        "country": "IR",
        "population": 93500
    },
    "140951": {
        "ids": {
            "geonames": 140951
        },
        "long": {
            "default": "Behbahān"
        },
        "parent": 127082,
        "lat": 30.5959,
        "lng": 50.2417,
        "country": "IR",
        "population": 79327
    },
    "141584": {
        "ids": {
            "geonames": 141584
        },
        "long": {
            "default": "Bāneh"
        },
        "parent": 126584,
        "lat": 35.9975,
        "lng": 45.8853,
        "country": "IR",
        "population": 104799
    },
    "141679": {
        "ids": {
            "geonames": 141679
        },
        "long": {
            "default": "Bandar-e Anzalī"
        },
        "parent": 133349,
        "lat": 37.47318,
        "lng": 49.45785,
        "country": "IR",
        "population": 110826
    },
    "141681": {
        "ids": {
            "geonames": 141681
        },
        "long": {
            "default": "Bandar Abbas"
        },
        "parent": 131222,
        "lat": 27.1865,
        "lng": 56.2808,
        "country": "IR",
        "population": 352173
    },
    "141736": {
        "ids": {
            "geonames": 141736
        },
        "long": {
            "default": "Bam"
        },
        "parent": 128231,
        "lat": 29.106,
        "lng": 58.357,
        "country": "IR",
        "population": 99268
    },
    "142363": {
        "ids": {
            "geonames": 142363
        },
        "long": {
            "default": "Bābol"
        },
        "parent": 124544,
        "lat": 36.55132,
        "lng": 52.67895,
        "country": "IR",
        "population": 202796
    },
    "142872": {
        "ids": {
            "geonames": 142872
        },
        "long": {
            "default": "Asadābād"
        },
        "parent": 132142,
        "lat": 34.78241,
        "lng": 48.11853,
        "country": "IR",
        "population": 59617
    },
    "143073": {
        "ids": {
            "geonames": 143073
        },
        "long": {
            "default": "Ardakān"
        },
        "parent": 111821,
        "lat": 32.31001,
        "lng": 54.01747,
        "country": "IR",
        "population": 58834
    },
    "143083": {
        "ids": {
            "geonames": 143083
        },
        "long": {
            "default": "Ardabīl"
        },
        "parent": 413931,
        "lat": 38.2498,
        "lng": 48.2933,
        "country": "IR",
        "population": 410753
    },
    "143127": {
        "ids": {
            "geonames": 143127
        },
        "long": {
            "default": "Arāk"
        },
        "parent": 124763,
        "lat": 34.09174,
        "lng": 49.68916,
        "country": "IR",
        "population": 503647
    },
    "143534": {
        "ids": {
            "geonames": 143534
        },
        "long": {
            "default": "Āmol"
        },
        "parent": 124544,
        "lat": 36.46961,
        "lng": 52.35072,
        "country": "IR",
        "population": 199382
    },
    "143748": {
        "ids": {
            "geonames": 143748
        },
        "long": {
            "default": "Alvand"
        },
        "parent": 111452,
        "lat": 36.3187,
        "lng": 49.1678,
        "country": "IR",
        "population": 74889
    },
    "143860": {
        "ids": {
            "geonames": 143860
        },
        "long": {
            "default": "Shahrīār"
        },
        "parent": 110791,
        "lat": 35.65884,
        "lng": 51.05775,
        "country": "IR",
        "population": 58849
    },
    "143921": {
        "ids": {
            "geonames": 143921
        },
        "long": {
            "default": "Alīgūdarz"
        },
        "parent": 125605,
        "lat": 33.40063,
        "lng": 49.6949,
        "country": "IR",
        "population": 91041
    },
    "144410": {
        "ids": {
            "geonames": 144410
        },
        "long": {
            "default": "Akbarābād"
        },
        "parent": 134766,
        "lat": 29.2464,
        "lng": 52.7793,
        "country": "IR",
        "population": 98342
    },
    "144448": {
        "ids": {
            "geonames": 144448
        },
        "long": {
            "default": "Ahvaz"
        },
        "parent": 127082,
        "lat": 31.31901,
        "lng": 48.6842,
        "country": "IR",
        "population": 841145
    },
    "144616": {
        "ids": {
            "geonames": 144616
        },
        "long": {
            "default": "Ahar"
        },
        "parent": 142549,
        "lat": 38.4774,
        "lng": 47.0699,
        "country": "IR",
        "population": 94348
    },
    "144794": {
        "ids": {
            "geonames": 144794
        },
        "long": {
            "default": "Ābyek"
        },
        "parent": 124763,
        "lat": 36.06667,
        "lng": 50.55,
        "country": "IR",
        "population": 55128
    },
    "145034": {
        "ids": {
            "geonames": 145034
        },
        "long": {
            "default": "Abhar"
        },
        "parent": 111452,
        "lat": 36.1468,
        "lng": 49.218,
        "country": "IR",
        "population": 69889
    },
    "145449": {
        "ids": {
            "geonames": 145449
        },
        "long": {
            "default": "Ābādeh"
        },
        "parent": 134766,
        "lat": 31.1608,
        "lng": 52.6506,
        "country": "IR",
        "population": 56988
    },
    "145459": {
        "ids": {
            "geonames": 145459
        },
        "long": {
            "default": "Abadan"
        },
        "parent": 127082,
        "lat": 30.3392,
        "lng": 48.3043,
        "country": "IR",
        "population": 370180
    },
    "417594": {
        "ids": {
            "geonames": 417594
        },
        "long": {
            "default": "Shāhreẕā"
        },
        "parent": 418862,
        "lat": 32.03389,
        "lng": 51.87944,
        "country": "IR",
        "population": 100790
    },
    "418606": {
        "ids": {
            "geonames": 418606
        },
        "long": {
            "default": "Najafābād"
        },
        "parent": 418862,
        "lat": 32.6344,
        "lng": 51.3668,
        "country": "IR",
        "population": 223450
    },
    "418710": {
        "ids": {
            "geonames": 418710
        },
        "long": {
            "default": "Khomeynī Shahr"
        },
        "parent": 418862,
        "lat": 32.6856,
        "lng": 51.53609,
        "country": "IR",
        "population": 277334
    },
    "418863": {
        "ids": {
            "geonames": 418863
        },
        "long": {
            "default": "Isfahan"
        },
        "parent": 418862,
        "lat": 32.65246,
        "lng": 51.67462,
        "country": "IR",
        "population": 1547164
    },
    "1113217": {
        "ids": {
            "geonames": 1113217
        },
        "long": {
            "default": "Zābol"
        },
        "parent": 1159456,
        "lat": 31.0306,
        "lng": 61.4949,
        "country": "IR",
        "population": 121989
    },
    "1159301": {
        "ids": {
            "geonames": 1159301
        },
        "long": {
            "default": "Zahedan"
        },
        "parent": 1159456,
        "lat": 29.4963,
        "lng": 60.8629,
        "country": "IR",
        "population": 551980
    },
    "1159362": {
        "ids": {
            "geonames": 1159362
        },
        "long": {
            "default": "Torbat-e Jām"
        },
        "parent": 6201375,
        "lat": 35.244,
        "lng": 60.6225,
        "country": "IR",
        "population": 58928
    },
    "1160571": {
        "ids": {
            "geonames": 1160571
        },
        "long": {
            "default": "Khāsh"
        },
        "parent": 1159456,
        "lat": 28.22107,
        "lng": 61.21582,
        "country": "IR",
        "population": 69603
    },
    "1160939": {
        "ids": {
            "geonames": 1160939
        },
        "long": {
            "default": "Īrānshahr"
        },
        "parent": 1159456,
        "lat": 27.20245,
        "lng": 60.68476,
        "country": "IR",
        "population": 131232
    },
    "10630176": {
        "ids": {
            "geonames": 10630176
        },
        "long": {
            "default": "Pasragad Branch"
        },
        "parent": 132142,
        "lat": 34.77772,
        "lng": 48.47168,
        "country": "IR",
        "population": 787878
    }
}
