{
    "2522713": {
        "ids": {
            "geonames": 2522713
        },
        "long": {
            "default": "Vittoria"
        },
        "parent": 2523119,
        "lat": 36.95151,
        "lng": 14.52788,
        "country": "IT",
        "population": 50852
    },
    "2522876": {
        "ids": {
            "geonames": 2522876
        },
        "long": {
            "default": "Trapani"
        },
        "parent": 2523119,
        "lat": 38.0176,
        "lng": 12.53617,
        "country": "IT",
        "population": 58681
    },
    "2523083": {
        "ids": {
            "geonames": 2523083
        },
        "long": {
            "default": "Siracusa"
        },
        "parent": 2523119,
        "lat": 37.08415,
        "lng": 15.27628,
        "country": "IT",
        "population": 97472
    },
    "2523630": {
        "ids": {
            "geonames": 2523630
        },
        "long": {
            "default": "Reggio Calabria"
        },
        "parent": 2525468,
        "lat": 38.11047,
        "lng": 15.66129,
        "country": "IT",
        "population": 169140
    },
    "2523650": {
        "ids": {
            "geonames": 2523650
        },
        "long": {
            "default": "Ragusa"
        },
        "parent": 2523119,
        "lat": 36.92574,
        "lng": 14.72443,
        "country": "IT",
        "population": 61380
    },
    "2523665": {
        "ids": {
            "geonames": 2523665
        },
        "long": {
            "default": "Quartu Sant'Elena"
        },
        "parent": 2523228,
        "lat": 39.22935,
        "lng": 9.25004,
        "country": "IT",
        "population": 66620
    },
    "2523920": {
        "ids": {
            "geonames": 2523920
        },
        "long": {
            "default": "Palermo"
        },
        "parent": 2523119,
        "lat": 38.13205,
        "lng": 13.33561,
        "country": "IT",
        "population": 648260
    },
    "2524013": {
        "ids": {
            "geonames": 2524013
        },
        "long": {
            "default": "Nicastro-Sambiase"
        },
        "parent": 2525468,
        "lat": 38.97089,
        "lng": 16.31285,
        "country": "IT",
        "population": 55687
    },
    "2524170": {
        "ids": {
            "geonames": 2524170
        },
        "long": {
            "default": "Messina"
        },
        "parent": 2523119,
        "lat": 38.19394,
        "lng": 15.55256,
        "country": "IT",
        "population": 219948
    },
    "2524245": {
        "ids": {
            "geonames": 2524245
        },
        "long": {
            "default": "Marsala"
        },
        "parent": 2523119,
        "lat": 37.7992,
        "lng": 12.4367,
        "country": "IT",
        "population": 77915
    },
    "2524653": {
        "ids": {
            "geonames": 2524653
        },
        "long": {
            "default": "Gela"
        },
        "parent": 2523119,
        "lat": 37.07381,
        "lng": 14.24038,
        "country": "IT",
        "population": 73854
    },
    "2524907": {
        "ids": {
            "geonames": 2524907
        },
        "long": {
            "default": "Cosenza"
        },
        "parent": 2525468,
        "lat": 39.2989,
        "lng": 16.25307,
        "country": "IT",
        "population": 63852
    },
    "2525059": {
        "ids": {
            "geonames": 2525059
        },
        "long": {
            "default": "Catanzaro"
        },
        "parent": 2525468,
        "lat": 38.88247,
        "lng": 16.60086,
        "country": "IT",
        "population": 78970
    },
    "2525068": {
        "ids": {
            "geonames": 2525068
        },
        "long": {
            "default": "Catania"
        },
        "parent": 2523119,
        "lat": 37.49223,
        "lng": 15.07041,
        "country": "IT",
        "population": 290927
    },
    "2525448": {
        "ids": {
            "geonames": 2525448
        },
        "long": {
            "default": "Caltanissetta"
        },
        "parent": 2523119,
        "lat": 37.49025,
        "lng": 14.06216,
        "country": "IT",
        "population": 56715
    },
    "2525473": {
        "ids": {
            "geonames": 2525473
        },
        "long": {
            "default": "Cagliari"
        },
        "parent": 2523228,
        "lat": 39.23054,
        "lng": 9.11917,
        "country": "IT",
        "population": 149257
    },
    "2525628": {
        "ids": {
            "geonames": 2525628
        },
        "long": {
            "default": "Bagheria"
        },
        "parent": 2523119,
        "lat": 38.07892,
        "lng": 13.51237,
        "country": "IT",
        "population": 52952
    },
    "3164376": {
        "ids": {
            "geonames": 3164376
        },
        "long": {
            "default": "Vigevano"
        },
        "parent": 3174618,
        "lat": 45.31407,
        "lng": 8.85437,
        "country": "IT",
        "population": 57970
    },
    "3164419": {
        "ids": {
            "geonames": 3164419
        },
        "long": {
            "default": "Vicenza"
        },
        "parent": 3164604,
        "lat": 45.54672,
        "lng": 11.5475,
        "country": "IT",
        "population": 107129
    },
    "3164527": {
        "ids": {
            "geonames": 3164527
        },
        "long": {
            "default": "Verona"
        },
        "parent": 3164604,
        "lat": 45.4299,
        "lng": 10.98444,
        "country": "IT",
        "population": 219103
    },
    "3164603": {
        "ids": {
            "geonames": 3164603
        },
        "long": {
            "default": "Venice"
        },
        "parent": 3164604,
        "lat": 45.43713,
        "lng": 12.33265,
        "country": "IT",
        "population": 51298
    },
    "3164699": {
        "ids": {
            "geonames": 3164699
        },
        "long": {
            "default": "Varese"
        },
        "parent": 3174618,
        "lat": 45.82058,
        "lng": 8.82511,
        "country": "IT",
        "population": 76851
    },
    "3165072": {
        "ids": {
            "geonames": 3165072
        },
        "long": {
            "default": "Udine"
        },
        "parent": 3176525,
        "lat": 46.0693,
        "lng": 13.23715,
        "country": "IT",
        "population": 97761
    },
    "3165185": {
        "ids": {
            "geonames": 3165185
        },
        "long": {
            "default": "Trieste"
        },
        "parent": 3176525,
        "lat": 45.64325,
        "lng": 13.7903,
        "country": "IT",
        "population": 187056
    },
    "3165201": {
        "ids": {
            "geonames": 3165201
        },
        "long": {
            "default": "Treviso"
        },
        "parent": 3164604,
        "lat": 45.66673,
        "lng": 12.2416,
        "country": "IT",
        "population": 77604
    },
    "3165243": {
        "ids": {
            "geonames": 3165243
        },
        "long": {
            "default": "Trento"
        },
        "parent": 3165244,
        "lat": 46.06787,
        "lng": 11.12108,
        "country": "IT",
        "population": 80425
    },
    "3165322": {
        "ids": {
            "geonames": 3165322
        },
        "long": {
            "default": "Trani"
        },
        "parent": 3169778,
        "lat": 41.27733,
        "lng": 16.41011,
        "country": "IT",
        "population": 53981
    },
    "3165456": {
        "ids": {
            "geonames": 3165456
        },
        "long": {
            "default": "Torre del Greco"
        },
        "parent": 3181042,
        "lat": 40.78931,
        "lng": 14.36806,
        "country": "IT",
        "population": 85897
    },
    "3165524": {
        "ids": {
            "geonames": 3165524
        },
        "long": {
            "default": "Turin"
        },
        "parent": 3170831,
        "lat": 45.07049,
        "lng": 7.68682,
        "country": "IT",
        "population": 870456
    },
    "3165771": {
        "ids": {
            "geonames": 3165771
        },
        "long": {
            "default": "Terni"
        },
        "parent": 3165048,
        "lat": 42.56335,
        "lng": 12.64329,
        "country": "IT",
        "population": 97050
    },
    "3165926": {
        "ids": {
            "geonames": 3165926
        },
        "long": {
            "default": "Taranto"
        },
        "parent": 3169778,
        "lat": 40.41639,
        "lng": 17.25478,
        "country": "IT",
        "population": 181082
    },
    "3166598": {
        "ids": {
            "geonames": 3166598
        },
        "long": {
            "default": "Sesto San Giovanni"
        },
        "parent": 3174618,
        "lat": 45.53329,
        "lng": 9.22585,
        "country": "IT",
        "population": 76509
    },
    "3167022": {
        "ids": {
            "geonames": 3167022
        },
        "long": {
            "default": "Savona"
        },
        "parent": 3174725,
        "lat": 44.30905,
        "lng": 8.47715,
        "country": "IT",
        "population": 58283
    },
    "3167096": {
        "ids": {
            "geonames": 3167096
        },
        "long": {
            "default": "Sassari"
        },
        "parent": 2523228,
        "lat": 40.72586,
        "lng": 8.55552,
        "country": "IT",
        "population": 91895
    },
    "3167731": {
        "ids": {
            "geonames": 3167731
        },
        "long": {
            "default": "San Severo"
        },
        "parent": 3169778,
        "lat": 41.68564,
        "lng": 15.38148,
        "country": "IT",
        "population": 54880
    },
    "3168673": {
        "ids": {
            "geonames": 3168673
        },
        "long": {
            "default": "Salerno"
        },
        "parent": 3181042,
        "lat": 40.67545,
        "lng": 14.79328,
        "country": "IT",
        "population": 125797
    },
    "3169070": {
        "ids": {
            "geonames": 3169070
        },
        "long": {
            "default": "Rome"
        },
        "parent": 3174976,
        "lat": 41.89193,
        "lng": 12.51133,
        "country": "IT",
        "population": 2318895
    },
    "3169361": {
        "ids": {
            "geonames": 3169361
        },
        "long": {
            "default": "Rimini"
        },
        "parent": 3177401,
        "lat": 44.05755,
        "lng": 12.56528,
        "country": "IT",
        "population": 118673
    },
    "3169522": {
        "ids": {
            "geonames": 3169522
        },
        "long": {
            "default": "Reggio nell'Emilia"
        },
        "parent": 3177401,
        "lat": 44.69825,
        "lng": 10.63125,
        "country": "IT",
        "population": 133296
    },
    "3169561": {
        "ids": {
            "geonames": 3169561
        },
        "long": {
            "default": "Ravenna"
        },
        "parent": 3177401,
        "lat": 44.41344,
        "lng": 12.20121,
        "country": "IT",
        "population": 80868
    },
    "3169921": {
        "ids": {
            "geonames": 3169921
        },
        "long": {
            "default": "Prato"
        },
        "parent": 3165361,
        "lat": 43.87309,
        "lng": 11.08278,
        "country": "IT",
        "population": 181820
    },
    "3170027": {
        "ids": {
            "geonames": 3170027
        },
        "long": {
            "default": "Potenza"
        },
        "parent": 3182306,
        "lat": 40.64175,
        "lng": 15.80794,
        "country": "IT",
        "population": 56433
    },
    "3170116": {
        "ids": {
            "geonames": 3170116
        },
        "long": {
            "default": "Portici"
        },
        "parent": 3181042,
        "lat": 40.81563,
        "lng": 14.33716,
        "country": "IT",
        "population": 55765
    },
    "3170621": {
        "ids": {
            "geonames": 3170621
        },
        "long": {
            "default": "Pistoia"
        },
        "parent": 3165361,
        "lat": 43.93064,
        "lng": 10.92365,
        "country": "IT",
        "population": 73832
    },
    "3170647": {
        "ids": {
            "geonames": 3170647
        },
        "long": {
            "default": "Pisa"
        },
        "parent": 3165361,
        "lat": 43.70853,
        "lng": 10.4036,
        "country": "IT",
        "population": 77007
    },
    "3171058": {
        "ids": {
            "geonames": 3171058
        },
        "long": {
            "default": "Piacenza"
        },
        "parent": 3177401,
        "lat": 45.05242,
        "lng": 9.69342,
        "country": "IT",
        "population": 93228
    },
    "3171168": {
        "ids": {
            "geonames": 3171168
        },
        "long": {
            "default": "Pescara"
        },
        "parent": 3183560,
        "lat": 42.4584,
        "lng": 14.20283,
        "country": "IT",
        "population": 116596
    },
    "3171173": {
        "ids": {
            "geonames": 3171173
        },
        "long": {
            "default": "Pesaro"
        },
        "parent": 3174004,
        "lat": 43.90921,
        "lng": 12.9164,
        "country": "IT",
        "population": 77241
    },
    "3171180": {
        "ids": {
            "geonames": 3171180
        },
        "long": {
            "default": "Perugia"
        },
        "parent": 3165048,
        "lat": 43.1122,
        "lng": 12.38878,
        "country": "IT",
        "population": 120137
    },
    "3171366": {
        "ids": {
            "geonames": 3171366
        },
        "long": {
            "default": "Pavia"
        },
        "parent": 3174618,
        "lat": 45.19205,
        "lng": 9.15917,
        "country": "IT",
        "population": 65734
    },
    "3171457": {
        "ids": {
            "geonames": 3171457
        },
        "long": {
            "default": "Parma"
        },
        "parent": 3177401,
        "lat": 44.79935,
        "lng": 10.32618,
        "country": "IT",
        "population": 146299
    },
    "3171728": {
        "ids": {
            "geonames": 3171728
        },
        "long": {
            "default": "Padova"
        },
        "parent": 3164604,
        "lat": 45.40797,
        "lng": 11.88586,
        "country": "IT",
        "population": 203725
    },
    "3172189": {
        "ids": {
            "geonames": 3172189
        },
        "long": {
            "default": "Novara"
        },
        "parent": 3170831,
        "lat": 45.44694,
        "lng": 8.62118,
        "country": "IT",
        "population": 93295
    },
    "3172394": {
        "ids": {
            "geonames": 3172394
        },
        "long": {
            "default": "Napoli"
        },
        "parent": 3181042,
        "lat": 40.85631,
        "lng": 14.24641,
        "country": "IT",
        "population": 959470
    },
    "3172629": {
        "ids": {
            "geonames": 3172629
        },
        "long": {
            "default": "Monza"
        },
        "parent": 3174618,
        "lat": 45.58005,
        "lng": 9.27246,
        "country": "IT",
        "population": 119618
    },
    "3173287": {
        "ids": {
            "geonames": 3173287
        },
        "long": {
            "default": "Molfetta"
        },
        "parent": 3169778,
        "lat": 41.20036,
        "lng": 16.59905,
        "country": "IT",
        "population": 59557
    },
    "3173331": {
        "ids": {
            "geonames": 3173331
        },
        "long": {
            "default": "Modena"
        },
        "parent": 3177401,
        "lat": 44.64783,
        "lng": 10.92539,
        "country": "IT",
        "population": 158886
    },
    "3173435": {
        "ids": {
            "geonames": 3173435
        },
        "long": {
            "default": "Milano"
        },
        "parent": 3174618,
        "lat": 45.46427,
        "lng": 9.18951,
        "country": "IT",
        "population": 1236837
    },
    "3173529": {
        "ids": {
            "geonames": 3173529
        },
        "long": {
            "default": "Mestre"
        },
        "parent": 3164604,
        "lat": 45.49167,
        "lng": 12.24538,
        "country": "IT",
        "population": 147662
    },
    "3173721": {
        "ids": {
            "geonames": 3173721
        },
        "long": {
            "default": "Matera"
        },
        "parent": 3182306,
        "lat": 40.66599,
        "lng": 16.60463,
        "country": "IT",
        "population": 54891
    },
    "3173775": {
        "ids": {
            "geonames": 3173775
        },
        "long": {
            "default": "Massa"
        },
        "parent": 3165361,
        "lat": 44.03541,
        "lng": 10.13927,
        "country": "IT",
        "population": 64783
    },
    "3174092": {
        "ids": {
            "geonames": 3174092
        },
        "long": {
            "default": "Manfredonia"
        },
        "parent": 3169778,
        "lat": 41.63065,
        "lng": 15.91876,
        "country": "IT",
        "population": 52911
    },
    "3174530": {
        "ids": {
            "geonames": 3174530
        },
        "long": {
            "default": "Lucca"
        },
        "parent": 3165361,
        "lat": 43.84369,
        "lng": 10.50447,
        "country": "IT",
        "population": 81748
    },
    "3174659": {
        "ids": {
            "geonames": 3174659
        },
        "long": {
            "default": "Livorno"
        },
        "parent": 3165361,
        "lat": 43.54427,
        "lng": 10.32615,
        "country": "IT",
        "population": 153773
    },
    "3174741": {
        "ids": {
            "geonames": 3174741
        },
        "long": {
            "default": "Lido di Ostia"
        },
        "parent": 3174976,
        "lat": 41.73212,
        "lng": 12.27654,
        "country": "IT",
        "population": 79400
    },
    "3174921": {
        "ids": {
            "geonames": 3174921
        },
        "long": {
            "default": "Legnano"
        },
        "parent": 3174618,
        "lat": 45.59788,
        "lng": 8.91506,
        "country": "IT",
        "population": 57589
    },
    "3174953": {
        "ids": {
            "geonames": 3174953
        },
        "long": {
            "default": "Lecce"
        },
        "parent": 3169778,
        "lat": 40.35481,
        "lng": 18.17244,
        "country": "IT",
        "population": 80695
    },
    "3175058": {
        "ids": {
            "geonames": 3175058
        },
        "long": {
            "default": "Latina"
        },
        "parent": 3174976,
        "lat": 41.46614,
        "lng": 12.9043,
        "country": "IT",
        "population": 76305
    },
    "3175081": {
        "ids": {
            "geonames": 3175081
        },
        "long": {
            "default": "La Spezia"
        },
        "parent": 3174725,
        "lat": 44.103,
        "lng": 9.82375,
        "country": "IT",
        "population": 88491
    },
    "3175537": {
        "ids": {
            "geonames": 3175537
        },
        "long": {
            "default": "Imola"
        },
        "parent": 3177401,
        "lat": 44.35916,
        "lng": 11.7132,
        "country": "IT",
        "population": 52981
    },
    "3175786": {
        "ids": {
            "geonames": 3175786
        },
        "long": {
            "default": "Grosseto"
        },
        "parent": 3165361,
        "lat": 42.76296,
        "lng": 11.10941,
        "country": "IT",
        "population": 60922
    },
    "3176059": {
        "ids": {
            "geonames": 3176059
        },
        "long": {
            "default": "Giugliano in Campania"
        },
        "parent": 3181042,
        "lat": 40.92849,
        "lng": 14.20197,
        "country": "IT",
        "population": 80269
    },
    "3176219": {
        "ids": {
            "geonames": 3176219
        },
        "long": {
            "default": "Genoa"
        },
        "parent": 3174725,
        "lat": 44.4264,
        "lng": 8.91519,
        "country": "IT",
        "population": 580223
    },
    "3176391": {
        "ids": {
            "geonames": 3176391
        },
        "long": {
            "default": "Gallarate"
        },
        "parent": 3174618,
        "lat": 45.66019,
        "lng": 8.79164,
        "country": "IT",
        "population": 50439
    },
    "3176746": {
        "ids": {
            "geonames": 3176746
        },
        "long": {
            "default": "Forlì"
        },
        "parent": 3177401,
        "lat": 44.22177,
        "lng": 12.04144,
        "country": "IT",
        "population": 93638
    },
    "3176885": {
        "ids": {
            "geonames": 3176885
        },
        "long": {
            "default": "Foggia"
        },
        "parent": 3169778,
        "lat": 41.45845,
        "lng": 15.55188,
        "country": "IT",
        "population": 137032
    },
    "3176959": {
        "ids": {
            "geonames": 3176959
        },
        "long": {
            "default": "Florence"
        },
        "parent": 3165361,
        "lat": 43.77925,
        "lng": 11.24626,
        "country": "IT",
        "population": 349296
    },
    "3177090": {
        "ids": {
            "geonames": 3177090
        },
        "long": {
            "default": "Ferrara"
        },
        "parent": 3177401,
        "lat": 44.83804,
        "lng": 11.62057,
        "country": "IT",
        "population": 92802
    },
    "3177363": {
        "ids": {
            "geonames": 3177363
        },
        "long": {
            "default": "Ercolano"
        },
        "parent": 3181042,
        "lat": 40.80783,
        "lng": 14.35012,
        "country": "IT",
        "population": 53576
    },
    "3177838": {
        "ids": {
            "geonames": 3177838
        },
        "long": {
            "default": "Cremona"
        },
        "parent": 3174618,
        "lat": 45.13325,
        "lng": 10.02129,
        "country": "IT",
        "population": 59561
    },
    "3178229": {
        "ids": {
            "geonames": 3178229
        },
        "long": {
            "default": "Como"
        },
        "parent": 3174618,
        "lat": 45.80819,
        "lng": 9.0832,
        "country": "IT",
        "population": 81975
    },
    "3178671": {
        "ids": {
            "geonames": 3178671
        },
        "long": {
            "default": "Cinisello Balsamo"
        },
        "parent": 3174618,
        "lat": 45.55823,
        "lng": 9.21495,
        "country": "IT",
        "population": 71109
    },
    "3178957": {
        "ids": {
            "geonames": 3178957
        },
        "long": {
            "default": "Cesena"
        },
        "parent": 3177401,
        "lat": 44.1391,
        "lng": 12.24315,
        "country": "IT",
        "population": 79398
    },
    "3179075": {
        "ids": {
            "geonames": 3179075
        },
        "long": {
            "default": "Cerignola"
        },
        "parent": 3169778,
        "lat": 41.26523,
        "lng": 15.89559,
        "country": "IT",
        "population": 54056
    },
    "3179661": {
        "ids": {
            "geonames": 3179661
        },
        "long": {
            "default": "Castellammare di Stabia"
        },
        "parent": 3181042,
        "lat": 40.70211,
        "lng": 14.48685,
        "country": "IT",
        "population": 65730
    },
    "3179806": {
        "ids": {
            "geonames": 3179806
        },
        "long": {
            "default": "Casoria"
        },
        "parent": 3181042,
        "lat": 40.90751,
        "lng": 14.293,
        "country": "IT",
        "population": 58456
    },
    "3179866": {
        "ids": {
            "geonames": 3179866
        },
        "long": {
            "default": "Caserta"
        },
        "parent": 3181042,
        "lat": 41.07262,
        "lng": 14.33231,
        "country": "IT",
        "population": 72844
    },
    "3180423": {
        "ids": {
            "geonames": 3180423
        },
        "long": {
            "default": "Carrara"
        },
        "parent": 3165361,
        "lat": 44.07926,
        "lng": 10.09789,
        "country": "IT",
        "population": 58666
    },
    "3180445": {
        "ids": {
            "geonames": 3180445
        },
        "long": {
            "default": "Carpi Centro"
        },
        "parent": 3177401,
        "lat": 44.78237,
        "lng": 10.8777,
        "country": "IT",
        "population": 53024
    },
    "3181355": {
        "ids": {
            "geonames": 3181355
        },
        "long": {
            "default": "Busto Arsizio"
        },
        "parent": 3174618,
        "lat": 45.61128,
        "lng": 8.84914,
        "country": "IT",
        "population": 79519
    },
    "3181528": {
        "ids": {
            "geonames": 3181528
        },
        "long": {
            "default": "Brindisi"
        },
        "parent": 3169778,
        "lat": 40.63215,
        "lng": 17.93607,
        "country": "IT",
        "population": 78548
    },
    "3181554": {
        "ids": {
            "geonames": 3181554
        },
        "long": {
            "default": "Brescia"
        },
        "parent": 3174618,
        "lat": 45.53558,
        "lng": 10.21472,
        "country": "IT",
        "population": 184826
    },
    "3181913": {
        "ids": {
            "geonames": 3181913
        },
        "long": {
            "default": "Bolzano"
        },
        "parent": 3165244,
        "lat": 46.49067,
        "lng": 11.33982,
        "country": "IT",
        "population": 99049
    },
    "3181928": {
        "ids": {
            "geonames": 3181928
        },
        "long": {
            "default": "Bologna"
        },
        "parent": 3177401,
        "lat": 44.49381,
        "lng": 11.33875,
        "country": "IT",
        "population": 366133
    },
    "3181995": {
        "ids": {
            "geonames": 3181995
        },
        "long": {
            "default": "Bitonto"
        },
        "parent": 3169778,
        "lat": 41.11006,
        "lng": 16.69086,
        "country": "IT",
        "population": 51661
    },
    "3182007": {
        "ids": {
            "geonames": 3182007
        },
        "long": {
            "default": "Bisceglie"
        },
        "parent": 3169778,
        "lat": 41.24264,
        "lng": 16.50104,
        "country": "IT",
        "population": 53648
    },
    "3182164": {
        "ids": {
            "geonames": 3182164
        },
        "long": {
            "default": "Bergamo"
        },
        "parent": 3174618,
        "lat": 45.69601,
        "lng": 9.66721,
        "country": "IT",
        "population": 114162
    },
    "3182340": {
        "ids": {
            "geonames": 3182340
        },
        "long": {
            "default": "Barletta"
        },
        "parent": 3169778,
        "lat": 41.31429,
        "lng": 16.28165,
        "country": "IT",
        "population": 93279
    },
    "3182351": {
        "ids": {
            "geonames": 3182351
        },
        "long": {
            "default": "Bari"
        },
        "parent": 3169778,
        "lat": 41.11148,
        "lng": 16.8554,
        "country": "IT",
        "population": 277387
    },
    "3182640": {
        "ids": {
            "geonames": 3182640
        },
        "long": {
            "default": "Aversa"
        },
        "parent": 3181042,
        "lat": 40.97259,
        "lng": 14.20745,
        "country": "IT",
        "population": 52830
    },
    "3182714": {
        "ids": {
            "geonames": 3182714
        },
        "long": {
            "default": "Asti"
        },
        "parent": 3170831,
        "lat": 44.90162,
        "lng": 8.20751,
        "country": "IT",
        "population": 61254
    },
    "3182884": {
        "ids": {
            "geonames": 3182884
        },
        "long": {
            "default": "Arezzo"
        },
        "parent": 3165361,
        "lat": 43.46276,
        "lng": 11.88068,
        "country": "IT",
        "population": 76346
    },
    "3183072": {
        "ids": {
            "geonames": 3183072
        },
        "long": {
            "default": "Andria"
        },
        "parent": 3169778,
        "lat": 41.23117,
        "lng": 16.29797,
        "country": "IT",
        "population": 98342
    },
    "3183089": {
        "ids": {
            "geonames": 3183089
        },
        "long": {
            "default": "Ancona"
        },
        "parent": 3174004,
        "lat": 43.5942,
        "lng": 13.50337,
        "country": "IT",
        "population": 89994
    },
    "3183178": {
        "ids": {
            "geonames": 3183178
        },
        "long": {
            "default": "Altamura"
        },
        "parent": 3169778,
        "lat": 40.82664,
        "lng": 16.54952,
        "country": "IT",
        "population": 67821
    },
    "3183299": {
        "ids": {
            "geonames": 3183299
        },
        "long": {
            "default": "Alessandria"
        },
        "parent": 3170831,
        "lat": 44.90924,
        "lng": 8.61007,
        "country": "IT",
        "population": 64178
    },
    "3183455": {
        "ids": {
            "geonames": 3183455
        },
        "long": {
            "default": "Afragola"
        },
        "parent": 3181042,
        "lat": 40.92298,
        "lng": 14.30935,
        "country": "IT",
        "population": 62775
    },
    "3183539": {
        "ids": {
            "geonames": 3183539
        },
        "long": {
            "default": "Acilia-Castel Fusano-Ostia Antica"
        },
        "parent": 3174976,
        "lat": 41.76337,
        "lng": 12.33078,
        "country": "IT",
        "population": 129362
    },
    "3183541": {
        "ids": {
            "geonames": 3183541
        },
        "long": {
            "default": "Acerra"
        },
        "parent": 3181042,
        "lat": 40.94477,
        "lng": 14.3714,
        "country": "IT",
        "population": 53578
    },
    "6534228": {
        "ids": {
            "geonames": 6534228
        },
        "long": {
            "default": "Guidonia Montecelio"
        },
        "parent": 3174976,
        "lat": 41.99362,
        "lng": 12.72238,
        "country": "IT",
        "population": 67516
    },
    "6534232": {
        "ids": {
            "geonames": 6534232
        },
        "long": {
            "default": "Lamezia Terme"
        },
        "parent": 2525468,
        "lat": 38.96255,
        "lng": 16.30938,
        "country": "IT",
        "population": 70501
    }
}