{
    "3488465": {
        "ids": {
            "geonames": 3488465
        },
        "long": {
            "default": "Spanish Town"
        },
        "parent": 3488711,
        "lat": 17.99107,
        "lng": -76.95742,
        "country": "JM",
        "population": 145018
    },
    "3488981": {
        "ids": {
            "geonames": 3488981
        },
        "long": {
            "default": "Portmore"
        },
        "parent": 3488711,
        "lat": 17.95032,
        "lng": -76.88215,
        "country": "JM",
        "population": 102861
    },
    "3489297": {
        "ids": {
            "geonames": 3489297
        },
        "long": {
            "default": "New Kingston"
        },
        "parent": 3488716,
        "lat": 18.00747,
        "lng": -76.78319,
        "country": "JM",
        "population": 583958
    },
    "3489460": {
        "ids": {
            "geonames": 3489460
        },
        "long": {
            "default": "Montego Bay"
        },
        "parent": 3488700,
        "lat": 18.47116,
        "lng": -77.91883,
        "country": "JM",
        "population": 82867
    },
    "3489854": {
        "ids": {
            "geonames": 3489854
        },
        "long": {
            "default": "Kingston"
        },
        "parent": 3489853,
        "lat": 17.99702,
        "lng": -76.79358,
        "country": "JM",
        "population": 937700
    }
}