{
    "246013": {
        "ids": {
            "geonames": 246013
        },
        "long": {
            "default": "Wādī as Sīr"
        },
        "parent": 250439,
        "lat": 31.9545,
        "lng": 35.81831,
        "country": "JO",
        "population": 181212
    },
    "248370": {
        "ids": {
            "geonames": 248370
        },
        "long": {
            "default": "Mādabā"
        },
        "parent": 443123,
        "lat": 31.71599,
        "lng": 35.79392,
        "country": "JO",
        "population": 82335
    },
    "248382": {
        "ids": {
            "geonames": 248382
        },
        "long": {
            "default": "Ma'an"
        },
        "parent": 248380,
        "lat": 30.19624,
        "lng": 35.73405,
        "country": "JO",
        "population": 50350
    },
    "248946": {
        "ids": {
            "geonames": 248946
        },
        "long": {
            "default": "Irbid"
        },
        "parent": 248944,
        "lat": 32.55556,
        "lng": 35.85,
        "country": "JO",
        "population": 307480
    },
    "250090": {
        "ids": {
            "geonames": 250090
        },
        "long": {
            "default": "Zarqa"
        },
        "parent": 250092,
        "lat": 32.07275,
        "lng": 36.08796,
        "country": "JO",
        "population": 792665
    },
    "250258": {
        "ids": {
            "geonames": 250258
        },
        "long": {
            "default": "As Salţ"
        },
        "parent": 250751,
        "lat": 32.03917,
        "lng": 35.72722,
        "country": "JO",
        "population": 80189
    },
    "250336": {
        "ids": {
            "geonames": 250336
        },
        "long": {
            "default": "Ar Ramthā"
        },
        "parent": 248944,
        "lat": 32.55873,
        "lng": 36.00816,
        "country": "JO",
        "population": 74901
    },
    "250441": {
        "ids": {
            "geonames": 250441
        },
        "long": {
            "default": "Amman"
        },
        "parent": 250439,
        "lat": 31.95522,
        "lng": 35.94503,
        "country": "JO",
        "population": 1275857
    },
    "250582": {
        "ids": {
            "geonames": 250582
        },
        "long": {
            "default": "Mafraq"
        },
        "parent": 250583,
        "lat": 32.34289,
        "lng": 36.20804,
        "country": "JO",
        "population": 57118
    },
    "250774": {
        "ids": {
            "geonames": 250774
        },
        "long": {
            "default": "Aqaba"
        },
        "parent": 443122,
        "lat": 29.52667,
        "lng": 35.00778,
        "country": "JO",
        "population": 95048
    },
    "250799": {
        "ids": {
            "geonames": 250799
        },
        "long": {
            "default": "‘Ajlūn"
        },
        "parent": 443120,
        "lat": 32.33326,
        "lng": 35.75279,
        "country": "JO",
        "population": 125557
    },
    "7838895": {
        "ids": {
            "geonames": 7838895
        },
        "long": {
            "default": "Russeifa"
        },
        "parent": 250092,
        "lat": 32.01778,
        "lng": 36.04639,
        "country": "JO",
        "population": 268237
    }
}