{
    "179330": {
        "ids": {
            "geonames": 179330
        },
        "long": {
            "default": "Thika"
        },
        "parent": 184742,
        "lat": -1.03326,
        "lng": 37.06933,
        "country": "KE",
        "population": 200000
    },
    "182701": {
        "ids": {
            "geonames": 182701
        },
        "long": {
            "default": "Nyeri"
        },
        "parent": 7667661,
        "lat": -0.42013,
        "lng": 36.94759,
        "country": "KE",
        "population": 51084
    },
    "184622": {
        "ids": {
            "geonames": 184622
        },
        "long": {
            "default": "Nakuru"
        },
        "parent": 7668902,
        "lat": -0.28333,
        "lng": 36.06667,
        "country": "KE",
        "population": 259903
    },
    "184745": {
        "ids": {
            "geonames": 184745
        },
        "long": {
            "default": "Nairobi"
        },
        "parent": 184742,
        "lat": -1.28333,
        "lng": 36.81667,
        "country": "KE",
        "population": 2750547
    },
    "186301": {
        "ids": {
            "geonames": 186301
        },
        "long": {
            "default": "Mombasa"
        },
        "parent": 186298,
        "lat": -4.05466,
        "lng": 39.66359,
        "country": "KE",
        "population": 799668
    },
    "187110": {
        "ids": {
            "geonames": 187110
        },
        "long": {
            "default": "Mbale"
        },
        "parent": 7667638,
        "lat": -3.4,
        "lng": 38.38333,
        "country": "KE",
        "population": 60000
    },
    "187968": {
        "ids": {
            "geonames": 187968
        },
        "long": {
            "default": "Malindi"
        },
        "parent": 192064,
        "lat": -3.21799,
        "lng": 40.11692,
        "country": "KE",
        "population": 118265
    },
    "191220": {
        "ids": {
            "geonames": 191220
        },
        "long": {
            "default": "Kitale"
        },
        "parent": 179068,
        "lat": 1.01572,
        "lng": 35.00622,
        "country": "KE",
        "population": 75123
    },
    "191245": {
        "ids": {
            "geonames": 191245
        },
        "long": {
            "default": "Kisumu"
        },
        "parent": 191242,
        "lat": -0.10221,
        "lng": 34.76171,
        "country": "KE",
        "population": 216479
    },
    "194160": {
        "ids": {
            "geonames": 194160
        },
        "long": {
            "default": "Kapenguria"
        },
        "parent": 178145,
        "lat": 1.23333,
        "lng": 35.11667,
        "country": "KE",
        "population": 56000
    },
    "195272": {
        "ids": {
            "geonames": 195272
        },
        "long": {
            "default": "Kakamega"
        },
        "parent": 195271,
        "lat": 0.28422,
        "lng": 34.75229,
        "country": "KE",
        "population": 63426
    },
    "197745": {
        "ids": {
            "geonames": 197745
        },
        "long": {
            "default": "Garissa"
        },
        "parent": 197744,
        "lat": -0.45275,
        "lng": 39.64601,
        "country": "KE",
        "population": 67861
    },
    "198629": {
        "ids": {
            "geonames": 198629
        },
        "long": {
            "default": "Eldoret"
        },
        "parent": 178837,
        "lat": 0.52036,
        "lng": 35.26993,
        "country": "KE",
        "population": 218446
    },
    "199989": {
        "ids": {
            "geonames": 199989
        },
        "long": {
            "default": "Busia"
        },
        "parent": 199987,
        "lat": 0.46005,
        "lng": 34.11169,
        "country": "KE",
        "population": 51981
    },
    "200067": {
        "ids": {
            "geonames": 200067
        },
        "long": {
            "default": "Bungoma"
        },
        "parent": 200066,
        "lat": 0.5635,
        "lng": 34.56055,
        "country": "KE",
        "population": 55962
    }
}