{
    "1527199": {
        "ids": {
            "geonames": 1527199
        },
        "long": {
            "default": "Tokmok"
        },
        "parent": 1538652,
        "lat": 42.84194,
        "lng": 75.30149,
        "country": "KG",
        "population": 63047
    },
    "1527534": {
        "ids": {
            "geonames": 1527534
        },
        "long": {
            "default": "Osh"
        },
        "parent": 1346798,
        "lat": 40.52828,
        "lng": 72.7985,
        "country": "KG",
        "population": 200000
    },
    "1527592": {
        "ids": {
            "geonames": 1527592
        },
        "long": {
            "default": "Naryn"
        },
        "parent": 1527590,
        "lat": 41.42866,
        "lng": 75.99111,
        "country": "KG",
        "population": 52300
    },
    "1528121": {
        "ids": {
            "geonames": 1528121
        },
        "long": {
            "default": "Karakol"
        },
        "parent": 1528260,
        "lat": 42.49068,
        "lng": 78.39362,
        "country": "KG",
        "population": 70171
    },
    "1528182": {
        "ids": {
            "geonames": 1528182
        },
        "long": {
            "default": "Kara-Balta"
        },
        "parent": 1538652,
        "lat": 42.81423,
        "lng": 73.84813,
        "country": "KG",
        "population": 62796
    },
    "1528249": {
        "ids": {
            "geonames": 1528249
        },
        "long": {
            "default": "Jalal-Abad"
        },
        "parent": 1529778,
        "lat": 40.93333,
        "lng": 73,
        "country": "KG",
        "population": 75700
    },
    "1528675": {
        "ids": {
            "geonames": 1528675
        },
        "long": {
            "default": "Bishkek"
        },
        "parent": 1528334,
        "lat": 42.87,
        "lng": 74.59,
        "country": "KG",
        "population": 900000
    },
    "11054823": {
        "ids": {
            "geonames": 11054823
        },
        "long": {
            "default": "Osh City"
        },
        "parent": 10300944,
        "lat": 40.53957,
        "lng": 72.81034,
        "country": "KG",
        "population": 255900
    }
}