{
    "1821306": {
        "ids": {
            "geonames": 1821306
        },
        "long": {
            "default": "Phnom Penh"
        },
        "parent": 1830103,
        "lat": 11.56245,
        "lng": 104.91601,
        "country": "KH",
        "population": 1573544
    },
    "1821935": {
        "ids": {
            "geonames": 1821935
        },
        "long": {
            "default": "Ta Khmau"
        },
        "parent": 1831095,
        "lat": 11.48333,
        "lng": 104.95,
        "country": "KH",
        "population": 52066
    },
    "1821940": {
        "ids": {
            "geonames": 1821940
        },
        "long": {
            "default": "Takeo"
        },
        "parent": 1821939,
        "lat": 10.99081,
        "lng": 104.78498,
        "country": "KH",
        "population": 843931
    },
    "1822214": {
        "ids": {
            "geonames": 1822214
        },
        "long": {
            "default": "Siem Reap"
        },
        "parent": 1822213,
        "lat": 13.36179,
        "lng": 103.86056,
        "country": "KH",
        "population": 139458
    },
    "1822768": {
        "ids": {
            "geonames": 1822768
        },
        "long": {
            "default": "Pursat"
        },
        "parent": 1821301,
        "lat": 12.53878,
        "lng": 103.9192,
        "country": "KH",
        "population": 52476
    },
    "1830194": {
        "ids": {
            "geonames": 1830194
        },
        "long": {
            "default": "Paôy Pêt"
        },
        "parent": 1899273,
        "lat": 13.65611,
        "lng": 102.5625,
        "country": "KH",
        "population": 79000
    },
    "1831142": {
        "ids": {
            "geonames": 1831142
        },
        "long": {
            "default": "Sihanoukville"
        },
        "parent": 1899262,
        "lat": 10.60932,
        "lng": 103.52958,
        "country": "KH",
        "population": 156691
    },
    "1831167": {
        "ids": {
            "geonames": 1831167
        },
        "long": {
            "default": "Kampong Chhnang"
        },
        "parent": 1831166,
        "lat": 12.25,
        "lng": 104.66667,
        "country": "KH",
        "population": 75244
    },
    "1831173": {
        "ids": {
            "geonames": 1831173
        },
        "long": {
            "default": "Kampong Cham"
        },
        "parent": 1831172,
        "lat": 11.99339,
        "lng": 105.4635,
        "country": "KH",
        "population": 61750
    },
    "1831797": {
        "ids": {
            "geonames": 1831797
        },
        "long": {
            "default": "Battambang"
        },
        "parent": 1821310,
        "lat": 13.10271,
        "lng": 103.19822,
        "country": "KH",
        "population": 150444
    }
}