{
    "1866923": {
        "ids": {
            "geonames": 1866923
        },
        "long": {
            "default": "Wŏnsan"
        },
        "parent": 1876101,
        "lat": 39.15278,
        "lng": 127.44361,
        "country": "KP",
        "population": 329207
    },
    "1869446": {
        "ids": {
            "geonames": 1869446
        },
        "long": {
            "default": "Songnim"
        },
        "parent": 1876888,
        "lat": 38.75417,
        "lng": 125.645,
        "country": "KP",
        "population": 152425
    },
    "1870883": {
        "ids": {
            "geonames": 1870883
        },
        "long": {
            "default": "Sariwŏn"
        },
        "parent": 1876888,
        "lat": 38.50722,
        "lng": 125.75583,
        "country": "KP",
        "population": 310100
    },
    "1871859": {
        "ids": {
            "geonames": 1871859
        },
        "long": {
            "default": "Pyongyang"
        },
        "parent": 1871856,
        "lat": 39.03385,
        "lng": 125.75432,
        "country": "KP",
        "population": 3222000
    },
    "1871871": {
        "ids": {
            "geonames": 1871871
        },
        "long": {
            "default": "P’yŏngsŏng"
        },
        "parent": 1871952,
        "lat": 39.24639,
        "lng": 125.87194,
        "country": "KP",
        "population": 100000
    },
    "1873172": {
        "ids": {
            "geonames": 1873172
        },
        "long": {
            "default": "Ongjin"
        },
        "parent": 1876884,
        "lat": 37.93472,
        "lng": 125.36194,
        "country": "KP",
        "population": 64247
    },
    "1873757": {
        "ids": {
            "geonames": 1873757
        },
        "long": {
            "default": "Namp’o"
        },
        "parent": 1871952,
        "lat": 38.7375,
        "lng": 125.40778,
        "country": "KP",
        "population": 455000
    },
    "1876373": {
        "ids": {
            "geonames": 1876373
        },
        "long": {
            "default": "Kaesŏng"
        },
        "parent": 1876884,
        "lat": 37.97083,
        "lng": 126.55444,
        "country": "KP",
        "population": 338155
    },
    "1877030": {
        "ids": {
            "geonames": 1877030
        },
        "long": {
            "default": "Hŭngnam"
        },
        "parent": 1877450,
        "lat": 39.83167,
        "lng": 127.61861,
        "country": "KP",
        "population": 346082
    },
    "1877449": {
        "ids": {
            "geonames": 1877449
        },
        "long": {
            "default": "Hamhŭng"
        },
        "parent": 1877450,
        "lat": 39.91833,
        "lng": 127.53639,
        "country": "KP",
        "population": 559056
    },
    "1877615": {
        "ids": {
            "geonames": 1877615
        },
        "long": {
            "default": "Haeju"
        },
        "parent": 1876884,
        "lat": 38.04056,
        "lng": 125.71472,
        "country": "KP",
        "population": 222396
    },
    "1879487": {
        "ids": {
            "geonames": 1879487
        },
        "long": {
            "default": "Chaeryŏng-ŭp"
        },
        "parent": 1876884,
        "lat": 38.39917,
        "lng": 125.61556,
        "country": "KP",
        "population": 53330
    },
    "1879613": {
        "ids": {
            "geonames": 1879613
        },
        "long": {
            "default": "Anju"
        },
        "parent": 1871952,
        "lat": 39.61778,
        "lng": 125.66472,
        "country": "KP",
        "population": 50196
    },
    "2038854": {
        "ids": {
            "geonames": 2038854
        },
        "long": {
            "default": "Yuktae-dong"
        },
        "parent": 1877450,
        "lat": 40.02472,
        "lng": 128.15972,
        "country": "KP",
        "population": 76427
    },
    "2039623": {
        "ids": {
            "geonames": 2039623
        },
        "long": {
            "default": "Ŭiju"
        },
        "parent": 1871954,
        "lat": 40.19944,
        "lng": 124.53167,
        "country": "KP",
        "population": 50081
    },
    "2040893": {
        "ids": {
            "geonames": 2040893
        },
        "long": {
            "default": "Sinŭiju"
        },
        "parent": 1871954,
        "lat": 40.10056,
        "lng": 124.39806,
        "country": "KP",
        "population": 288112
    },
    "2042645": {
        "ids": {
            "geonames": 2042645
        },
        "long": {
            "default": "Najin"
        },
        "parent": 2054927,
        "lat": 42.24889,
        "lng": 130.30028,
        "country": "KP",
        "population": 66224
    },
    "2043484": {
        "ids": {
            "geonames": 2043484
        },
        "long": {
            "default": "Kilju"
        },
        "parent": 2044245,
        "lat": 40.96417,
        "lng": 129.32778,
        "country": "KP",
        "population": 63652
    },
    "2043572": {
        "ids": {
            "geonames": 2043572
        },
        "long": {
            "default": "Kanggye-si"
        },
        "parent": 2045265,
        "lat": 40.96946,
        "lng": 126.58523,
        "country": "KP",
        "population": 209530
    },
    "2043835": {
        "ids": {
            "geonames": 2043835
        },
        "long": {
            "default": "Hyesan-dong"
        },
        "parent": 2039332,
        "lat": 41.39756,
        "lng": 128.17873,
        "country": "KP",
        "population": 97794
    },
    "2043837": {
        "ids": {
            "geonames": 2043837
        },
        "long": {
            "default": "Hyesan-si"
        },
        "parent": 2039332,
        "lat": 41.40167,
        "lng": 128.17778,
        "country": "KP",
        "population": 192680
    },
    "2044050": {
        "ids": {
            "geonames": 2044050
        },
        "long": {
            "default": "Hongwŏn"
        },
        "parent": 1877450,
        "lat": 40.02528,
        "lng": 127.95583,
        "country": "KP",
        "population": 70923
    },
    "2044757": {
        "ids": {
            "geonames": 2044757
        },
        "long": {
            "default": "Chongjin"
        },
        "parent": 2044245,
        "lat": 41.79556,
        "lng": 129.77583,
        "country": "KP",
        "population": 327000
    }
}