{
    "1832384": {
        "ids": {
            "geonames": 1832384
        },
        "long": {
            "default": "Eisen"
        },
        "parent": 1841597,
        "lat": 36.82167,
        "lng": 128.63083,
        "country": "KR",
        "population": 84625
    },
    "1832617": {
        "ids": {
            "geonames": 1832617
        },
        "long": {
            "default": "Eisen"
        },
        "parent": 1841597,
        "lat": 35.9675,
        "lng": 128.93083,
        "country": "KR",
        "population": 56006
    },
    "1832828": {
        "ids": {
            "geonames": 1832828
        },
        "long": {
            "default": "Yangsan"
        },
        "parent": 1902028,
        "lat": 35.34199,
        "lng": 129.03358,
        "country": "KR",
        "population": 71936
    },
    "1832830": {
        "ids": {
            "geonames": 1832830
        },
        "long": {
            "default": "Yangp'yŏng"
        },
        "parent": 1841610,
        "lat": 37.48972,
        "lng": 127.49056,
        "country": "KR",
        "population": 83367
    },
    "1832847": {
        "ids": {
            "geonames": 1832847
        },
        "long": {
            "default": "Yangju"
        },
        "parent": 1841610,
        "lat": 37.83311,
        "lng": 127.06169,
        "country": "KR",
        "population": 179923
    },
    "1833105": {
        "ids": {
            "geonames": 1833105
        },
        "long": {
            "default": "Wŏnju"
        },
        "parent": 1843125,
        "lat": 37.35139,
        "lng": 127.94528,
        "country": "KR",
        "population": 243387
    },
    "1833466": {
        "ids": {
            "geonames": 1833466
        },
        "long": {
            "default": "Wanju"
        },
        "parent": 1845789,
        "lat": 35.84509,
        "lng": 127.14752,
        "country": "KR",
        "population": 84009
    },
    "1833747": {
        "ids": {
            "geonames": 1833747
        },
        "long": {
            "default": "Ulsan"
        },
        "parent": 1833742,
        "lat": 35.53722,
        "lng": 129.31667,
        "country": "KR",
        "population": 962865
    },
    "1833788": {
        "ids": {
            "geonames": 1833788
        },
        "long": {
            "default": "Uijeongbu-si"
        },
        "parent": 1841610,
        "lat": 37.7415,
        "lng": 127.0474,
        "country": "KR",
        "population": 479141
    },
    "1835235": {
        "ids": {
            "geonames": 1835235
        },
        "long": {
            "default": "Daejeon"
        },
        "parent": 1835224,
        "lat": 36.32139,
        "lng": 127.41972,
        "country": "KR",
        "population": 1475221
    },
    "1835329": {
        "ids": {
            "geonames": 1835329
        },
        "long": {
            "default": "Daegu"
        },
        "parent": 1835327,
        "lat": 35.87028,
        "lng": 128.59111,
        "country": "KR",
        "population": 2566540
    },
    "1835447": {
        "ids": {
            "geonames": 1835447
        },
        "long": {
            "default": "Taisen-ri"
        },
        "parent": 1845105,
        "lat": 36.34931,
        "lng": 126.59772,
        "country": "KR",
        "population": 62039
    },
    "1835553": {
        "ids": {
            "geonames": 1835553
        },
        "long": {
            "default": "Suwon-si"
        },
        "parent": 1841610,
        "lat": 37.29111,
        "lng": 127.00889,
        "country": "KR",
        "population": 1242724
    },
    "1835648": {
        "ids": {
            "geonames": 1835648
        },
        "long": {
            "default": "Suncheon"
        },
        "parent": 1845788,
        "lat": 34.94808,
        "lng": 127.48947,
        "country": "KR",
        "population": 230796
    },
    "1835848": {
        "ids": {
            "geonames": 1835848
        },
        "long": {
            "default": "Seoul"
        },
        "parent": 1835847,
        "lat": 37.566,
        "lng": 126.9784,
        "country": "KR",
        "population": 10349312
    },
    "1835895": {
        "ids": {
            "geonames": 1835895
        },
        "long": {
            "default": "Suisan"
        },
        "parent": 1845105,
        "lat": 36.78167,
        "lng": 126.45222,
        "country": "KR",
        "population": 74208
    },
    "1836553": {
        "ids": {
            "geonames": 1836553
        },
        "long": {
            "default": "Sokcho"
        },
        "parent": 1843125,
        "lat": 38.20701,
        "lng": 128.59181,
        "country": "KR",
        "population": 89047
    },
    "1837706": {
        "ids": {
            "geonames": 1837706
        },
        "long": {
            "default": "Sangju"
        },
        "parent": 1841597,
        "lat": 36.41528,
        "lng": 128.16056,
        "country": "KR",
        "population": 55640
    },
    "1838524": {
        "ids": {
            "geonames": 1838524
        },
        "long": {
            "default": "Busan"
        },
        "parent": 1838519,
        "lat": 35.10278,
        "lng": 129.04028,
        "country": "KR",
        "population": 3678555
    },
    "1838716": {
        "ids": {
            "geonames": 1838716
        },
        "long": {
            "default": "Bucheon-si"
        },
        "parent": 1841610,
        "lat": 37.49889,
        "lng": 126.78306,
        "country": "KR",
        "population": 850731
    },
    "1839071": {
        "ids": {
            "geonames": 1839071
        },
        "long": {
            "default": "Pohang"
        },
        "parent": 1841597,
        "lat": 36.03222,
        "lng": 129.365,
        "country": "KR",
        "population": 500000
    },
    "1839652": {
        "ids": {
            "geonames": 1839652
        },
        "long": {
            "default": "Osan"
        },
        "parent": 1841610,
        "lat": 37.15222,
        "lng": 127.07056,
        "country": "KR",
        "population": 158978
    },
    "1839726": {
        "ids": {
            "geonames": 1839726
        },
        "long": {
            "default": "Asan"
        },
        "parent": 1845105,
        "lat": 36.78361,
        "lng": 127.00417,
        "country": "KR",
        "population": 97749
    },
    "1839873": {
        "ids": {
            "geonames": 1839873
        },
        "long": {
            "default": "Okcheon"
        },
        "parent": 1845106,
        "lat": 36.3012,
        "lng": 127.568,
        "country": "KR",
        "population": 56634
    },
    "1840179": {
        "ids": {
            "geonames": 1840179
        },
        "long": {
            "default": "Kosong"
        },
        "parent": 1843125,
        "lat": 38.37881,
        "lng": 128.4676,
        "country": "KR",
        "population": 62446
    },
    "1840379": {
        "ids": {
            "geonames": 1840379
        },
        "long": {
            "default": "Nangen"
        },
        "parent": 1845789,
        "lat": 35.41,
        "lng": 127.38583,
        "country": "KR",
        "population": 58057
    },
    "1840886": {
        "ids": {
            "geonames": 1840886
        },
        "long": {
            "default": "Mungyeong"
        },
        "parent": 1841597,
        "lat": 36.59458,
        "lng": 128.19946,
        "country": "KR",
        "population": 81525
    },
    "1840982": {
        "ids": {
            "geonames": 1840982
        },
        "long": {
            "default": "Muan"
        },
        "parent": 1845788,
        "lat": 34.99014,
        "lng": 126.47899,
        "country": "KR",
        "population": 75718
    },
    "1841066": {
        "ids": {
            "geonames": 1841066
        },
        "long": {
            "default": "Moppo"
        },
        "parent": 1845788,
        "lat": 34.79361,
        "lng": 126.38861,
        "country": "KR",
        "population": 268402
    },
    "1841149": {
        "ids": {
            "geonames": 1841149
        },
        "long": {
            "default": "Miryang"
        },
        "parent": 1902028,
        "lat": 35.49333,
        "lng": 128.74889,
        "country": "KR",
        "population": 53103
    },
    "1841598": {
        "ids": {
            "geonames": 1841598
        },
        "long": {
            "default": "Gyeongsan-si"
        },
        "parent": 1841597,
        "lat": 35.82333,
        "lng": 128.73778,
        "country": "KR",
        "population": 129903
    },
    "1841603": {
        "ids": {
            "geonames": 1841603
        },
        "long": {
            "default": "Kyonju"
        },
        "parent": 1841597,
        "lat": 35.84278,
        "lng": 129.21167,
        "country": "KR",
        "population": 155237
    },
    "1841775": {
        "ids": {
            "geonames": 1841775
        },
        "long": {
            "default": "Kwangyang"
        },
        "parent": 1845788,
        "lat": 34.97528,
        "lng": 127.58917,
        "country": "KR",
        "population": 89281
    },
    "1841810": {
        "ids": {
            "geonames": 1841810
        },
        "long": {
            "default": "Gwangju"
        },
        "parent": 1841610,
        "lat": 37.41,
        "lng": 127.25722,
        "country": "KR",
        "population": 81780
    },
    "1841811": {
        "ids": {
            "geonames": 1841811
        },
        "long": {
            "default": "Gwangju"
        },
        "parent": 1841808,
        "lat": 35.15472,
        "lng": 126.91556,
        "country": "KR",
        "population": 1416938
    },
    "1841988": {
        "ids": {
            "geonames": 1841988
        },
        "long": {
            "default": "Guri-si"
        },
        "parent": 1841610,
        "lat": 37.5986,
        "lng": 127.1394,
        "country": "KR",
        "population": 195236
    },
    "1842025": {
        "ids": {
            "geonames": 1842025
        },
        "long": {
            "default": "Kunsan"
        },
        "parent": 1845789,
        "lat": 35.97861,
        "lng": 126.71139,
        "country": "KR",
        "population": 243406
    },
    "1842225": {
        "ids": {
            "geonames": 1842225
        },
        "long": {
            "default": "Gumi"
        },
        "parent": 1841597,
        "lat": 36.1136,
        "lng": 128.336,
        "country": "KR",
        "population": 291006
    },
    "1842485": {
        "ids": {
            "geonames": 1842485
        },
        "long": {
            "default": "Goyang-si"
        },
        "parent": 1841610,
        "lat": 37.65639,
        "lng": 126.835,
        "country": "KR",
        "population": 1073069
    },
    "1842616": {
        "ids": {
            "geonames": 1842616
        },
        "long": {
            "default": "Gongju"
        },
        "parent": 1845105,
        "lat": 36.45556,
        "lng": 127.12472,
        "country": "KR",
        "population": 72435
    },
    "1842754": {
        "ids": {
            "geonames": 1842754
        },
        "long": {
            "default": "Kyosai"
        },
        "parent": 1902028,
        "lat": 34.85028,
        "lng": 128.58861,
        "country": "KR",
        "population": 72124
    },
    "1842859": {
        "ids": {
            "geonames": 1842859
        },
        "long": {
            "default": "Koch'ang"
        },
        "parent": 1845789,
        "lat": 35.43333,
        "lng": 126.7,
        "country": "KR",
        "population": 72996
    },
    "1842943": {
        "ids": {
            "geonames": 1842943
        },
        "long": {
            "default": "Kimhae"
        },
        "parent": 1902028,
        "lat": 35.23417,
        "lng": 128.88111,
        "country": "KR",
        "population": 356242
    },
    "1842944": {
        "ids": {
            "geonames": 1842944
        },
        "long": {
            "default": "Gimcheon"
        },
        "parent": 1841597,
        "lat": 36.12176,
        "lng": 128.11981,
        "country": "KR",
        "population": 150000
    },
    "1843082": {
        "ids": {
            "geonames": 1843082
        },
        "long": {
            "default": "Gapyeong"
        },
        "parent": 1841610,
        "lat": 37.83101,
        "lng": 127.51059,
        "country": "KR",
        "population": 55415
    },
    "1843137": {
        "ids": {
            "geonames": 1843137
        },
        "long": {
            "default": "Kang-neung"
        },
        "parent": 1843125,
        "lat": 37.75556,
        "lng": 128.89611,
        "country": "KR",
        "population": 180611
    },
    "1843491": {
        "ids": {
            "geonames": 1843491
        },
        "long": {
            "default": "Iksan"
        },
        "parent": 1845789,
        "lat": 35.94389,
        "lng": 126.95444,
        "country": "KR",
        "population": 283501
    },
    "1843564": {
        "ids": {
            "geonames": 1843564
        },
        "long": {
            "default": "Incheon"
        },
        "parent": 1843561,
        "lat": 37.45646,
        "lng": 126.70515,
        "country": "KR",
        "population": 2628000
    },
    "1843702": {
        "ids": {
            "geonames": 1843702
        },
        "long": {
            "default": "Icheon-si"
        },
        "parent": 1841610,
        "lat": 37.27917,
        "lng": 127.4425,
        "country": "KR",
        "population": 196230
    },
    "1843841": {
        "ids": {
            "geonames": 1843841
        },
        "long": {
            "default": "Hwasun"
        },
        "parent": 1845788,
        "lat": 35.05944,
        "lng": 126.985,
        "country": "KR",
        "population": 59914
    },
    "1843847": {
        "ids": {
            "geonames": 1843847
        },
        "long": {
            "default": "Hwaseong-si"
        },
        "parent": 1841610,
        "lat": 37.20682,
        "lng": 126.8169,
        "country": "KR",
        "population": 476297
    },
    "1844174": {
        "ids": {
            "geonames": 1844174
        },
        "long": {
            "default": "Hongsung"
        },
        "parent": 1845105,
        "lat": 36.6009,
        "lng": 126.665,
        "country": "KR",
        "population": 89174
    },
    "1844191": {
        "ids": {
            "geonames": 1844191
        },
        "long": {
            "default": "Hongch’ŏn"
        },
        "parent": 1843125,
        "lat": 37.6918,
        "lng": 127.8857,
        "country": "KR",
        "population": 75251
    },
    "1845136": {
        "ids": {
            "geonames": 1845136
        },
        "long": {
            "default": "Chuncheon"
        },
        "parent": 1843125,
        "lat": 37.87472,
        "lng": 127.73417,
        "country": "KR",
        "population": 209746
    },
    "1845457": {
        "ids": {
            "geonames": 1845457
        },
        "long": {
            "default": "Jeonju"
        },
        "parent": 1845789,
        "lat": 35.82194,
        "lng": 127.14889,
        "country": "KR",
        "population": 711424
    },
    "1845604": {
        "ids": {
            "geonames": 1845604
        },
        "long": {
            "default": "Cheongju-si"
        },
        "parent": 1845106,
        "lat": 36.63722,
        "lng": 127.48972,
        "country": "KR",
        "population": 634596
    },
    "1845759": {
        "ids": {
            "geonames": 1845759
        },
        "long": {
            "default": "Cheonan"
        },
        "parent": 1845105,
        "lat": 36.8065,
        "lng": 127.1522,
        "country": "KR",
        "population": 365114
    },
    "1846052": {
        "ids": {
            "geonames": 1846052
        },
        "long": {
            "default": "Chinju"
        },
        "parent": 1902028,
        "lat": 35.19278,
        "lng": 128.08472,
        "country": "KR",
        "population": 307242
    },
    "1846095": {
        "ids": {
            "geonames": 1846095
        },
        "long": {
            "default": "Chinch'ŏn"
        },
        "parent": 1845106,
        "lat": 36.85667,
        "lng": 127.44333,
        "country": "KR",
        "population": 60964
    },
    "1846266": {
        "ids": {
            "geonames": 1846266
        },
        "long": {
            "default": "Jeju City"
        },
        "parent": 1846265,
        "lat": 33.50972,
        "lng": 126.52194,
        "country": "KR",
        "population": 408364
    },
    "1846326": {
        "ids": {
            "geonames": 1846326
        },
        "long": {
            "default": "Changwon"
        },
        "parent": 1902028,
        "lat": 35.22806,
        "lng": 128.68111,
        "country": "KR",
        "population": 550000
    },
    "1846898": {
        "ids": {
            "geonames": 1846898
        },
        "long": {
            "default": "Anyang-si"
        },
        "parent": 1841610,
        "lat": 37.3925,
        "lng": 126.92694,
        "country": "KR",
        "population": 634367
    },
    "1846912": {
        "ids": {
            "geonames": 1846912
        },
        "long": {
            "default": "Anseong"
        },
        "parent": 1841610,
        "lat": 37.01083,
        "lng": 127.27028,
        "country": "KR",
        "population": 69255
    },
    "1846918": {
        "ids": {
            "geonames": 1846918
        },
        "long": {
            "default": "Ansan-si"
        },
        "parent": 1841610,
        "lat": 37.32361,
        "lng": 126.82194,
        "country": "KR",
        "population": 650728
    },
    "1846986": {
        "ids": {
            "geonames": 1846986
        },
        "long": {
            "default": "Andong"
        },
        "parent": 1841597,
        "lat": 36.56556,
        "lng": 128.725,
        "country": "KR",
        "population": 129319
    },
    "1882056": {
        "ids": {
            "geonames": 1882056
        },
        "long": {
            "default": "Sinhyeon"
        },
        "parent": 1902028,
        "lat": 34.8825,
        "lng": 128.62667,
        "country": "KR",
        "population": 82560
    },
    "1884138": {
        "ids": {
            "geonames": 1884138
        },
        "long": {
            "default": "Yeosu"
        },
        "parent": 1845788,
        "lat": 34.76278,
        "lng": 127.66528,
        "country": "KR",
        "population": 295538
    },
    "1892823": {
        "ids": {
            "geonames": 1892823
        },
        "long": {
            "default": "Tonghae"
        },
        "parent": 1843125,
        "lat": 37.54389,
        "lng": 129.10694,
        "country": "KR",
        "population": 101128
    },
    "1896953": {
        "ids": {
            "geonames": 1896953
        },
        "long": {
            "default": "Pubal"
        },
        "parent": 1841610,
        "lat": 37.29167,
        "lng": 127.50778,
        "country": "KR",
        "population": 63026
    },
    "1897000": {
        "ids": {
            "geonames": 1897000
        },
        "long": {
            "default": "Seongnam-si"
        },
        "parent": 1841610,
        "lat": 37.43861,
        "lng": 127.13778,
        "country": "KR",
        "population": 1031935
    },
    "1897007": {
        "ids": {
            "geonames": 1897007
        },
        "long": {
            "default": "Hanam"
        },
        "parent": 1841610,
        "lat": 37.54,
        "lng": 127.20556,
        "country": "KR",
        "population": 134902
    },
    "1897118": {
        "ids": {
            "geonames": 1897118
        },
        "long": {
            "default": "Hwado"
        },
        "parent": 1841610,
        "lat": 37.6525,
        "lng": 127.3075,
        "country": "KR",
        "population": 106358
    },
    "1897122": {
        "ids": {
            "geonames": 1897122
        },
        "long": {
            "default": "Namyangju"
        },
        "parent": 1841610,
        "lat": 37.63667,
        "lng": 127.21417,
        "country": "KR",
        "population": 90798
    },
    "1912205": {
        "ids": {
            "geonames": 1912205
        },
        "long": {
            "default": "Ungsang"
        },
        "parent": 1902028,
        "lat": 35.40611,
        "lng": 129.16861,
        "country": "KR",
        "population": 83360
    },
    "1912209": {
        "ids": {
            "geonames": 1912209
        },
        "long": {
            "default": "Wabu"
        },
        "parent": 1841610,
        "lat": 37.58972,
        "lng": 127.22028,
        "country": "KR",
        "population": 96775
    },
    "1925936": {
        "ids": {
            "geonames": 1925936
        },
        "long": {
            "default": "Naesŏ"
        },
        "parent": 1902028,
        "lat": 35.24972,
        "lng": 128.52,
        "country": "KR",
        "population": 80987
    },
    "1925943": {
        "ids": {
            "geonames": 1925943
        },
        "long": {
            "default": "Hwawŏn"
        },
        "parent": 1835327,
        "lat": 35.80167,
        "lng": 128.50083,
        "country": "KR",
        "population": 64718
    },
    "1948005": {
        "ids": {
            "geonames": 1948005
        },
        "long": {
            "default": "Kwangmyŏng"
        },
        "parent": 1841610,
        "lat": 37.47722,
        "lng": 126.86639,
        "country": "KR",
        "population": 357545
    },
    "6395804": {
        "ids": {
            "geonames": 6395804
        },
        "long": {
            "default": "Sinan"
        },
        "parent": 1845788,
        "lat": 34.8262,
        "lng": 126.10863,
        "country": "KR",
        "population": 53150
    },
    "6621166": {
        "ids": {
            "geonames": 6621166
        },
        "long": {
            "default": "Seogwipo"
        },
        "parent": 1846265,
        "lat": 33.25333,
        "lng": 126.56181,
        "country": "KR",
        "population": 155691
    },
    "6903078": {
        "ids": {
            "geonames": 6903078
        },
        "long": {
            "default": "Changnyeong"
        },
        "parent": 1902028,
        "lat": 35.54145,
        "lng": 128.49506,
        "country": "KR",
        "population": 74668
    }
}