{
    "285629": {
        "ids": {
            "geonames": 285629
        },
        "long": {
            "default": "Ḩawallī"
        },
        "parent": 285628,
        "lat": 29.33278,
        "lng": 48.02861,
        "country": "KW",
        "population": 164212
    },
    "285704": {
        "ids": {
            "geonames": 285704
        },
        "long": {
            "default": "As Sālimīyah"
        },
        "parent": 285628,
        "lat": 29.33389,
        "lng": 48.07611,
        "country": "KW",
        "population": 147649
    },
    "285726": {
        "ids": {
            "geonames": 285726
        },
        "long": {
            "default": "Ar Rumaythīyah"
        },
        "parent": 285628,
        "lat": 29.31167,
        "lng": 48.07417,
        "country": "KW",
        "population": 58135
    },
    "285728": {
        "ids": {
            "geonames": 285728
        },
        "long": {
            "default": "Ar Riqqah"
        },
        "parent": 285841,
        "lat": 29.14583,
        "lng": 48.09472,
        "country": "KW",
        "population": 52068
    },
    "285787": {
        "ids": {
            "geonames": 285787
        },
        "long": {
            "default": "Kuwait City"
        },
        "parent": 285788,
        "lat": 29.36972,
        "lng": 47.97833,
        "country": "KW",
        "population": 60064
    },
    "285811": {
        "ids": {
            "geonames": 285811
        },
        "long": {
            "default": "Al Faḩāḩīl"
        },
        "parent": 285841,
        "lat": 29.0825,
        "lng": 48.13028,
        "country": "KW",
        "population": 68290
    },
    "285815": {
        "ids": {
            "geonames": 285815
        },
        "long": {
            "default": "Al Farwānīyah"
        },
        "parent": 285816,
        "lat": 29.2775,
        "lng": 47.95861,
        "country": "KW",
        "population": 86525
    },
    "285839": {
        "ids": {
            "geonames": 285839
        },
        "long": {
            "default": "Al Aḩmadī"
        },
        "parent": 285841,
        "lat": 29.07694,
        "lng": 48.08389,
        "country": "KW",
        "population": 637411
    },
    "412800": {
        "ids": {
            "geonames": 412800
        },
        "long": {
            "default": "Şabāḩ as Sālim"
        },
        "parent": 7733358,
        "lat": 29.25722,
        "lng": 48.05722,
        "country": "KW",
        "population": 139163
    }
}