{
    "607610": {
        "ids": {
            "geonames": 607610
        },
        "long": {
            "default": "Zhanaozen"
        },
        "parent": 608879,
        "lat": 43.34116,
        "lng": 52.86192,
        "country": "KZ",
        "population": 103598
    },
    "608668": {
        "ids": {
            "geonames": 608668
        },
        "long": {
            "default": "Oral"
        },
        "parent": 607847,
        "lat": 51.23333,
        "lng": 51.36667,
        "country": "KZ",
        "population": 200000
    },
    "609123": {
        "ids": {
            "geonames": 609123
        },
        "long": {
            "default": "Qulsary"
        },
        "parent": 609862,
        "lat": 46.95307,
        "lng": 54.01978,
        "country": "KZ",
        "population": 51216
    },
    "609655": {
        "ids": {
            "geonames": 609655
        },
        "long": {
            "default": "Karagandy"
        },
        "parent": 1523401,
        "lat": 49.83333,
        "lng": 73.1658,
        "country": "KZ",
        "population": 451800
    },
    "610529": {
        "ids": {
            "geonames": 610529
        },
        "long": {
            "default": "Atyrau"
        },
        "parent": 609862,
        "lat": 47.11667,
        "lng": 51.88333,
        "country": "KZ",
        "population": 180000
    },
    "610611": {
        "ids": {
            "geonames": 610611
        },
        "long": {
            "default": "Aqtöbe"
        },
        "parent": 610688,
        "lat": 50.27969,
        "lng": 57.20718,
        "country": "KZ",
        "population": 262457
    },
    "610612": {
        "ids": {
            "geonames": 610612
        },
        "long": {
            "default": "Aktau"
        },
        "parent": 608879,
        "lat": 43.65,
        "lng": 51.16667,
        "country": "KZ",
        "population": 147443
    },
    "1516589": {
        "ids": {
            "geonames": 1516589
        },
        "long": {
            "default": "Zhezqazghan"
        },
        "parent": 1523401,
        "lat": 47.78333,
        "lng": 67.76667,
        "country": "KZ",
        "population": 104357
    },
    "1516905": {
        "ids": {
            "geonames": 1516905
        },
        "long": {
            "default": "Taraz"
        },
        "parent": 1524444,
        "lat": 42.9,
        "lng": 71.36667,
        "country": "KZ",
        "population": 358153
    },
    "1517945": {
        "ids": {
            "geonames": 1517945
        },
        "long": {
            "default": "Turkestan"
        },
        "parent": 1524787,
        "lat": 43.29733,
        "lng": 68.25175,
        "country": "KZ",
        "population": 97360
    },
    "1518262": {
        "ids": {
            "geonames": 1518262
        },
        "long": {
            "default": "Temirtau"
        },
        "parent": 1523401,
        "lat": 50.05494,
        "lng": 72.96464,
        "country": "KZ",
        "population": 170600
    },
    "1518542": {
        "ids": {
            "geonames": 1518542
        },
        "long": {
            "default": "Taldykorgan"
        },
        "parent": 1537162,
        "lat": 45.01556,
        "lng": 78.37389,
        "country": "KZ",
        "population": 116558
    },
    "1518543": {
        "ids": {
            "geonames": 1518543
        },
        "long": {
            "default": "Taldyqorghan"
        },
        "parent": 1537162,
        "lat": 45,
        "lng": 77.91667,
        "country": "KZ",
        "population": 200000
    },
    "1518980": {
        "ids": {
            "geonames": 1518980
        },
        "long": {
            "default": "Shymkent"
        },
        "parent": 1524787,
        "lat": 42.3,
        "lng": 69.6,
        "country": "KZ",
        "population": 414032
    },
    "1519422": {
        "ids": {
            "geonames": 1519422
        },
        "long": {
            "default": "Semey"
        },
        "parent": 1517381,
        "lat": 50.42675,
        "lng": 80.26669,
        "country": "KZ",
        "population": 292780
    },
    "1519691": {
        "ids": {
            "geonames": 1519691
        },
        "long": {
            "default": "Sarkand"
        },
        "parent": 1537162,
        "lat": 45.41126,
        "lng": 79.91545,
        "country": "KZ",
        "population": 76919
    },
    "1519843": {
        "ids": {
            "geonames": 1519843
        },
        "long": {
            "default": "Rudnyy"
        },
        "parent": 1521671,
        "lat": 52.9729,
        "lng": 63.11677,
        "country": "KZ",
        "population": 124000
    },
    "1519922": {
        "ids": {
            "geonames": 1519922
        },
        "long": {
            "default": "Kyzylorda"
        },
        "parent": 1521406,
        "lat": 44.85278,
        "lng": 65.50917,
        "country": "KZ",
        "population": 300000
    },
    "1519928": {
        "ids": {
            "geonames": 1519928
        },
        "long": {
            "default": "Kostanay"
        },
        "parent": 1521671,
        "lat": 53.21435,
        "lng": 63.62463,
        "country": "KZ",
        "population": 210000
    },
    "1520172": {
        "ids": {
            "geonames": 1520172
        },
        "long": {
            "default": "Petropavl"
        },
        "parent": 1519367,
        "lat": 54.86667,
        "lng": 69.15,
        "country": "KZ",
        "population": 200920
    },
    "1520240": {
        "ids": {
            "geonames": 1520240
        },
        "long": {
            "default": "Pavlodar"
        },
        "parent": 1520239,
        "lat": 52.28333,
        "lng": 76.96667,
        "country": "KZ",
        "population": 329002
    },
    "1520316": {
        "ids": {
            "geonames": 1520316
        },
        "long": {
            "default": "Ust-Kamenogorsk"
        },
        "parent": 1517381,
        "lat": 49.97143,
        "lng": 82.60586,
        "country": "KZ",
        "population": 319067
    },
    "1521368": {
        "ids": {
            "geonames": 1521368
        },
        "long": {
            "default": "Baykonyr"
        },
        "parent": 1538316,
        "lat": 45.61667,
        "lng": 63.31667,
        "country": "KZ",
        "population": 70000
    },
    "1521370": {
        "ids": {
            "geonames": 1521370
        },
        "long": {
            "default": "Ridder"
        },
        "parent": 1517381,
        "lat": 50.34413,
        "lng": 83.51287,
        "country": "KZ",
        "population": 52664
    },
    "1522203": {
        "ids": {
            "geonames": 1522203
        },
        "long": {
            "default": "Kokshetau"
        },
        "parent": 1518003,
        "lat": 53.28333,
        "lng": 69.4,
        "country": "KZ",
        "population": 124444
    },
    "1522751": {
        "ids": {
            "geonames": 1522751
        },
        "long": {
            "default": "Kentau"
        },
        "parent": 1524787,
        "lat": 43.51672,
        "lng": 68.50463,
        "country": "KZ",
        "population": 57408
    },
    "1524325": {
        "ids": {
            "geonames": 1524325
        },
        "long": {
            "default": "Ekibastuz"
        },
        "parent": 1520239,
        "lat": 51.72371,
        "lng": 75.32287,
        "country": "KZ",
        "population": 121470
    },
    "1525798": {
        "ids": {
            "geonames": 1525798
        },
        "long": {
            "default": "Balqash"
        },
        "parent": 1523401,
        "lat": 46.84806,
        "lng": 74.995,
        "country": "KZ",
        "population": 81364
    },
    "1526273": {
        "ids": {
            "geonames": 1526273
        },
        "long": {
            "default": "Astana"
        },
        "parent": 1538317,
        "lat": 51.1801,
        "lng": 71.44598,
        "country": "KZ",
        "population": 345604
    },
    "1526384": {
        "ids": {
            "geonames": 1526384
        },
        "long": {
            "default": "Almaty"
        },
        "parent": 1526395,
        "lat": 43.25667,
        "lng": 76.92861,
        "country": "KZ",
        "population": 2000900
    },
    "9862222": {
        "ids": {
            "geonames": 9862222
        },
        "long": {
            "default": "Kyzyl-Orda"
        },
        "parent": 1521406,
        "lat": 44.8479,
        "lng": 65.49989,
        "country": "KZ",
        "population": 300000
    }
}