{
    "1651944": {
        "ids": {
            "geonames": 1651944
        },
        "long": {
            "default": "Vientiane"
        },
        "parent": 1904618,
        "lat": 17.96667,
        "lng": 102.6,
        "country": "LA",
        "population": 196731
    },
    "1653316": {
        "ids": {
            "geonames": 1653316
        },
        "long": {
            "default": "Savannakhét"
        },
        "parent": 1653315,
        "lat": 16.56505,
        "lng": 104.75273,
        "country": "LA",
        "population": 66553
    },
    "1654379": {
        "ids": {
            "geonames": 1654379
        },
        "long": {
            "default": "Pakse"
        },
        "parent": 1657818,
        "lat": 15.12022,
        "lng": 105.79898,
        "country": "LA",
        "population": 88332
    }
}