{
    "266045": {
        "ids": {
            "geonames": 266045
        },
        "long": {
            "default": "Zahlé"
        },
        "parent": 280282,
        "lat": 33.84675,
        "lng": 35.90203,
        "country": "LB",
        "population": 78145
    },
    "266826": {
        "ids": {
            "geonames": 266826
        },
        "long": {
            "default": "Tripoli"
        },
        "parent": 278297,
        "lat": 34.43667,
        "lng": 35.84972,
        "country": "LB",
        "population": 229398
    },
    "267008": {
        "ids": {
            "geonames": 267008
        },
        "long": {
            "default": "Tyre"
        },
        "parent": 279894,
        "lat": 33.27333,
        "lng": 35.19389,
        "country": "LB",
        "population": 135204
    },
    "268064": {
        "ids": {
            "geonames": 268064
        },
        "long": {
            "default": "Sidon"
        },
        "parent": 279894,
        "lat": 33.55993,
        "lng": 35.37564,
        "country": "LB",
        "population": 163554
    },
    "268743": {
        "ids": {
            "geonames": 268743
        },
        "long": {
            "default": "Ra’s Bayrūt"
        },
        "parent": 276780,
        "lat": 33.9,
        "lng": 35.48333,
        "country": "LB",
        "population": 1251739
    },
    "273140": {
        "ids": {
            "geonames": 273140
        },
        "long": {
            "default": "Djounie"
        },
        "parent": 273607,
        "lat": 33.98083,
        "lng": 35.61778,
        "country": "LB",
        "population": 96315
    },
    "274874": {
        "ids": {
            "geonames": 274874
        },
        "long": {
            "default": "Habboûch"
        },
        "parent": 444191,
        "lat": 33.40729,
        "lng": 35.48169,
        "country": "LB",
        "population": 98433
    },
    "276781": {
        "ids": {
            "geonames": 276781
        },
        "long": {
            "default": "Beirut"
        },
        "parent": 276780,
        "lat": 33.88894,
        "lng": 35.49442,
        "country": "LB",
        "population": 1916100
    },
    "278913": {
        "ids": {
            "geonames": 278913
        },
        "long": {
            "default": "Nabatîyé et Tahta"
        },
        "parent": 444191,
        "lat": 33.37889,
        "lng": 35.48389,
        "country": "LB",
        "population": 120000
    }
}