{
    "1225018": {
        "ids": {
            "geonames": 1225018
        },
        "long": {
            "default": "Vavuniya"
        },
        "parent": 7671049,
        "lat": 8.7514,
        "lng": 80.4971,
        "country": "LK",
        "population": 60176
    },
    "1225142": {
        "ids": {
            "geonames": 1225142
        },
        "long": {
            "default": "Valvedditturai"
        },
        "parent": 7671049,
        "lat": 9.81667,
        "lng": 80.16667,
        "country": "LK",
        "population": 78205
    },
    "1226260": {
        "ids": {
            "geonames": 1226260
        },
        "long": {
            "default": "Trincomalee"
        },
        "parent": 8133521,
        "lat": 8.5711,
        "lng": 81.2335,
        "country": "LK",
        "population": 108420
    },
    "1229989": {
        "ids": {
            "geonames": 1229989
        },
        "long": {
            "default": "Point Pedro"
        },
        "parent": 7671049,
        "lat": 9.81667,
        "lng": 80.23333,
        "country": "LK",
        "population": 89810
    },
    "1230089": {
        "ids": {
            "geonames": 1230089
        },
        "long": {
            "default": "Pita Kotte"
        },
        "parent": 1223421,
        "lat": 6.8905,
        "lng": 79.9015,
        "country": "LK",
        "population": 118179
    },
    "1233369": {
        "ids": {
            "geonames": 1233369
        },
        "long": {
            "default": "Negombo"
        },
        "parent": 1223421,
        "lat": 7.2083,
        "lng": 79.8358,
        "country": "LK",
        "population": 137223
    },
    "1234569": {
        "ids": {
            "geonames": 1234569
        },
        "long": {
            "default": "Dehiwala-Mount Lavinia"
        },
        "parent": 1223421,
        "lat": 6.84019,
        "lng": 79.87116,
        "country": "LK",
        "population": 219827
    },
    "1234633": {
        "ids": {
            "geonames": 1234633
        },
        "long": {
            "default": "Moratuwa"
        },
        "parent": 1223421,
        "lat": 6.773,
        "lng": 79.8816,
        "country": "LK",
        "population": 185031
    },
    "1235846": {
        "ids": {
            "geonames": 1235846
        },
        "long": {
            "default": "Matara"
        },
        "parent": 1227618,
        "lat": 5.94851,
        "lng": 80.53528,
        "country": "LK",
        "population": 76254
    },
    "1236854": {
        "ids": {
            "geonames": 1236854
        },
        "long": {
            "default": "Maharagama"
        },
        "parent": 1223421,
        "lat": 6.848,
        "lng": 79.9265,
        "country": "LK",
        "population": 66576
    },
    "1238992": {
        "ids": {
            "geonames": 1238992
        },
        "long": {
            "default": "Sri Jayewardenepura Kotte"
        },
        "parent": 1223421,
        "lat": 6.88297,
        "lng": 79.90708,
        "country": "LK",
        "population": 115826
    },
    "1239047": {
        "ids": {
            "geonames": 1239047
        },
        "long": {
            "default": "Kotikawatta"
        },
        "parent": 1223421,
        "lat": 6.9269,
        "lng": 79.9095,
        "country": "LK",
        "population": 64565
    },
    "1239593": {
        "ids": {
            "geonames": 1239593
        },
        "long": {
            "default": "Kolonnawa"
        },
        "parent": 1223421,
        "lat": 6.9329,
        "lng": 79.8848,
        "country": "LK",
        "population": 58076
    },
    "1240935": {
        "ids": {
            "geonames": 1240935
        },
        "long": {
            "default": "Katunayaka"
        },
        "parent": 1223421,
        "lat": 7.16992,
        "lng": 79.88837,
        "country": "LK",
        "population": 84643
    },
    "1241622": {
        "ids": {
            "geonames": 1241622
        },
        "long": {
            "default": "Kandy"
        },
        "parent": 1249296,
        "lat": 7.2955,
        "lng": 80.6356,
        "country": "LK",
        "population": 111701
    },
    "1242110": {
        "ids": {
            "geonames": 1242110
        },
        "long": {
            "default": "Kalmunai"
        },
        "parent": 8133521,
        "lat": 7.40902,
        "lng": 81.83472,
        "country": "LK",
        "population": 100171
    },
    "1242833": {
        "ids": {
            "geonames": 1242833
        },
        "long": {
            "default": "Jaffna"
        },
        "parent": 7671049,
        "lat": 9.66845,
        "lng": 80.00742,
        "country": "LK",
        "population": 169102
    },
    "1244397": {
        "ids": {
            "geonames": 1244397
        },
        "long": {
            "default": "Hendala"
        },
        "parent": 1223421,
        "lat": 6.9909,
        "lng": 79.883,
        "country": "LK",
        "population": 56978
    },
    "1246294": {
        "ids": {
            "geonames": 1246294
        },
        "long": {
            "default": "Galle"
        },
        "parent": 1227618,
        "lat": 6.0367,
        "lng": 80.217,
        "country": "LK",
        "population": 93118
    },
    "1246321": {
        "ids": {
            "geonames": 1246321
        },
        "long": {
            "default": "Galkissa"
        },
        "parent": 1223421,
        "lat": 6.8293,
        "lng": 79.863,
        "country": "LK",
        "population": 215941
    },
    "1248749": {
        "ids": {
            "geonames": 1248749
        },
        "long": {
            "default": "Dambulla"
        },
        "parent": 1249296,
        "lat": 7.86,
        "lng": 80.65167,
        "country": "LK",
        "population": 66716
    },
    "1248991": {
        "ids": {
            "geonames": 1248991
        },
        "long": {
            "default": "Colombo"
        },
        "parent": 1223421,
        "lat": 6.93194,
        "lng": 79.84778,
        "country": "LK",
        "population": 648034
    },
    "1250161": {
        "ids": {
            "geonames": 1250161
        },
        "long": {
            "default": "Batticaloa"
        },
        "parent": 8133521,
        "lat": 7.7102,
        "lng": 81.6924,
        "country": "LK",
        "population": 86742
    },
    "1250164": {
        "ids": {
            "geonames": 1250164
        },
        "long": {
            "default": "Battaramulla South"
        },
        "parent": 1223421,
        "lat": 6.8964,
        "lng": 79.9181,
        "country": "LK",
        "population": 75633
    },
    "1251081": {
        "ids": {
            "geonames": 1251081
        },
        "long": {
            "default": "Anuradhapura"
        },
        "parent": 1232870,
        "lat": 8.31223,
        "lng": 80.41306,
        "country": "LK",
        "population": 60943
    },
    "9259456": {
        "ids": {
            "geonames": 9259456
        },
        "long": {
            "default": "Mount Lavinia"
        },
        "parent": 1223421,
        "lat": 6.83947,
        "lng": 79.86451,
        "country": "LK",
        "population": 219827
    }
}