{
    "932505": {
        "ids": {
            "geonames": 932505
        },
        "long": {
            "default": "Maseru"
        },
        "parent": 932506,
        "lat": -29.31667,
        "lng": 27.48333,
        "country": "LS",
        "population": 118355
    },
    "932614": {
        "ids": {
            "geonames": 932614
        },
        "long": {
            "default": "Mafeteng"
        },
        "parent": 932615,
        "lat": -29.82299,
        "lng": 27.23744,
        "country": "LS",
        "population": 57059
    }
}