{
    "593116": {
        "ids": {
            "geonames": 593116
        },
        "long": {
            "default": "Vilnius"
        },
        "parent": 864485,
        "lat": 54.68916,
        "lng": 25.2798,
        "country": "LT",
        "population": 542366
    },
    "594739": {
        "ids": {
            "geonames": 594739
        },
        "long": {
            "default": "Šiauliai"
        },
        "parent": 864481,
        "lat": 55.93333,
        "lng": 23.31667,
        "country": "LT",
        "population": 130587
    },
    "596128": {
        "ids": {
            "geonames": 596128
        },
        "long": {
            "default": "Panevėžys"
        },
        "parent": 864480,
        "lat": 55.73333,
        "lng": 24.35,
        "country": "LT",
        "population": 117395
    },
    "598098": {
        "ids": {
            "geonames": 598098
        },
        "long": {
            "default": "Klaipėda"
        },
        "parent": 864478,
        "lat": 55.71722,
        "lng": 21.1175,
        "country": "LT",
        "population": 192307
    },
    "598316": {
        "ids": {
            "geonames": 598316
        },
        "long": {
            "default": "Kaunas"
        },
        "parent": 864477,
        "lat": 54.9,
        "lng": 23.9,
        "country": "LT",
        "population": 374643
    },
    "601084": {
        "ids": {
            "geonames": 601084
        },
        "long": {
            "default": "Alytus"
        },
        "parent": 864389,
        "lat": 54.4,
        "lng": 24.05,
        "country": "LT",
        "population": 70747
    },
    "6618486": {
        "ids": {
            "geonames": 6618486
        },
        "long": {
            "default": "Dainava (Kaunas)"
        },
        "parent": 864477,
        "lat": 54.91525,
        "lng": 23.96831,
        "country": "LT",
        "population": 70000
    },
    "9610008": {
        "ids": {
            "geonames": 9610008
        },
        "long": {
            "default": "Eiguliai"
        },
        "parent": 864477,
        "lat": 54.93133,
        "lng": 23.93243,
        "country": "LT",
        "population": 61700
    }
}