{
    "454432": {
        "ids": {
            "geonames": 454432
        },
        "long": {
            "default": "Vec-Liepāja"
        },
        "parent": 457955,
        "lat": 56.53333,
        "lng": 21.01667,
        "country": "LV",
        "population": 85260
    },
    "456172": {
        "ids": {
            "geonames": 456172
        },
        "long": {
            "default": "Riga"
        },
        "parent": 456173,
        "lat": 56.946,
        "lng": 24.10589,
        "country": "LV",
        "population": 742572
    },
    "457954": {
        "ids": {
            "geonames": 457954
        },
        "long": {
            "default": "Liepāja"
        },
        "parent": 457955,
        "lat": 56.51667,
        "lng": 21.01667,
        "country": "LV",
        "population": 85132
    },
    "459201": {
        "ids": {
            "geonames": 459201
        },
        "long": {
            "default": "Jūrmala"
        },
        "parent": 459202,
        "lat": 56.968,
        "lng": 23.77038,
        "country": "LV",
        "population": 54088
    },
    "459279": {
        "ids": {
            "geonames": 459279
        },
        "long": {
            "default": "Jelgava"
        },
        "parent": 459281,
        "lat": 56.65,
        "lng": 23.71278,
        "country": "LV",
        "population": 61791
    },
    "460413": {
        "ids": {
            "geonames": 460413
        },
        "long": {
            "default": "Daugavpils"
        },
        "parent": 460410,
        "lat": 55.88333,
        "lng": 26.53333,
        "country": "LV",
        "population": 111564
    }
}