{
    "81302": {
        "ids": {
            "geonames": 81302
        },
        "long": {
            "default": "Tobruk"
        },
        "parent": 7602688,
        "lat": 32.08361,
        "lng": 23.97639,
        "country": "LY",
        "population": 121052
    },
    "87205": {
        "ids": {
            "geonames": 87205
        },
        "long": {
            "default": "Darnah"
        },
        "parent": 87204,
        "lat": 32.76704,
        "lng": 22.63669,
        "country": "LY",
        "population": 78782
    },
    "88319": {
        "ids": {
            "geonames": 88319
        },
        "long": {
            "default": "Benghazi"
        },
        "parent": 88318,
        "lat": 32.11486,
        "lng": 20.06859,
        "country": "LY",
        "population": 650629
    },
    "88903": {
        "ids": {
            "geonames": 88903
        },
        "long": {
            "default": "Al Marj"
        },
        "parent": 88904,
        "lat": 32.48798,
        "lng": 20.83174,
        "country": "LY",
        "population": 85315
    },
    "89055": {
        "ids": {
            "geonames": 89055
        },
        "long": {
            "default": "Al Bayḑā’"
        },
        "parent": 443289,
        "lat": 32.76272,
        "lng": 21.75506,
        "country": "LY",
        "population": 74594
    },
    "89113": {
        "ids": {
            "geonames": 89113
        },
        "long": {
            "default": "Ajdabiya"
        },
        "parent": 7602692,
        "lat": 30.75545,
        "lng": 20.22625,
        "country": "LY",
        "population": 134358
    },
    "2208485": {
        "ids": {
            "geonames": 2208485
        },
        "long": {
            "default": "Zliten"
        },
        "parent": 2214845,
        "lat": 32.46739,
        "lng": 14.56874,
        "country": "LY",
        "population": 109972
    },
    "2208791": {
        "ids": {
            "geonames": 2208791
        },
        "long": {
            "default": "Yafran"
        },
        "parent": 7602689,
        "lat": 32.06329,
        "lng": 12.52859,
        "country": "LY",
        "population": 67638
    },
    "2210221": {
        "ids": {
            "geonames": 2210221
        },
        "long": {
            "default": "Tarhuna"
        },
        "parent": 7602691,
        "lat": 32.43501,
        "lng": 13.6332,
        "country": "LY",
        "population": 210697
    },
    "2210247": {
        "ids": {
            "geonames": 2210247
        },
        "long": {
            "default": "Tripoli"
        },
        "parent": 2210245,
        "lat": 32.87519,
        "lng": 13.18746,
        "country": "LY",
        "population": 1150989
    },
    "2210394": {
        "ids": {
            "geonames": 2210394
        },
        "long": {
            "default": "Tagiura"
        },
        "parent": 2210245,
        "lat": 32.88167,
        "lng": 13.35056,
        "country": "LY",
        "population": 100000
    },
    "2210554": {
        "ids": {
            "geonames": 2210554
        },
        "long": {
            "default": "Sirte"
        },
        "parent": 2210553,
        "lat": 31.20892,
        "lng": 16.58866,
        "country": "LY",
        "population": 128123
    },
    "2212771": {
        "ids": {
            "geonames": 2212771
        },
        "long": {
            "default": "Şabrātah"
        },
        "parent": 2218972,
        "lat": 32.79335,
        "lng": 12.48845,
        "country": "LY",
        "population": 102038
    },
    "2212775": {
        "ids": {
            "geonames": 2212775
        },
        "long": {
            "default": "Sabhā"
        },
        "parent": 2212774,
        "lat": 27.03766,
        "lng": 14.42832,
        "country": "LY",
        "population": 130000
    },
    "2214846": {
        "ids": {
            "geonames": 2214846
        },
        "long": {
            "default": "Mişrātah"
        },
        "parent": 2214845,
        "lat": 32.37535,
        "lng": 15.09254,
        "country": "LY",
        "population": 386120
    },
    "2216885": {
        "ids": {
            "geonames": 2216885
        },
        "long": {
            "default": "Zawiya"
        },
        "parent": 2218972,
        "lat": 32.75222,
        "lng": 12.72778,
        "country": "LY",
        "population": 186123
    },
    "2217362": {
        "ids": {
            "geonames": 2217362
        },
        "long": {
            "default": "Gharyan"
        },
        "parent": 7602689,
        "lat": 32.17222,
        "lng": 13.02028,
        "country": "LY",
        "population": 85219
    },
    "2218970": {
        "ids": {
            "geonames": 2218970
        },
        "long": {
            "default": "Az Zāwīyah"
        },
        "parent": 2218972,
        "lat": 32.7571,
        "lng": 12.72764,
        "country": "LY",
        "population": 200000
    },
    "2219905": {
        "ids": {
            "geonames": 2219905
        },
        "long": {
            "default": "Al Khums"
        },
        "parent": 7602691,
        "lat": 32.64861,
        "lng": 14.26191,
        "country": "LY",
        "population": 201943
    },
    "2219960": {
        "ids": {
            "geonames": 2219960
        },
        "long": {
            "default": "Al Jadīd"
        },
        "parent": 2212774,
        "lat": 27.05,
        "lng": 14.4,
        "country": "LY",
        "population": 126386
    }
}