{
    "2526488": {
        "ids": {
            "geonames": 2526488
        },
        "long": {
            "default": "Youssoufia"
        },
        "parent": 2597549,
        "lat": 32.24634,
        "lng": -8.52941,
        "country": "MA",
        "population": 64910
    },
    "2527089": {
        "ids": {
            "geonames": 2527089
        },
        "long": {
            "default": "Tiznit"
        },
        "parent": 2597554,
        "lat": 29.69742,
        "lng": -9.73162,
        "country": "MA",
        "population": 55092
    },
    "2527645": {
        "ids": {
            "geonames": 2527645
        },
        "long": {
            "default": "Tirhanimîne"
        },
        "parent": 2597557,
        "lat": 35.23619,
        "lng": -3.95453,
        "country": "MA",
        "population": 55827
    },
    "2528659": {
        "ids": {
            "geonames": 2528659
        },
        "long": {
            "default": "Tiflet"
        },
        "parent": 2538470,
        "lat": 33.89469,
        "lng": -6.30649,
        "country": "MA",
        "population": 70010
    },
    "2528910": {
        "ids": {
            "geonames": 2528910
        },
        "long": {
            "default": "Tétouan"
        },
        "parent": 2597556,
        "lat": 35.57845,
        "lng": -5.36837,
        "country": "MA",
        "population": 326261
    },
    "2529317": {
        "ids": {
            "geonames": 2529317
        },
        "long": {
            "default": "Taza"
        },
        "parent": 2597557,
        "lat": 34.21,
        "lng": -4.01,
        "country": "MA",
        "population": 141890
    },
    "2529649": {
        "ids": {
            "geonames": 2529649
        },
        "long": {
            "default": "Taroudant"
        },
        "parent": 2597554,
        "lat": 30.47028,
        "lng": -8.87695,
        "country": "MA",
        "population": 71133
    },
    "2530048": {
        "ids": {
            "geonames": 2530048
        },
        "long": {
            "default": "Taourirt"
        },
        "parent": 2597553,
        "lat": 34.40731,
        "lng": -2.89732,
        "country": "MA",
        "population": 82518
    },
    "2530241": {
        "ids": {
            "geonames": 2530241
        },
        "long": {
            "default": "Tan-Tan"
        },
        "parent": 2597551,
        "lat": 28.43799,
        "lng": -11.10321,
        "country": "MA",
        "population": 61924
    },
    "2530335": {
        "ids": {
            "geonames": 2530335
        },
        "long": {
            "default": "Tangier"
        },
        "parent": 2597556,
        "lat": 35.76727,
        "lng": -5.79975,
        "country": "MA",
        "population": 688356
    },
    "2532945": {
        "ids": {
            "geonames": 2532945
        },
        "long": {
            "default": "Sidi Slimane"
        },
        "parent": 2597550,
        "lat": 34.26479,
        "lng": -5.92598,
        "country": "MA",
        "population": 79437
    },
    "2533191": {
        "ids": {
            "geonames": 2533191
        },
        "long": {
            "default": "Sidi Qacem"
        },
        "parent": 2597550,
        "lat": 34.22149,
        "lng": -5.70775,
        "country": "MA",
        "population": 74755
    },
    "2537406": {
        "ids": {
            "geonames": 2537406
        },
        "long": {
            "default": "Settat"
        },
        "parent": 2597548,
        "lat": 33.00103,
        "lng": -7.61662,
        "country": "MA",
        "population": 119082
    },
    "2537545": {
        "ids": {
            "geonames": 2537545
        },
        "long": {
            "default": "Sefrou"
        },
        "parent": 2548882,
        "lat": 33.83186,
        "lng": -4.828,
        "country": "MA",
        "population": 65150
    },
    "2537763": {
        "ids": {
            "geonames": 2537763
        },
        "long": {
            "default": "Sale"
        },
        "parent": 2538470,
        "lat": 34.0531,
        "lng": -6.79846,
        "country": "MA",
        "population": 903485
    },
    "2537881": {
        "ids": {
            "geonames": 2537881
        },
        "long": {
            "default": "Safi"
        },
        "parent": 2597549,
        "lat": 32.29939,
        "lng": -9.23718,
        "country": "MA",
        "population": 288163
    },
    "2538475": {
        "ids": {
            "geonames": 2538475
        },
        "long": {
            "default": "Rabat"
        },
        "parent": 2538470,
        "lat": 34.01325,
        "lng": -6.83255,
        "country": "MA",
        "population": 1655753
    },
    "2539134": {
        "ids": {
            "geonames": 2539134
        },
        "long": {
            "default": "Oulad Teïma"
        },
        "parent": 2597554,
        "lat": 30.39467,
        "lng": -9.20897,
        "country": "MA",
        "population": 66832
    },
    "2540483": {
        "ids": {
            "geonames": 2540483
        },
        "long": {
            "default": "Oujda"
        },
        "parent": 2597553,
        "lat": 34.68139,
        "lng": -1.90858,
        "country": "MA",
        "population": 405253
    },
    "2540689": {
        "ids": {
            "geonames": 2540689
        },
        "long": {
            "default": "Oued Zem"
        },
        "parent": 2597548,
        "lat": 32.8627,
        "lng": -6.57359,
        "country": "MA",
        "population": 84910
    },
    "2540810": {
        "ids": {
            "geonames": 2540810
        },
        "long": {
            "default": "Ouezzane"
        },
        "parent": 2597550,
        "lat": 34.79584,
        "lng": -5.57849,
        "country": "MA",
        "population": 58684
    },
    "2540850": {
        "ids": {
            "geonames": 2540850
        },
        "long": {
            "default": "Ouarzazat"
        },
        "parent": 2597554,
        "lat": 30.91894,
        "lng": -6.89341,
        "country": "MA",
        "population": 57245
    },
    "2541479": {
        "ids": {
            "geonames": 2541479
        },
        "long": {
            "default": "Nador"
        },
        "parent": 2597553,
        "lat": 35.16813,
        "lng": -2.93352,
        "country": "MA",
        "population": 129260
    },
    "2542051": {
        "ids": {
            "geonames": 2542051
        },
        "long": {
            "default": "Mohammedia"
        },
        "parent": 2553603,
        "lat": 33.68607,
        "lng": -7.38298,
        "country": "MA",
        "population": 187708
    },
    "2542715": {
        "ids": {
            "geonames": 2542715
        },
        "long": {
            "default": "Meknès"
        },
        "parent": 2542710,
        "lat": 33.89352,
        "lng": -5.54727,
        "country": "MA",
        "population": 545705
    },
    "2542997": {
        "ids": {
            "geonames": 2542997
        },
        "long": {
            "default": "Marrakesh"
        },
        "parent": 2542995,
        "lat": 31.63416,
        "lng": -7.99994,
        "country": "MA",
        "population": 839296
    },
    "2543549": {
        "ids": {
            "geonames": 2543549
        },
        "long": {
            "default": "Larache"
        },
        "parent": 2597556,
        "lat": 35.19321,
        "lng": -6.15572,
        "country": "MA",
        "population": 109294
    },
    "2544001": {
        "ids": {
            "geonames": 2544001
        },
        "long": {
            "default": "Ksar El Kebir"
        },
        "parent": 2597556,
        "lat": 35.00044,
        "lng": -5.90378,
        "country": "MA",
        "population": 108753
    },
    "2544248": {
        "ids": {
            "geonames": 2544248
        },
        "long": {
            "default": "Khouribga"
        },
        "parent": 2597548,
        "lat": 32.88108,
        "lng": -6.9063,
        "country": "MA",
        "population": 167673
    },
    "2544333": {
        "ids": {
            "geonames": 2544333
        },
        "long": {
            "default": "Khenifra"
        },
        "parent": 2542710,
        "lat": 32.9391,
        "lng": -5.6686,
        "country": "MA",
        "population": 73906
    },
    "2544571": {
        "ids": {
            "geonames": 2544571
        },
        "long": {
            "default": "Kenitra"
        },
        "parent": 2597550,
        "lat": 34.26101,
        "lng": -6.5802,
        "country": "MA",
        "population": 366570
    },
    "2548489": {
        "ids": {
            "geonames": 2548489
        },
        "long": {
            "default": "Guercif"
        },
        "parent": 2597557,
        "lat": 34.22568,
        "lng": -3.35361,
        "country": "MA",
        "population": 57544
    },
    "2548526": {
        "ids": {
            "geonames": 2548526
        },
        "long": {
            "default": "Guelmim"
        },
        "parent": 2597551,
        "lat": 28.98696,
        "lng": -10.05738,
        "country": "MA",
        "population": 98229
    },
    "2548830": {
        "ids": {
            "geonames": 2548830
        },
        "long": {
            "default": "Fkih Ben Salah"
        },
        "parent": 2597555,
        "lat": 32.50093,
        "lng": -6.69062,
        "country": "MA",
        "population": 84072
    },
    "2548880": {
        "ids": {
            "geonames": 2548880
        },
        "long": {
            "default": "Fès al Bali"
        },
        "parent": 2548882,
        "lat": 34.0701,
        "lng": -4.95473,
        "country": "MA",
        "population": 156000
    },
    "2548885": {
        "ids": {
            "geonames": 2548885
        },
        "long": {
            "default": "Fes"
        },
        "parent": 2548882,
        "lat": 34.03313,
        "lng": -5.00028,
        "country": "MA",
        "population": 964891
    },
    "2549263": {
        "ids": {
            "geonames": 2549263
        },
        "long": {
            "default": "Essaouira"
        },
        "parent": 2542995,
        "lat": 31.5125,
        "lng": -9.77,
        "country": "MA",
        "population": 70634
    },
    "2550078": {
        "ids": {
            "geonames": 2550078
        },
        "long": {
            "default": "El Jadida"
        },
        "parent": 2597549,
        "lat": 33.25492,
        "lng": -8.50602,
        "country": "MA",
        "population": 147549
    },
    "2553604": {
        "ids": {
            "geonames": 2553604
        },
        "long": {
            "default": "Casablanca"
        },
        "parent": 2553603,
        "lat": 33.58831,
        "lng": -7.61138,
        "country": "MA",
        "population": 3144909
    },
    "2555467": {
        "ids": {
            "geonames": 2555467
        },
        "long": {
            "default": "Berkane"
        },
        "parent": 2597553,
        "lat": 34.92,
        "lng": -2.32,
        "country": "MA",
        "population": 80721
    },
    "2555745": {
        "ids": {
            "geonames": 2555745
        },
        "long": {
            "default": "Beni Mellal"
        },
        "parent": 2597555,
        "lat": 32.33725,
        "lng": -6.34983,
        "country": "MA",
        "population": 166399
    },
    "2556272": {
        "ids": {
            "geonames": 2556272
        },
        "long": {
            "default": "Berrechid"
        },
        "parent": 2597548,
        "lat": 33.26553,
        "lng": -7.58754,
        "country": "MA",
        "population": 93954
    },
    "2558470": {
        "ids": {
            "geonames": 2558470
        },
        "long": {
            "default": "Khemisset"
        },
        "parent": 2538470,
        "lat": 33.82404,
        "lng": -6.06627,
        "country": "MA",
        "population": 106991
    },
    "2558545": {
        "ids": {
            "geonames": 2558545
        },
        "long": {
            "default": "Al Hoceïma"
        },
        "parent": 2597557,
        "lat": 35.25165,
        "lng": -3.93723,
        "country": "MA",
        "population": 395644
    },
    "2561668": {
        "ids": {
            "geonames": 2561668
        },
        "long": {
            "default": "Agadir"
        },
        "parent": 2597554,
        "lat": 30.42018,
        "lng": -9.59815,
        "country": "MA",
        "population": 698310
    },
    "8542188": {
        "ids": {
            "geonames": 8542188
        },
        "long": {
            "default": "Dakhla"
        },
        "parent": 7627603,
        "lat": 30.41071,
        "lng": -9.55572,
        "country": "MA",
        "population": 55618
    }
}