{
    "617239": {
        "ids": {
            "geonames": 617239
        },
        "long": {
            "default": "Tiraspolul"
        },
        "parent": 858889,
        "lat": 46.84274,
        "lng": 29.62909,
        "country": "MD",
        "population": 157000
    },
    "617486": {
        "ids": {
            "geonames": 617486
        },
        "long": {
            "default": "Rîbniţa"
        },
        "parent": 858889,
        "lat": 47.76817,
        "lng": 29.01,
        "country": "MD",
        "population": 55455
    },
    "618426": {
        "ids": {
            "geonames": 618426
        },
        "long": {
            "default": "Chişinău"
        },
        "parent": 618069,
        "lat": 47.00556,
        "lng": 28.8575,
        "country": "MD",
        "population": 635994
    },
    "618577": {
        "ids": {
            "geonames": 618577
        },
        "long": {
            "default": "Bender"
        },
        "parent": 861487,
        "lat": 46.83156,
        "lng": 29.47769,
        "country": "MD",
        "population": 110175
    },
    "618605": {
        "ids": {
            "geonames": 618605
        },
        "long": {
            "default": "Bălţi"
        },
        "parent": 873909,
        "lat": 47.76314,
        "lng": 27.92932,
        "country": "MD",
        "population": 125000
    }
}