{
    "3193044": {
        "ids": {
            "geonames": 3193044
        },
        "long": {
            "default": "Podgorica"
        },
        "parent": 3189077,
        "lat": 42.44111,
        "lng": 19.26361,
        "country": "ME",
        "population": 136473
    },
    "3194494": {
        "ids": {
            "geonames": 3194494
        },
        "long": {
            "default": "Nikšić"
        },
        "parent": 3194493,
        "lat": 42.7731,
        "lng": 18.94446,
        "country": "ME",
        "population": 58212
    }
}