{
    "1053384": {
        "ids": {
            "geonames": 1053384
        },
        "long": {
            "default": "Toamasina"
        },
        "parent": 7670857,
        "lat": -18.1492,
        "lng": 49.40234,
        "country": "MG",
        "population": 206373
    },
    "1055429": {
        "ids": {
            "geonames": 1055429
        },
        "long": {
            "default": "Toliara"
        },
        "parent": 7670913,
        "lat": -23.35,
        "lng": 43.66667,
        "country": "MG",
        "population": 115319
    },
    "1062663": {
        "ids": {
            "geonames": 1062663
        },
        "long": {
            "default": "Mahajanga"
        },
        "parent": 7670849,
        "lat": -15.71667,
        "lng": 46.31667,
        "country": "MG",
        "population": 154657
    },
    "1064890": {
        "ids": {
            "geonames": 1064890
        },
        "long": {
            "default": "Fianarantsoa"
        },
        "parent": 7670905,
        "lat": -21.45267,
        "lng": 47.08569,
        "country": "MG",
        "population": 167227
    },
    "1069129": {
        "ids": {
            "geonames": 1069129
        },
        "long": {
            "default": "Antsiranana"
        },
        "parent": 7670842,
        "lat": -12.2787,
        "lng": 49.29171,
        "country": "MG",
        "population": 82937
    },
    "1069166": {
        "ids": {
            "geonames": 1069166
        },
        "long": {
            "default": "Antsirabe"
        },
        "parent": 7670854,
        "lat": -19.86586,
        "lng": 47.03333,
        "country": "MG",
        "population": 186253
    },
    "1070661": {
        "ids": {
            "geonames": 1070661
        },
        "long": {
            "default": "Antanifotsy"
        },
        "parent": 7670854,
        "lat": -19.65,
        "lng": 47.31667,
        "country": "MG",
        "population": 70626
    },
    "1070940": {
        "ids": {
            "geonames": 1070940
        },
        "long": {
            "default": "Antananarivo"
        },
        "parent": 7670856,
        "lat": -18.91368,
        "lng": 47.53613,
        "country": "MG",
        "population": 1391433
    },
    "1078446": {
        "ids": {
            "geonames": 1078446
        },
        "long": {
            "default": "Amparafaravola"
        },
        "parent": 7670851,
        "lat": -17.5876,
        "lng": 48.22391,
        "country": "MG",
        "population": 51519
    },
    "1079048": {
        "ids": {
            "geonames": 1079048
        },
        "long": {
            "default": "Ambovombe"
        },
        "parent": 7670911,
        "lat": -25.17838,
        "lng": 46.08722,
        "country": "MG",
        "population": 66818
    },
    "1082243": {
        "ids": {
            "geonames": 1082243
        },
        "long": {
            "default": "Ambilobe"
        },
        "parent": 7670842,
        "lat": -13.2,
        "lng": 49.05,
        "country": "MG",
        "population": 56000
    }
}