{
    "785058": {
        "ids": {
            "geonames": 785058
        },
        "long": {
            "default": "Veles"
        },
        "parent": 863909,
        "lat": 41.71556,
        "lng": 21.77556,
        "country": "MK",
        "population": 57873
    },
    "785082": {
        "ids": {
            "geonames": 785082
        },
        "long": {
            "default": "Tetovo"
        },
        "parent": 863907,
        "lat": 42.00973,
        "lng": 20.97155,
        "country": "MK",
        "population": 72944
    },
    "785842": {
        "ids": {
            "geonames": 785842
        },
        "long": {
            "default": "Skopje"
        },
        "parent": 863860,
        "lat": 41.99646,
        "lng": 21.43141,
        "country": "MK",
        "population": 474889
    },
    "786735": {
        "ids": {
            "geonames": 786735
        },
        "long": {
            "default": "Prilep"
        },
        "parent": 863888,
        "lat": 41.34514,
        "lng": 21.55504,
        "country": "MK",
        "population": 73814
    },
    "787487": {
        "ids": {
            "geonames": 787487
        },
        "long": {
            "default": "Ohrid"
        },
        "parent": 863883,
        "lat": 41.11722,
        "lng": 20.80194,
        "country": "MK",
        "population": 54908
    },
    "788886": {
        "ids": {
            "geonames": 788886
        },
        "long": {
            "default": "Kumanovo"
        },
        "parent": 863873,
        "lat": 42.13222,
        "lng": 21.71444,
        "country": "MK",
        "population": 76275
    },
    "790295": {
        "ids": {
            "geonames": 790295
        },
        "long": {
            "default": "Gostivar"
        },
        "parent": 863855,
        "lat": 41.79601,
        "lng": 20.90819,
        "country": "MK",
        "population": 50974
    },
    "792578": {
        "ids": {
            "geonames": 792578
        },
        "long": {
            "default": "Bitola"
        },
        "parent": 863486,
        "lat": 41.03143,
        "lng": 21.33474,
        "country": "MK",
        "population": 86528
    },
    "833262": {
        "ids": {
            "geonames": 833262
        },
        "long": {
            "default": "Čair"
        },
        "parent": 863836,
        "lat": 42.01528,
        "lng": 21.44111,
        "country": "MK",
        "population": 64773
    },
    "863675": {
        "ids": {
            "geonames": 863675
        },
        "long": {
            "default": "Kisela Voda"
        },
        "parent": 863863,
        "lat": 41.94889,
        "lng": 21.50278,
        "country": "MK",
        "population": 58216
    }
}