{
    "2451185": {
        "ids": {
            "geonames": 2451185
        },
        "long": {
            "default": "Sikasso"
        },
        "parent": 2451184,
        "lat": 11.31755,
        "lng": -5.66654,
        "country": "ML",
        "population": 144786
    },
    "2451478": {
        "ids": {
            "geonames": 2451478
        },
        "long": {
            "default": "Ségou"
        },
        "parent": 2451477,
        "lat": 13.4317,
        "lng": -6.2157,
        "country": "ML",
        "population": 92552
    },
    "2453348": {
        "ids": {
            "geonames": 2453348
        },
        "long": {
            "default": "Mopti"
        },
        "parent": 2453347,
        "lat": 14.4843,
        "lng": -4.18296,
        "country": "ML",
        "population": 108456
    },
    "2453662": {
        "ids": {
            "geonames": 2453662
        },
        "long": {
            "default": "Markala"
        },
        "parent": 2451477,
        "lat": 13.7021,
        "lng": -6.0659,
        "country": "ML",
        "population": 53738
    },
    "2454268": {
        "ids": {
            "geonames": 2454268
        },
        "long": {
            "default": "Koutiala"
        },
        "parent": 2451184,
        "lat": 12.39173,
        "lng": -5.46421,
        "country": "ML",
        "population": 99353
    },
    "2455518": {
        "ids": {
            "geonames": 2455518
        },
        "long": {
            "default": "Kayes"
        },
        "parent": 2455517,
        "lat": 14.44693,
        "lng": -11.44448,
        "country": "ML",
        "population": 78406
    },
    "2457163": {
        "ids": {
            "geonames": 2457163
        },
        "long": {
            "default": "Gao"
        },
        "parent": 2457161,
        "lat": 16.27167,
        "lng": -0.04472,
        "country": "ML",
        "population": 87000
    },
    "2460596": {
        "ids": {
            "geonames": 2460596
        },
        "long": {
            "default": "Bamako"
        },
        "parent": 2460594,
        "lat": 12.65,
        "lng": -8,
        "country": "ML",
        "population": 1297281
    }
}