{
    "1285173": {
        "ids": {
            "geonames": 1285173
        },
        "long": {
            "default": "Yenangyaung"
        },
        "parent": 1312604,
        "lat": 20.46504,
        "lng": 94.8712,
        "country": "MM",
        "population": 110553
    },
    "1285899": {
        "ids": {
            "geonames": 1285899
        },
        "long": {
            "default": "Yamethin"
        },
        "parent": 1311871,
        "lat": 20.43189,
        "lng": 96.13875,
        "country": "MM",
        "population": 59867
    },
    "1290596": {
        "ids": {
            "geonames": 1290596
        },
        "long": {
            "default": "Taungoo"
        },
        "parent": 1300463,
        "lat": 18.94291,
        "lng": 96.43408,
        "country": "MM",
        "population": 106945
    },
    "1291193": {
        "ids": {
            "geonames": 1291193
        },
        "long": {
            "default": "Thongwa"
        },
        "parent": 1298822,
        "lat": 16.75998,
        "lng": 96.52498,
        "country": "MM",
        "population": 52496
    },
    "1292037": {
        "ids": {
            "geonames": 1292037
        },
        "long": {
            "default": "Thayetmyo"
        },
        "parent": 1312604,
        "lat": 19.32076,
        "lng": 95.18272,
        "country": "MM",
        "population": 98185
    },
    "1292288": {
        "ids": {
            "geonames": 1292288
        },
        "long": {
            "default": "Thaton"
        },
        "parent": 1308528,
        "lat": 16.91867,
        "lng": 97.37001,
        "country": "MM",
        "population": 123727
    },
    "1292313": {
        "ids": {
            "geonames": 1292313
        },
        "long": {
            "default": "Tharyarwady"
        },
        "parent": 1300463,
        "lat": 17.65399,
        "lng": 95.78813,
        "country": "MM",
        "population": 54386
    },
    "1293625": {
        "ids": {
            "geonames": 1293625
        },
        "long": {
            "default": "Dawei"
        },
        "parent": 1293118,
        "lat": 14.0823,
        "lng": 98.19151,
        "country": "MM",
        "population": 136783
    },
    "1293960": {
        "ids": {
            "geonames": 1293960
        },
        "long": {
            "default": "Taunggyi"
        },
        "parent": 1297099,
        "lat": 20.78919,
        "lng": 97.03776,
        "country": "MM",
        "population": 160115
    },
    "1294041": {
        "ids": {
            "geonames": 1294041
        },
        "long": {
            "default": "Taungdwingyi"
        },
        "parent": 1312604,
        "lat": 20.0065,
        "lng": 95.54531,
        "country": "MM",
        "population": 70094
    },
    "1295395": {
        "ids": {
            "geonames": 1295395
        },
        "long": {
            "default": "Syriam"
        },
        "parent": 1298822,
        "lat": 16.76887,
        "lng": 96.24503,
        "country": "MM",
        "population": 69448
    },
    "1295765": {
        "ids": {
            "geonames": 1295765
        },
        "long": {
            "default": "Sittwe"
        },
        "parent": 1298852,
        "lat": 20.14624,
        "lng": 92.89835,
        "country": "MM",
        "population": 177743
    },
    "1296736": {
        "ids": {
            "geonames": 1296736
        },
        "long": {
            "default": "Shwebo"
        },
        "parent": 1298480,
        "lat": 22.56925,
        "lng": 95.69818,
        "country": "MM",
        "population": 88914
    },
    "1298482": {
        "ids": {
            "geonames": 1298482
        },
        "long": {
            "default": "Sagaing"
        },
        "parent": 1298480,
        "lat": 21.8787,
        "lng": 95.97965,
        "country": "MM",
        "population": 78739
    },
    "1298824": {
        "ids": {
            "geonames": 1298824
        },
        "long": {
            "default": "Yangon"
        },
        "parent": 1298822,
        "lat": 16.80528,
        "lng": 96.15611,
        "country": "MM",
        "population": 4477638
    },
    "1298987": {
        "ids": {
            "geonames": 1298987
        },
        "long": {
            "default": "Pyinmana"
        },
        "parent": 1311871,
        "lat": 19.7381,
        "lng": 96.20742,
        "country": "MM",
        "population": 97409
    },
    "1299154": {
        "ids": {
            "geonames": 1299154
        },
        "long": {
            "default": "Pyay"
        },
        "parent": 1300463,
        "lat": 18.82464,
        "lng": 95.22216,
        "country": "MM",
        "population": 135308
    },
    "1299237": {
        "ids": {
            "geonames": 1299237
        },
        "long": {
            "default": "Pyapon"
        },
        "parent": 1321850,
        "lat": 16.28543,
        "lng": 95.67882,
        "country": "MM",
        "population": 65601
    },
    "1300466": {
        "ids": {
            "geonames": 1300466
        },
        "long": {
            "default": "Bago"
        },
        "parent": 1300463,
        "lat": 17.33521,
        "lng": 96.48135,
        "country": "MM",
        "population": 244376
    },
    "1302439": {
        "ids": {
            "geonames": 1302439
        },
        "long": {
            "default": "Pakokku"
        },
        "parent": 1312604,
        "lat": 21.33489,
        "lng": 95.08438,
        "country": "MM",
        "population": 126938
    },
    "1303406": {
        "ids": {
            "geonames": 1303406
        },
        "long": {
            "default": "Nyaunglebin"
        },
        "parent": 1300463,
        "lat": 17.95363,
        "lng": 96.72247,
        "country": "MM",
        "population": 89626
    },
    "1307741": {
        "ids": {
            "geonames": 1307741
        },
        "long": {
            "default": "Myitkyina"
        },
        "parent": 1321702,
        "lat": 25.38327,
        "lng": 97.39637,
        "country": "MM",
        "population": 90894
    },
    "1307835": {
        "ids": {
            "geonames": 1307835
        },
        "long": {
            "default": "Myingyan"
        },
        "parent": 1311871,
        "lat": 21.46002,
        "lng": 95.3884,
        "country": "MM",
        "population": 141713
    },
    "1308415": {
        "ids": {
            "geonames": 1308415
        },
        "long": {
            "default": "Mudon"
        },
        "parent": 1308528,
        "lat": 16.25624,
        "lng": 97.7246,
        "country": "MM",
        "population": 89123
    },
    "1308465": {
        "ids": {
            "geonames": 1308465
        },
        "long": {
            "default": "Mawlamyine"
        },
        "parent": 1308528,
        "lat": 16.49051,
        "lng": 97.62825,
        "country": "MM",
        "population": 438861
    },
    "1308522": {
        "ids": {
            "geonames": 1308522
        },
        "long": {
            "default": "Monywa"
        },
        "parent": 1298480,
        "lat": 22.10856,
        "lng": 95.13583,
        "country": "MM",
        "population": 182011
    },
    "1308937": {
        "ids": {
            "geonames": 1308937
        },
        "long": {
            "default": "Mogok"
        },
        "parent": 1311871,
        "lat": 22.91766,
        "lng": 96.50982,
        "country": "MM",
        "population": 90843
    },
    "1309289": {
        "ids": {
            "geonames": 1309289
        },
        "long": {
            "default": "Minbu"
        },
        "parent": 1312604,
        "lat": 20.18059,
        "lng": 94.87595,
        "country": "MM",
        "population": 57342
    },
    "1309611": {
        "ids": {
            "geonames": 1309611
        },
        "long": {
            "default": "Myeik"
        },
        "parent": 1293118,
        "lat": 12.43954,
        "lng": 98.60028,
        "country": "MM",
        "population": 173298
    },
    "1309793": {
        "ids": {
            "geonames": 1309793
        },
        "long": {
            "default": "Meiktila"
        },
        "parent": 1311871,
        "lat": 20.87776,
        "lng": 95.85844,
        "country": "MM",
        "population": 177442
    },
    "1309937": {
        "ids": {
            "geonames": 1309937
        },
        "long": {
            "default": "Pyin Oo Lwin"
        },
        "parent": 1311871,
        "lat": 22.03501,
        "lng": 96.45683,
        "country": "MM",
        "population": 117303
    },
    "1310362": {
        "ids": {
            "geonames": 1310362
        },
        "long": {
            "default": "Maubin"
        },
        "parent": 1321850,
        "lat": 16.73148,
        "lng": 95.65441,
        "country": "MM",
        "population": 51542
    },
    "1311874": {
        "ids": {
            "geonames": 1311874
        },
        "long": {
            "default": "Mandalay"
        },
        "parent": 1311871,
        "lat": 21.97473,
        "lng": 96.08359,
        "country": "MM",
        "population": 1208099
    },
    "1312609": {
        "ids": {
            "geonames": 1312609
        },
        "long": {
            "default": "Magway"
        },
        "parent": 1312604,
        "lat": 20.14956,
        "lng": 94.93246,
        "country": "MM",
        "population": 96954
    },
    "1314759": {
        "ids": {
            "geonames": 1314759
        },
        "long": {
            "default": "Lashio"
        },
        "parent": 1297099,
        "lat": 22.9359,
        "lng": 97.7498,
        "country": "MM",
        "population": 131016
    },
    "1316703": {
        "ids": {
            "geonames": 1316703
        },
        "long": {
            "default": "Kyaukse"
        },
        "parent": 1311871,
        "lat": 21.6056,
        "lng": 96.13508,
        "country": "MM",
        "population": 50480
    },
    "1317397": {
        "ids": {
            "geonames": 1317397
        },
        "long": {
            "default": "Kyaiklat"
        },
        "parent": 1321850,
        "lat": 16.44502,
        "lng": 95.72373,
        "country": "MM",
        "population": 52425
    },
    "1320944": {
        "ids": {
            "geonames": 1320944
        },
        "long": {
            "default": "Kanbe"
        },
        "parent": 1298822,
        "lat": 16.70728,
        "lng": 96.00168,
        "country": "MM",
        "population": 58146
    },
    "1325211": {
        "ids": {
            "geonames": 1325211
        },
        "long": {
            "default": "Hinthada"
        },
        "parent": 1321850,
        "lat": 17.64944,
        "lng": 95.45705,
        "country": "MM",
        "population": 134947
    },
    "1327659": {
        "ids": {
            "geonames": 1327659
        },
        "long": {
            "default": "Chauk"
        },
        "parent": 1312604,
        "lat": 20.89921,
        "lng": 94.81784,
        "country": "MM",
        "population": 90870
    },
    "1328121": {
        "ids": {
            "geonames": 1328121
        },
        "long": {
            "default": "Bogale"
        },
        "parent": 1321850,
        "lat": 16.29415,
        "lng": 95.39742,
        "country": "MM",
        "population": 68938
    },
    "1328421": {
        "ids": {
            "geonames": 1328421
        },
        "long": {
            "default": "Pathein"
        },
        "parent": 1321850,
        "lat": 16.77919,
        "lng": 94.73212,
        "country": "MM",
        "population": 237089
    },
    "1329239": {
        "ids": {
            "geonames": 1329239
        },
        "long": {
            "default": "Myaydo"
        },
        "parent": 1312604,
        "lat": 19.36838,
        "lng": 95.21512,
        "country": "MM",
        "population": 57897
    },
    "6611854": {
        "ids": {
            "geonames": 6611854
        },
        "long": {
            "default": "Nay Pyi Taw"
        },
        "parent": 1311871,
        "lat": 19.745,
        "lng": 96.12972,
        "country": "MM",
        "population": 925000
    }
}