{
    "2028462": {
        "ids": {
            "geonames": 2028462
        },
        "long": {
            "default": "Ulan Bator"
        },
        "parent": 2028461,
        "lat": 47.90771,
        "lng": 106.88324,
        "country": "MN",
        "population": 844818
    },
    "2031405": {
        "ids": {
            "geonames": 2031405
        },
        "long": {
            "default": "Erdenet"
        },
        "parent": 2055113,
        "lat": 49.03333,
        "lng": 104.08333,
        "country": "MN",
        "population": 79647
    },
    "2031964": {
        "ids": {
            "geonames": 2031964
        },
        "long": {
            "default": "Darhan"
        },
        "parent": 2055111,
        "lat": 49.48667,
        "lng": 105.92278,
        "country": "MN",
        "population": 74300
    }
}