{
    "2377450": {
        "ids": {
            "geonames": 2377450
        },
        "long": {
            "default": "Nouakchott"
        },
        "parent": 2377449,
        "lat": 18.08581,
        "lng": -15.9785,
        "country": "MR",
        "population": 661400
    },
    "2377457": {
        "ids": {
            "geonames": 2377457
        },
        "long": {
            "default": "Nouâdhibou"
        },
        "parent": 2380426,
        "lat": 20.93098,
        "lng": -17.03465,
        "country": "MR",
        "population": 72337
    },
    "2377539": {
        "ids": {
            "geonames": 2377539
        },
        "long": {
            "default": "Néma"
        },
        "parent": 2379025,
        "lat": 16.61702,
        "lng": -7.25649,
        "country": "MR",
        "population": 60000
    },
    "2378736": {
        "ids": {
            "geonames": 2378736
        },
        "long": {
            "default": "Kaédi"
        },
        "parent": 2379384,
        "lat": 16.15027,
        "lng": -13.5037,
        "country": "MR",
        "population": 55374
    }
}