{
    "933945": {
        "ids": {
            "geonames": 933945
        },
        "long": {
            "default": "Vacoas"
        },
        "parent": 934166,
        "lat": -20.29806,
        "lng": 57.47833,
        "country": "MU",
        "population": 110000
    },
    "934131": {
        "ids": {
            "geonames": 934131
        },
        "long": {
            "default": "Quatre Bornes"
        },
        "parent": 934166,
        "lat": -20.26381,
        "lng": 57.4791,
        "country": "MU",
        "population": 80961
    },
    "934154": {
        "ids": {
            "geonames": 934154
        },
        "long": {
            "default": "Port Louis"
        },
        "parent": 934153,
        "lat": -20.16194,
        "lng": 57.49889,
        "country": "MU",
        "population": 155226
    },
    "934570": {
        "ids": {
            "geonames": 934570
        },
        "long": {
            "default": "Curepipe"
        },
        "parent": 934166,
        "lat": -20.31472,
        "lng": 57.52028,
        "country": "MU",
        "population": 84200
    }
}