{
    "923295": {
        "ids": {
            "geonames": 923295
        },
        "long": {
            "default": "Zomba"
        },
        "parent": 923817,
        "lat": -15.38596,
        "lng": 35.3188,
        "country": "MW",
        "population": 80932
    },
    "925475": {
        "ids": {
            "geonames": 925475
        },
        "long": {
            "default": "Mzuzu"
        },
        "parent": 924591,
        "lat": -11.46556,
        "lng": 34.02071,
        "country": "MW",
        "population": 175345
    },
    "927967": {
        "ids": {
            "geonames": 927967
        },
        "long": {
            "default": "Lilongwe"
        },
        "parent": 931597,
        "lat": -13.96692,
        "lng": 33.78725,
        "country": "MW",
        "population": 646750
    },
    "931755": {
        "ids": {
            "geonames": 931755
        },
        "long": {
            "default": "Blantyre"
        },
        "parent": 923817,
        "lat": -15.78499,
        "lng": 35.00854,
        "country": "MW",
        "population": 584877
    }
}