{
    "3482969": {
        "ids": {
            "geonames": 3482969
        },
        "long": {
            "default": "Gustavo A. Madero"
        },
        "parent": 3516391,
        "lat": 22.8694,
        "lng": -98.75886,
        "country": "MX",
        "population": 1185772
    },
    "3513966": {
        "ids": {
            "geonames": 3513966
        },
        "long": {
            "default": "Zumpango"
        },
        "parent": 3523272,
        "lat": 19.7967,
        "lng": -99.09946,
        "country": "MX",
        "population": 50742
    },
    "3514450": {
        "ids": {
            "geonames": 3514450
        },
        "long": {
            "default": "Xochimilco"
        },
        "parent": 3527646,
        "lat": 19.25785,
        "lng": -99.10513,
        "country": "MX",
        "population": 404458
    },
    "3514519": {
        "ids": {
            "geonames": 3514519
        },
        "long": {
            "default": "San Miguel Xico Viejo"
        },
        "parent": 3523272,
        "lat": 19.27022,
        "lng": -98.93588,
        "country": "MX",
        "population": 365777
    },
    "3514663": {
        "ids": {
            "geonames": 3514663
        },
        "long": {
            "default": "Álvaro Obregón"
        },
        "parent": 3527646,
        "lat": 19.35867,
        "lng": -99.20329,
        "country": "MX",
        "population": 727034
    },
    "3514670": {
        "ids": {
            "geonames": 3514670
        },
        "long": {
            "default": "Villahermosa"
        },
        "parent": 3516458,
        "lat": 17.98689,
        "lng": -92.93028,
        "country": "MX",
        "population": 362401
    },
    "3514674": {
        "ids": {
            "geonames": 3514674
        },
        "long": {
            "default": "Gustavo A. Madero"
        },
        "parent": 3527646,
        "lat": 19.49016,
        "lng": -99.10978,
        "country": "MX",
        "population": 1193161
    },
    "3514783": {
        "ids": {
            "geonames": 3514783
        },
        "long": {
            "default": "Veracruz"
        },
        "parent": 3514780,
        "lat": 19.18095,
        "lng": -96.1429,
        "country": "MX",
        "population": 568313
    },
    "3515001": {
        "ids": {
            "geonames": 3515001
        },
        "long": {
            "default": "Tuxtla Gutiérrez"
        },
        "parent": 3531011,
        "lat": 16.75973,
        "lng": -93.11308,
        "country": "MX",
        "population": 481128
    },
    "3515011": {
        "ids": {
            "geonames": 3515011
        },
        "long": {
            "default": "Tuxpan de Rodríguez Cano"
        },
        "parent": 3514780,
        "lat": 20.95773,
        "lng": -97.40798,
        "country": "MX",
        "population": 134394
    },
    "3515044": {
        "ids": {
            "geonames": 3515044
        },
        "long": {
            "default": "Tultepec"
        },
        "parent": 3523272,
        "lat": 19.685,
        "lng": -99.12806,
        "country": "MX",
        "population": 65338
    },
    "3515062": {
        "ids": {
            "geonames": 3515062
        },
        "long": {
            "default": "Tulancingo"
        },
        "parent": 3527115,
        "lat": 20.08363,
        "lng": -98.36332,
        "country": "MX",
        "population": 102383
    },
    "3515302": {
        "ids": {
            "geonames": 3515302
        },
        "long": {
            "default": "Toluca"
        },
        "parent": 3523272,
        "lat": 19.28786,
        "lng": -99.65324,
        "country": "MX",
        "population": 505881
    },
    "3515428": {
        "ids": {
            "geonames": 3515428
        },
        "long": {
            "default": "Tlalpan"
        },
        "parent": 3527646,
        "lat": 19.29707,
        "lng": -99.16787,
        "country": "MX",
        "population": 607545
    },
    "3515431": {
        "ids": {
            "geonames": 3515431
        },
        "long": {
            "default": "Tlalnepantla"
        },
        "parent": 3523272,
        "lat": 19.54005,
        "lng": -99.19538,
        "country": "MX",
        "population": 715767
    },
    "3515463": {
        "ids": {
            "geonames": 3515463
        },
        "long": {
            "default": "Tlahuac"
        },
        "parent": 3527646,
        "lat": 19.28348,
        "lng": -99.00317,
        "country": "MX",
        "population": 344106
    },
    "3515696": {
        "ids": {
            "geonames": 3515696
        },
        "long": {
            "default": "Teziutlan"
        },
        "parent": 3521082,
        "lat": 19.8173,
        "lng": -97.35992,
        "country": "MX",
        "population": 70819
    },
    "3515715": {
        "ids": {
            "geonames": 3515715
        },
        "long": {
            "default": "Texcoco de Mora"
        },
        "parent": 3523272,
        "lat": 19.51194,
        "lng": -98.88293,
        "country": "MX",
        "population": 115378
    },
    "3515807": {
        "ids": {
            "geonames": 3515807
        },
        "long": {
            "default": "Cuautitlán Izcalli"
        },
        "parent": 3523272,
        "lat": 19.64388,
        "lng": -99.21598,
        "country": "MX",
        "population": 475179
    },
    "3515942": {
        "ids": {
            "geonames": 3515942
        },
        "long": {
            "default": "Teoloyucan"
        },
        "parent": 3523272,
        "lat": 19.7458,
        "lng": -99.17855,
        "country": "MX",
        "population": 61376
    },
    "3516035": {
        "ids": {
            "geonames": 3516035
        },
        "long": {
            "default": "Temixco"
        },
        "parent": 3522961,
        "lat": 18.85528,
        "lng": -99.23072,
        "country": "MX",
        "population": 91059
    },
    "3516053": {
        "ids": {
            "geonames": 3516053
        },
        "long": {
            "default": "Temapache"
        },
        "parent": 3514780,
        "lat": 21.06611,
        "lng": -97.64207,
        "country": "MX",
        "population": 101558
    },
    "3516109": {
        "ids": {
            "geonames": 3516109
        },
        "long": {
            "default": "Tehuacán"
        },
        "parent": 3521082,
        "lat": 18.46148,
        "lng": -97.39282,
        "country": "MX",
        "population": 241429
    },
    "3516225": {
        "ids": {
            "geonames": 3516225
        },
        "long": {
            "default": "Taxco de Alarcón"
        },
        "parent": 3527213,
        "lat": 18.55462,
        "lng": -99.60592,
        "country": "MX",
        "population": 53217
    },
    "3516266": {
        "ids": {
            "geonames": 3516266
        },
        "long": {
            "default": "Tapachula"
        },
        "parent": 3531011,
        "lat": 14.90385,
        "lng": -92.25749,
        "country": "MX",
        "population": 197961
    },
    "3516271": {
        "ids": {
            "geonames": 3516271
        },
        "long": {
            "default": "Tantoyuca"
        },
        "parent": 3514780,
        "lat": 21.35064,
        "lng": -98.2257,
        "country": "MX",
        "population": 103610
    },
    "3516355": {
        "ids": {
            "geonames": 3516355
        },
        "long": {
            "default": "Tampico"
        },
        "parent": 3516391,
        "lat": 22.27817,
        "lng": -97.86772,
        "country": "MX",
        "population": 309003
    },
    "3517270": {
        "ids": {
            "geonames": 3517270
        },
        "long": {
            "default": "Santa María Chimalhuacán"
        },
        "parent": 3523272,
        "lat": 19.42155,
        "lng": -98.95038,
        "country": "MX",
        "population": 525389
    },
    "3517517": {
        "ids": {
            "geonames": 3517517
        },
        "long": {
            "default": "Santa Cruz Xoxocotlán"
        },
        "parent": 3522509,
        "lat": 17.02958,
        "lng": -96.73518,
        "country": "MX",
        "population": 61846
    },
    "3518135": {
        "ids": {
            "geonames": 3518135
        },
        "long": {
            "default": "San Pablo de las Salinas"
        },
        "parent": 3523272,
        "lat": 19.6667,
        "lng": -99.09527,
        "country": "MX",
        "population": 173557
    },
    "3518221": {
        "ids": {
            "geonames": 3518221
        },
        "long": {
            "default": "San Miguel Zinacantepec"
        },
        "parent": 3523272,
        "lat": 19.28428,
        "lng": -99.73394,
        "country": "MX",
        "population": 54220
    },
    "3518387": {
        "ids": {
            "geonames": 3518387
        },
        "long": {
            "default": "San Mateo Atenco"
        },
        "parent": 3523272,
        "lat": 19.26757,
        "lng": -99.53214,
        "country": "MX",
        "population": 68602
    },
    "3518407": {
        "ids": {
            "geonames": 3518407
        },
        "long": {
            "default": "San Martin Texmelucan de Labastida"
        },
        "parent": 3521082,
        "lat": 19.28431,
        "lng": -98.43885,
        "country": "MX",
        "population": 75903
    },
    "3518692": {
        "ids": {
            "geonames": 3518692
        },
        "long": {
            "default": "San Juan del Río"
        },
        "parent": 3520914,
        "lat": 20.3878,
        "lng": -99.99605,
        "country": "MX",
        "population": 118173
    },
    "3518723": {
        "ids": {
            "geonames": 3518723
        },
        "long": {
            "default": "Tuxtepec"
        },
        "parent": 3522509,
        "lat": 18.0883,
        "lng": -96.12535,
        "country": "MX",
        "population": 92121
    },
    "3519537": {
        "ids": {
            "geonames": 3519537
        },
        "long": {
            "default": "San Cristóbal de las Casas"
        },
        "parent": 3531011,
        "lat": 16.73176,
        "lng": -92.64126,
        "country": "MX",
        "population": 128996
    },
    "3519907": {
        "ids": {
            "geonames": 3519907
        },
        "long": {
            "default": "San Andres Tuxtla"
        },
        "parent": 3514780,
        "lat": 18.4487,
        "lng": -95.21327,
        "country": "MX",
        "population": 55697
    },
    "3520064": {
        "ids": {
            "geonames": 3520064
        },
        "long": {
            "default": "Salina Cruz"
        },
        "parent": 3522509,
        "lat": 16.18405,
        "lng": -95.20143,
        "country": "MX",
        "population": 73648
    },
    "3520271": {
        "ids": {
            "geonames": 3520271
        },
        "long": {
            "default": "Río Bravo"
        },
        "parent": 3516391,
        "lat": 25.98729,
        "lng": -98.09414,
        "country": "MX",
        "population": 85481
    },
    "3520339": {
        "ids": {
            "geonames": 3520339
        },
        "long": {
            "default": "Reynosa"
        },
        "parent": 3516391,
        "lat": 26.08061,
        "lng": -98.28835,
        "country": "MX",
        "population": 498654
    },
    "3521081": {
        "ids": {
            "geonames": 3521081
        },
        "long": {
            "default": "Puebla"
        },
        "parent": 3521082,
        "lat": 19.04334,
        "lng": -98.20193,
        "country": "MX",
        "population": 1590256
    },
    "3521168": {
        "ids": {
            "geonames": 3521168
        },
        "long": {
            "default": "Poza Rica de Hidalgo"
        },
        "parent": 3514780,
        "lat": 20.53315,
        "lng": -97.45946,
        "country": "MX",
        "population": 174526
    },
    "3521342": {
        "ids": {
            "geonames": 3521342
        },
        "long": {
            "default": "Playa del Carmen"
        },
        "parent": 3520887,
        "lat": 20.6274,
        "lng": -87.07987,
        "country": "MX",
        "population": 100383
    },
    "3522210": {
        "ids": {
            "geonames": 3522210
        },
        "long": {
            "default": "Pachuca de Soto"
        },
        "parent": 3527115,
        "lat": 20.11697,
        "lng": -98.73329,
        "country": "MX",
        "population": 319581
    },
    "3522307": {
        "ids": {
            "geonames": 3522307
        },
        "long": {
            "default": "Orizaba"
        },
        "parent": 3514780,
        "lat": 18.85195,
        "lng": -97.09957,
        "country": "MX",
        "population": 121348
    },
    "3522507": {
        "ids": {
            "geonames": 3522507
        },
        "long": {
            "default": "Oaxaca de Juárez"
        },
        "parent": 3522509,
        "lat": 17.06542,
        "lng": -96.72365,
        "country": "MX",
        "population": 262566
    },
    "3522551": {
        "ids": {
            "geonames": 3522551
        },
        "long": {
            "default": "Nuevo Laredo"
        },
        "parent": 3516391,
        "lat": 27.47629,
        "lng": -99.51639,
        "country": "MX",
        "population": 349550
    },
    "3522732": {
        "ids": {
            "geonames": 3522732
        },
        "long": {
            "default": "Nicolás Romero"
        },
        "parent": 3523272,
        "lat": 19.63658,
        "lng": -99.30682,
        "country": "MX",
        "population": 245383
    },
    "3522790": {
        "ids": {
            "geonames": 3522790
        },
        "long": {
            "default": "Naucalpan de Juárez"
        },
        "parent": 3523272,
        "lat": 19.47851,
        "lng": -99.23963,
        "country": "MX",
        "population": 846185
    },
    "3523149": {
        "ids": {
            "geonames": 3523149
        },
        "long": {
            "default": "Miramar"
        },
        "parent": 3516391,
        "lat": 22.32085,
        "lng": -97.8595,
        "country": "MX",
        "population": 67689
    },
    "3523183": {
        "ids": {
            "geonames": 3523183
        },
        "long": {
            "default": "Minatitlan"
        },
        "parent": 3514780,
        "lat": 17.99925,
        "lng": -94.55441,
        "country": "MX",
        "population": 150895
    },
    "3523202": {
        "ids": {
            "geonames": 3523202
        },
        "long": {
            "default": "Milpa Alta"
        },
        "parent": 3527646,
        "lat": 19.19251,
        "lng": -99.02317,
        "country": "MX",
        "population": 115895
    },
    "3523303": {
        "ids": {
            "geonames": 3523303
        },
        "long": {
            "default": "Metepec"
        },
        "parent": 3523272,
        "lat": 19.25934,
        "lng": -99.60175,
        "country": "MX",
        "population": 172982
    },
    "3523349": {
        "ids": {
            "geonames": 3523349
        },
        "long": {
            "default": "Mérida"
        },
        "parent": 3514211,
        "lat": 20.97537,
        "lng": -89.61696,
        "country": "MX",
        "population": 717175
    },
    "3523466": {
        "ids": {
            "geonames": 3523466
        },
        "long": {
            "default": "Heroica Matamoros"
        },
        "parent": 3516391,
        "lat": 25.87972,
        "lng": -97.50417,
        "country": "MX",
        "population": 449815
    },
    "3523513": {
        "ids": {
            "geonames": 3523513
        },
        "long": {
            "default": "Martínez de la Torre"
        },
        "parent": 3514780,
        "lat": 20.07082,
        "lng": -97.06078,
        "country": "MX",
        "population": 100377
    },
    "3523760": {
        "ids": {
            "geonames": 3523760
        },
        "long": {
            "default": "Magdalena Contreras"
        },
        "parent": 3527646,
        "lat": 19.33212,
        "lng": -99.21118,
        "country": "MX",
        "population": 228927
    },
    "3523908": {
        "ids": {
            "geonames": 3523908
        },
        "long": {
            "default": "Los Reyes La Paz"
        },
        "parent": 3523272,
        "lat": 19.36357,
        "lng": -98.97707,
        "country": "MX",
        "population": 251168
    },
    "3524348": {
        "ids": {
            "geonames": 3524348
        },
        "long": {
            "default": "Linares"
        },
        "parent": 3522542,
        "lat": 24.85798,
        "lng": -99.56768,
        "country": "MX",
        "population": 57731
    },
    "3524744": {
        "ids": {
            "geonames": 3524744
        },
        "long": {
            "default": "Las Margaritas"
        },
        "parent": 3531011,
        "lat": 16.31265,
        "lng": -91.98107,
        "country": "MX",
        "population": 103403
    },
    "3526323": {
        "ids": {
            "geonames": 3526323
        },
        "long": {
            "default": "Kanasín"
        },
        "parent": 3514211,
        "lat": 20.93482,
        "lng": -89.55871,
        "country": "MX",
        "population": 77240
    },
    "3526357": {
        "ids": {
            "geonames": 3526357
        },
        "long": {
            "default": "Juchitán de Zaragoza"
        },
        "parent": 3522509,
        "lat": 16.43603,
        "lng": -95.01975,
        "country": "MX",
        "population": 67637
    },
    "3526485": {
        "ids": {
            "geonames": 3526485
        },
        "long": {
            "default": "Jiutepec"
        },
        "parent": 3522961,
        "lat": 18.88139,
        "lng": -99.17778,
        "country": "MX",
        "population": 162427
    },
    "3526617": {
        "ids": {
            "geonames": 3526617
        },
        "long": {
            "default": "Xalapa de Enríquez"
        },
        "parent": 3514780,
        "lat": 19.53124,
        "lng": -96.91589,
        "country": "MX",
        "population": 425148
    },
    "3526682": {
        "ids": {
            "geonames": 3526682
        },
        "long": {
            "default": "Ixtapaluca"
        },
        "parent": 3523272,
        "lat": 19.31556,
        "lng": -98.88284,
        "country": "MX",
        "population": 351001
    },
    "3526683": {
        "ids": {
            "geonames": 3526683
        },
        "long": {
            "default": "Iztapalapa"
        },
        "parent": 3527646,
        "lat": 19.35738,
        "lng": -99.0671,
        "country": "MX",
        "population": 1820888
    },
    "3526700": {
        "ids": {
            "geonames": 3526700
        },
        "long": {
            "default": "Iztacalco"
        },
        "parent": 3527646,
        "lat": 19.39528,
        "lng": -99.09778,
        "country": "MX",
        "population": 384326
    },
    "3526798": {
        "ids": {
            "geonames": 3526798
        },
        "long": {
            "default": "Iguala de la Independencia"
        },
        "parent": 3527213,
        "lat": 18.34536,
        "lng": -99.5413,
        "country": "MX",
        "population": 112106
    },
    "3528756": {
        "ids": {
            "geonames": 3528756
        },
        "long": {
            "default": "Ciudad Mante"
        },
        "parent": 3516391,
        "lat": 22.74304,
        "lng": -98.9739,
        "country": "MX",
        "population": 79981
    },
    "3529612": {
        "ids": {
            "geonames": 3529612
        },
        "long": {
            "default": "Ecatepec"
        },
        "parent": 3523272,
        "lat": 19.61725,
        "lng": -99.06601,
        "country": "MX",
        "population": 1806226
    },
    "3529947": {
        "ids": {
            "geonames": 3529947
        },
        "long": {
            "default": "Cuernavaca"
        },
        "parent": 3522961,
        "lat": 18.9261,
        "lng": -99.23075,
        "country": "MX",
        "population": 343769
    },
    "3529982": {
        "ids": {
            "geonames": 3529982
        },
        "long": {
            "default": "Cuautla Morelos"
        },
        "parent": 3522961,
        "lat": 18.80459,
        "lng": -98.94555,
        "country": "MX",
        "population": 146178
    },
    "3529986": {
        "ids": {
            "geonames": 3529986
        },
        "long": {
            "default": "Cuautitlán"
        },
        "parent": 3523272,
        "lat": 19.67029,
        "lng": -99.17865,
        "country": "MX",
        "population": 84737
    },
    "3530049": {
        "ids": {
            "geonames": 3530049
        },
        "long": {
            "default": "Cuajimalpa"
        },
        "parent": 3527646,
        "lat": 19.35993,
        "lng": -99.29388,
        "country": "MX",
        "population": 173625
    },
    "3530103": {
        "ids": {
            "geonames": 3530103
        },
        "long": {
            "default": "San Miguel de Cozumel"
        },
        "parent": 3520887,
        "lat": 20.501,
        "lng": -86.94598,
        "country": "MX",
        "population": 73934
    },
    "3530139": {
        "ids": {
            "geonames": 3530139
        },
        "long": {
            "default": "Coyoacán"
        },
        "parent": 3527646,
        "lat": 19.3467,
        "lng": -99.16174,
        "country": "MX",
        "population": 628063
    },
    "3530240": {
        "ids": {
            "geonames": 3530240
        },
        "long": {
            "default": "Córdoba"
        },
        "parent": 3514780,
        "lat": 18.8842,
        "lng": -96.92559,
        "country": "MX",
        "population": 134403
    },
    "3530367": {
        "ids": {
            "geonames": 3530367
        },
        "long": {
            "default": "Comitán"
        },
        "parent": 3531011,
        "lat": 16.24471,
        "lng": -92.13425,
        "country": "MX",
        "population": 79944
    },
    "3530517": {
        "ids": {
            "geonames": 3530517
        },
        "long": {
            "default": "Coatzacoalcos"
        },
        "parent": 3514780,
        "lat": 18.13346,
        "lng": -94.44242,
        "country": "MX",
        "population": 230717
    },
    "3530569": {
        "ids": {
            "geonames": 3530569
        },
        "long": {
            "default": "Coacalco"
        },
        "parent": 3523272,
        "lat": 19.63453,
        "lng": -99.1005,
        "country": "MX",
        "population": 313405
    },
    "3530580": {
        "ids": {
            "geonames": 3530580
        },
        "long": {
            "default": "Ciudad Victoria"
        },
        "parent": 3516391,
        "lat": 23.74174,
        "lng": -99.14599,
        "country": "MX",
        "population": 269923
    },
    "3530582": {
        "ids": {
            "geonames": 3530582
        },
        "long": {
            "default": "Ciudad Valles"
        },
        "parent": 3985605,
        "lat": 21.98333,
        "lng": -99.01667,
        "country": "MX",
        "population": 109504
    },
    "3530589": {
        "ids": {
            "geonames": 3530589
        },
        "long": {
            "default": "Ciudad Nezahualcoyotl"
        },
        "parent": 3523272,
        "lat": 19.40061,
        "lng": -99.01483,
        "country": "MX",
        "population": 1232220
    },
    "3530594": {
        "ids": {
            "geonames": 3530594
        },
        "long": {
            "default": "Ciudad Madero"
        },
        "parent": 3516391,
        "lat": 22.27228,
        "lng": -97.83623,
        "country": "MX",
        "population": 192736
    },
    "3530597": {
        "ids": {
            "geonames": 3530597
        },
        "long": {
            "default": "Mexico City"
        },
        "parent": 3527646,
        "lat": 19.42847,
        "lng": -99.12766,
        "country": "MX",
        "population": 12294193
    },
    "3530599": {
        "ids": {
            "geonames": 3530599
        },
        "long": {
            "default": "Ciudad del Carmen"
        },
        "parent": 3531730,
        "lat": 18.64592,
        "lng": -91.82991,
        "country": "MX",
        "population": 141308
    },
    "3530757": {
        "ids": {
            "geonames": 3530757
        },
        "long": {
            "default": "Cholula"
        },
        "parent": 3521082,
        "lat": 19.06406,
        "lng": -98.30352,
        "country": "MX",
        "population": 151667
    },
    "3530870": {
        "ids": {
            "geonames": 3530870
        },
        "long": {
            "default": "Chilpancingo de los Bravos"
        },
        "parent": 3527213,
        "lat": 17.5506,
        "lng": -99.50578,
        "country": "MX",
        "population": 165250
    },
    "3530937": {
        "ids": {
            "geonames": 3530937
        },
        "long": {
            "default": "San Vicente Chicoloapan"
        },
        "parent": 3523272,
        "lat": 19.41687,
        "lng": -98.90202,
        "country": "MX",
        "population": 84440
    },
    "3531007": {
        "ids": {
            "geonames": 3531007
        },
        "long": {
            "default": "Chiautla"
        },
        "parent": 3523272,
        "lat": 19.54895,
        "lng": -98.88236,
        "country": "MX",
        "population": 73696
    },
    "3531023": {
        "ids": {
            "geonames": 3531023
        },
        "long": {
            "default": "Chetumal"
        },
        "parent": 3520887,
        "lat": 18.51413,
        "lng": -88.30381,
        "country": "MX",
        "population": 134412
    },
    "3531200": {
        "ids": {
            "geonames": 3531200
        },
        "long": {
            "default": "Chalco de Díaz Covarrubias"
        },
        "parent": 3523272,
        "lat": 19.26174,
        "lng": -98.89775,
        "country": "MX",
        "population": 163996
    },
    "3531576": {
        "ids": {
            "geonames": 3531576
        },
        "long": {
            "default": "Cárdenas"
        },
        "parent": 3516458,
        "lat": 18.00135,
        "lng": -93.37559,
        "country": "MX",
        "population": 85350
    },
    "3531673": {
        "ids": {
            "geonames": 3531673
        },
        "long": {
            "default": "Cancún"
        },
        "parent": 3520887,
        "lat": 21.17429,
        "lng": -86.84656,
        "country": "MX",
        "population": 542043
    },
    "3531732": {
        "ids": {
            "geonames": 3531732
        },
        "long": {
            "default": "Campeche"
        },
        "parent": 3531730,
        "lat": 19.83803,
        "lng": -90.5277,
        "country": "MX",
        "population": 205212
    },
    "3531865": {
        "ids": {
            "geonames": 3531865
        },
        "long": {
            "default": "Cadereyta"
        },
        "parent": 3522542,
        "lat": 25.58333,
        "lng": -99.98333,
        "country": "MX",
        "population": 67994
    },
    "3532497": {
        "ids": {
            "geonames": 3532497
        },
        "long": {
            "default": "Azcapotzalco"
        },
        "parent": 3527646,
        "lat": 19.48698,
        "lng": -99.18594,
        "country": "MX",
        "population": 425298
    },
    "3532592": {
        "ids": {
            "geonames": 3532592
        },
        "long": {
            "default": "Atlixco"
        },
        "parent": 3521082,
        "lat": 18.90815,
        "lng": -98.43613,
        "country": "MX",
        "population": 85891
    },
    "3532624": {
        "ids": {
            "geonames": 3532624
        },
        "long": {
            "default": "Ciudad López Mateos"
        },
        "parent": 3523272,
        "lat": 19.58547,
        "lng": -99.26035,
        "country": "MX",
        "population": 521034
    },
    "3532881": {
        "ids": {
            "geonames": 3532881
        },
        "long": {
            "default": "Amozoc de Mota"
        },
        "parent": 3521082,
        "lat": 19.04611,
        "lng": -98.045,
        "country": "MX",
        "population": 77106
    },
    "3533005": {
        "ids": {
            "geonames": 3533005
        },
        "long": {
            "default": "Altamira"
        },
        "parent": 3516391,
        "lat": 22.39215,
        "lng": -97.93867,
        "country": "MX",
        "population": 54954
    },
    "3533462": {
        "ids": {
            "geonames": 3533462
        },
        "long": {
            "default": "Acapulco de Juárez"
        },
        "parent": 3527213,
        "lat": 16.86336,
        "lng": -99.8901,
        "country": "MX",
        "population": 652136
    },
    "3815415": {
        "ids": {
            "geonames": 3815415
        },
        "long": {
            "default": "Tlaxcala de Xicohtencatl"
        },
        "parent": 3515359,
        "lat": 19.31905,
        "lng": -98.19982,
        "country": "MX",
        "population": 84670
    },
    "3815453": {
        "ids": {
            "geonames": 3815453
        },
        "long": {
            "default": "Villa Vicente Guerrero"
        },
        "parent": 3515359,
        "lat": 19.12123,
        "lng": -98.16572,
        "country": "MX",
        "population": 52591
    },
    "3818742": {
        "ids": {
            "geonames": 3818742
        },
        "long": {
            "default": "San Andrés Cholula"
        },
        "parent": 3521082,
        "lat": 19.05144,
        "lng": -98.29526,
        "country": "MX",
        "population": 80118
    },
    "3824166": {
        "ids": {
            "geonames": 3824166
        },
        "long": {
            "default": "Tampico"
        },
        "parent": 3516391,
        "lat": 22.25528,
        "lng": -97.86861,
        "country": "MX",
        "population": 297284
    },
    "3827406": {
        "ids": {
            "geonames": 3827406
        },
        "long": {
            "default": "Benito Juarez"
        },
        "parent": 3527646,
        "lat": 19.3984,
        "lng": -99.15766,
        "country": "MX",
        "population": 355017
    },
    "3827407": {
        "ids": {
            "geonames": 3827407
        },
        "long": {
            "default": "Venustiano Carranza"
        },
        "parent": 3527646,
        "lat": 19.44286,
        "lng": -99.09724,
        "country": "MX",
        "population": 447459
    },
    "3827408": {
        "ids": {
            "geonames": 3827408
        },
        "long": {
            "default": "Miguel Hidalgo"
        },
        "parent": 3527646,
        "lat": 19.43471,
        "lng": -99.20091,
        "country": "MX",
        "population": 353534
    },
    "3827409": {
        "ids": {
            "geonames": 3827409
        },
        "long": {
            "default": "Cuauhtémoc"
        },
        "parent": 3527646,
        "lat": 19.44506,
        "lng": -99.14612,
        "country": "MX",
        "population": 521348
    },
    "3827414": {
        "ids": {
            "geonames": 3827414
        },
        "long": {
            "default": "Huixquilucan"
        },
        "parent": 3523272,
        "lat": 19.35985,
        "lng": -99.35016,
        "country": "MX",
        "population": 124846
    },
    "3827598": {
        "ids": {
            "geonames": 3827598
        },
        "long": {
            "default": "Ojo de Agua"
        },
        "parent": 3523272,
        "lat": 19.68028,
        "lng": -99.01,
        "country": "MX",
        "population": 242272
    },
    "3827606": {
        "ids": {
            "geonames": 3827606
        },
        "long": {
            "default": "Buenavista"
        },
        "parent": 3523272,
        "lat": 19.60833,
        "lng": -99.16944,
        "country": "MX",
        "population": 206081
    },
    "3979673": {
        "ids": {
            "geonames": 3979673
        },
        "long": {
            "default": "Ixtapa-Zihuatanejo"
        },
        "parent": 3527213,
        "lat": 17.64344,
        "lng": -101.55212,
        "country": "MX",
        "population": 61308
    },
    "3979770": {
        "ids": {
            "geonames": 3979770
        },
        "long": {
            "default": "Zapopan"
        },
        "parent": 4004156,
        "lat": 20.72356,
        "lng": -103.38479,
        "country": "MX",
        "population": 987516
    },
    "3979802": {
        "ids": {
            "geonames": 3979802
        },
        "long": {
            "default": "Zamora"
        },
        "parent": 3995955,
        "lat": 19.9855,
        "lng": -102.28387,
        "country": "MX",
        "population": 124916
    },
    "3979844": {
        "ids": {
            "geonames": 3979844
        },
        "long": {
            "default": "Zacatecas"
        },
        "parent": 3979840,
        "lat": 22.76843,
        "lng": -102.58141,
        "country": "MX",
        "population": 118562
    },
    "3979846": {
        "ids": {
            "geonames": 3979846
        },
        "long": {
            "default": "Zacapú"
        },
        "parent": 3995955,
        "lat": 19.81396,
        "lng": -101.79157,
        "country": "MX",
        "population": 50112
    },
    "3980180": {
        "ids": {
            "geonames": 3980180
        },
        "long": {
            "default": "Ciudad Frontera"
        },
        "parent": 4013674,
        "lat": 26.92814,
        "lng": -101.45212,
        "country": "MX",
        "population": 64976
    },
    "3980194": {
        "ids": {
            "geonames": 3980194
        },
        "long": {
            "default": "Ciudad de Villa de Álvarez"
        },
        "parent": 4013513,
        "lat": 19.26722,
        "lng": -103.73778,
        "country": "MX",
        "population": 117600
    },
    "3980605": {
        "ids": {
            "geonames": 3980605
        },
        "long": {
            "default": "Valle de Santiago"
        },
        "parent": 4005267,
        "lat": 20.39321,
        "lng": -101.18917,
        "country": "MX",
        "population": 60528
    },
    "3980760": {
        "ids": {
            "geonames": 3980760
        },
        "long": {
            "default": "Uruapan"
        },
        "parent": 3995955,
        "lat": 19.41116,
        "lng": -102.05644,
        "country": "MX",
        "population": 237308
    },
    "3981254": {
        "ids": {
            "geonames": 3981254
        },
        "long": {
            "default": "Torreon"
        },
        "parent": 4013674,
        "lat": 25.54389,
        "lng": -103.41898,
        "country": "MX",
        "population": 524066
    },
    "3981369": {
        "ids": {
            "geonames": 3981369
        },
        "long": {
            "default": "Tonalá"
        },
        "parent": 4004156,
        "lat": 20.62445,
        "lng": -103.23423,
        "country": "MX",
        "population": 401509
    },
    "3981461": {
        "ids": {
            "geonames": 3981461
        },
        "long": {
            "default": "Tlaquepaque"
        },
        "parent": 4004156,
        "lat": 20.64091,
        "lng": -103.29327,
        "country": "MX",
        "population": 493646
    },
    "3981609": {
        "ids": {
            "geonames": 3981609
        },
        "long": {
            "default": "Tijuana"
        },
        "parent": 4017700,
        "lat": 32.5027,
        "lng": -117.00371,
        "country": "MX",
        "population": 1376457
    },
    "3981941": {
        "ids": {
            "geonames": 3981941
        },
        "long": {
            "default": "Tepic"
        },
        "parent": 3995012,
        "lat": 21.50951,
        "lng": -104.89569,
        "country": "MX",
        "population": 280592
    },
    "3981984": {
        "ids": {
            "geonames": 3981984
        },
        "long": {
            "default": "Tepatitlán de Morelos"
        },
        "parent": 4004156,
        "lat": 20.81692,
        "lng": -102.76347,
        "country": "MX",
        "population": 83694
    },
    "3982213": {
        "ids": {
            "geonames": 3982213
        },
        "long": {
            "default": "Tecoman"
        },
        "parent": 4013513,
        "lat": 18.91678,
        "lng": -103.87786,
        "country": "MX",
        "population": 79579
    },
    "3982266": {
        "ids": {
            "geonames": 3982266
        },
        "long": {
            "default": "Tecate"
        },
        "parent": 4017700,
        "lat": 32.56717,
        "lng": -116.62509,
        "country": "MX",
        "population": 58300
    },
    "3982912": {
        "ids": {
            "geonames": 3982912
        },
        "long": {
            "default": "Soledad Díez Gutiérrez"
        },
        "parent": 3985605,
        "lat": 22.18778,
        "lng": -100.94192,
        "country": "MX",
        "population": 194006
    },
    "3983058": {
        "ids": {
            "geonames": 3983058
        },
        "long": {
            "default": "Silao"
        },
        "parent": 4005267,
        "lat": 20.94356,
        "lng": -101.42703,
        "country": "MX",
        "population": 65195
    },
    "3984583": {
        "ids": {
            "geonames": 3984583
        },
        "long": {
            "default": "Santa Catarina"
        },
        "parent": 3522542,
        "lat": 25.67325,
        "lng": -100.45813,
        "country": "MX",
        "population": 254472
    },
    "3985241": {
        "ids": {
            "geonames": 3985241
        },
        "long": {
            "default": "San Nicolás de los Garza"
        },
        "parent": 3522542,
        "lat": 25.74167,
        "lng": -100.30222,
        "country": "MX",
        "population": 443273
    },
    "3985344": {
        "ids": {
            "geonames": 3985344
        },
        "long": {
            "default": "San Miguel de Allende"
        },
        "parent": 4005267,
        "lat": 20.91528,
        "lng": -100.74389,
        "country": "MX",
        "population": 69811
    },
    "3985604": {
        "ids": {
            "geonames": 3985604
        },
        "long": {
            "default": "San Luis Río Colorado"
        },
        "parent": 3982846,
        "lat": 32.45612,
        "lng": -114.77186,
        "country": "MX",
        "population": 139254
    },
    "3985606": {
        "ids": {
            "geonames": 3985606
        },
        "long": {
            "default": "San Luis Potosí"
        },
        "parent": 3985605,
        "lat": 22.14982,
        "lng": -100.97916,
        "country": "MX",
        "population": 677704
    },
    "3986984": {
        "ids": {
            "geonames": 3986984
        },
        "long": {
            "default": "San Francisco del Rincón"
        },
        "parent": 4005267,
        "lat": 21.01843,
        "lng": -101.85515,
        "country": "MX",
        "population": 66949
    },
    "3988086": {
        "ids": {
            "geonames": 3988086
        },
        "long": {
            "default": "Saltillo"
        },
        "parent": 4013674,
        "lat": 25.42321,
        "lng": -101.0053,
        "country": "MX",
        "population": 621250
    },
    "3988214": {
        "ids": {
            "geonames": 3988214
        },
        "long": {
            "default": "Salamanca"
        },
        "parent": 4005267,
        "lat": 20.57196,
        "lng": -101.19154,
        "country": "MX",
        "population": 138614
    },
    "3988258": {
        "ids": {
            "geonames": 3988258
        },
        "long": {
            "default": "Sahuayo de Morelos"
        },
        "parent": 3995955,
        "lat": 20.05859,
        "lng": -102.71575,
        "country": "MX",
        "population": 58513
    },
    "3988392": {
        "ids": {
            "geonames": 3988392
        },
        "long": {
            "default": "Rosarito"
        },
        "parent": 4017700,
        "lat": 32.36044,
        "lng": -117.04645,
        "country": "MX",
        "population": 66020
    },
    "3991164": {
        "ids": {
            "geonames": 3991164
        },
        "long": {
            "default": "Santiago de Querétaro"
        },
        "parent": 3520914,
        "lat": 20.58806,
        "lng": -100.38806,
        "country": "MX",
        "population": 626495
    },
    "3991328": {
        "ids": {
            "geonames": 3991328
        },
        "long": {
            "default": "Puerto Vallarta"
        },
        "parent": 4004156,
        "lat": 20.617,
        "lng": -105.23018,
        "country": "MX",
        "population": 187134
    },
    "3992619": {
        "ids": {
            "geonames": 3992619
        },
        "long": {
            "default": "Piedras Negras"
        },
        "parent": 4013674,
        "lat": 28.70007,
        "lng": -100.52353,
        "country": "MX",
        "population": 150178
    },
    "3994489": {
        "ids": {
            "geonames": 3994489
        },
        "long": {
            "default": "Ocotlán"
        },
        "parent": 4004156,
        "lat": 20.3553,
        "lng": -102.77358,
        "country": "MX",
        "population": 81527
    },
    "3994616": {
        "ids": {
            "geonames": 3994616
        },
        "long": {
            "default": "Nuevo Casas Grandes"
        },
        "parent": 4014336,
        "lat": 30.41552,
        "lng": -107.91166,
        "country": "MX",
        "population": 51356
    },
    "3995019": {
        "ids": {
            "geonames": 3995019
        },
        "long": {
            "default": "Navojoa"
        },
        "parent": 3982846,
        "lat": 27.07015,
        "lng": -109.44391,
        "country": "MX",
        "population": 120000
    },
    "3995402": {
        "ids": {
            "geonames": 3995402
        },
        "long": {
            "default": "Morelia"
        },
        "parent": 3995955,
        "lat": 19.70078,
        "lng": -101.18443,
        "country": "MX",
        "population": 592797
    },
    "3995465": {
        "ids": {
            "geonames": 3995465
        },
        "long": {
            "default": "Monterrey"
        },
        "parent": 3522542,
        "lat": 25.67507,
        "lng": -100.31847,
        "country": "MX",
        "population": 1122874
    },
    "3995523": {
        "ids": {
            "geonames": 3995523
        },
        "long": {
            "default": "Monclova"
        },
        "parent": 4013674,
        "lat": 26.90687,
        "lng": -101.42056,
        "country": "MX",
        "population": 195764
    },
    "3996069": {
        "ids": {
            "geonames": 3996069
        },
        "long": {
            "default": "Mexicali"
        },
        "parent": 4017700,
        "lat": 32.62781,
        "lng": -115.45446,
        "country": "MX",
        "population": 597099
    },
    "3996322": {
        "ids": {
            "geonames": 3996322
        },
        "long": {
            "default": "Mazatlán"
        },
        "parent": 3983035,
        "lat": 23.2329,
        "lng": -106.4062,
        "country": "MX",
        "population": 354717
    },
    "3996387": {
        "ids": {
            "geonames": 3996387
        },
        "long": {
            "default": "Matehuala"
        },
        "parent": 3985605,
        "lat": 23.64824,
        "lng": -100.64334,
        "country": "MX",
        "population": 67717
    },
    "3996426": {
        "ids": {
            "geonames": 3996426
        },
        "long": {
            "default": "Matamoros"
        },
        "parent": 4013674,
        "lat": 25.52699,
        "lng": -103.2285,
        "country": "MX",
        "population": 104024
    },
    "3996663": {
        "ids": {
            "geonames": 3996663
        },
        "long": {
            "default": "Manzanillo"
        },
        "parent": 4013513,
        "lat": 19.11695,
        "lng": -104.34214,
        "country": "MX",
        "population": 110735
    },
    "3997479": {
        "ids": {
            "geonames": 3997479
        },
        "long": {
            "default": "Los Mochis"
        },
        "parent": 3983035,
        "lat": 25.79535,
        "lng": -108.99244,
        "country": "MX",
        "population": 214601
    },
    "3998655": {
        "ids": {
            "geonames": 3998655
        },
        "long": {
            "default": "León"
        },
        "parent": 4005267,
        "lat": 21.13052,
        "lng": -101.671,
        "country": "MX",
        "population": 1114626
    },
    "4000821": {
        "ids": {
            "geonames": 4000821
        },
        "long": {
            "default": "La Piedad Cavadas"
        },
        "parent": 3995955,
        "lat": 20.34763,
        "lng": -102.02806,
        "country": "MX",
        "population": 70238
    },
    "4000900": {
        "ids": {
            "geonames": 4000900
        },
        "long": {
            "default": "La Paz"
        },
        "parent": 4017698,
        "lat": 24.14437,
        "lng": -110.3005,
        "country": "MX",
        "population": 171485
    },
    "4002224": {
        "ids": {
            "geonames": 4002224
        },
        "long": {
            "default": "Lagos de Moreno"
        },
        "parent": 4004156,
        "lat": 21.3559,
        "lng": -101.93399,
        "country": "MX",
        "population": 84677
    },
    "4004330": {
        "ids": {
            "geonames": 4004330
        },
        "long": {
            "default": "Irapuato"
        },
        "parent": 4005267,
        "lat": 20.67675,
        "lng": -101.35628,
        "country": "MX",
        "population": 339554
    },
    "4004867": {
        "ids": {
            "geonames": 4004867
        },
        "long": {
            "default": "Hidalgo del Parral"
        },
        "parent": 4014336,
        "lat": 26.92961,
        "lng": -105.6662,
        "country": "MX",
        "population": 101768
    },
    "4004885": {
        "ids": {
            "geonames": 4004885
        },
        "long": {
            "default": "Heróica Zitácuaro"
        },
        "parent": 3995955,
        "lat": 19.43612,
        "lng": -100.35733,
        "country": "MX",
        "population": 78950
    },
    "4004886": {
        "ids": {
            "geonames": 4004886
        },
        "long": {
            "default": "Nogales"
        },
        "parent": 3982846,
        "lat": 31.30862,
        "lng": -110.94217,
        "country": "MX",
        "population": 185882
    },
    "4004887": {
        "ids": {
            "geonames": 4004887
        },
        "long": {
            "default": "Heroica Caborca"
        },
        "parent": 3982846,
        "lat": 30.71825,
        "lng": -112.15822,
        "country": "MX",
        "population": 52896
    },
    "4004898": {
        "ids": {
            "geonames": 4004898
        },
        "long": {
            "default": "Hermosillo"
        },
        "parent": 3982846,
        "lat": 29.1026,
        "lng": -110.97732,
        "country": "MX",
        "population": 595811
    },
    "4005143": {
        "ids": {
            "geonames": 4005143
        },
        "long": {
            "default": "Heroica Guaymas"
        },
        "parent": 3982846,
        "lat": 27.91928,
        "lng": -110.89755,
        "country": "MX",
        "population": 103449
    },
    "4005219": {
        "ids": {
            "geonames": 4005219
        },
        "long": {
            "default": "Guasave"
        },
        "parent": 3983035,
        "lat": 25.56745,
        "lng": -108.46756,
        "country": "MX",
        "population": 68449
    },
    "4005270": {
        "ids": {
            "geonames": 4005270
        },
        "long": {
            "default": "Guanajuato"
        },
        "parent": 4005267,
        "lat": 21.01858,
        "lng": -101.2591,
        "country": "MX",
        "population": 78364
    },
    "4005297": {
        "ids": {
            "geonames": 4005297
        },
        "long": {
            "default": "Guamúchil"
        },
        "parent": 3983035,
        "lat": 25.4587,
        "lng": -108.07732,
        "country": "MX",
        "population": 59276
    },
    "4005492": {
        "ids": {
            "geonames": 4005492
        },
        "long": {
            "default": "Guadalupe"
        },
        "parent": 3522542,
        "lat": 25.67678,
        "lng": -100.25646,
        "country": "MX",
        "population": 724921
    },
    "4005509": {
        "ids": {
            "geonames": 4005509
        },
        "long": {
            "default": "Guadalupe"
        },
        "parent": 3979840,
        "lat": 22.74753,
        "lng": -102.51874,
        "country": "MX",
        "population": 94089
    },
    "4005539": {
        "ids": {
            "geonames": 4005539
        },
        "long": {
            "default": "Guadalajara"
        },
        "parent": 4004156,
        "lat": 20.66682,
        "lng": -103.39182,
        "country": "MX",
        "population": 1640589
    },
    "4005775": {
        "ids": {
            "geonames": 4005775
        },
        "long": {
            "default": "Gomez Palacio"
        },
        "parent": 4011741,
        "lat": 25.56985,
        "lng": -103.49588,
        "country": "MX",
        "population": 228577
    },
    "4005867": {
        "ids": {
            "geonames": 4005867
        },
        "long": {
            "default": "General Escobedo"
        },
        "parent": 3522542,
        "lat": 25.79516,
        "lng": -100.31461,
        "country": "MX",
        "population": 308206
    },
    "4005937": {
        "ids": {
            "geonames": 4005937
        },
        "long": {
            "default": "Garza García"
        },
        "parent": 3522542,
        "lat": 25.65384,
        "lng": -100.37758,
        "country": "MX",
        "population": 130646
    },
    "4006163": {
        "ids": {
            "geonames": 4006163
        },
        "long": {
            "default": "Fresnillo"
        },
        "parent": 3979840,
        "lat": 23.18126,
        "lng": -102.87136,
        "country": "MX",
        "population": 105488
    },
    "4006702": {
        "ids": {
            "geonames": 4006702
        },
        "long": {
            "default": "Ensenada"
        },
        "parent": 4017700,
        "lat": 31.86613,
        "lng": -116.59972,
        "country": "MX",
        "population": 256565
    },
    "4008303": {
        "ids": {
            "geonames": 4008303
        },
        "long": {
            "default": "El Pueblito"
        },
        "parent": 3520914,
        "lat": 20.53972,
        "lng": -100.44139,
        "country": "MX",
        "population": 71254
    },
    "4011743": {
        "ids": {
            "geonames": 4011743
        },
        "long": {
            "default": "Victoria de Durango"
        },
        "parent": 4011741,
        "lat": 24.02032,
        "lng": -104.65756,
        "country": "MX",
        "population": 457140
    },
    "4012176": {
        "ids": {
            "geonames": 4012176
        },
        "long": {
            "default": "Culiacán"
        },
        "parent": 3983035,
        "lat": 24.79032,
        "lng": -107.38782,
        "country": "MX",
        "population": 675000
    },
    "4012406": {
        "ids": {
            "geonames": 4012406
        },
        "long": {
            "default": "Cuauhtémoc"
        },
        "parent": 4014336,
        "lat": 28.40884,
        "lng": -106.86319,
        "country": "MX",
        "population": 90835
    },
    "4012721": {
        "ids": {
            "geonames": 4012721
        },
        "long": {
            "default": "Cortazar"
        },
        "parent": 4005267,
        "lat": 20.48008,
        "lng": -100.96067,
        "country": "MX",
        "population": 56360
    },
    "4013516": {
        "ids": {
            "geonames": 4013516
        },
        "long": {
            "default": "Colima"
        },
        "parent": 4013513,
        "lat": 19.24997,
        "lng": -103.72714,
        "country": "MX",
        "population": 127235
    },
    "4013704": {
        "ids": {
            "geonames": 4013704
        },
        "long": {
            "default": "Ciudad Obregón"
        },
        "parent": 3982846,
        "lat": 27.48642,
        "lng": -109.94083,
        "country": "MX",
        "population": 258162
    },
    "4013706": {
        "ids": {
            "geonames": 4013706
        },
        "long": {
            "default": "Ciudad Lerdo"
        },
        "parent": 4013674,
        "lat": 25.53718,
        "lng": -103.52456,
        "country": "MX",
        "population": 63530
    },
    "4013708": {
        "ids": {
            "geonames": 4013708
        },
        "long": {
            "default": "Ciudad Juárez"
        },
        "parent": 4014336,
        "lat": 31.73333,
        "lng": -106.48333,
        "country": "MX",
        "population": 1512354
    },
    "4013712": {
        "ids": {
            "geonames": 4013712
        },
        "long": {
            "default": "Ciudad Hidalgo"
        },
        "parent": 3995955,
        "lat": 19.69229,
        "lng": -100.55739,
        "country": "MX",
        "population": 54993
    },
    "4013714": {
        "ids": {
            "geonames": 4013714
        },
        "long": {
            "default": "Ciudad Guzmán"
        },
        "parent": 4004156,
        "lat": 19.70466,
        "lng": -103.4617,
        "country": "MX",
        "population": 101010
    },
    "4013720": {
        "ids": {
            "geonames": 4013720
        },
        "long": {
            "default": "Ciudad Delicias"
        },
        "parent": 4014336,
        "lat": 28.19013,
        "lng": -105.47012,
        "country": "MX",
        "population": 102969
    },
    "4013728": {
        "ids": {
            "geonames": 4013728
        },
        "long": {
            "default": "Ciudad Acuña"
        },
        "parent": 4013674,
        "lat": 29.32322,
        "lng": -100.95217,
        "country": "MX",
        "population": 144669
    },
    "4014338": {
        "ids": {
            "geonames": 4014338
        },
        "long": {
            "default": "Chihuahua"
        },
        "parent": 4014336,
        "lat": 28.63528,
        "lng": -106.08889,
        "country": "MX",
        "population": 809232
    },
    "4014875": {
        "ids": {
            "geonames": 4014875
        },
        "long": {
            "default": "Celaya"
        },
        "parent": 4005267,
        "lat": 20.52353,
        "lng": -100.8157,
        "country": "MX",
        "population": 305901
    },
    "4018390": {
        "ids": {
            "geonames": 4018390
        },
        "long": {
            "default": "Apodaca"
        },
        "parent": 3522542,
        "lat": 25.75976,
        "lng": -100.16287,
        "country": "MX",
        "population": 352064
    },
    "4018400": {
        "ids": {
            "geonames": 4018400
        },
        "long": {
            "default": "Apatzingán"
        },
        "parent": 3995955,
        "lat": 19.08864,
        "lng": -102.35704,
        "country": "MX",
        "population": 98422
    },
    "4019233": {
        "ids": {
            "geonames": 4019233
        },
        "long": {
            "default": "Aguascalientes"
        },
        "parent": 4019231,
        "lat": 21.88234,
        "lng": -102.28259,
        "country": "MX",
        "population": 658179
    },
    "4019260": {
        "ids": {
            "geonames": 4019260
        },
        "long": {
            "default": "Agua Prieta"
        },
        "parent": 3982846,
        "lat": 31.33071,
        "lng": -109.54876,
        "country": "MX",
        "population": 68446
    },
    "4019827": {
        "ids": {
            "geonames": 4019827
        },
        "long": {
            "default": "Acámbaro"
        },
        "parent": 4005267,
        "lat": 20.03024,
        "lng": -100.72249,
        "country": "MX",
        "population": 56263
    },
    "4023117": {
        "ids": {
            "geonames": 4023117
        },
        "long": {
            "default": "Dolores Hidalgo Cuna de la Independencia Nacional"
        },
        "parent": 4005267,
        "lat": 21.15611,
        "lng": -100.9325,
        "country": "MX",
        "population": 59240
    },
    "4026082": {
        "ids": {
            "geonames": 4026082
        },
        "long": {
            "default": "Ciudad Lázaro Cárdenas"
        },
        "parent": 3995955,
        "lat": 17.97066,
        "lng": -102.22124,
        "country": "MX",
        "population": 84001
    },
    "7280708": {
        "ids": {
            "geonames": 7280708
        },
        "long": {
            "default": "Colonia del Valle"
        },
        "parent": 3527646,
        "lat": 19.38611,
        "lng": -99.16204,
        "country": "MX",
        "population": 250000
    },
    "7280711": {
        "ids": {
            "geonames": 7280711
        },
        "long": {
            "default": "Colonia Lindavista"
        },
        "parent": 3523272,
        "lat": 19.49156,
        "lng": -99.12475,
        "country": "MX",
        "population": 100000
    },
    "7280718": {
        "ids": {
            "geonames": 7280718
        },
        "long": {
            "default": "Colonia Nativitas"
        },
        "parent": 3527646,
        "lat": 19.38119,
        "lng": -99.13685,
        "country": "MX",
        "population": 60000
    },
    "8617692": {
        "ids": {
            "geonames": 8617692
        },
        "long": {
            "default": "San Pedro Garza Garcia"
        },
        "parent": 3522542,
        "lat": 25.65716,
        "lng": -100.40268,
        "country": "MX",
        "population": 122009
    },
    "8858078": {
        "ids": {
            "geonames": 8858078
        },
        "long": {
            "default": "Soledad de Graciano Sánchez"
        },
        "parent": 3985605,
        "lat": 22.18306,
        "lng": -100.94083,
        "country": "MX",
        "population": 255015
    },
    "8858079": {
        "ids": {
            "geonames": 8858079
        },
        "long": {
            "default": "Manzanillo"
        },
        "parent": 4013513,
        "lat": 19.05222,
        "lng": -104.31583,
        "country": "MX",
        "population": 130035
    },
    "8858082": {
        "ids": {
            "geonames": 8858082
        },
        "long": {
            "default": "Naucalpan de Juárez"
        },
        "parent": 3523272,
        "lat": 19.39694,
        "lng": -99.27667,
        "country": "MX",
        "population": 121470
    },
    "8858085": {
        "ids": {
            "geonames": 8858085
        },
        "long": {
            "default": "Hacienda Santa Fe"
        },
        "parent": 4004156,
        "lat": 20.51806,
        "lng": -103.38056,
        "country": "MX",
        "population": 86935
    },
    "8858086": {
        "ids": {
            "geonames": 8858086
        },
        "long": {
            "default": "Fuentes del Valle"
        },
        "parent": 3523272,
        "lat": 19.6325,
        "lng": -99.13861,
        "country": "MX",
        "population": 74087
    },
    "8858087": {
        "ids": {
            "geonames": 8858087
        },
        "long": {
            "default": "San Salvador Tizatlalli"
        },
        "parent": 3523272,
        "lat": 19.26028,
        "lng": -99.59083,
        "country": "MX",
        "population": 61367
    },
    "8858088": {
        "ids": {
            "geonames": 8858088
        },
        "long": {
            "default": "Jardines de la Silla (Jardines)"
        },
        "parent": 3522542,
        "lat": 25.62944,
        "lng": -100.18778,
        "country": "MX",
        "population": 53742
    }
}