{
    "1732687": {
        "ids": {
            "geonames": 1732687
        },
        "long": {
            "default": "Batu Pahat"
        },
        "parent": 1733049,
        "lat": 1.8548,
        "lng": 102.9325,
        "country": "MY",
        "population": 156236
    },
    "1732711": {
        "ids": {
            "geonames": 1732711
        },
        "long": {
            "default": "Pontian Kechil"
        },
        "parent": 1733049,
        "lat": 1.4866,
        "lng": 103.3896,
        "country": "MY",
        "population": 50836
    },
    "1732721": {
        "ids": {
            "geonames": 1732721
        },
        "long": {
            "default": "Kampung Pasir Gudang Baru"
        },
        "parent": 1733049,
        "lat": 1.4726,
        "lng": 103.878,
        "country": "MY",
        "population": 145639
    },
    "1732738": {
        "ids": {
            "geonames": 1732738
        },
        "long": {
            "default": "Kota Tinggi"
        },
        "parent": 1733049,
        "lat": 1.7381,
        "lng": 103.8999,
        "country": "MY",
        "population": 52743
    },
    "1732741": {
        "ids": {
            "geonames": 1732741
        },
        "long": {
            "default": "Taman Senai"
        },
        "parent": 1733049,
        "lat": 1.6006,
        "lng": 103.6419,
        "country": "MY",
        "population": 73176
    },
    "1732742": {
        "ids": {
            "geonames": 1732742
        },
        "long": {
            "default": "Kulai"
        },
        "parent": 1733049,
        "lat": 1.6561,
        "lng": 103.6032,
        "country": "MY",
        "population": 63762
    },
    "1732745": {
        "ids": {
            "geonames": 1732745
        },
        "long": {
            "default": "Skudai"
        },
        "parent": 1733049,
        "lat": 1.53741,
        "lng": 103.65779,
        "country": "MY",
        "population": 159733
    },
    "1732752": {
        "ids": {
            "geonames": 1732752
        },
        "long": {
            "default": "Johor Bahru"
        },
        "parent": 1733049,
        "lat": 1.4655,
        "lng": 103.7578,
        "country": "MY",
        "population": 802489
    },
    "1732811": {
        "ids": {
            "geonames": 1732811
        },
        "long": {
            "default": "Kluang"
        },
        "parent": 1733049,
        "lat": 2.03046,
        "lng": 103.31689,
        "country": "MY",
        "population": 169828
    },
    "1732846": {
        "ids": {
            "geonames": 1732846
        },
        "long": {
            "default": "Segamat"
        },
        "parent": 1733049,
        "lat": 2.5148,
        "lng": 102.8158,
        "country": "MY",
        "population": 69816
    },
    "1732869": {
        "ids": {
            "geonames": 1732869
        },
        "long": {
            "default": "Muar"
        },
        "parent": 1733049,
        "lat": 2.0442,
        "lng": 102.5689,
        "country": "MY",
        "population": 127897
    },
    "1732891": {
        "ids": {
            "geonames": 1732891
        },
        "long": {
            "default": "Kuala Selangor"
        },
        "parent": 1733037,
        "lat": 3.35,
        "lng": 101.25,
        "country": "MY",
        "population": 55887
    },
    "1732903": {
        "ids": {
            "geonames": 1732903
        },
        "long": {
            "default": "Shah Alam"
        },
        "parent": 1733037,
        "lat": 3.08507,
        "lng": 101.53281,
        "country": "MY",
        "population": 481654
    },
    "1732905": {
        "ids": {
            "geonames": 1732905
        },
        "long": {
            "default": "Klang"
        },
        "parent": 1733037,
        "lat": 3.03333,
        "lng": 101.45,
        "country": "MY",
        "population": 879867
    },
    "1732945": {
        "ids": {
            "geonames": 1732945
        },
        "long": {
            "default": "Cukai"
        },
        "parent": 1733036,
        "lat": 4.25,
        "lng": 103.41667,
        "country": "MY",
        "population": 82425
    },
    "1733432": {
        "ids": {
            "geonames": 1733432
        },
        "long": {
            "default": "Kota Kinabalu"
        },
        "parent": 1733039,
        "lat": 5.9749,
        "lng": 116.0724,
        "country": "MY",
        "population": 457326
    },
    "1733438": {
        "ids": {
            "geonames": 1733438
        },
        "long": {
            "default": "Donggongon"
        },
        "parent": 1733039,
        "lat": 5.90702,
        "lng": 116.10146,
        "country": "MY",
        "population": 71585
    },
    "1733440": {
        "ids": {
            "geonames": 1733440
        },
        "long": {
            "default": "Putatan"
        },
        "parent": 1733039,
        "lat": 5.9258,
        "lng": 116.06094,
        "country": "MY",
        "population": 78340
    },
    "1733697": {
        "ids": {
            "geonames": 1733697
        },
        "long": {
            "default": "Semporna"
        },
        "parent": 1733039,
        "lat": 4.48178,
        "lng": 118.61119,
        "country": "MY",
        "population": 62641
    },
    "1733782": {
        "ids": {
            "geonames": 1733782
        },
        "long": {
            "default": "Victoria"
        },
        "parent": 1734240,
        "lat": 5.27667,
        "lng": 115.24167,
        "country": "MY",
        "population": 73653
    },
    "1733953": {
        "ids": {
            "geonames": 1733953
        },
        "long": {
            "default": "Lahad Datu"
        },
        "parent": 1733039,
        "lat": 5.0268,
        "lng": 118.327,
        "country": "MY",
        "population": 105622
    },
    "1734052": {
        "ids": {
            "geonames": 1734052
        },
        "long": {
            "default": "Sandakan"
        },
        "parent": 1733039,
        "lat": 5.8402,
        "lng": 118.1179,
        "country": "MY",
        "population": 392288
    },
    "1734098": {
        "ids": {
            "geonames": 1734098
        },
        "long": {
            "default": "Keningau"
        },
        "parent": 1733039,
        "lat": 5.3378,
        "lng": 116.1602,
        "country": "MY",
        "population": 77650
    },
    "1734199": {
        "ids": {
            "geonames": 1734199
        },
        "long": {
            "default": "Tawau"
        },
        "parent": 1733039,
        "lat": 4.24482,
        "lng": 117.89115,
        "country": "MY",
        "population": 306462
    },
    "1734393": {
        "ids": {
            "geonames": 1734393
        },
        "long": {
            "default": "Kulim"
        },
        "parent": 1733048,
        "lat": 5.36499,
        "lng": 100.56177,
        "country": "MY",
        "population": 170889
    },
    "1734576": {
        "ids": {
            "geonames": 1734576
        },
        "long": {
            "default": "Simpang Empat"
        },
        "parent": 1733041,
        "lat": 4.95,
        "lng": 100.63333,
        "country": "MY",
        "population": 58004
    },
    "1734586": {
        "ids": {
            "geonames": 1734586
        },
        "long": {
            "default": "Taiping"
        },
        "parent": 1733041,
        "lat": 4.85,
        "lng": 100.73333,
        "country": "MY",
        "population": 217647
    },
    "1734634": {
        "ids": {
            "geonames": 1734634
        },
        "long": {
            "default": "Ipoh"
        },
        "parent": 1733041,
        "lat": 4.5841,
        "lng": 101.0829,
        "country": "MY",
        "population": 673318
    },
    "1734705": {
        "ids": {
            "geonames": 1734705
        },
        "long": {
            "default": "Kuala Terengganu"
        },
        "parent": 1733036,
        "lat": 5.3302,
        "lng": 103.1408,
        "country": "MY",
        "population": 285065
    },
    "1734759": {
        "ids": {
            "geonames": 1734759
        },
        "long": {
            "default": "Malacca"
        },
        "parent": 1733035,
        "lat": 2.196,
        "lng": 102.2405,
        "country": "MY",
        "population": 180671
    },
    "1734798": {
        "ids": {
            "geonames": 1734798
        },
        "long": {
            "default": "Semenyih"
        },
        "parent": 1733037,
        "lat": 2.9516,
        "lng": 101.843,
        "country": "MY",
        "population": 92491
    },
    "1734810": {
        "ids": {
            "geonames": 1734810
        },
        "long": {
            "default": "Seremban"
        },
        "parent": 1733043,
        "lat": 2.7297,
        "lng": 101.9381,
        "country": "MY",
        "population": 372917
    },
    "1734815": {
        "ids": {
            "geonames": 1734815
        },
        "long": {
            "default": "Port Dickson"
        },
        "parent": 1733043,
        "lat": 2.53718,
        "lng": 101.80571,
        "country": "MY",
        "population": 89198
    },
    "1734821": {
        "ids": {
            "geonames": 1734821
        },
        "long": {
            "default": "Sepang"
        },
        "parent": 1733037,
        "lat": 2.6931,
        "lng": 101.7498,
        "country": "MY",
        "population": 212050
    },
    "1735022": {
        "ids": {
            "geonames": 1735022
        },
        "long": {
            "default": "Temerluh"
        },
        "parent": 1733042,
        "lat": 3.4506,
        "lng": 102.4176,
        "country": "MY",
        "population": 59916
    },
    "1735076": {
        "ids": {
            "geonames": 1735076
        },
        "long": {
            "default": "Butterworth"
        },
        "parent": 1733047,
        "lat": 5.3991,
        "lng": 100.36382,
        "country": "MY",
        "population": 107591
    },
    "1735077": {
        "ids": {
            "geonames": 1735077
        },
        "long": {
            "default": "Perai"
        },
        "parent": 1733047,
        "lat": 5.38333,
        "lng": 100.38333,
        "country": "MY",
        "population": 65301
    },
    "1735079": {
        "ids": {
            "geonames": 1735079
        },
        "long": {
            "default": "Bukit Mertajam"
        },
        "parent": 1733047,
        "lat": 5.36301,
        "lng": 100.4667,
        "country": "MY",
        "population": 212329
    },
    "1735093": {
        "ids": {
            "geonames": 1735093
        },
        "long": {
            "default": "Tasek Glugor"
        },
        "parent": 1733047,
        "lat": 5.48032,
        "lng": 100.49849,
        "country": "MY",
        "population": 135786
    },
    "1735106": {
        "ids": {
            "geonames": 1735106
        },
        "long": {
            "default": "George Town"
        },
        "parent": 1733047,
        "lat": 5.41123,
        "lng": 100.33543,
        "country": "MY",
        "population": 300000
    },
    "1735150": {
        "ids": {
            "geonames": 1735150
        },
        "long": {
            "default": "Rawang"
        },
        "parent": 1733037,
        "lat": 3.3213,
        "lng": 101.5767,
        "country": "MY",
        "population": 120447
    },
    "1735158": {
        "ids": {
            "geonames": 1735158
        },
        "long": {
            "default": "Petaling Jaya"
        },
        "parent": 1733037,
        "lat": 3.10726,
        "lng": 101.60671,
        "country": "MY",
        "population": 520698
    },
    "1735161": {
        "ids": {
            "geonames": 1735161
        },
        "long": {
            "default": "Kuala Lumpur"
        },
        "parent": 1733046,
        "lat": 3.1412,
        "lng": 101.68653,
        "country": "MY",
        "population": 1453975
    },
    "1735227": {
        "ids": {
            "geonames": 1735227
        },
        "long": {
            "default": "Kuantan"
        },
        "parent": 1733042,
        "lat": 3.8077,
        "lng": 103.326,
        "country": "MY",
        "population": 366229
    },
    "1735459": {
        "ids": {
            "geonames": 1735459
        },
        "long": {
            "default": "Teluk Intan"
        },
        "parent": 1733041,
        "lat": 4.0259,
        "lng": 101.0213,
        "country": "MY",
        "population": 63353
    },
    "1735498": {
        "ids": {
            "geonames": 1735498
        },
        "long": {
            "default": "Sungai Petani"
        },
        "parent": 1733048,
        "lat": 5.647,
        "lng": 100.48772,
        "country": "MY",
        "population": 228843
    },
    "1735634": {
        "ids": {
            "geonames": 1735634
        },
        "long": {
            "default": "Kuching"
        },
        "parent": 1733038,
        "lat": 1.55,
        "lng": 110.33333,
        "country": "MY",
        "population": 570407
    },
    "1735902": {
        "ids": {
            "geonames": 1735902
        },
        "long": {
            "default": "Sibu"
        },
        "parent": 1733038,
        "lat": 2.3,
        "lng": 111.81667,
        "country": "MY",
        "population": 198239
    },
    "1736278": {
        "ids": {
            "geonames": 1736278
        },
        "long": {
            "default": "Kangar"
        },
        "parent": 1733040,
        "lat": 6.4414,
        "lng": 100.19862,
        "country": "MY",
        "population": 63869
    },
    "1736302": {
        "ids": {
            "geonames": 1736302
        },
        "long": {
            "default": "Jitra"
        },
        "parent": 1733048,
        "lat": 6.26812,
        "lng": 100.42167,
        "country": "MY",
        "population": 63489
    },
    "1736309": {
        "ids": {
            "geonames": 1736309
        },
        "long": {
            "default": "Alor Setar"
        },
        "parent": 1733048,
        "lat": 6.12104,
        "lng": 100.36014,
        "country": "MY",
        "population": 217368
    },
    "1736376": {
        "ids": {
            "geonames": 1736376
        },
        "long": {
            "default": "Kota Bharu"
        },
        "parent": 1733044,
        "lat": 6.13328,
        "lng": 102.2386,
        "country": "MY",
        "population": 1459994
    },
    "1737486": {
        "ids": {
            "geonames": 1737486
        },
        "long": {
            "default": "Bintulu"
        },
        "parent": 1733038,
        "lat": 3.16667,
        "lng": 113.03333,
        "country": "MY",
        "population": 151617
    },
    "1738050": {
        "ids": {
            "geonames": 1738050
        },
        "long": {
            "default": "Miri"
        },
        "parent": 1733038,
        "lat": 4.4148,
        "lng": 114.0089,
        "country": "MY",
        "population": 228212
    },
    "1738294": {
        "ids": {
            "geonames": 1738294
        },
        "long": {
            "default": "Ulu Tiram"
        },
        "parent": 1733049,
        "lat": 1.6,
        "lng": 103.81667,
        "country": "MY",
        "population": 75350
    },
    "1764160": {
        "ids": {
            "geonames": 1764160
        },
        "long": {
            "default": "Kampung Sungai Ara"
        },
        "parent": 1733047,
        "lat": 5.32699,
        "lng": 100.27348,
        "country": "MY",
        "population": 140849
    },
    "1769612": {
        "ids": {
            "geonames": 1769612
        },
        "long": {
            "default": "Kampong Dungun"
        },
        "parent": 1733041,
        "lat": 3.21667,
        "lng": 101.31667,
        "country": "MY",
        "population": 58674
    },
    "1770351": {
        "ids": {
            "geonames": 1770351
        },
        "long": {
            "default": "Kampung Bukit Baharu"
        },
        "parent": 1733035,
        "lat": 2.2152,
        "lng": 102.2851,
        "country": "MY",
        "population": 55656
    },
    "1771023": {
        "ids": {
            "geonames": 1771023
        },
        "long": {
            "default": "Kampung Baru Subang"
        },
        "parent": 1733037,
        "lat": 3.15,
        "lng": 101.53333,
        "country": "MY",
        "population": 833571
    },
    "1771304": {
        "ids": {
            "geonames": 1771304
        },
        "long": {
            "default": "Kampong Baharu Balakong"
        },
        "parent": 1733037,
        "lat": 3.03333,
        "lng": 101.75,
        "country": "MY",
        "population": 69302
    },
    "7302815": {
        "ids": {
            "geonames": 7302815
        },
        "long": {
            "default": "Bandar Labuan"
        },
        "parent": 1733039,
        "lat": 5.28883,
        "lng": 115.26924,
        "country": "MY",
        "population": 54752
    },
    "8504423": {
        "ids": {
            "geonames": 8504423
        },
        "long": {
            "default": "Subang Jaya"
        },
        "parent": 1733037,
        "lat": 3.04384,
        "lng": 101.58062,
        "country": "MY",
        "population": 708296
    },
    "10792382": {
        "ids": {
            "geonames": 10792382
        },
        "long": {
            "default": "Putra Heights"
        },
        "parent": 1733037,
        "lat": 2.99361,
        "lng": 101.57255,
        "country": "MY",
        "population": 60000
    }
}