{
    "1024552": {
        "ids": {
            "geonames": 1024552
        },
        "long": {
            "default": "Xai-Xai"
        },
        "parent": 1046058,
        "lat": -25.05194,
        "lng": 33.64417,
        "country": "MZ",
        "population": 127366
    },
    "1024696": {
        "ids": {
            "geonames": 1024696
        },
        "long": {
            "default": "Dondo"
        },
        "parent": 1026804,
        "lat": -19.60944,
        "lng": 34.74306,
        "country": "MZ",
        "population": 78648
    },
    "1026014": {
        "ids": {
            "geonames": 1026014
        },
        "long": {
            "default": "Tete"
        },
        "parent": 1026010,
        "lat": -16.15639,
        "lng": 33.58667,
        "country": "MZ",
        "population": 129316
    },
    "1028079": {
        "ids": {
            "geonames": 1028079
        },
        "long": {
            "default": "Ressano Garcia"
        },
        "parent": 1040649,
        "lat": -25.44278,
        "lng": 31.99528,
        "country": "MZ",
        "population": 110000
    },
    "1028434": {
        "ids": {
            "geonames": 1028434
        },
        "long": {
            "default": "Quelimane"
        },
        "parent": 1024312,
        "lat": -17.87861,
        "lng": 36.88833,
        "country": "MZ",
        "population": 188964
    },
    "1028918": {
        "ids": {
            "geonames": 1028918
        },
        "long": {
            "default": "Pemba"
        },
        "parent": 1051823,
        "lat": -12.97395,
        "lng": 40.51775,
        "country": "MZ",
        "population": 108737
    },
    "1033356": {
        "ids": {
            "geonames": 1033356
        },
        "long": {
            "default": "Nampula"
        },
        "parent": 1033354,
        "lat": -15.11646,
        "lng": 39.2666,
        "country": "MZ",
        "population": 388526
    },
    "1035025": {
        "ids": {
            "geonames": 1035025
        },
        "long": {
            "default": "Nacala"
        },
        "parent": 1033354,
        "lat": -14.56257,
        "lng": 40.68538,
        "country": "MZ",
        "population": 224795
    },
    "1037125": {
        "ids": {
            "geonames": 1037125
        },
        "long": {
            "default": "Montepuez"
        },
        "parent": 1051823,
        "lat": -13.12556,
        "lng": 38.99972,
        "country": "MZ",
        "population": 72279
    },
    "1037390": {
        "ids": {
            "geonames": 1037390
        },
        "long": {
            "default": "Ilha de Moçambique"
        },
        "parent": 1033354,
        "lat": -15.03417,
        "lng": 40.73583,
        "country": "MZ",
        "population": 54315
    },
    "1039536": {
        "ids": {
            "geonames": 1039536
        },
        "long": {
            "default": "Maxixe"
        },
        "parent": 1045110,
        "lat": -23.85972,
        "lng": 35.34722,
        "country": "MZ",
        "population": 119868
    },
    "1039854": {
        "ids": {
            "geonames": 1039854
        },
        "long": {
            "default": "Matola"
        },
        "parent": 1040649,
        "lat": -25.96222,
        "lng": 32.45889,
        "country": "MZ",
        "population": 675422
    },
    "1040652": {
        "ids": {
            "geonames": 1040652
        },
        "long": {
            "default": "Maputo"
        },
        "parent": 1105845,
        "lat": -25.96553,
        "lng": 32.58322,
        "country": "MZ",
        "population": 1191613
    },
    "1043893": {
        "ids": {
            "geonames": 1043893
        },
        "long": {
            "default": "Lichinga"
        },
        "parent": 1030006,
        "lat": -13.31278,
        "lng": 35.24056,
        "country": "MZ",
        "population": 109839
    },
    "1045114": {
        "ids": {
            "geonames": 1045114
        },
        "long": {
            "default": "Inhambane"
        },
        "parent": 1045110,
        "lat": -23.865,
        "lng": 35.38333,
        "country": "MZ",
        "population": 73884
    },
    "1047660": {
        "ids": {
            "geonames": 1047660
        },
        "long": {
            "default": "Cuamba"
        },
        "parent": 1030006,
        "lat": -14.80306,
        "lng": 36.53722,
        "country": "MZ",
        "population": 73268
    },
    "1048364": {
        "ids": {
            "geonames": 1048364
        },
        "long": {
            "default": "Chokwé"
        },
        "parent": 1046058,
        "lat": -24.53333,
        "lng": 32.98333,
        "country": "MZ",
        "population": 63695
    },
    "1049261": {
        "ids": {
            "geonames": 1049261
        },
        "long": {
            "default": "Chimoio"
        },
        "parent": 1040947,
        "lat": -19.11639,
        "lng": 33.48333,
        "country": "MZ",
        "population": 256936
    },
    "1049861": {
        "ids": {
            "geonames": 1049861
        },
        "long": {
            "default": "Chibuto"
        },
        "parent": 1046058,
        "lat": -24.68667,
        "lng": 33.53056,
        "country": "MZ",
        "population": 59165
    },
    "1052373": {
        "ids": {
            "geonames": 1052373
        },
        "long": {
            "default": "Beira"
        },
        "parent": 1026804,
        "lat": -19.84361,
        "lng": 34.83889,
        "country": "MZ",
        "population": 530604
    },
    "1052944": {
        "ids": {
            "geonames": 1052944
        },
        "long": {
            "default": "António Enes"
        },
        "parent": 1033354,
        "lat": -16.2325,
        "lng": 39.90861,
        "country": "MZ",
        "population": 74624
    }
}