{
    "3352136": {
        "ids": {
            "geonames": 3352136
        },
        "long": {
            "default": "Windhoek"
        },
        "parent": 3352137,
        "lat": -22.55941,
        "lng": 17.08323,
        "country": "NA",
        "population": 268132
    },
    "3353383": {
        "ids": {
            "geonames": 3353383
        },
        "long": {
            "default": "Rundu"
        },
        "parent": 8693188,
        "lat": -17.93333,
        "lng": 19.76667,
        "country": "NA",
        "population": 58172
    },
    "3359638": {
        "ids": {
            "geonames": 3359638
        },
        "long": {
            "default": "Walvis Bay"
        },
        "parent": 3371199,
        "lat": -22.9575,
        "lng": 14.50528,
        "country": "NA",
        "population": 52058
    }
}