{
    "2437798": {
        "ids": {
            "geonames": 2437798
        },
        "long": {
            "default": "Zinder"
        },
        "parent": 2437797,
        "lat": 13.80716,
        "lng": 8.9881,
        "country": "NE",
        "population": 191424
    },
    "2439376": {
        "ids": {
            "geonames": 2439376
        },
        "long": {
            "default": "Tahoua"
        },
        "parent": 2439374,
        "lat": 14.8888,
        "lng": 5.2692,
        "country": "NE",
        "population": 80425
    },
    "2440485": {
        "ids": {
            "geonames": 2440485
        },
        "long": {
            "default": "Niamey"
        },
        "parent": 2595294,
        "lat": 13.51366,
        "lng": 2.1098,
        "country": "NE",
        "population": 774235
    },
    "2441291": {
        "ids": {
            "geonames": 2441291
        },
        "long": {
            "default": "Maradi"
        },
        "parent": 2441289,
        "lat": 13.5,
        "lng": 7.10174,
        "country": "NE",
        "population": 163487
    },
    "2447938": {
        "ids": {
            "geonames": 2447938
        },
        "long": {
            "default": "Alaghsas"
        },
        "parent": 2448083,
        "lat": 17.0187,
        "lng": 8.0168,
        "country": "NE",
        "population": 88561
    },
    "2448085": {
        "ids": {
            "geonames": 2448085
        },
        "long": {
            "default": "Agadez"
        },
        "parent": 2448083,
        "lat": 16.97333,
        "lng": 7.99111,
        "country": "NE",
        "population": 124324
    }
}