{
    "2317765": {
        "ids": {
            "geonames": 2317765
        },
        "long": {
            "default": "Zaria"
        },
        "parent": 2335722,
        "lat": 11.11128,
        "lng": 7.7227,
        "country": "NG",
        "population": 975153
    },
    "2318044": {
        "ids": {
            "geonames": 2318044
        },
        "long": {
            "default": "Yola"
        },
        "parent": 2565342,
        "lat": 9.20839,
        "lng": 12.48146,
        "country": "NG",
        "population": 96006
    },
    "2318921": {
        "ids": {
            "geonames": 2318921
        },
        "long": {
            "default": "Wukari"
        },
        "parent": 2597366,
        "lat": 7.87139,
        "lng": 9.77786,
        "country": "NG",
        "population": 92933
    },
    "2319133": {
        "ids": {
            "geonames": 2319133
        },
        "long": {
            "default": "Warri"
        },
        "parent": 2565341,
        "lat": 5.51737,
        "lng": 5.75006,
        "country": "NG",
        "population": 536023
    },
    "2319480": {
        "ids": {
            "geonames": 2319480
        },
        "long": {
            "default": "Uyo"
        },
        "parent": 2350813,
        "lat": 5.05127,
        "lng": 7.9335,
        "country": "NG",
        "population": 436606
    },
    "2319668": {
        "ids": {
            "geonames": 2319668
        },
        "long": {
            "default": "Uromi"
        },
        "parent": 2565343,
        "lat": 6.7,
        "lng": 6.33333,
        "country": "NG",
        "population": 108608
    },
    "2320576": {
        "ids": {
            "geonames": 2320576
        },
        "long": {
            "default": "Umuahia"
        },
        "parent": 2565340,
        "lat": 5.52491,
        "lng": 7.49461,
        "country": "NG",
        "population": 264662
    },
    "2320829": {
        "ids": {
            "geonames": 2320829
        },
        "long": {
            "default": "Ughelli"
        },
        "parent": 2565341,
        "lat": 5.48956,
        "lng": 6.00407,
        "country": "NG",
        "population": 79986
    },
    "2320831": {
        "ids": {
            "geonames": 2320831
        },
        "long": {
            "default": "Ugep"
        },
        "parent": 2345891,
        "lat": 5.80865,
        "lng": 8.08098,
        "country": "NG",
        "population": 200276
    },
    "2320920": {
        "ids": {
            "geonames": 2320920
        },
        "long": {
            "default": "Uga"
        },
        "parent": 2349961,
        "lat": 5.93576,
        "lng": 7.0793,
        "country": "NG",
        "population": 64179
    },
    "2322794": {
        "ids": {
            "geonames": 2322794
        },
        "long": {
            "default": "Suleja"
        },
        "parent": 2328925,
        "lat": 9.18059,
        "lng": 7.17939,
        "country": "NG",
        "population": 162135
    },
    "2322911": {
        "ids": {
            "geonames": 2322911
        },
        "long": {
            "default": "Sokoto"
        },
        "parent": 2322907,
        "lat": 13.06269,
        "lng": 5.24322,
        "country": "NG",
        "population": 563861
    },
    "2323390": {
        "ids": {
            "geonames": 2323390
        },
        "long": {
            "default": "Saki"
        },
        "parent": 2325190,
        "lat": 8.66762,
        "lng": 3.39393,
        "country": "NG",
        "population": 178677
    },
    "2323411": {
        "ids": {
            "geonames": 2323411
        },
        "long": {
            "default": "Shagamu"
        },
        "parent": 2327546,
        "lat": 6.8485,
        "lng": 3.64633,
        "country": "NG",
        "population": 214558
    },
    "2323675": {
        "ids": {
            "geonames": 2323675
        },
        "long": {
            "default": "Sapele"
        },
        "parent": 2565341,
        "lat": 5.89405,
        "lng": 5.67666,
        "country": "NG",
        "population": 161686
    },
    "2324767": {
        "ids": {
            "geonames": 2324767
        },
        "long": {
            "default": "Potiskum"
        },
        "parent": 2597367,
        "lat": 11.71391,
        "lng": 11.08108,
        "country": "NG",
        "population": 86002
    },
    "2324774": {
        "ids": {
            "geonames": 2324774
        },
        "long": {
            "default": "Port Harcourt"
        },
        "parent": 2324433,
        "lat": 4.77742,
        "lng": 7.0134,
        "country": "NG",
        "population": 1148665
    },
    "2324857": {
        "ids": {
            "geonames": 2324857
        },
        "long": {
            "default": "Pindiga"
        },
        "parent": 2595347,
        "lat": 9.98333,
        "lng": 10.93333,
        "country": "NG",
        "population": 106322
    },
    "2325161": {
        "ids": {
            "geonames": 2325161
        },
        "long": {
            "default": "Ozubulu"
        },
        "parent": 2349961,
        "lat": 5.95753,
        "lng": 6.85305,
        "country": "NG",
        "population": 73812
    },
    "2325200": {
        "ids": {
            "geonames": 2325200
        },
        "long": {
            "default": "Oyo"
        },
        "parent": 2325190,
        "lat": 7.85257,
        "lng": 3.93125,
        "country": "NG",
        "population": 736072
    },
    "2325249": {
        "ids": {
            "geonames": 2325249
        },
        "long": {
            "default": "Oyan"
        },
        "parent": 2597365,
        "lat": 8.05,
        "lng": 4.76667,
        "country": "NG",
        "population": 73622
    },
    "2325314": {
        "ids": {
            "geonames": 2325314
        },
        "long": {
            "default": "Owo"
        },
        "parent": 2326168,
        "lat": 7.1962,
        "lng": 5.58681,
        "country": "NG",
        "population": 276574
    },
    "2325330": {
        "ids": {
            "geonames": 2325330
        },
        "long": {
            "default": "Owerri"
        },
        "parent": 2337542,
        "lat": 5.48363,
        "lng": 7.03325,
        "country": "NG",
        "population": 215038
    },
    "2325590": {
        "ids": {
            "geonames": 2325590
        },
        "long": {
            "default": "Osogbo"
        },
        "parent": 2597365,
        "lat": 7.77104,
        "lng": 4.55698,
        "country": "NG",
        "population": 156694
    },
    "2325733": {
        "ids": {
            "geonames": 2325733
        },
        "long": {
            "default": "Orita Eruwa"
        },
        "parent": 2325190,
        "lat": 7.55,
        "lng": 3.43333,
        "country": "NG",
        "population": 71027
    },
    "2326016": {
        "ids": {
            "geonames": 2326016
        },
        "long": {
            "default": "Onitsha"
        },
        "parent": 2349961,
        "lat": 6.14978,
        "lng": 6.78569,
        "country": "NG",
        "population": 561066
    },
    "2326171": {
        "ids": {
            "geonames": 2326171
        },
        "long": {
            "default": "Ondo"
        },
        "parent": 2326168,
        "lat": 7.09316,
        "lng": 4.83528,
        "country": "NG",
        "population": 257005
    },
    "2326302": {
        "ids": {
            "geonames": 2326302
        },
        "long": {
            "default": "Olupona"
        },
        "parent": 2597365,
        "lat": 7.6,
        "lng": 4.18333,
        "country": "NG",
        "population": 95002
    },
    "2326899": {
        "ids": {
            "geonames": 2326899
        },
        "long": {
            "default": "Okrika"
        },
        "parent": 2324433,
        "lat": 4.74215,
        "lng": 7.08368,
        "country": "NG",
        "population": 133271
    },
    "2327143": {
        "ids": {
            "geonames": 2327143
        },
        "long": {
            "default": "Okigwe"
        },
        "parent": 2337542,
        "lat": 5.82917,
        "lng": 7.35056,
        "country": "NG",
        "population": 115499
    },
    "2327220": {
        "ids": {
            "geonames": 2327220
        },
        "long": {
            "default": "Okene"
        },
        "parent": 2597364,
        "lat": 7.55122,
        "lng": 6.23589,
        "country": "NG",
        "population": 479178
    },
    "2327223": {
        "ids": {
            "geonames": 2327223
        },
        "long": {
            "default": "Oke Mesi"
        },
        "parent": 2597365,
        "lat": 7.81667,
        "lng": 4.91667,
        "country": "NG",
        "population": 79563
    },
    "2327494": {
        "ids": {
            "geonames": 2327494
        },
        "long": {
            "default": "Ohafia-Ifigh"
        },
        "parent": 2565340,
        "lat": 5.61455,
        "lng": 7.81191,
        "country": "NG",
        "population": 73355
    },
    "2327827": {
        "ids": {
            "geonames": 2327827
        },
        "long": {
            "default": "Ogaminana"
        },
        "parent": 2597364,
        "lat": 7.59383,
        "lng": 6.21798,
        "country": "NG",
        "population": 84373
    },
    "2327879": {
        "ids": {
            "geonames": 2327879
        },
        "long": {
            "default": "Offa"
        },
        "parent": 2332785,
        "lat": 8.14911,
        "lng": 4.72074,
        "country": "NG",
        "population": 113830
    },
    "2328090": {
        "ids": {
            "geonames": 2328090
        },
        "long": {
            "default": "Ode"
        },
        "parent": 2326168,
        "lat": 7.7899,
        "lng": 5.7117,
        "country": "NG",
        "population": 75463
    },
    "2328185": {
        "ids": {
            "geonames": 2328185
        },
        "long": {
            "default": "Obonoma"
        },
        "parent": 2324433,
        "lat": 4.71131,
        "lng": 6.79084,
        "country": "NG",
        "population": 68584
    },
    "2328617": {
        "ids": {
            "geonames": 2328617
        },
        "long": {
            "default": "Numan"
        },
        "parent": 2565342,
        "lat": 9.46374,
        "lng": 12.03062,
        "country": "NG",
        "population": 77617
    },
    "2328684": {
        "ids": {
            "geonames": 2328684
        },
        "long": {
            "default": "Nsukka"
        },
        "parent": 2565344,
        "lat": 6.85783,
        "lng": 7.39577,
        "country": "NG",
        "population": 111017
    },
    "2328765": {
        "ids": {
            "geonames": 2328765
        },
        "long": {
            "default": "Nnewi"
        },
        "parent": 2349961,
        "lat": 6.01962,
        "lng": 6.91729,
        "country": "NG",
        "population": 193987
    },
    "2328790": {
        "ids": {
            "geonames": 2328790
        },
        "long": {
            "default": "Nkwerre"
        },
        "parent": 2337542,
        "lat": 5.75917,
        "lng": 7.10384,
        "country": "NG",
        "population": 62973
    },
    "2328811": {
        "ids": {
            "geonames": 2328811
        },
        "long": {
            "default": "Nkpor"
        },
        "parent": 2349961,
        "lat": 6.15038,
        "lng": 6.83042,
        "country": "NG",
        "population": 103733
    },
    "2328952": {
        "ids": {
            "geonames": 2328952
        },
        "long": {
            "default": "Nguru"
        },
        "parent": 2597367,
        "lat": 12.87695,
        "lng": 10.45536,
        "country": "NG",
        "population": 111014
    },
    "2329821": {
        "ids": {
            "geonames": 2329821
        },
        "long": {
            "default": "Mubi"
        },
        "parent": 2565342,
        "lat": 10.26858,
        "lng": 13.26701,
        "country": "NG",
        "population": 225705
    },
    "2330028": {
        "ids": {
            "geonames": 2330028
        },
        "long": {
            "default": "Modakeke"
        },
        "parent": 2597365,
        "lat": 7.38333,
        "lng": 4.26667,
        "country": "NG",
        "population": 119529
    },
    "2330100": {
        "ids": {
            "geonames": 2330100
        },
        "long": {
            "default": "Minna"
        },
        "parent": 2328925,
        "lat": 9.61524,
        "lng": 6.54776,
        "country": "NG",
        "population": 291905
    },
    "2331005": {
        "ids": {
            "geonames": 2331005
        },
        "long": {
            "default": "Malumfashi"
        },
        "parent": 2334797,
        "lat": 11.78935,
        "lng": 7.62061,
        "country": "NG",
        "population": 70709
    },
    "2331140": {
        "ids": {
            "geonames": 2331140
        },
        "long": {
            "default": "Makurdi"
        },
        "parent": 2347266,
        "lat": 7.73375,
        "lng": 8.52139,
        "country": "NG",
        "population": 292645
    },
    "2331158": {
        "ids": {
            "geonames": 2331158
        },
        "long": {
            "default": "Makoko"
        },
        "parent": 2332453,
        "lat": 6.49611,
        "lng": 3.38778,
        "country": "NG",
        "population": 85840
    },
    "2331447": {
        "ids": {
            "geonames": 2331447
        },
        "long": {
            "default": "Maiduguri"
        },
        "parent": 2346794,
        "lat": 11.84692,
        "lng": 13.15712,
        "country": "NG",
        "population": 1112449
    },
    "2331939": {
        "ids": {
            "geonames": 2331939
        },
        "long": {
            "default": "Lokoja"
        },
        "parent": 2597364,
        "lat": 7.79688,
        "lng": 6.74048,
        "country": "NG",
        "population": 60579
    },
    "2332079": {
        "ids": {
            "geonames": 2332079
        },
        "long": {
            "default": "Lere"
        },
        "parent": 2335722,
        "lat": 10.38584,
        "lng": 8.57286,
        "country": "NG",
        "population": 93290
    },
    "2332357": {
        "ids": {
            "geonames": 2332357
        },
        "long": {
            "default": "Lalupon"
        },
        "parent": 2325190,
        "lat": 7.46667,
        "lng": 4.06667,
        "country": "NG",
        "population": 81130
    },
    "2332459": {
        "ids": {
            "geonames": 2332459
        },
        "long": {
            "default": "Lagos"
        },
        "parent": 2332453,
        "lat": 6.45407,
        "lng": 3.39467,
        "country": "NG",
        "population": 9000000
    },
    "2332504": {
        "ids": {
            "geonames": 2332504
        },
        "long": {
            "default": "Lafiagi"
        },
        "parent": 2332785,
        "lat": 8.85299,
        "lng": 5.41641,
        "country": "NG",
        "population": 102779
    },
    "2332515": {
        "ids": {
            "geonames": 2332515
        },
        "long": {
            "default": "Lafia"
        },
        "parent": 2595348,
        "lat": 8.4939,
        "lng": 8.51532,
        "country": "NG",
        "population": 127236
    },
    "2333604": {
        "ids": {
            "geonames": 2333604
        },
        "long": {
            "default": "Kuje"
        },
        "parent": 2352776,
        "lat": 8.87952,
        "lng": 7.22756,
        "country": "NG",
        "population": 97367
    },
    "2334008": {
        "ids": {
            "geonames": 2334008
        },
        "long": {
            "default": "Kontagora"
        },
        "parent": 2328925,
        "lat": 10.40319,
        "lng": 5.4708,
        "country": "NG",
        "population": 98754
    },
    "2334327": {
        "ids": {
            "geonames": 2334327
        },
        "long": {
            "default": "Kisi"
        },
        "parent": 2325190,
        "lat": 9.08297,
        "lng": 3.85196,
        "country": "NG",
        "population": 155510
    },
    "2334652": {
        "ids": {
            "geonames": 2334652
        },
        "long": {
            "default": "Keffi"
        },
        "parent": 2595348,
        "lat": 8.84651,
        "lng": 7.87354,
        "country": "NG",
        "population": 85911
    },
    "2334756": {
        "ids": {
            "geonames": 2334756
        },
        "long": {
            "default": "Kaura Namoda"
        },
        "parent": 2595349,
        "lat": 12.59371,
        "lng": 6.58648,
        "country": "NG",
        "population": 69725
    },
    "2334802": {
        "ids": {
            "geonames": 2334802
        },
        "long": {
            "default": "Katsina"
        },
        "parent": 2334797,
        "lat": 12.99082,
        "lng": 7.60177,
        "country": "NG",
        "population": 432149
    },
    "2335204": {
        "ids": {
            "geonames": 2335204
        },
        "long": {
            "default": "Kano"
        },
        "parent": 2335196,
        "lat": 12.00012,
        "lng": 8.51672,
        "country": "NG",
        "population": 3626068
    },
    "2335614": {
        "ids": {
            "geonames": 2335614
        },
        "long": {
            "default": "Kagoro"
        },
        "parent": 2335722,
        "lat": 9.60776,
        "lng": 8.39043,
        "country": "NG",
        "population": 77008
    },
    "2335713": {
        "ids": {
            "geonames": 2335713
        },
        "long": {
            "default": "Kafanchan"
        },
        "parent": 2335722,
        "lat": 9.58126,
        "lng": 8.2926,
        "country": "NG",
        "population": 79522
    },
    "2335727": {
        "ids": {
            "geonames": 2335727
        },
        "long": {
            "default": "Kaduna"
        },
        "parent": 2335722,
        "lat": 10.52641,
        "lng": 7.43879,
        "country": "NG",
        "population": 1582102
    },
    "2335953": {
        "ids": {
            "geonames": 2335953
        },
        "long": {
            "default": "Jos"
        },
        "parent": 2324828,
        "lat": 9.92849,
        "lng": 8.89212,
        "country": "NG",
        "population": 816824
    },
    "2336056": {
        "ids": {
            "geonames": 2336056
        },
        "long": {
            "default": "Jimeta"
        },
        "parent": 2565342,
        "lat": 9.27949,
        "lng": 12.45819,
        "country": "NG",
        "population": 248148
    },
    "2336237": {
        "ids": {
            "geonames": 2336237
        },
        "long": {
            "default": "Jega"
        },
        "parent": 2597363,
        "lat": 12.22219,
        "lng": 4.37963,
        "country": "NG",
        "population": 73495
    },
    "2336589": {
        "ids": {
            "geonames": 2336589
        },
        "long": {
            "default": "Jalingo"
        },
        "parent": 2597366,
        "lat": 8.89367,
        "lng": 11.3596,
        "country": "NG",
        "population": 117757
    },
    "2336905": {
        "ids": {
            "geonames": 2336905
        },
        "long": {
            "default": "Iwo"
        },
        "parent": 2597365,
        "lat": 7.63527,
        "lng": 4.18156,
        "country": "NG",
        "population": 250443
    },
    "2337148": {
        "ids": {
            "geonames": 2337148
        },
        "long": {
            "default": "Isieke"
        },
        "parent": 2595345,
        "lat": 6.38186,
        "lng": 8.03736,
        "country": "NG",
        "population": 89990
    },
    "2337207": {
        "ids": {
            "geonames": 2337207
        },
        "long": {
            "default": "Ise-Ekiti"
        },
        "parent": 2595346,
        "lat": 7.46478,
        "lng": 5.42333,
        "country": "NG",
        "population": 190063
    },
    "2337352": {
        "ids": {
            "geonames": 2337352
        },
        "long": {
            "default": "Ipoti"
        },
        "parent": 2595346,
        "lat": 7.87377,
        "lng": 5.07691,
        "country": "NG",
        "population": 82113
    },
    "2337490": {
        "ids": {
            "geonames": 2337490
        },
        "long": {
            "default": "Inisa"
        },
        "parent": 2597365,
        "lat": 7.85,
        "lng": 4.33333,
        "country": "NG",
        "population": 164161
    },
    "2337639": {
        "ids": {
            "geonames": 2337639
        },
        "long": {
            "default": "Ilorin"
        },
        "parent": 2332785,
        "lat": 8.49664,
        "lng": 4.54214,
        "country": "NG",
        "population": 814192
    },
    "2337659": {
        "ids": {
            "geonames": 2337659
        },
        "long": {
            "default": "Ilobu"
        },
        "parent": 2597365,
        "lat": 7.84036,
        "lng": 4.48557,
        "country": "NG",
        "population": 118089
    },
    "2337704": {
        "ids": {
            "geonames": 2337704
        },
        "long": {
            "default": "Ilesa"
        },
        "parent": 2597365,
        "lat": 7.62789,
        "lng": 4.74161,
        "country": "NG",
        "population": 277904
    },
    "2337765": {
        "ids": {
            "geonames": 2337765
        },
        "long": {
            "default": "Ila Orangun"
        },
        "parent": 2597365,
        "lat": 8.01714,
        "lng": 4.90421,
        "country": "NG",
        "population": 179192
    },
    "2338106": {
        "ids": {
            "geonames": 2338106
        },
        "long": {
            "default": "Ikot Ekpene"
        },
        "parent": 2350813,
        "lat": 5.18194,
        "lng": 7.71481,
        "country": "NG",
        "population": 254806
    },
    "2338242": {
        "ids": {
            "geonames": 2338242
        },
        "long": {
            "default": "Ikom"
        },
        "parent": 2345891,
        "lat": 5.96669,
        "lng": 8.70632,
        "country": "NG",
        "population": 79103
    },
    "2338269": {
        "ids": {
            "geonames": 2338269
        },
        "long": {
            "default": "Ikirun"
        },
        "parent": 2597365,
        "lat": 7.91283,
        "lng": 4.66741,
        "country": "NG",
        "population": 134240
    },
    "2338273": {
        "ids": {
            "geonames": 2338273
        },
        "long": {
            "default": "Ikire"
        },
        "parent": 2597365,
        "lat": 7.37241,
        "lng": 4.18739,
        "country": "NG",
        "population": 222160
    },
    "2338287": {
        "ids": {
            "geonames": 2338287
        },
        "long": {
            "default": "Ikere-Ekiti"
        },
        "parent": 2595346,
        "lat": 7.49748,
        "lng": 5.23041,
        "country": "NG",
        "population": 103054
    },
    "2338313": {
        "ids": {
            "geonames": 2338313
        },
        "long": {
            "default": "Ikeja"
        },
        "parent": 2332453,
        "lat": 6.59651,
        "lng": 3.34205,
        "country": "NG",
        "population": 313196
    },
    "2338385": {
        "ids": {
            "geonames": 2338385
        },
        "long": {
            "default": "Ijero-Ekiti"
        },
        "parent": 2595346,
        "lat": 7.81514,
        "lng": 5.06716,
        "country": "NG",
        "population": 167632
    },
    "2338400": {
        "ids": {
            "geonames": 2338400
        },
        "long": {
            "default": "Ijebu-Ode"
        },
        "parent": 2327546,
        "lat": 6.81944,
        "lng": 3.91731,
        "country": "NG",
        "population": 209175
    },
    "2338401": {
        "ids": {
            "geonames": 2338401
        },
        "long": {
            "default": "Ijebu-Jesa"
        },
        "parent": 2597365,
        "lat": 7.68267,
        "lng": 4.81436,
        "country": "NG",
        "population": 51730
    },
    "2338403": {
        "ids": {
            "geonames": 2338403
        },
        "long": {
            "default": "Ijebu-Igbo"
        },
        "parent": 2327546,
        "lat": 6.97198,
        "lng": 3.99938,
        "country": "NG",
        "population": 109261
    },
    "2338497": {
        "ids": {
            "geonames": 2338497
        },
        "long": {
            "default": "Ihiala"
        },
        "parent": 2349961,
        "lat": 5.85475,
        "lng": 6.85944,
        "country": "NG",
        "population": 83265
    },
    "2338630": {
        "ids": {
            "geonames": 2338630
        },
        "long": {
            "default": "Igede-Ekiti"
        },
        "parent": 2595346,
        "lat": 7.6685,
        "lng": 5.12627,
        "country": "NG",
        "population": 87282
    },
    "2338640": {
        "ids": {
            "geonames": 2338640
        },
        "long": {
            "default": "Igbo-Ukwu"
        },
        "parent": 2349961,
        "lat": 6.01798,
        "lng": 7.02027,
        "country": "NG",
        "population": 75224
    },
    "2338669": {
        "ids": {
            "geonames": 2338669
        },
        "long": {
            "default": "Igbo-Ora"
        },
        "parent": 2325190,
        "lat": 7.43383,
        "lng": 3.28788,
        "country": "NG",
        "population": 92719
    },
    "2338711": {
        "ids": {
            "geonames": 2338711
        },
        "long": {
            "default": "Igboho"
        },
        "parent": 2325190,
        "lat": 8.83784,
        "lng": 3.75628,
        "country": "NG",
        "population": 136764
    },
    "2338810": {
        "ids": {
            "geonames": 2338810
        },
        "long": {
            "default": "Igbara-Odo"
        },
        "parent": 2595346,
        "lat": 7.50251,
        "lng": 5.06258,
        "country": "NG",
        "population": 74121
    },
    "2338876": {
        "ids": {
            "geonames": 2338876
        },
        "long": {
            "default": "Ifo"
        },
        "parent": 2327546,
        "lat": 6.81491,
        "lng": 3.19518,
        "country": "NG",
        "population": 88272
    },
    "2339150": {
        "ids": {
            "geonames": 2339150
        },
        "long": {
            "default": "Idanre"
        },
        "parent": 2326168,
        "lat": 7.1127,
        "lng": 5.1159,
        "country": "NG",
        "population": 86468
    },
    "2339156": {
        "ids": {
            "geonames": 2339156
        },
        "long": {
            "default": "Idah"
        },
        "parent": 2597364,
        "lat": 7.11345,
        "lng": 6.73866,
        "country": "NG",
        "population": 68703
    },
    "2339354": {
        "ids": {
            "geonames": 2339354
        },
        "long": {
            "default": "Ibadan"
        },
        "parent": 2325190,
        "lat": 7.37756,
        "lng": 3.90591,
        "country": "NG",
        "population": 3565108
    },
    "2339631": {
        "ids": {
            "geonames": 2339631
        },
        "long": {
            "default": "Hadejia"
        },
        "parent": 2565345,
        "lat": 12.45347,
        "lng": 10.04115,
        "country": "NG",
        "population": 110753
    },
    "2339937": {
        "ids": {
            "geonames": 2339937
        },
        "long": {
            "default": "Gusau"
        },
        "parent": 2595349,
        "lat": 12.17024,
        "lng": 6.66412,
        "country": "NG",
        "population": 226857
    },
    "2340451": {
        "ids": {
            "geonames": 2340451
        },
        "long": {
            "default": "Gombe"
        },
        "parent": 2595347,
        "lat": 10.28969,
        "lng": 11.16729,
        "country": "NG",
        "population": 250258
    },
    "2341355": {
        "ids": {
            "geonames": 2341355
        },
        "long": {
            "default": "Gbongan"
        },
        "parent": 2597365,
        "lat": 7.47734,
        "lng": 4.35351,
        "country": "NG",
        "population": 139485
    },
    "2341656": {
        "ids": {
            "geonames": 2341656
        },
        "long": {
            "default": "Gashua"
        },
        "parent": 2597367,
        "lat": 12.87398,
        "lng": 11.04057,
        "country": "NG",
        "population": 125817
    },
    "2342192": {
        "ids": {
            "geonames": 2342192
        },
        "long": {
            "default": "Gamboru"
        },
        "parent": 2346794,
        "lat": 12.37299,
        "lng": 14.2069,
        "country": "NG",
        "population": 84672
    },
    "2342490": {
        "ids": {
            "geonames": 2342490
        },
        "long": {
            "default": "Funtua"
        },
        "parent": 2334797,
        "lat": 11.52351,
        "lng": 7.31174,
        "country": "NG",
        "population": 136811
    },
    "2342628": {
        "ids": {
            "geonames": 2342628
        },
        "long": {
            "default": "Fiditi"
        },
        "parent": 2325190,
        "lat": 7.71361,
        "lng": 3.91722,
        "country": "NG",
        "population": 71461
    },
    "2342883": {
        "ids": {
            "geonames": 2342883
        },
        "long": {
            "default": "Ezza-Ohu"
        },
        "parent": 2595345,
        "lat": 6.44094,
        "lng": 8.08432,
        "country": "NG",
        "population": 67414
    },
    "2343093": {
        "ids": {
            "geonames": 2343093
        },
        "long": {
            "default": "Esuk Oron"
        },
        "parent": 2350813,
        "lat": 4.80293,
        "lng": 8.25341,
        "country": "NG",
        "population": 112033
    },
    "2343252": {
        "ids": {
            "geonames": 2343252
        },
        "long": {
            "default": "Epe"
        },
        "parent": 2332453,
        "lat": 6.58412,
        "lng": 3.98336,
        "country": "NG",
        "population": 84711
    },
    "2343270": {
        "ids": {
            "geonames": 2343270
        },
        "long": {
            "default": "Enugu-Ukwu"
        },
        "parent": 2349961,
        "lat": 6.17146,
        "lng": 7.00525,
        "country": "NG",
        "population": 68785
    },
    "2343279": {
        "ids": {
            "geonames": 2343279
        },
        "long": {
            "default": "Enugu"
        },
        "parent": 2565344,
        "lat": 6.44132,
        "lng": 7.49883,
        "country": "NG",
        "population": 688862
    },
    "2343299": {
        "ids": {
            "geonames": 2343299
        },
        "long": {
            "default": "Emure-Ekiti"
        },
        "parent": 2595346,
        "lat": 7.43636,
        "lng": 5.45925,
        "country": "NG",
        "population": 90645
    },
    "2343641": {
        "ids": {
            "geonames": 2343641
        },
        "long": {
            "default": "Ekpoma"
        },
        "parent": 2565343,
        "lat": 6.743,
        "lng": 6.14029,
        "country": "NG",
        "population": 59618
    },
    "2343784": {
        "ids": {
            "geonames": 2343784
        },
        "long": {
            "default": "Ejigbo"
        },
        "parent": 2597365,
        "lat": 7.90292,
        "lng": 4.31419,
        "country": "NG",
        "population": 138357
    },
    "2343822": {
        "ids": {
            "geonames": 2343822
        },
        "long": {
            "default": "Eha Amufu"
        },
        "parent": 2565344,
        "lat": 6.65915,
        "lng": 7.75961,
        "country": "NG",
        "population": 70779
    },
    "2343983": {
        "ids": {
            "geonames": 2343983
        },
        "long": {
            "default": "Effon Alaiye"
        },
        "parent": 2597365,
        "lat": 7.65,
        "lng": 4.91667,
        "country": "NG",
        "population": 279319
    },
    "2343985": {
        "ids": {
            "geonames": 2343985
        },
        "long": {
            "default": "Effium"
        },
        "parent": 2595345,
        "lat": 6.63105,
        "lng": 8.05814,
        "country": "NG",
        "population": 86945
    },
    "2344082": {
        "ids": {
            "geonames": 2344082
        },
        "long": {
            "default": "Ebute Ikorodu"
        },
        "parent": 2332453,
        "lat": 6.60086,
        "lng": 3.48818,
        "country": "NG",
        "population": 535619
    },
    "2345096": {
        "ids": {
            "geonames": 2345096
        },
        "long": {
            "default": "Daura"
        },
        "parent": 2597367,
        "lat": 11.5541,
        "lng": 11.406,
        "country": "NG",
        "population": 78277
    },
    "2346229": {
        "ids": {
            "geonames": 2346229
        },
        "long": {
            "default": "Calabar"
        },
        "parent": 2345891,
        "lat": 4.95893,
        "lng": 8.32695,
        "country": "NG",
        "population": 461796
    },
    "2346615": {
        "ids": {
            "geonames": 2346615
        },
        "long": {
            "default": "Buguma"
        },
        "parent": 2324433,
        "lat": 4.73614,
        "lng": 6.86236,
        "country": "NG",
        "population": 135404
    },
    "2346995": {
        "ids": {
            "geonames": 2346995
        },
        "long": {
            "default": "Biu"
        },
        "parent": 2346794,
        "lat": 10.61285,
        "lng": 12.19458,
        "country": "NG",
        "population": 95005
    },
    "2347059": {
        "ids": {
            "geonames": 2347059
        },
        "long": {
            "default": "Birnin Kebbi"
        },
        "parent": 2597363,
        "lat": 12.45389,
        "lng": 4.1975,
        "country": "NG",
        "population": 108164
    },
    "2347209": {
        "ids": {
            "geonames": 2347209
        },
        "long": {
            "default": "Bida"
        },
        "parent": 2328925,
        "lat": 9.08044,
        "lng": 6.0099,
        "country": "NG",
        "population": 171656
    },
    "2347283": {
        "ids": {
            "geonames": 2347283
        },
        "long": {
            "default": "Benin City"
        },
        "parent": 2565343,
        "lat": 6.33815,
        "lng": 5.62575,
        "country": "NG",
        "population": 1125058
    },
    "2347303": {
        "ids": {
            "geonames": 2347303
        },
        "long": {
            "default": "Bende"
        },
        "parent": 2565340,
        "lat": 5.55874,
        "lng": 7.63359,
        "country": "NG",
        "population": 79618
    },
    "2347470": {
        "ids": {
            "geonames": 2347470
        },
        "long": {
            "default": "Bauchi"
        },
        "parent": 2347468,
        "lat": 10.31032,
        "lng": 9.84388,
        "country": "NG",
        "population": 316149
    },
    "2347954": {
        "ids": {
            "geonames": 2347954
        },
        "long": {
            "default": "Bama"
        },
        "parent": 2346794,
        "lat": 11.52134,
        "lng": 13.68952,
        "country": "NG",
        "population": 118121
    },
    "2348595": {
        "ids": {
            "geonames": 2348595
        },
        "long": {
            "default": "Azare"
        },
        "parent": 2347468,
        "lat": 11.67478,
        "lng": 10.19069,
        "country": "NG",
        "population": 105687
    },
    "2348773": {
        "ids": {
            "geonames": 2348773
        },
        "long": {
            "default": "Awka"
        },
        "parent": 2349961,
        "lat": 6.21269,
        "lng": 7.07199,
        "country": "NG",
        "population": 167738
    },
    "2348892": {
        "ids": {
            "geonames": 2348892
        },
        "long": {
            "default": "Auchi"
        },
        "parent": 2565343,
        "lat": 7.06756,
        "lng": 6.2636,
        "country": "NG",
        "population": 62907
    },
    "2349276": {
        "ids": {
            "geonames": 2349276
        },
        "long": {
            "default": "Asaba"
        },
        "parent": 2565341,
        "lat": 6.19824,
        "lng": 6.73187,
        "country": "NG",
        "population": 73374
    },
    "2349529": {
        "ids": {
            "geonames": 2349529
        },
        "long": {
            "default": "Aramoko-Ekiti"
        },
        "parent": 2595346,
        "lat": 7.70483,
        "lng": 5.04054,
        "country": "NG",
        "population": 74491
    },
    "2349558": {
        "ids": {
            "geonames": 2349558
        },
        "long": {
            "default": "Apomu"
        },
        "parent": 2597365,
        "lat": 7.35156,
        "lng": 4.18335,
        "country": "NG",
        "population": 71656
    },
    "2350249": {
        "ids": {
            "geonames": 2350249
        },
        "long": {
            "default": "Amaigbo"
        },
        "parent": 2565340,
        "lat": 5.78917,
        "lng": 7.83829,
        "country": "NG",
        "population": 127300
    },
    "2350841": {
        "ids": {
            "geonames": 2350841
        },
        "long": {
            "default": "Akure"
        },
        "parent": 2326168,
        "lat": 7.25256,
        "lng": 5.19312,
        "country": "NG",
        "population": 420594
    },
    "2350886": {
        "ids": {
            "geonames": 2350886
        },
        "long": {
            "default": "Aku"
        },
        "parent": 2565344,
        "lat": 6.70902,
        "lng": 7.31826,
        "country": "NG",
        "population": 73742
    },
    "2351740": {
        "ids": {
            "geonames": 2351740
        },
        "long": {
            "default": "Agulu"
        },
        "parent": 2349961,
        "lat": 6.10045,
        "lng": 7.061,
        "country": "NG",
        "population": 79021
    },
    "2351979": {
        "ids": {
            "geonames": 2351979
        },
        "long": {
            "default": "Agbor"
        },
        "parent": 2565341,
        "lat": 6.25375,
        "lng": 6.1942,
        "country": "NG",
        "population": 67610
    },
    "2352250": {
        "ids": {
            "geonames": 2352250
        },
        "long": {
            "default": "Afikpo"
        },
        "parent": 2595345,
        "lat": 5.89258,
        "lng": 7.93534,
        "country": "NG",
        "population": 71866
    },
    "2352379": {
        "ids": {
            "geonames": 2352379
        },
        "long": {
            "default": "Ado-Ekiti"
        },
        "parent": 2595346,
        "lat": 7.62329,
        "lng": 5.22087,
        "country": "NG",
        "population": 424340
    },
    "2352778": {
        "ids": {
            "geonames": 2352778
        },
        "long": {
            "default": "Abuja"
        },
        "parent": 2352776,
        "lat": 9.05785,
        "lng": 7.49508,
        "country": "NG",
        "population": 590400
    },
    "2352947": {
        "ids": {
            "geonames": 2352947
        },
        "long": {
            "default": "Abeokuta"
        },
        "parent": 2327546,
        "lat": 7.15571,
        "lng": 3.34509,
        "country": "NG",
        "population": 593100
    },
    "2353099": {
        "ids": {
            "geonames": 2353099
        },
        "long": {
            "default": "Abakaliki"
        },
        "parent": 2595345,
        "lat": 6.32485,
        "lng": 8.11368,
        "country": "NG",
        "population": 134102
    },
    "2353151": {
        "ids": {
            "geonames": 2353151
        },
        "long": {
            "default": "Aba"
        },
        "parent": 2565340,
        "lat": 5.10658,
        "lng": 7.36667,
        "country": "NG",
        "population": 897560
    }
}