{
    "3616035": {
        "ids": {
            "geonames": 3616035
        },
        "long": {
            "default": "Tipitapa"
        },
        "parent": 3617762,
        "lat": 12.19732,
        "lng": -86.09706,
        "country": "NI",
        "population": 127153
    },
    "3617459": {
        "ids": {
            "geonames": 3617459
        },
        "long": {
            "default": "Nueva Guinea"
        },
        "parent": 3830308,
        "lat": 11.68758,
        "lng": -84.45616,
        "country": "NI",
        "population": 52929
    },
    "3617708": {
        "ids": {
            "geonames": 3617708
        },
        "long": {
            "default": "Matagalpa"
        },
        "parent": 3617707,
        "lat": 12.92559,
        "lng": -85.91747,
        "country": "NI",
        "population": 109089
    },
    "3617723": {
        "ids": {
            "geonames": 3617723
        },
        "long": {
            "default": "Masaya"
        },
        "parent": 3617722,
        "lat": 11.97444,
        "lng": -86.09417,
        "country": "NI",
        "population": 130113
    },
    "3617763": {
        "ids": {
            "geonames": 3617763
        },
        "long": {
            "default": "Managua"
        },
        "parent": 3617762,
        "lat": 12.13282,
        "lng": -86.2504,
        "country": "NI",
        "population": 973087
    },
    "3618030": {
        "ids": {
            "geonames": 3618030
        },
        "long": {
            "default": "León"
        },
        "parent": 3618029,
        "lat": 12.43787,
        "lng": -86.87804,
        "country": "NI",
        "population": 144538
    },
    "3618908": {
        "ids": {
            "geonames": 3618908
        },
        "long": {
            "default": "Juigalpa"
        },
        "parent": 3620368,
        "lat": 12.10629,
        "lng": -85.36452,
        "country": "NI",
        "population": 54731
    },
    "3618929": {
        "ids": {
            "geonames": 3618929
        },
        "long": {
            "default": "Jinotega"
        },
        "parent": 3618928,
        "lat": 13.10042,
        "lng": -86.00226,
        "country": "NI",
        "population": 51073
    },
    "3619136": {
        "ids": {
            "geonames": 3619136
        },
        "long": {
            "default": "Granada"
        },
        "parent": 3619135,
        "lat": 11.92988,
        "lng": -85.95602,
        "country": "NI",
        "population": 89409
    },
    "3619194": {
        "ids": {
            "geonames": 3619194
        },
        "long": {
            "default": "Estelí"
        },
        "parent": 3619193,
        "lat": 13.09185,
        "lng": -86.35384,
        "country": "NI",
        "population": 96422
    },
    "3619267": {
        "ids": {
            "geonames": 3619267
        },
        "long": {
            "default": "El Viejo"
        },
        "parent": 3620380,
        "lat": 12.6633,
        "lng": -87.16722,
        "country": "NI",
        "population": 53504
    },
    "3620381": {
        "ids": {
            "geonames": 3620381
        },
        "long": {
            "default": "Chinandega"
        },
        "parent": 3620380,
        "lat": 12.62937,
        "lng": -87.13105,
        "country": "NI",
        "population": 126387
    },
    "3828262": {
        "ids": {
            "geonames": 3828262
        },
        "long": {
            "default": "Ciudad Sandino"
        },
        "parent": 3617762,
        "lat": 12.15889,
        "lng": -86.34417,
        "country": "NI",
        "population": 70013
    }
}