{
    "2743477": {
        "ids": {
            "geonames": 2743477
        },
        "long": {
            "default": "Zwolle"
        },
        "parent": 2748838,
        "lat": 52.5125,
        "lng": 6.09444,
        "country": "NL",
        "population": 111805
    },
    "2743856": {
        "ids": {
            "geonames": 2743856
        },
        "long": {
            "default": "Zoetermeer"
        },
        "parent": 2743698,
        "lat": 52.0575,
        "lng": 4.49306,
        "country": "NL",
        "population": 115845
    },
    "2743977": {
        "ids": {
            "geonames": 2743977
        },
        "long": {
            "default": "Zeist"
        },
        "parent": 2745909,
        "lat": 52.09,
        "lng": 5.23333,
        "country": "NL",
        "population": 60949
    },
    "2744114": {
        "ids": {
            "geonames": 2744114
        },
        "long": {
            "default": "Zaanstad"
        },
        "parent": 2749879,
        "lat": 52.45313,
        "lng": 4.81356,
        "country": "NL",
        "population": 140085
    },
    "2744118": {
        "ids": {
            "geonames": 2744118
        },
        "long": {
            "default": "Zaandam"
        },
        "parent": 2749879,
        "lat": 52.43854,
        "lng": 4.82643,
        "country": "NL",
        "population": 71708
    },
    "2745467": {
        "ids": {
            "geonames": 2745467
        },
        "long": {
            "default": "Vlaardingen"
        },
        "parent": 2743698,
        "lat": 51.9125,
        "lng": 4.34167,
        "country": "NL",
        "population": 73798
    },
    "2745641": {
        "ids": {
            "geonames": 2745641
        },
        "long": {
            "default": "Venlo"
        },
        "parent": 2751596,
        "lat": 51.37,
        "lng": 6.16806,
        "country": "NL",
        "population": 92403
    },
    "2745673": {
        "ids": {
            "geonames": 2745673
        },
        "long": {
            "default": "Velsen-Zuid"
        },
        "parent": 2749879,
        "lat": 52.46,
        "lng": 4.65,
        "country": "NL",
        "population": 67758
    },
    "2745774": {
        "ids": {
            "geonames": 2745774
        },
        "long": {
            "default": "Veenendaal"
        },
        "parent": 2745909,
        "lat": 52.02863,
        "lng": 5.55891,
        "country": "NL",
        "population": 61271
    },
    "2745912": {
        "ids": {
            "geonames": 2745912
        },
        "long": {
            "default": "Utrecht"
        },
        "parent": 2745909,
        "lat": 52.09083,
        "lng": 5.12222,
        "country": "NL",
        "population": 290529
    },
    "2746301": {
        "ids": {
            "geonames": 2746301
        },
        "long": {
            "default": "Tilburg"
        },
        "parent": 2749990,
        "lat": 51.55551,
        "lng": 5.0913,
        "country": "NL",
        "population": 199613
    },
    "2746932": {
        "ids": {
            "geonames": 2746932
        },
        "long": {
            "default": "Spijkenisse"
        },
        "parent": 2743698,
        "lat": 51.845,
        "lng": 4.32917,
        "country": "NL",
        "population": 74988
    },
    "2747351": {
        "ids": {
            "geonames": 2747351
        },
        "long": {
            "default": "'s-Hertogenbosch"
        },
        "parent": 2749990,
        "lat": 51.69917,
        "lng": 5.30417,
        "country": "NL",
        "population": 134520
    },
    "2747373": {
        "ids": {
            "geonames": 2747373
        },
        "long": {
            "default": "The Hague"
        },
        "parent": 2743698,
        "lat": 52.07667,
        "lng": 4.29861,
        "country": "NL",
        "population": 474292
    },
    "2747596": {
        "ids": {
            "geonames": 2747596
        },
        "long": {
            "default": "Schiedam"
        },
        "parent": 2743698,
        "lat": 51.91917,
        "lng": 4.38889,
        "country": "NL",
        "population": 75438
    },
    "2747891": {
        "ids": {
            "geonames": 2747891
        },
        "long": {
            "default": "Rotterdam"
        },
        "parent": 2743698,
        "lat": 51.9225,
        "lng": 4.47917,
        "country": "NL",
        "population": 598199
    },
    "2747930": {
        "ids": {
            "geonames": 2747930
        },
        "long": {
            "default": "Roosendaal"
        },
        "parent": 2749990,
        "lat": 51.53083,
        "lng": 4.46528,
        "country": "NL",
        "population": 77725
    },
    "2748413": {
        "ids": {
            "geonames": 2748413
        },
        "long": {
            "default": "Purmerend"
        },
        "parent": 2749879,
        "lat": 52.505,
        "lng": 4.95972,
        "country": "NL",
        "population": 76745
    },
    "2749234": {
        "ids": {
            "geonames": 2749234
        },
        "long": {
            "default": "Oss"
        },
        "parent": 2749990,
        "lat": 51.765,
        "lng": 5.51806,
        "country": "NL",
        "population": 76430
    },
    "2749450": {
        "ids": {
            "geonames": 2749450
        },
        "long": {
            "default": "Oosterhout"
        },
        "parent": 2749990,
        "lat": 51.645,
        "lng": 4.85972,
        "country": "NL",
        "population": 53107
    },
    "2750053": {
        "ids": {
            "geonames": 2750053
        },
        "long": {
            "default": "Nijmegen"
        },
        "parent": 2755634,
        "lat": 51.8425,
        "lng": 5.85278,
        "country": "NL",
        "population": 158732
    },
    "2750325": {
        "ids": {
            "geonames": 2750325
        },
        "long": {
            "default": "Nieuwegein"
        },
        "parent": 2745909,
        "lat": 52.02917,
        "lng": 5.08056,
        "country": "NL",
        "population": 61489
    },
    "2751283": {
        "ids": {
            "geonames": 2751283
        },
        "long": {
            "default": "Maastricht"
        },
        "parent": 2751596,
        "lat": 50.84833,
        "lng": 5.68889,
        "country": "NL",
        "population": 122378
    },
    "2751738": {
        "ids": {
            "geonames": 2751738
        },
        "long": {
            "default": "Lelystad"
        },
        "parent": 3319179,
        "lat": 52.50833,
        "lng": 5.475,
        "country": "NL",
        "population": 70741
    },
    "2751773": {
        "ids": {
            "geonames": 2751773
        },
        "long": {
            "default": "Leiden"
        },
        "parent": 2743698,
        "lat": 52.15833,
        "lng": 4.49306,
        "country": "NL",
        "population": 119713
    },
    "2751792": {
        "ids": {
            "geonames": 2751792
        },
        "long": {
            "default": "Leeuwarden"
        },
        "parent": 2755812,
        "lat": 53.20139,
        "lng": 5.80859,
        "country": "NL",
        "population": 91424
    },
    "2753638": {
        "ids": {
            "geonames": 2753638
        },
        "long": {
            "default": "Hoorn"
        },
        "parent": 2749879,
        "lat": 52.6425,
        "lng": 5.05972,
        "country": "NL",
        "population": 68852
    },
    "2753801": {
        "ids": {
            "geonames": 2753801
        },
        "long": {
            "default": "Hoofddorp"
        },
        "parent": 2749879,
        "lat": 52.3025,
        "lng": 4.68889,
        "country": "NL",
        "population": 132734
    },
    "2754064": {
        "ids": {
            "geonames": 2754064
        },
        "long": {
            "default": "Hilversum"
        },
        "parent": 2749879,
        "lat": 52.22333,
        "lng": 5.17639,
        "country": "NL",
        "population": 83640
    },
    "2754394": {
        "ids": {
            "geonames": 2754394
        },
        "long": {
            "default": "Hengelo"
        },
        "parent": 2748838,
        "lat": 52.26583,
        "lng": 6.79306,
        "country": "NL",
        "population": 80809
    },
    "2754447": {
        "ids": {
            "geonames": 2754447
        },
        "long": {
            "default": "Helmond"
        },
        "parent": 2749990,
        "lat": 51.48167,
        "lng": 5.66111,
        "country": "NL",
        "population": 74740
    },
    "2754652": {
        "ids": {
            "geonames": 2754652
        },
        "long": {
            "default": "Heerlen"
        },
        "parent": 2751596,
        "lat": 50.88365,
        "lng": 5.98154,
        "country": "NL",
        "population": 93084
    },
    "2754861": {
        "ids": {
            "geonames": 2754861
        },
        "long": {
            "default": "Hardenberg"
        },
        "parent": 2748838,
        "lat": 52.57583,
        "lng": 6.61944,
        "country": "NL",
        "population": 57909
    },
    "2755003": {
        "ids": {
            "geonames": 2755003
        },
        "long": {
            "default": "Haarlem"
        },
        "parent": 2749879,
        "lat": 52.38084,
        "lng": 4.63683,
        "country": "NL",
        "population": 147590
    },
    "2755251": {
        "ids": {
            "geonames": 2755251
        },
        "long": {
            "default": "Groningen"
        },
        "parent": 2755249,
        "lat": 53.21917,
        "lng": 6.56667,
        "country": "NL",
        "population": 181194
    },
    "2755420": {
        "ids": {
            "geonames": 2755420
        },
        "long": {
            "default": "Gouda"
        },
        "parent": 2743698,
        "lat": 52.01667,
        "lng": 4.70833,
        "country": "NL",
        "population": 71952
    },
    "2756071": {
        "ids": {
            "geonames": 2756071
        },
        "long": {
            "default": "Enschede"
        },
        "parent": 2748838,
        "lat": 52.21833,
        "lng": 6.89583,
        "country": "NL",
        "population": 153655
    },
    "2756136": {
        "ids": {
            "geonames": 2756136
        },
        "long": {
            "default": "Emmen"
        },
        "parent": 2756631,
        "lat": 52.77917,
        "lng": 6.90694,
        "country": "NL",
        "population": 57010
    },
    "2756253": {
        "ids": {
            "geonames": 2756253
        },
        "long": {
            "default": "Eindhoven"
        },
        "parent": 2749990,
        "lat": 51.44083,
        "lng": 5.47778,
        "country": "NL",
        "population": 209620
    },
    "2756429": {
        "ids": {
            "geonames": 2756429
        },
        "long": {
            "default": "Ede"
        },
        "parent": 2755634,
        "lat": 52.03333,
        "lng": 5.65833,
        "country": "NL",
        "population": 67670
    },
    "2756669": {
        "ids": {
            "geonames": 2756669
        },
        "long": {
            "default": "Dordrecht"
        },
        "parent": 2743698,
        "lat": 51.81,
        "lng": 4.67361,
        "country": "NL",
        "population": 119260
    },
    "2756987": {
        "ids": {
            "geonames": 2756987
        },
        "long": {
            "default": "Deventer"
        },
        "parent": 2748838,
        "lat": 52.255,
        "lng": 6.16389,
        "country": "NL",
        "population": 97331
    },
    "2757220": {
        "ids": {
            "geonames": 2757220
        },
        "long": {
            "default": "Den Helder"
        },
        "parent": 2749879,
        "lat": 52.95988,
        "lng": 4.75933,
        "country": "NL",
        "population": 59569
    },
    "2757345": {
        "ids": {
            "geonames": 2757345
        },
        "long": {
            "default": "Delft"
        },
        "parent": 2743698,
        "lat": 52.00667,
        "lng": 4.35556,
        "country": "NL",
        "population": 95060
    },
    "2757347": {
        "ids": {
            "geonames": 2757347
        },
        "long": {
            "default": "Delfshaven"
        },
        "parent": 2743698,
        "lat": 51.90488,
        "lng": 4.45315,
        "country": "NL",
        "population": 70290
    },
    "2758012": {
        "ids": {
            "geonames": 2758012
        },
        "long": {
            "default": "Capelle aan den IJssel"
        },
        "parent": 2743698,
        "lat": 51.92917,
        "lng": 4.57778,
        "country": "NL",
        "population": 65255
    },
    "2758401": {
        "ids": {
            "geonames": 2758401
        },
        "long": {
            "default": "Breda"
        },
        "parent": 2749990,
        "lat": 51.58656,
        "lng": 4.77596,
        "country": "NL",
        "population": 167673
    },
    "2758602": {
        "ids": {
            "geonames": 2758602
        },
        "long": {
            "default": "Born"
        },
        "parent": 2751596,
        "lat": 51.03167,
        "lng": 5.80972,
        "country": "NL",
        "population": 97169
    },
    "2759145": {
        "ids": {
            "geonames": 2759145
        },
        "long": {
            "default": "Bergen op Zoom"
        },
        "parent": 2749990,
        "lat": 51.495,
        "lng": 4.29167,
        "country": "NL",
        "population": 66256
    },
    "2759633": {
        "ids": {
            "geonames": 2759633
        },
        "long": {
            "default": "Assen"
        },
        "parent": 2756631,
        "lat": 52.99667,
        "lng": 6.5625,
        "country": "NL",
        "population": 62237
    },
    "2759661": {
        "ids": {
            "geonames": 2759661
        },
        "long": {
            "default": "Arnhem"
        },
        "parent": 2755634,
        "lat": 51.98,
        "lng": 5.91111,
        "country": "NL",
        "population": 141674
    },
    "2759706": {
        "ids": {
            "geonames": 2759706
        },
        "long": {
            "default": "Apeldoorn"
        },
        "parent": 2755634,
        "lat": 52.21,
        "lng": 5.96944,
        "country": "NL",
        "population": 136670
    },
    "2759794": {
        "ids": {
            "geonames": 2759794
        },
        "long": {
            "default": "Amsterdam"
        },
        "parent": 2749879,
        "lat": 52.37403,
        "lng": 4.88969,
        "country": "NL",
        "population": 741636
    },
    "2759798": {
        "ids": {
            "geonames": 2759798
        },
        "long": {
            "default": "Amstelveen"
        },
        "parent": 2749879,
        "lat": 52.30083,
        "lng": 4.86389,
        "country": "NL",
        "population": 79639
    },
    "2759821": {
        "ids": {
            "geonames": 2759821
        },
        "long": {
            "default": "Amersfoort"
        },
        "parent": 2745909,
        "lat": 52.155,
        "lng": 5.3875,
        "country": "NL",
        "population": 139914
    },
    "2759875": {
        "ids": {
            "geonames": 2759875
        },
        "long": {
            "default": "Alphen aan den Rijn"
        },
        "parent": 2743698,
        "lat": 52.12917,
        "lng": 4.65546,
        "country": "NL",
        "population": 70251
    },
    "2759879": {
        "ids": {
            "geonames": 2759879
        },
        "long": {
            "default": "Almere Stad"
        },
        "parent": 3319179,
        "lat": 52.37025,
        "lng": 5.21413,
        "country": "NL",
        "population": 176432
    },
    "2759887": {
        "ids": {
            "geonames": 2759887
        },
        "long": {
            "default": "Almelo"
        },
        "parent": 2748838,
        "lat": 52.35667,
        "lng": 6.6625,
        "country": "NL",
        "population": 72725
    },
    "2759899": {
        "ids": {
            "geonames": 2759899
        },
        "long": {
            "default": "Alkmaar"
        },
        "parent": 2749879,
        "lat": 52.63167,
        "lng": 4.74861,
        "country": "NL",
        "population": 94853
    },
    "6544881": {
        "ids": {
            "geonames": 6544881
        },
        "long": {
            "default": "Amsterdam-Zuidoost"
        },
        "parent": 2749879,
        "lat": 52.3075,
        "lng": 4.97222,
        "country": "NL",
        "population": 84811
    }
}