{
    "3133880": {
        "ids": {
            "geonames": 3133880
        },
        "long": {
            "default": "Trondheim"
        },
        "parent": 3137400,
        "lat": 63.43049,
        "lng": 10.39506,
        "country": "NO",
        "population": 147139
    },
    "3133895": {
        "ids": {
            "geonames": 3133895
        },
        "long": {
            "default": "Tromsø"
        },
        "parent": 3133897,
        "lat": 69.6489,
        "lng": 18.95508,
        "country": "NO",
        "population": 52436
    },
    "3137115": {
        "ids": {
            "geonames": 3137115
        },
        "long": {
            "default": "Stavanger"
        },
        "parent": 3141558,
        "lat": 58.97005,
        "lng": 5.73332,
        "country": "NO",
        "population": 121610
    },
    "3139075": {
        "ids": {
            "geonames": 3139075
        },
        "long": {
            "default": "Skien"
        },
        "parent": 3134723,
        "lat": 59.20962,
        "lng": 9.60897,
        "country": "NO",
        "population": 50595
    },
    "3140084": {
        "ids": {
            "geonames": 3140084
        },
        "long": {
            "default": "Sarpsborg"
        },
        "parent": 3143188,
        "lat": 59.28391,
        "lng": 11.10962,
        "country": "NO",
        "population": 52159
    },
    "3140321": {
        "ids": {
            "geonames": 3140321
        },
        "long": {
            "default": "Sandnes"
        },
        "parent": 3141558,
        "lat": 58.85244,
        "lng": 5.73521,
        "country": "NO",
        "population": 63032
    },
    "3143244": {
        "ids": {
            "geonames": 3143244
        },
        "long": {
            "default": "Oslo"
        },
        "parent": 3143242,
        "lat": 59.91273,
        "lng": 10.74609,
        "country": "NO",
        "population": 580000
    },
    "3149318": {
        "ids": {
            "geonames": 3149318
        },
        "long": {
            "default": "Kristiansand"
        },
        "parent": 3132064,
        "lat": 58.14671,
        "lng": 7.9956,
        "country": "NO",
        "population": 63814
    },
    "3156529": {
        "ids": {
            "geonames": 3156529
        },
        "long": {
            "default": "Fredrikstad"
        },
        "parent": 3143188,
        "lat": 59.2181,
        "lng": 10.9298,
        "country": "NO",
        "population": 72760
    },
    "3159016": {
        "ids": {
            "geonames": 3159016
        },
        "long": {
            "default": "Drammen"
        },
        "parent": 3159665,
        "lat": 59.74389,
        "lng": 10.20449,
        "country": "NO",
        "population": 90722
    },
    "3161732": {
        "ids": {
            "geonames": 3161732
        },
        "long": {
            "default": "Bergen"
        },
        "parent": 3151864,
        "lat": 60.39299,
        "lng": 5.32415,
        "country": "NO",
        "population": 213585
    }
}