{
    "1282898": {
        "ids": {
            "geonames": 1282898
        },
        "long": {
            "default": "Pokhara"
        },
        "parent": 7289709,
        "lat": 28.26689,
        "lng": 83.96851,
        "country": "NP",
        "population": 200000
    },
    "1282931": {
        "ids": {
            "geonames": 1282931
        },
        "long": {
            "default": "Pātan"
        },
        "parent": 7289707,
        "lat": 27.67658,
        "lng": 85.31417,
        "country": "NP",
        "population": 183310
    },
    "1283095": {
        "ids": {
            "geonames": 1283095
        },
        "long": {
            "default": "Mahendranagar"
        },
        "parent": 7289705,
        "lat": 28.91667,
        "lng": 80.33333,
        "country": "NP",
        "population": 88381
    },
    "1283240": {
        "ids": {
            "geonames": 1283240
        },
        "long": {
            "default": "Kathmandu"
        },
        "parent": 7289707,
        "lat": 27.70169,
        "lng": 85.3206,
        "country": "NP",
        "population": 1442271
    },
    "1283318": {
        "ids": {
            "geonames": 1283318
        },
        "long": {
            "default": "Janakpur"
        },
        "parent": 7289707,
        "lat": 26.71828,
        "lng": 85.90646,
        "country": "NP",
        "population": 93767
    },
    "1283339": {
        "ids": {
            "geonames": 1283339
        },
        "long": {
            "default": "Hetauda"
        },
        "parent": 7289707,
        "lat": 27.42839,
        "lng": 85.03219,
        "country": "NP",
        "population": 84775
    },
    "1283368": {
        "ids": {
            "geonames": 1283368
        },
        "long": {
            "default": "Gulariyā"
        },
        "parent": 7289706,
        "lat": 28.23333,
        "lng": 81.33333,
        "country": "NP",
        "population": 53107
    },
    "1283460": {
        "ids": {
            "geonames": 1283460
        },
        "long": {
            "default": "Dharān Bāzār"
        },
        "parent": 7289708,
        "lat": 26.81248,
        "lng": 87.28355,
        "country": "NP",
        "population": 108600
    },
    "1283467": {
        "ids": {
            "geonames": 1283467
        },
        "long": {
            "default": "Dhangarhi"
        },
        "parent": 7289705,
        "lat": 28.70792,
        "lng": 80.59611,
        "country": "NP",
        "population": 92294
    },
    "1283562": {
        "ids": {
            "geonames": 1283562
        },
        "long": {
            "default": "Butwāl"
        },
        "parent": 7289709,
        "lat": 27.70055,
        "lng": 83.44836,
        "country": "NP",
        "population": 91733
    },
    "1283581": {
        "ids": {
            "geonames": 1283581
        },
        "long": {
            "default": "Bīrganj"
        },
        "parent": 7289707,
        "lat": 27.01043,
        "lng": 84.87735,
        "country": "NP",
        "population": 133238
    },
    "1283582": {
        "ids": {
            "geonames": 1283582
        },
        "long": {
            "default": "Biratnagar"
        },
        "parent": 7289708,
        "lat": 26.45505,
        "lng": 87.27007,
        "country": "NP",
        "population": 182324
    },
    "1283613": {
        "ids": {
            "geonames": 1283613
        },
        "long": {
            "default": "Bharatpur"
        },
        "parent": 7289707,
        "lat": 27.68333,
        "lng": 84.43333,
        "country": "NP",
        "population": 107157
    },
    "1283621": {
        "ids": {
            "geonames": 1283621
        },
        "long": {
            "default": "Bhairāhawā"
        },
        "parent": 7289709,
        "lat": 27.5,
        "lng": 83.45,
        "country": "NP",
        "population": 63367
    },
    "6941099": {
        "ids": {
            "geonames": 6941099
        },
        "long": {
            "default": "Nepalgunj"
        },
        "parent": 7289706,
        "lat": 28.05,
        "lng": 81.61667,
        "country": "NP",
        "population": 64400
    }
}