{
    "2179537": {
        "ids": {
            "geonames": 2179537
        },
        "long": {
            "default": "Wellington"
        },
        "parent": 2179538,
        "lat": -41.28664,
        "lng": 174.77557,
        "country": "NZ",
        "population": 381900
    },
    "2184397": {
        "ids": {
            "geonames": 2184397
        },
        "long": {
            "default": "Porirua"
        },
        "parent": 2179538,
        "lat": -41.13333,
        "lng": 174.85,
        "country": "NZ",
        "population": 50914
    },
    "2185018": {
        "ids": {
            "geonames": 2185018
        },
        "long": {
            "default": "Palmerston North"
        },
        "parent": 2179671,
        "lat": -40.35636,
        "lng": 175.61113,
        "country": "NZ",
        "population": 75996
    },
    "2185964": {
        "ids": {
            "geonames": 2185964
        },
        "long": {
            "default": "North Shore"
        },
        "parent": 2193734,
        "lat": -36.8,
        "lng": 174.75,
        "country": "NZ",
        "population": 207865
    },
    "2186280": {
        "ids": {
            "geonames": 2186280
        },
        "long": {
            "default": "Nelson"
        },
        "parent": 6612108,
        "lat": -41.27078,
        "lng": 173.28404,
        "country": "NZ",
        "population": 59200
    },
    "2186313": {
        "ids": {
            "geonames": 2186313
        },
        "long": {
            "default": "Napier"
        },
        "parent": 2190146,
        "lat": -39.48333,
        "lng": 176.91667,
        "country": "NZ",
        "population": 56787
    },
    "2187404": {
        "ids": {
            "geonames": 2187404
        },
        "long": {
            "default": "Manukau City"
        },
        "parent": 2193734,
        "lat": -36.99282,
        "lng": 174.87986,
        "country": "NZ",
        "population": 362000
    },
    "2187454": {
        "ids": {
            "geonames": 2187454
        },
        "long": {
            "default": "Mangere"
        },
        "parent": 2193734,
        "lat": -36.96807,
        "lng": 174.79875,
        "country": "NZ",
        "population": 55266
    },
    "2188164": {
        "ids": {
            "geonames": 2188164
        },
        "long": {
            "default": "Lower Hutt"
        },
        "parent": 2179538,
        "lat": -41.21667,
        "lng": 174.91667,
        "country": "NZ",
        "population": 101194
    },
    "2190224": {
        "ids": {
            "geonames": 2190224
        },
        "long": {
            "default": "Hastings"
        },
        "parent": 2190146,
        "lat": -39.6381,
        "lng": 176.84918,
        "country": "NZ",
        "population": 61696
    },
    "2190324": {
        "ids": {
            "geonames": 2190324
        },
        "long": {
            "default": "Hamilton"
        },
        "parent": 2180293,
        "lat": -37.78333,
        "lng": 175.28333,
        "country": "NZ",
        "population": 152641
    },
    "2191562": {
        "ids": {
            "geonames": 2191562
        },
        "long": {
            "default": "Dunedin"
        },
        "parent": 6612109,
        "lat": -45.87416,
        "lng": 170.50361,
        "country": "NZ",
        "population": 114347
    },
    "2192362": {
        "ids": {
            "geonames": 2192362
        },
        "long": {
            "default": "Christchurch"
        },
        "parent": 2192628,
        "lat": -43.53333,
        "lng": 172.63333,
        "country": "NZ",
        "population": 363926
    },
    "2193733": {
        "ids": {
            "geonames": 2193733
        },
        "long": {
            "default": "Auckland"
        },
        "parent": 2193734,
        "lat": -36.86667,
        "lng": 174.76667,
        "country": "NZ",
        "population": 417910
    },
    "2208032": {
        "ids": {
            "geonames": 2208032
        },
        "long": {
            "default": "Tauranga"
        },
        "parent": 2182560,
        "lat": -37.68611,
        "lng": 176.16667,
        "country": "NZ",
        "population": 110338
    },
    "6230919": {
        "ids": {
            "geonames": 6230919
        },
        "long": {
            "default": "Whangarei"
        },
        "parent": 2185978,
        "lat": -35.73167,
        "lng": 174.32391,
        "country": "NZ",
        "population": 50900
    },
    "6241325": {
        "ids": {
            "geonames": 6241325
        },
        "long": {
            "default": "Rotorua"
        },
        "parent": 2182560,
        "lat": -38.13874,
        "lng": 176.24516,
        "country": "NZ",
        "population": 65901
    },
    "7302484": {
        "ids": {
            "geonames": 7302484
        },
        "long": {
            "default": "Waitakere"
        },
        "parent": 2193734,
        "lat": -36.91754,
        "lng": 174.65773,
        "country": "NZ",
        "population": 208100
    }
}