{
    "286245": {
        "ids": {
            "geonames": 286245
        },
        "long": {
            "default": "Sur"
        },
        "parent": 411738,
        "lat": 22.56667,
        "lng": 59.52889,
        "country": "OM",
        "population": 71152
    },
    "286282": {
        "ids": {
            "geonames": 286282
        },
        "long": {
            "default": "Sohar"
        },
        "parent": 8394434,
        "lat": 24.35022,
        "lng": 56.70765,
        "country": "OM",
        "population": 108274
    },
    "286621": {
        "ids": {
            "geonames": 286621
        },
        "long": {
            "default": "Şalālah"
        },
        "parent": 411742,
        "lat": 17.01505,
        "lng": 54.09237,
        "country": "OM",
        "population": 163140
    },
    "286647": {
        "ids": {
            "geonames": 286647
        },
        "long": {
            "default": "Şaḩam"
        },
        "parent": 8394434,
        "lat": 24.17222,
        "lng": 56.88861,
        "country": "OM",
        "population": 89327
    },
    "286987": {
        "ids": {
            "geonames": 286987
        },
        "long": {
            "default": "Nizwá"
        },
        "parent": 411735,
        "lat": 22.93333,
        "lng": 57.53333,
        "country": "OM",
        "population": 72076
    },
    "287286": {
        "ids": {
            "geonames": 287286
        },
        "long": {
            "default": "Muscat"
        },
        "parent": 411740,
        "lat": 23.58413,
        "lng": 58.40778,
        "country": "OM",
        "population": 797000
    },
    "287830": {
        "ids": {
            "geonames": 287830
        },
        "long": {
            "default": "‘Ibrī"
        },
        "parent": 411739,
        "lat": 23.22573,
        "lng": 56.51572,
        "country": "OM",
        "population": 101640
    },
    "288764": {
        "ids": {
            "geonames": 288764
        },
        "long": {
            "default": "Bawshar"
        },
        "parent": 411740,
        "lat": 23.55563,
        "lng": 58.3989,
        "country": "OM",
        "population": 159487
    },
    "288789": {
        "ids": {
            "geonames": 288789
        },
        "long": {
            "default": "Barkā’"
        },
        "parent": 411736,
        "lat": 23.70739,
        "lng": 57.88908,
        "country": "OM",
        "population": 81647
    },
    "288899": {
        "ids": {
            "geonames": 288899
        },
        "long": {
            "default": "Bahlā’"
        },
        "parent": 411735,
        "lat": 22.97339,
        "lng": 57.29958,
        "country": "OM",
        "population": 54338
    },
    "288955": {
        "ids": {
            "geonames": 288955
        },
        "long": {
            "default": "As Suwayq"
        },
        "parent": 8394434,
        "lat": 23.84944,
        "lng": 57.43861,
        "country": "OM",
        "population": 107143
    },
    "288967": {
        "ids": {
            "geonames": 288967
        },
        "long": {
            "default": "Seeb"
        },
        "parent": 411740,
        "lat": 23.67027,
        "lng": 58.18911,
        "country": "OM",
        "population": 237816
    },
    "289011": {
        "ids": {
            "geonames": 289011
        },
        "long": {
            "default": "Rustaq"
        },
        "parent": 411736,
        "lat": 23.39083,
        "lng": 57.42444,
        "country": "OM",
        "population": 79383
    },
    "289199": {
        "ids": {
            "geonames": 289199
        },
        "long": {
            "default": "Al Khābūrah"
        },
        "parent": 8394434,
        "lat": 23.98864,
        "lng": 57.09838,
        "country": "OM",
        "population": 50223
    },
    "289317": {
        "ids": {
            "geonames": 289317
        },
        "long": {
            "default": "Al Buraymī"
        },
        "parent": 7110710,
        "lat": 24.25088,
        "lng": 55.79312,
        "country": "OM",
        "population": 73670
    }
}