{
    "3700563": {
        "ids": {
            "geonames": 3700563
        },
        "long": {
            "default": "Tocumen"
        },
        "parent": 3703433,
        "lat": 9.08939,
        "lng": -79.3831,
        "country": "PA",
        "population": 88543
    },
    "3701329": {
        "ids": {
            "geonames": 3701329
        },
        "long": {
            "default": "San Miguelito"
        },
        "parent": 3703433,
        "lat": 9.05032,
        "lng": -79.47068,
        "country": "PA",
        "population": 321501
    },
    "3703443": {
        "ids": {
            "geonames": 3703443
        },
        "long": {
            "default": "Panamá"
        },
        "parent": 3703433,
        "lat": 8.9936,
        "lng": -79.51973,
        "country": "PA",
        "population": 408168
    },
    "3703647": {
        "ids": {
            "geonames": 3703647
        },
        "long": {
            "default": "Pacora"
        },
        "parent": 3703433,
        "lat": 9.07937,
        "lng": -79.28997,
        "country": "PA",
        "population": 55530
    },
    "3706567": {
        "ids": {
            "geonames": 3706567
        },
        "long": {
            "default": "Las Cumbres"
        },
        "parent": 3703433,
        "lat": 9.08916,
        "lng": -79.52809,
        "country": "PA",
        "population": 69102
    },
    "3707961": {
        "ids": {
            "geonames": 3707961
        },
        "long": {
            "default": "La Chorrera"
        },
        "parent": 3703433,
        "lat": 8.88028,
        "lng": -79.78333,
        "country": "PA",
        "population": 61232
    },
    "3711668": {
        "ids": {
            "geonames": 3711668
        },
        "long": {
            "default": "David"
        },
        "parent": 3712410,
        "lat": 8.42729,
        "lng": -82.43085,
        "country": "PA",
        "population": 82859
    },
    "3712076": {
        "ids": {
            "geonames": 3712076
        },
        "long": {
            "default": "Colón"
        },
        "parent": 3712073,
        "lat": 9.35451,
        "lng": -79.90011,
        "country": "PA",
        "population": 76643
    },
    "3714637": {
        "ids": {
            "geonames": 3714637
        },
        "long": {
            "default": "Arraiján"
        },
        "parent": 3703433,
        "lat": 8.95,
        "lng": -79.65,
        "country": "PA",
        "population": 76815
    }
}