{
    "3691148": {
        "ids": {
            "geonames": 3691148
        },
        "long": {
            "default": "Tumbes"
        },
        "parent": 3691146,
        "lat": -3.56694,
        "lng": -80.45153,
        "country": "PE",
        "population": 109223
    },
    "3691175": {
        "ids": {
            "geonames": 3691175
        },
        "long": {
            "default": "Trujillo"
        },
        "parent": 3695781,
        "lat": -8.11599,
        "lng": -79.02998,
        "country": "PE",
        "population": 747450
    },
    "3691348": {
        "ids": {
            "geonames": 3691348
        },
        "long": {
            "default": "Tingo María"
        },
        "parent": 3696416,
        "lat": -9.29616,
        "lng": -75.99831,
        "country": "PE",
        "population": 53177
    },
    "3691582": {
        "ids": {
            "geonames": 3691582
        },
        "long": {
            "default": "Talara"
        },
        "parent": 3693525,
        "lat": -4.57722,
        "lng": -81.27194,
        "country": "PE",
        "population": 99074
    },
    "3691674": {
        "ids": {
            "geonames": 3691674
        },
        "long": {
            "default": "Sullana"
        },
        "parent": 3693525,
        "lat": -4.90389,
        "lng": -80.68528,
        "country": "PE",
        "population": 160789
    },
    "3693345": {
        "ids": {
            "geonames": 3693345
        },
        "long": {
            "default": "Pucallpa"
        },
        "parent": 3691099,
        "lat": -8.37915,
        "lng": -74.55387,
        "country": "PE",
        "population": 310750
    },
    "3693528": {
        "ids": {
            "geonames": 3693528
        },
        "long": {
            "default": "Piura"
        },
        "parent": 3693525,
        "lat": -5.19449,
        "lng": -80.63282,
        "country": "PE",
        "population": 325466
    },
    "3694112": {
        "ids": {
            "geonames": 3694112
        },
        "long": {
            "default": "Paita"
        },
        "parent": 3693525,
        "lat": -5.08917,
        "lng": -81.11444,
        "country": "PE",
        "population": 56151
    },
    "3696150": {
        "ids": {
            "geonames": 3696150
        },
        "long": {
            "default": "Jaén"
        },
        "parent": 3699087,
        "lat": -5.70729,
        "lng": -78.80785,
        "country": "PE",
        "population": 52493
    },
    "3696183": {
        "ids": {
            "geonames": 3696183
        },
        "long": {
            "default": "Iquitos"
        },
        "parent": 3695238,
        "lat": -3.74912,
        "lng": -73.25383,
        "country": "PE",
        "population": 437620
    },
    "3696378": {
        "ids": {
            "geonames": 3696378
        },
        "long": {
            "default": "Huaraz"
        },
        "parent": 3699674,
        "lat": -9.52779,
        "lng": -77.52778,
        "country": "PE",
        "population": 86934
    },
    "3696417": {
        "ids": {
            "geonames": 3696417
        },
        "long": {
            "default": "Huánuco"
        },
        "parent": 3696416,
        "lat": -9.93062,
        "lng": -76.24223,
        "country": "PE",
        "population": 147959
    },
    "3698105": {
        "ids": {
            "geonames": 3698105
        },
        "long": {
            "default": "Chulucanas"
        },
        "parent": 3693525,
        "lat": -5.0925,
        "lng": -80.1625,
        "country": "PE",
        "population": 68835
    },
    "3698304": {
        "ids": {
            "geonames": 3698304
        },
        "long": {
            "default": "Chimbote"
        },
        "parent": 3699674,
        "lat": -9.08528,
        "lng": -78.57833,
        "country": "PE",
        "population": 316966
    },
    "3698350": {
        "ids": {
            "geonames": 3698350
        },
        "long": {
            "default": "Chiclayo"
        },
        "parent": 3695753,
        "lat": -6.77137,
        "lng": -79.84088,
        "country": "PE",
        "population": 577375
    },
    "3698658": {
        "ids": {
            "geonames": 3698658
        },
        "long": {
            "default": "Catacaos"
        },
        "parent": 3693525,
        "lat": -5.26667,
        "lng": -80.68333,
        "country": "PE",
        "population": 57304
    },
    "3699088": {
        "ids": {
            "geonames": 3699088
        },
        "long": {
            "default": "Cajamarca"
        },
        "parent": 3699087,
        "lat": -7.16378,
        "lng": -78.50027,
        "country": "PE",
        "population": 135000
    },
    "3927758": {
        "ids": {
            "geonames": 3927758
        },
        "long": {
            "default": "Tarma"
        },
        "parent": 3937485,
        "lat": -11.41899,
        "lng": -75.68992,
        "country": "PE",
        "population": 51350
    },
    "3928128": {
        "ids": {
            "geonames": 3928128
        },
        "long": {
            "default": "Tacna"
        },
        "parent": 3928127,
        "lat": -18.01465,
        "lng": -70.25362,
        "country": "PE",
        "population": 280098
    },
    "3928245": {
        "ids": {
            "geonames": 3928245
        },
        "long": {
            "default": "Santiago de Surco"
        },
        "parent": 3936452,
        "lat": -12.13588,
        "lng": -77.00742,
        "country": "PE",
        "population": 251648
    },
    "3929631": {
        "ids": {
            "geonames": 3929631
        },
        "long": {
            "default": "San Isidro"
        },
        "parent": 3936452,
        "lat": -12.11667,
        "lng": -77.05,
        "country": "PE",
        "population": 68309
    },
    "3931276": {
        "ids": {
            "geonames": 3931276
        },
        "long": {
            "default": "Puno"
        },
        "parent": 3931275,
        "lat": -15.8422,
        "lng": -70.0199,
        "country": "PE",
        "population": 116552
    },
    "3932145": {
        "ids": {
            "geonames": 3932145
        },
        "long": {
            "default": "Pisco"
        },
        "parent": 3938526,
        "lat": -13.71029,
        "lng": -76.20538,
        "country": "PE",
        "population": 61869
    },
    "3934608": {
        "ids": {
            "geonames": 3934608
        },
        "long": {
            "default": "Moquegua"
        },
        "parent": 3934607,
        "lat": -17.19832,
        "lng": -70.93567,
        "country": "PE",
        "population": 54517
    },
    "3936456": {
        "ids": {
            "geonames": 3936456
        },
        "long": {
            "default": "Lima"
        },
        "parent": 3936451,
        "lat": -12.04318,
        "lng": -77.02824,
        "country": "PE",
        "population": 7737002
    },
    "3937513": {
        "ids": {
            "geonames": 3937513
        },
        "long": {
            "default": "Juliaca"
        },
        "parent": 3931275,
        "lat": -15.5,
        "lng": -70.13333,
        "country": "PE",
        "population": 245675
    },
    "3938415": {
        "ids": {
            "geonames": 3938415
        },
        "long": {
            "default": "Ilo"
        },
        "parent": 3934607,
        "lat": -17.63944,
        "lng": -71.3375,
        "country": "PE",
        "population": 53476
    },
    "3938527": {
        "ids": {
            "geonames": 3938527
        },
        "long": {
            "default": "Ica"
        },
        "parent": 3938526,
        "lat": -14.06777,
        "lng": -75.72861,
        "country": "PE",
        "population": 246844
    },
    "3939285": {
        "ids": {
            "geonames": 3939285
        },
        "long": {
            "default": "Huaral"
        },
        "parent": 3936452,
        "lat": -11.495,
        "lng": -77.20778,
        "country": "PE",
        "population": 62174
    },
    "3939459": {
        "ids": {
            "geonames": 3939459
        },
        "long": {
            "default": "Huancayo"
        },
        "parent": 3937485,
        "lat": -12.06513,
        "lng": -75.20486,
        "country": "PE",
        "population": 376657
    },
    "3940002": {
        "ids": {
            "geonames": 3940002
        },
        "long": {
            "default": "Huacho"
        },
        "parent": 3936452,
        "lat": -11.10667,
        "lng": -77.605,
        "country": "PE",
        "population": 54545
    },
    "3941584": {
        "ids": {
            "geonames": 3941584
        },
        "long": {
            "default": "Cusco"
        },
        "parent": 3941583,
        "lat": -13.52264,
        "lng": -71.96734,
        "country": "PE",
        "population": 312140
    },
    "3943423": {
        "ids": {
            "geonames": 3943423
        },
        "long": {
            "default": "Chosica"
        },
        "parent": 3936452,
        "lat": -11.94306,
        "lng": -76.70944,
        "country": "PE",
        "population": 88606
    },
    "3943789": {
        "ids": {
            "geonames": 3943789
        },
        "long": {
            "default": "Chincha Alta"
        },
        "parent": 3938526,
        "lat": -13.40985,
        "lng": -76.13235,
        "country": "PE",
        "population": 153076
    },
    "3944797": {
        "ids": {
            "geonames": 3944797
        },
        "long": {
            "default": "Cerro de Pasco"
        },
        "parent": 3932834,
        "lat": -10.66748,
        "lng": -76.25668,
        "country": "PE",
        "population": 78910
    },
    "3946083": {
        "ids": {
            "geonames": 3946083
        },
        "long": {
            "default": "Callao"
        },
        "parent": 3946080,
        "lat": -12.05659,
        "lng": -77.11814,
        "country": "PE",
        "population": 813264
    },
    "3947019": {
        "ids": {
            "geonames": 3947019
        },
        "long": {
            "default": "Ayacucho"
        },
        "parent": 3947018,
        "lat": -13.15878,
        "lng": -74.22321,
        "country": "PE",
        "population": 140033
    },
    "3947322": {
        "ids": {
            "geonames": 3947322
        },
        "long": {
            "default": "Arequipa"
        },
        "parent": 3947319,
        "lat": -16.39889,
        "lng": -71.535,
        "country": "PE",
        "population": 841130
    },
    "3948642": {
        "ids": {
            "geonames": 3948642
        },
        "long": {
            "default": "Abancay"
        },
        "parent": 3947421,
        "lat": -13.63389,
        "lng": -72.88139,
        "country": "PE",
        "population": 55111
    }
}