{
    "2088122": {
        "ids": {
            "geonames": 2088122
        },
        "long": {
            "default": "Port Moresby"
        },
        "parent": 2089856,
        "lat": -9.44314,
        "lng": 147.17972,
        "country": "PG",
        "population": 283733
    },
    "2092740": {
        "ids": {
            "geonames": 2092740
        },
        "long": {
            "default": "Lae"
        },
        "parent": 2090468,
        "lat": -6.72208,
        "lng": 146.98469,
        "country": "PG",
        "population": 76255
    }
}