{
    "1679432": {
        "ids": {
            "geonames": 1679432
        },
        "long": {
            "default": "Zamboanga"
        },
        "parent": 7521308,
        "lat": 6.91028,
        "lng": 122.07389,
        "country": "PH",
        "population": 457623
    },
    "1680007": {
        "ids": {
            "geonames": 1680007
        },
        "long": {
            "default": "Victorias"
        },
        "parent": 7521304,
        "lat": 10.90154,
        "lng": 123.0705,
        "country": "PH",
        "population": 86510
    },
    "1680116": {
        "ids": {
            "geonames": 1680116
        },
        "long": {
            "default": "Valencia"
        },
        "parent": 7521295,
        "lat": 7.90639,
        "lng": 125.09417,
        "country": "PH",
        "population": 83591
    },
    "1680197": {
        "ids": {
            "geonames": 1680197
        },
        "long": {
            "default": "Urdaneta"
        },
        "parent": 7521301,
        "lat": 15.97611,
        "lng": 120.57111,
        "country": "PH",
        "population": 101037
    },
    "1680505": {
        "ids": {
            "geonames": 1680505
        },
        "long": {
            "default": "Ualog"
        },
        "parent": 7521304,
        "lat": 10.57396,
        "lng": 123.3933,
        "country": "PH",
        "population": 60548
    },
    "1680932": {
        "ids": {
            "geonames": 1680932
        },
        "long": {
            "default": "Tuguegarao City"
        },
        "parent": 7521297,
        "lat": 17.61306,
        "lng": 121.72694,
        "country": "PH",
        "population": 115105
    },
    "1681602": {
        "ids": {
            "geonames": 1681602
        },
        "long": {
            "default": "Toledo"
        },
        "parent": 7521306,
        "lat": 10.3773,
        "lng": 123.6386,
        "country": "PH",
        "population": 156916
    },
    "1682598": {
        "ids": {
            "geonames": 1682598
        },
        "long": {
            "default": "Taytay"
        },
        "parent": 7521303,
        "lat": 14.55883,
        "lng": 121.13285,
        "country": "PH",
        "population": 231460
    },
    "1682812": {
        "ids": {
            "geonames": 1682812
        },
        "long": {
            "default": "Tarlac City"
        },
        "parent": 7521305,
        "lat": 15.48017,
        "lng": 120.59794,
        "country": "PH",
        "population": 183930
    },
    "1683013": {
        "ids": {
            "geonames": 1683013
        },
        "long": {
            "default": "Tanza"
        },
        "parent": 7521311,
        "lat": 14.6753,
        "lng": 120.9389,
        "country": "PH",
        "population": 105510
    },
    "1683319": {
        "ids": {
            "geonames": 1683319
        },
        "long": {
            "default": "Tanay"
        },
        "parent": 7521303,
        "lat": 14.4968,
        "lng": 121.2846,
        "country": "PH",
        "population": 59950
    },
    "1683340": {
        "ids": {
            "geonames": 1683340
        },
        "long": {
            "default": "Tanauan"
        },
        "parent": 7521303,
        "lat": 14.08627,
        "lng": 121.14975,
        "country": "PH",
        "population": 68456
    },
    "1683877": {
        "ids": {
            "geonames": 1683877
        },
        "long": {
            "default": "Talisay"
        },
        "parent": 7521304,
        "lat": 10.7375,
        "lng": 122.9666,
        "country": "PH",
        "population": 65265
    },
    "1683881": {
        "ids": {
            "geonames": 1683881
        },
        "long": {
            "default": "Talisay"
        },
        "parent": 7521306,
        "lat": 10.24472,
        "lng": 123.84944,
        "country": "PH",
        "population": 133148
    },
    "1684016": {
        "ids": {
            "geonames": 1684016
        },
        "long": {
            "default": "Talavera"
        },
        "parent": 7521305,
        "lat": 15.5883,
        "lng": 120.9192,
        "country": "PH",
        "population": 64610
    },
    "1684269": {
        "ids": {
            "geonames": 1684269
        },
        "long": {
            "default": "Tagum"
        },
        "parent": 7521309,
        "lat": 7.44778,
        "lng": 125.80778,
        "country": "PH",
        "population": 233254
    },
    "1684308": {
        "ids": {
            "geonames": 1684308
        },
        "long": {
            "default": "Taguig"
        },
        "parent": 7521303,
        "lat": 14.5243,
        "lng": 121.0792,
        "country": "PH",
        "population": 644473
    },
    "1684497": {
        "ids": {
            "geonames": 1684497
        },
        "long": {
            "default": "Tagbilaran City"
        },
        "parent": 7521306,
        "lat": 9.65556,
        "lng": 123.85219,
        "country": "PH",
        "population": 86411
    },
    "1684681": {
        "ids": {
            "geonames": 1684681
        },
        "long": {
            "default": "Tacurong"
        },
        "parent": 7521298,
        "lat": 6.6925,
        "lng": 124.67639,
        "country": "PH",
        "population": 54648
    },
    "1685117": {
        "ids": {
            "geonames": 1685117
        },
        "long": {
            "default": "Tabaco"
        },
        "parent": 7521310,
        "lat": 13.35861,
        "lng": 123.73361,
        "country": "PH",
        "population": 57860
    },
    "1685218": {
        "ids": {
            "geonames": 1685218
        },
        "long": {
            "default": "Surigao"
        },
        "parent": 7521299,
        "lat": 9.789,
        "lng": 125.495,
        "country": "PH",
        "population": 87832
    },
    "1685577": {
        "ids": {
            "geonames": 1685577
        },
        "long": {
            "default": "Subic"
        },
        "parent": 7521305,
        "lat": 14.87999,
        "lng": 120.23433,
        "country": "PH",
        "population": 67664
    },
    "1685755": {
        "ids": {
            "geonames": 1685755
        },
        "long": {
            "default": "Sorsogon"
        },
        "parent": 7521310,
        "lat": 12.97389,
        "lng": 123.99333,
        "country": "PH",
        "population": 82730
    },
    "1685880": {
        "ids": {
            "geonames": 1685880
        },
        "long": {
            "default": "Solana"
        },
        "parent": 7521297,
        "lat": 17.6528,
        "lng": 121.691,
        "country": "PH",
        "population": 71475
    },
    "1686547": {
        "ids": {
            "geonames": 1686547
        },
        "long": {
            "default": "Silang"
        },
        "parent": 7521303,
        "lat": 14.21567,
        "lng": 120.97137,
        "country": "PH",
        "population": 119475
    },
    "1687534": {
        "ids": {
            "geonames": 1687534
        },
        "long": {
            "default": "Santo Tomas"
        },
        "parent": 7521303,
        "lat": 14.1079,
        "lng": 121.14136,
        "country": "PH",
        "population": 57438
    },
    "1687687": {
        "ids": {
            "geonames": 1687687
        },
        "long": {
            "default": "Santol"
        },
        "parent": 7521305,
        "lat": 15.16222,
        "lng": 120.5675,
        "country": "PH",
        "population": 298976
    },
    "1687801": {
        "ids": {
            "geonames": 1687801
        },
        "long": {
            "default": "Santiago"
        },
        "parent": 7521297,
        "lat": 16.68808,
        "lng": 121.5487,
        "country": "PH",
        "population": 108414
    },
    "1687894": {
        "ids": {
            "geonames": 1687894
        },
        "long": {
            "default": "Santa Rosa"
        },
        "parent": 7521303,
        "lat": 14.31222,
        "lng": 121.11139,
        "country": "PH",
        "population": 216650
    },
    "1688253": {
        "ids": {
            "geonames": 1688253
        },
        "long": {
            "default": "Santa Cruz"
        },
        "parent": 7521303,
        "lat": 14.2814,
        "lng": 121.4161,
        "country": "PH",
        "population": 108145
    },
    "1688749": {
        "ids": {
            "geonames": 1688749
        },
        "long": {
            "default": "San Pedro"
        },
        "parent": 7521303,
        "lat": 14.3595,
        "lng": 121.0473,
        "country": "PH",
        "population": 270216
    },
    "1688830": {
        "ids": {
            "geonames": 1688830
        },
        "long": {
            "default": "San Pablo"
        },
        "parent": 7521303,
        "lat": 14.0683,
        "lng": 121.3256,
        "country": "PH",
        "population": 207577
    },
    "1688954": {
        "ids": {
            "geonames": 1688954
        },
        "long": {
            "default": "San Miguel"
        },
        "parent": 7521305,
        "lat": 15.1423,
        "lng": 120.97568,
        "country": "PH",
        "population": 65661
    },
    "1689056": {
        "ids": {
            "geonames": 1689056
        },
        "long": {
            "default": "San Mateo"
        },
        "parent": 7521303,
        "lat": 14.6982,
        "lng": 121.1236,
        "country": "PH",
        "population": 134327
    },
    "1689286": {
        "ids": {
            "geonames": 1689286
        },
        "long": {
            "default": "San Juan"
        },
        "parent": 7521311,
        "lat": 14.6,
        "lng": 121.0333,
        "country": "PH",
        "population": 121430
    },
    "1689395": {
        "ids": {
            "geonames": 1689395
        },
        "long": {
            "default": "San Jose del Monte"
        },
        "parent": 7521305,
        "lat": 14.81389,
        "lng": 121.04528,
        "country": "PH",
        "population": 357828
    },
    "1689510": {
        "ids": {
            "geonames": 1689510
        },
        "long": {
            "default": "San Jose"
        },
        "parent": 7521296,
        "lat": 12.35275,
        "lng": 121.06761,
        "country": "PH",
        "population": 118807
    },
    "1689832": {
        "ids": {
            "geonames": 1689832
        },
        "long": {
            "default": "San Ildefonso"
        },
        "parent": 7521305,
        "lat": 15.0809,
        "lng": 120.941,
        "country": "PH",
        "population": 65669
    },
    "1690033": {
        "ids": {
            "geonames": 1690033
        },
        "long": {
            "default": "San Fernando"
        },
        "parent": 7521301,
        "lat": 16.61591,
        "lng": 120.31663,
        "country": "PH",
        "population": 83003
    },
    "1690039": {
        "ids": {
            "geonames": 1690039
        },
        "long": {
            "default": "San Fernando"
        },
        "parent": 7521305,
        "lat": 15.0286,
        "lng": 120.6898,
        "country": "PH",
        "population": 251248
    },
    "1690313": {
        "ids": {
            "geonames": 1690313
        },
        "long": {
            "default": "San Antonio"
        },
        "parent": 7521305,
        "lat": 15.24226,
        "lng": 120.83924,
        "country": "PH",
        "population": 67446
    },
    "1691150": {
        "ids": {
            "geonames": 1691150
        },
        "long": {
            "default": "Sagay"
        },
        "parent": 7521304,
        "lat": 10.94472,
        "lng": 123.42417,
        "country": "PH",
        "population": 72153
    },
    "1691444": {
        "ids": {
            "geonames": 1691444
        },
        "long": {
            "default": "Roxas City"
        },
        "parent": 7521304,
        "lat": 11.58528,
        "lng": 122.75111,
        "country": "PH",
        "population": 102688
    },
    "1692192": {
        "ids": {
            "geonames": 1692192
        },
        "long": {
            "default": "Quezon City"
        },
        "parent": 7521311,
        "lat": 14.6488,
        "lng": 121.0509,
        "country": "PH",
        "population": 2761720
    },
    "1692520": {
        "ids": {
            "geonames": 1692520
        },
        "long": {
            "default": "Pulong Santa Cruz"
        },
        "parent": 7521303,
        "lat": 14.27324,
        "lng": 121.07643,
        "country": "PH",
        "population": 101914
    },
    "1692565": {
        "ids": {
            "geonames": 1692565
        },
        "long": {
            "default": "Pulilan"
        },
        "parent": 7521305,
        "lat": 14.90167,
        "lng": 120.84917,
        "country": "PH",
        "population": 77186
    },
    "1692685": {
        "ids": {
            "geonames": 1692685
        },
        "long": {
            "default": "Puerto Princesa"
        },
        "parent": 7521296,
        "lat": 9.73917,
        "lng": 118.73528,
        "country": "PH",
        "population": 222673
    },
    "1693077": {
        "ids": {
            "geonames": 1693077
        },
        "long": {
            "default": "Polomolok"
        },
        "parent": 7521309,
        "lat": 6.22167,
        "lng": 125.06398,
        "country": "PH",
        "population": 63987
    },
    "1693136": {
        "ids": {
            "geonames": 1693136
        },
        "long": {
            "default": "Polangui"
        },
        "parent": 7521310,
        "lat": 13.2923,
        "lng": 123.4855,
        "country": "PH",
        "population": 77122
    },
    "1693239": {
        "ids": {
            "geonames": 1693239
        },
        "long": {
            "default": "Plaridel"
        },
        "parent": 7521305,
        "lat": 14.88722,
        "lng": 120.85722,
        "country": "PH",
        "population": 70781
    },
    "1694290": {
        "ids": {
            "geonames": 1694290
        },
        "long": {
            "default": "Patuto"
        },
        "parent": 7521303,
        "lat": 14.11667,
        "lng": 120.96667,
        "country": "PH",
        "population": 52883
    },
    "1695743": {
        "ids": {
            "geonames": 1695743
        },
        "long": {
            "default": "Panalanoy"
        },
        "parent": 7521307,
        "lat": 11.25111,
        "lng": 125.00639,
        "country": "PH",
        "population": 189090
    },
    "1695804": {
        "ids": {
            "geonames": 1695804
        },
        "long": {
            "default": "Panabo"
        },
        "parent": 7521309,
        "lat": 7.30806,
        "lng": 125.68417,
        "country": "PH",
        "population": 84749
    },
    "1696710": {
        "ids": {
            "geonames": 1696710
        },
        "long": {
            "default": "Pagadian"
        },
        "parent": 7521308,
        "lat": 7.8257,
        "lng": 123.437,
        "country": "PH",
        "population": 186852
    },
    "1696899": {
        "ids": {
            "geonames": 1696899
        },
        "long": {
            "default": "Ozamiz City"
        },
        "parent": 7521295,
        "lat": 8.1481,
        "lng": 123.8405,
        "country": "PH",
        "population": 93082
    },
    "1697018": {
        "ids": {
            "geonames": 1697018
        },
        "long": {
            "default": "Ormoc"
        },
        "parent": 7521307,
        "lat": 11.00639,
        "lng": 124.6075,
        "country": "PH",
        "population": 191200
    },
    "1697175": {
        "ids": {
            "geonames": 1697175
        },
        "long": {
            "default": "Olongapo"
        },
        "parent": 7521305,
        "lat": 14.82917,
        "lng": 120.28278,
        "country": "PH",
        "population": 221178
    },
    "1697376": {
        "ids": {
            "geonames": 1697376
        },
        "long": {
            "default": "Obando"
        },
        "parent": 7521305,
        "lat": 14.7098,
        "lng": 120.9362,
        "country": "PH",
        "population": 59929
    },
    "1697497": {
        "ids": {
            "geonames": 1697497
        },
        "long": {
            "default": "Norzagaray"
        },
        "parent": 7521305,
        "lat": 14.9109,
        "lng": 121.0493,
        "country": "PH",
        "population": 79508
    },
    "1698030": {
        "ids": {
            "geonames": 1698030
        },
        "long": {
            "default": "Nasugbu"
        },
        "parent": 7521303,
        "lat": 14.06694,
        "lng": 120.63181,
        "country": "PH",
        "population": 62857
    },
    "1698548": {
        "ids": {
            "geonames": 1698548
        },
        "long": {
            "default": "Naic"
        },
        "parent": 7521303,
        "lat": 14.31812,
        "lng": 120.76609,
        "country": "PH",
        "population": 55195
    },
    "1698829": {
        "ids": {
            "geonames": 1698829
        },
        "long": {
            "default": "Naga"
        },
        "parent": 7521310,
        "lat": 13.61917,
        "lng": 123.18139,
        "country": "PH",
        "population": 174931
    },
    "1699054": {
        "ids": {
            "geonames": 1699054
        },
        "long": {
            "default": "Muricay"
        },
        "parent": 7521308,
        "lat": 7.8275,
        "lng": 123.4782,
        "country": "PH",
        "population": 132094
    },
    "1699296": {
        "ids": {
            "geonames": 1699296
        },
        "long": {
            "default": "Rodriguez"
        },
        "parent": 7521303,
        "lat": 14.76011,
        "lng": 121.19993,
        "country": "PH",
        "population": 134432
    },
    "1699323": {
        "ids": {
            "geonames": 1699323
        },
        "long": {
            "default": "Monkayo"
        },
        "parent": 7521309,
        "lat": 7.81528,
        "lng": 126.05444,
        "country": "PH",
        "population": 51393
    },
    "1699572": {
        "ids": {
            "geonames": 1699572
        },
        "long": {
            "default": "Minglanilla"
        },
        "parent": 7521306,
        "lat": 10.24498,
        "lng": 123.7964,
        "country": "PH",
        "population": 62058
    },
    "1699802": {
        "ids": {
            "geonames": 1699802
        },
        "long": {
            "default": "Meycauayan"
        },
        "parent": 7521305,
        "lat": 14.73694,
        "lng": 120.96083,
        "country": "PH",
        "population": 184839
    },
    "1700360": {
        "ids": {
            "geonames": 1700360
        },
        "long": {
            "default": "Mati"
        },
        "parent": 7521309,
        "lat": 6.95508,
        "lng": 126.21655,
        "country": "PH",
        "population": 105908
    },
    "1700868": {
        "ids": {
            "geonames": 1700868
        },
        "long": {
            "default": "Mariveles"
        },
        "parent": 7521305,
        "lat": 14.43385,
        "lng": 120.48569,
        "country": "PH",
        "population": 84567
    },
    "1700917": {
        "ids": {
            "geonames": 1700917
        },
        "long": {
            "default": "Marilao"
        },
        "parent": 7521305,
        "lat": 14.75778,
        "lng": 120.94833,
        "country": "PH",
        "population": 83276
    },
    "1700980": {
        "ids": {
            "geonames": 1700980
        },
        "long": {
            "default": "Mariano"
        },
        "parent": 7521295,
        "lat": 8.83333,
        "lng": 125.11667,
        "country": "PH",
        "population": 70516
    },
    "1701053": {
        "ids": {
            "geonames": 1701053
        },
        "long": {
            "default": "Marawi City"
        },
        "parent": 7115989,
        "lat": 8.0034,
        "lng": 124.28395,
        "country": "PH",
        "population": 143627
    },
    "1701472": {
        "ids": {
            "geonames": 1701472
        },
        "long": {
            "default": "Mantampay"
        },
        "parent": 7521295,
        "lat": 8.16667,
        "lng": 124.21667,
        "country": "PH",
        "population": 265032
    },
    "1701500": {
        "ids": {
            "geonames": 1701500
        },
        "long": {
            "default": "Mansilingan"
        },
        "parent": 7521304,
        "lat": 10.63111,
        "lng": 122.97889,
        "country": "PH",
        "population": 454150
    },
    "1701668": {
        "ids": {
            "geonames": 1701668
        },
        "long": {
            "default": "Manila"
        },
        "parent": 7521311,
        "lat": 14.6042,
        "lng": 120.9822,
        "country": "PH",
        "population": 1600000
    },
    "1701872": {
        "ids": {
            "geonames": 1701872
        },
        "long": {
            "default": "Mangaldan"
        },
        "parent": 7521301,
        "lat": 16.07,
        "lng": 120.4025,
        "country": "PH",
        "population": 88818
    },
    "1701947": {
        "ids": {
            "geonames": 1701947
        },
        "long": {
            "default": "Mandaue City"
        },
        "parent": 7521306,
        "lat": 10.32361,
        "lng": 123.92222,
        "country": "PH",
        "population": 331320
    },
    "1701966": {
        "ids": {
            "geonames": 1701966
        },
        "long": {
            "default": "Mandaluyong City"
        },
        "parent": 7521311,
        "lat": 14.5832,
        "lng": 121.0409,
        "country": "PH",
        "population": 305576
    },
    "1702096": {
        "ids": {
            "geonames": 1702096
        },
        "long": {
            "default": "Manaoag"
        },
        "parent": 7521301,
        "lat": 16.0438,
        "lng": 120.4861,
        "country": "PH",
        "population": 59115
    },
    "1702442": {
        "ids": {
            "geonames": 1702442
        },
        "long": {
            "default": "Maluñgun"
        },
        "parent": 7521298,
        "lat": 6.27917,
        "lng": 125.28167,
        "country": "PH",
        "population": 52248
    },
    "1702540": {
        "ids": {
            "geonames": 1702540
        },
        "long": {
            "default": "Malolos"
        },
        "parent": 7521305,
        "lat": 14.8443,
        "lng": 120.81039,
        "country": "PH",
        "population": 198748
    },
    "1702934": {
        "ids": {
            "geonames": 1702934
        },
        "long": {
            "default": "Malaybalay"
        },
        "parent": 7521295,
        "lat": 8.1575,
        "lng": 125.12778,
        "country": "PH",
        "population": 61524
    },
    "1703417": {
        "ids": {
            "geonames": 1703417
        },
        "long": {
            "default": "Makati City"
        },
        "parent": 7521311,
        "lat": 14.55027,
        "lng": 121.03269,
        "country": "PH",
        "population": 510383
    },
    "1704067": {
        "ids": {
            "geonames": 1704067
        },
        "long": {
            "default": "Magalang"
        },
        "parent": 7521305,
        "lat": 15.2151,
        "lng": 120.6596,
        "country": "PH",
        "population": 68988
    },
    "1704703": {
        "ids": {
            "geonames": 1704703
        },
        "long": {
            "default": "Mabalacat City"
        },
        "parent": 7521305,
        "lat": 15.22303,
        "lng": 120.57117,
        "country": "PH",
        "population": 188050
    },
    "1705357": {
        "ids": {
            "geonames": 1705357
        },
        "long": {
            "default": "Lucena"
        },
        "parent": 7521303,
        "lat": 13.93139,
        "lng": 121.61722,
        "country": "PH",
        "population": 228758
    },
    "1705440": {
        "ids": {
            "geonames": 1705440
        },
        "long": {
            "default": "Lubao"
        },
        "parent": 7521305,
        "lat": 14.9405,
        "lng": 120.6011,
        "country": "PH",
        "population": 55645
    },
    "1705536": {
        "ids": {
            "geonames": 1705536
        },
        "long": {
            "default": "Los Baños"
        },
        "parent": 7521303,
        "lat": 14.17025,
        "lng": 121.24181,
        "country": "PH",
        "population": 95750
    },
    "1706090": {
        "ids": {
            "geonames": 1706090
        },
        "long": {
            "default": "Lipa City"
        },
        "parent": 7521303,
        "lat": 13.9411,
        "lng": 121.1631,
        "country": "PH",
        "population": 212287
    },
    "1706188": {
        "ids": {
            "geonames": 1706188
        },
        "long": {
            "default": "Lingayen"
        },
        "parent": 7521301,
        "lat": 16.02182,
        "lng": 120.23194,
        "country": "PH",
        "population": 56580
    },
    "1706361": {
        "ids": {
            "geonames": 1706361
        },
        "long": {
            "default": "Limay"
        },
        "parent": 7521305,
        "lat": 14.56194,
        "lng": 120.59833,
        "country": "PH",
        "population": 52824
    },
    "1706609": {
        "ids": {
            "geonames": 1706609
        },
        "long": {
            "default": "Libon"
        },
        "parent": 7521310,
        "lat": 13.2997,
        "lng": 123.4386,
        "country": "PH",
        "population": 68846
    },
    "1706684": {
        "ids": {
            "geonames": 1706684
        },
        "long": {
            "default": "Libertad"
        },
        "parent": 7521299,
        "lat": 8.94417,
        "lng": 125.50194,
        "country": "PH",
        "population": 250353
    },
    "1706889": {
        "ids": {
            "geonames": 1706889
        },
        "long": {
            "default": "Legaspi"
        },
        "parent": 7521310,
        "lat": 13.14125,
        "lng": 123.74073,
        "country": "PH",
        "population": 179481
    },
    "1707267": {
        "ids": {
            "geonames": 1707267
        },
        "long": {
            "default": "Lapu-Lapu City"
        },
        "parent": 7521306,
        "lat": 10.31028,
        "lng": 123.94944,
        "country": "PH",
        "population": 350467
    },
    "1707404": {
        "ids": {
            "geonames": 1707404
        },
        "long": {
            "default": "Laoag"
        },
        "parent": 7521301,
        "lat": 18.1978,
        "lng": 120.5957,
        "country": "PH",
        "population": 102105
    },
    "1707944": {
        "ids": {
            "geonames": 1707944
        },
        "long": {
            "default": "Lala"
        },
        "parent": 7521295,
        "lat": 7.9745,
        "lng": 123.7458,
        "country": "PH",
        "population": 61845
    },
    "1708522": {
        "ids": {
            "geonames": 1708522
        },
        "long": {
            "default": "Koronadal"
        },
        "parent": 7521298,
        "lat": 6.50306,
        "lng": 124.84694,
        "country": "PH",
        "population": 125502
    },
    "1708824": {
        "ids": {
            "geonames": 1708824
        },
        "long": {
            "default": "Kidapawan"
        },
        "parent": 7521298,
        "lat": 7.00833,
        "lng": 125.08944,
        "country": "PH",
        "population": 79652
    },
    "1709003": {
        "ids": {
            "geonames": 1709003
        },
        "long": {
            "default": "Kawit"
        },
        "parent": 7521303,
        "lat": 14.44426,
        "lng": 120.90164,
        "country": "PH",
        "population": 73210
    },
    "1709632": {
        "ids": {
            "geonames": 1709632
        },
        "long": {
            "default": "Kalibo (poblacion)"
        },
        "parent": 7521304,
        "lat": 11.70611,
        "lng": 122.36444,
        "country": "PH",
        "population": 56845
    },
    "1709968": {
        "ids": {
            "geonames": 1709968
        },
        "long": {
            "default": "Kabankalan"
        },
        "parent": 7521304,
        "lat": 9.9839,
        "lng": 122.81423,
        "country": "PH",
        "population": 136483
    },
    "1710141": {
        "ids": {
            "geonames": 1710141
        },
        "long": {
            "default": "Jolo"
        },
        "parent": 7115989,
        "lat": 6.05222,
        "lng": 121.00222,
        "country": "PH",
        "population": 101002
    },
    "1710519": {
        "ids": {
            "geonames": 1710519
        },
        "long": {
            "default": "City of Isabela"
        },
        "parent": 7115989,
        "lat": 6.70407,
        "lng": 121.97117,
        "country": "PH",
        "population": 67336
    },
    "1710544": {
        "ids": {
            "geonames": 1710544
        },
        "long": {
            "default": "Iriga City"
        },
        "parent": 7521310,
        "lat": 13.4324,
        "lng": 123.4115,
        "country": "PH",
        "population": 94846
    },
    "1710914": {
        "ids": {
            "geonames": 1710914
        },
        "long": {
            "default": "Imus"
        },
        "parent": 7521303,
        "lat": 14.42972,
        "lng": 120.93667,
        "country": "PH",
        "population": 216099
    },
    "1711005": {
        "ids": {
            "geonames": 1711005
        },
        "long": {
            "default": "Iloilo"
        },
        "parent": 7521304,
        "lat": 10.69694,
        "lng": 122.56444,
        "country": "PH",
        "population": 387681
    },
    "1711082": {
        "ids": {
            "geonames": 1711082
        },
        "long": {
            "default": "Iligan City"
        },
        "parent": 7521298,
        "lat": 8.25,
        "lng": 124.4,
        "country": "PH",
        "population": 312323
    },
    "1711146": {
        "ids": {
            "geonames": 1711146
        },
        "long": {
            "default": "Ilagan"
        },
        "parent": 7521297,
        "lat": 17.14854,
        "lng": 121.88924,
        "country": "PH",
        "population": 72363
    },
    "1711982": {
        "ids": {
            "geonames": 1711982
        },
        "long": {
            "default": "Hagonoy"
        },
        "parent": 7521305,
        "lat": 14.83413,
        "lng": 120.73271,
        "country": "PH",
        "population": 123531
    },
    "1712051": {
        "ids": {
            "geonames": 1712051
        },
        "long": {
            "default": "Guyong"
        },
        "parent": 7521305,
        "lat": 14.8361,
        "lng": 120.97844,
        "country": "PH",
        "population": 155391
    },
    "1712531": {
        "ids": {
            "geonames": 1712531
        },
        "long": {
            "default": "Guiguinto"
        },
        "parent": 7521305,
        "lat": 14.83333,
        "lng": 120.88333,
        "country": "PH",
        "population": 76613
    },
    "1713014": {
        "ids": {
            "geonames": 1713014
        },
        "long": {
            "default": "General Trias"
        },
        "parent": 7521303,
        "lat": 14.38694,
        "lng": 120.88167,
        "country": "PH",
        "population": 96022
    },
    "1713022": {
        "ids": {
            "geonames": 1713022
        },
        "long": {
            "default": "General Santos"
        },
        "parent": 7521298,
        "lat": 6.11278,
        "lng": 125.17167,
        "country": "PH",
        "population": 679588
    },
    "1713226": {
        "ids": {
            "geonames": 1713226
        },
        "long": {
            "default": "Gapan"
        },
        "parent": 7521305,
        "lat": 15.3072,
        "lng": 120.9464,
        "country": "PH",
        "population": 79064
    },
    "1714201": {
        "ids": {
            "geonames": 1714201
        },
        "long": {
            "default": "Dumaguete"
        },
        "parent": 7521306,
        "lat": 9.30722,
        "lng": 123.30261,
        "country": "PH",
        "population": 113541
    },
    "1714674": {
        "ids": {
            "geonames": 1714674
        },
        "long": {
            "default": "Dipolog"
        },
        "parent": 7521308,
        "lat": 8.56697,
        "lng": 123.33471,
        "country": "PH",
        "population": 93549
    },
    "1714766": {
        "ids": {
            "geonames": 1714766
        },
        "long": {
            "default": "Dinalupihan"
        },
        "parent": 7521305,
        "lat": 14.87827,
        "lng": 120.45221,
        "country": "PH",
        "population": 66670
    },
    "1714956": {
        "ids": {
            "geonames": 1714956
        },
        "long": {
            "default": "Digos"
        },
        "parent": 7521309,
        "lat": 6.74972,
        "lng": 125.35722,
        "country": "PH",
        "population": 116122
    },
    "1715348": {
        "ids": {
            "geonames": 1715348
        },
        "long": {
            "default": "Davao"
        },
        "parent": 7521309,
        "lat": 7.07306,
        "lng": 125.61278,
        "country": "PH",
        "population": 1212504
    },
    "1715430": {
        "ids": {
            "geonames": 1715430
        },
        "long": {
            "default": "Dasmariñas"
        },
        "parent": 7521303,
        "lat": 14.32944,
        "lng": 120.93667,
        "country": "PH",
        "population": 441876
    },
    "1715542": {
        "ids": {
            "geonames": 1715542
        },
        "long": {
            "default": "Dapitan"
        },
        "parent": 7521308,
        "lat": 8.6561,
        "lng": 123.4227,
        "country": "PH",
        "population": 50514
    },
    "1715804": {
        "ids": {
            "geonames": 1715804
        },
        "long": {
            "default": "Danao"
        },
        "parent": 7521306,
        "lat": 10.52083,
        "lng": 124.02722,
        "country": "PH",
        "population": 70270
    },
    "1716287": {
        "ids": {
            "geonames": 1716287
        },
        "long": {
            "default": "Daet"
        },
        "parent": 7521310,
        "lat": 14.1122,
        "lng": 122.9553,
        "country": "PH",
        "population": 78142
    },
    "1716771": {
        "ids": {
            "geonames": 1716771
        },
        "long": {
            "default": "Cotabato"
        },
        "parent": 7115989,
        "lat": 7.22361,
        "lng": 124.24639,
        "country": "PH",
        "population": 179433
    },
    "1716995": {
        "ids": {
            "geonames": 1716995
        },
        "long": {
            "default": "Concepcion"
        },
        "parent": 7521305,
        "lat": 15.32546,
        "lng": 120.65723,
        "country": "PH",
        "population": 64402
    },
    "1717512": {
        "ids": {
            "geonames": 1717512
        },
        "long": {
            "default": "Cebu City"
        },
        "parent": 7521306,
        "lat": 10.31672,
        "lng": 123.89071,
        "country": "PH",
        "population": 798634
    },
    "1717641": {
        "ids": {
            "geonames": 1717641
        },
        "long": {
            "default": "Cavite City"
        },
        "parent": 7521303,
        "lat": 14.48369,
        "lng": 120.89878,
        "country": "PH",
        "population": 115932
    },
    "1717911": {
        "ids": {
            "geonames": 1717911
        },
        "long": {
            "default": "Catbalogan"
        },
        "parent": 7521307,
        "lat": 11.77528,
        "lng": 124.88611,
        "country": "PH",
        "population": 68081
    },
    "1718306": {
        "ids": {
            "geonames": 1718306
        },
        "long": {
            "default": "Carmona"
        },
        "parent": 7521303,
        "lat": 14.3132,
        "lng": 121.0576,
        "country": "PH",
        "population": 55887
    },
    "1718722": {
        "ids": {
            "geonames": 1718722
        },
        "long": {
            "default": "Capas"
        },
        "parent": 7521305,
        "lat": 15.33117,
        "lng": 120.5898,
        "country": "PH",
        "population": 72070
    },
    "1719274": {
        "ids": {
            "geonames": 1719274
        },
        "long": {
            "default": "Candelaria"
        },
        "parent": 7521303,
        "lat": 13.93111,
        "lng": 121.42333,
        "country": "PH",
        "population": 60881
    },
    "1720034": {
        "ids": {
            "geonames": 1720034
        },
        "long": {
            "default": "Calumpit"
        },
        "parent": 7521305,
        "lat": 14.91639,
        "lng": 120.76583,
        "country": "PH",
        "population": 91815
    },
    "1720402": {
        "ids": {
            "geonames": 1720402
        },
        "long": {
            "default": "Calbayog City"
        },
        "parent": 7521307,
        "lat": 12.0668,
        "lng": 124.5962,
        "country": "PH",
        "population": 67921
    },
    "1720561": {
        "ids": {
            "geonames": 1720561
        },
        "long": {
            "default": "Calapan"
        },
        "parent": 7521296,
        "lat": 13.4117,
        "lng": 121.1803,
        "country": "PH",
        "population": 66008
    },
    "1720681": {
        "ids": {
            "geonames": 1720681
        },
        "long": {
            "default": "Calamba"
        },
        "parent": 7521303,
        "lat": 14.21167,
        "lng": 121.16528,
        "country": "PH",
        "population": 316612
    },
    "1720840": {
        "ids": {
            "geonames": 1720840
        },
        "long": {
            "default": "Cainta"
        },
        "parent": 7521303,
        "lat": 14.5786,
        "lng": 121.1222,
        "country": "PH",
        "population": 283172
    },
    "1721080": {
        "ids": {
            "geonames": 1721080
        },
        "long": {
            "default": "Cagayan de Oro"
        },
        "parent": 7521295,
        "lat": 8.48222,
        "lng": 124.64722,
        "country": "PH",
        "population": 445103
    },
    "1721168": {
        "ids": {
            "geonames": 1721168
        },
        "long": {
            "default": "Cadiz"
        },
        "parent": 7521304,
        "lat": 10.9465,
        "lng": 123.288,
        "country": "PH",
        "population": 129053
    },
    "1721906": {
        "ids": {
            "geonames": 1721906
        },
        "long": {
            "default": "Cabanatuan City"
        },
        "parent": 7521305,
        "lat": 15.48586,
        "lng": 120.96648,
        "country": "PH",
        "population": 220250
    },
    "1722186": {
        "ids": {
            "geonames": 1722186
        },
        "long": {
            "default": "Butuan"
        },
        "parent": 7521299,
        "lat": 8.94917,
        "lng": 125.54361,
        "country": "PH",
        "population": 309709
    },
    "1722930": {
        "ids": {
            "geonames": 1722930
        },
        "long": {
            "default": "Bulaon"
        },
        "parent": 7521305,
        "lat": 15.08262,
        "lng": 120.66288,
        "country": "PH",
        "population": 131818
    },
    "1723066": {
        "ids": {
            "geonames": 1723066
        },
        "long": {
            "default": "Bulacan"
        },
        "parent": 7521305,
        "lat": 14.79278,
        "lng": 120.87889,
        "country": "PH",
        "population": 71274
    },
    "1723510": {
        "ids": {
            "geonames": 1723510
        },
        "long": {
            "default": "Budta"
        },
        "parent": 7115989,
        "lat": 7.20417,
        "lng": 124.43972,
        "country": "PH",
        "population": 1273715
    },
    "1724489": {
        "ids": {
            "geonames": 1724489
        },
        "long": {
            "default": "Bocaue"
        },
        "parent": 7521305,
        "lat": 14.79833,
        "lng": 120.92611,
        "country": "PH",
        "population": 98649
    },
    "1724767": {
        "ids": {
            "geonames": 1724767
        },
        "long": {
            "default": "Bislig"
        },
        "parent": 7521299,
        "lat": 8.21528,
        "lng": 126.31639,
        "country": "PH",
        "population": 67567
    },
    "1724933": {
        "ids": {
            "geonames": 1724933
        },
        "long": {
            "default": "Binonga"
        },
        "parent": 7521304,
        "lat": 10.7719,
        "lng": 122.9817,
        "country": "PH",
        "population": 83980
    },
    "1725094": {
        "ids": {
            "geonames": 1725094
        },
        "long": {
            "default": "Binangonan"
        },
        "parent": 7521303,
        "lat": 14.4646,
        "lng": 121.1929,
        "country": "PH",
        "population": 219204
    },
    "1726280": {
        "ids": {
            "geonames": 1726280
        },
        "long": {
            "default": "Batangas"
        },
        "parent": 7521303,
        "lat": 13.7567,
        "lng": 121.0584,
        "country": "PH",
        "population": 237370
    },
    "1726339": {
        "ids": {
            "geonames": 1726339
        },
        "long": {
            "default": "Batac City"
        },
        "parent": 7521301,
        "lat": 18.0554,
        "lng": 120.56489,
        "country": "PH",
        "population": 53542
    },
    "1727400": {
        "ids": {
            "geonames": 1727400
        },
        "long": {
            "default": "Bañga"
        },
        "parent": 7521298,
        "lat": 6.42389,
        "lng": 124.77833,
        "country": "PH",
        "population": 58855
    },
    "1727995": {
        "ids": {
            "geonames": 1727995
        },
        "long": {
            "default": "Baliuag"
        },
        "parent": 7521305,
        "lat": 14.95472,
        "lng": 120.89694,
        "country": "PH",
        "population": 135679
    },
    "1728336": {
        "ids": {
            "geonames": 1728336
        },
        "long": {
            "default": "Balayan"
        },
        "parent": 7521303,
        "lat": 13.93714,
        "lng": 120.73224,
        "country": "PH",
        "population": 50115
    },
    "1728523": {
        "ids": {
            "geonames": 1728523
        },
        "long": {
            "default": "Balanga"
        },
        "parent": 7521305,
        "lat": 14.67611,
        "lng": 120.53611,
        "country": "PH",
        "population": 72954
    },
    "1728584": {
        "ids": {
            "geonames": 1728584
        },
        "long": {
            "default": "Balagtas"
        },
        "parent": 7521305,
        "lat": 14.81667,
        "lng": 120.86667,
        "country": "PH",
        "population": 59826
    },
    "1728772": {
        "ids": {
            "geonames": 1728772
        },
        "long": {
            "default": "Bais"
        },
        "parent": 7521306,
        "lat": 9.59111,
        "lng": 123.12278,
        "country": "PH",
        "population": 65594
    },
    "1728930": {
        "ids": {
            "geonames": 1728930
        },
        "long": {
            "default": "Baguio"
        },
        "parent": 7521300,
        "lat": 16.41639,
        "lng": 120.59306,
        "country": "PH",
        "population": 272714
    },
    "1729085": {
        "ids": {
            "geonames": 1729085
        },
        "long": {
            "default": "Bago City"
        },
        "parent": 7521304,
        "lat": 10.53333,
        "lng": 122.83333,
        "country": "PH",
        "population": 150250
    },
    "1729524": {
        "ids": {
            "geonames": 1729524
        },
        "long": {
            "default": "Bacoor"
        },
        "parent": 7521303,
        "lat": 14.45903,
        "lng": 120.92903,
        "country": "PH",
        "population": 356974
    },
    "1729564": {
        "ids": {
            "geonames": 1729564
        },
        "long": {
            "default": "Bacolod City"
        },
        "parent": 7521304,
        "lat": 10.66667,
        "lng": 122.95,
        "country": "PH",
        "population": 454898
    },
    "1730225": {
        "ids": {
            "geonames": 1730225
        },
        "long": {
            "default": "Arayat"
        },
        "parent": 7521305,
        "lat": 15.1505,
        "lng": 120.7697,
        "country": "PH",
        "population": 87987
    },
    "1730413": {
        "ids": {
            "geonames": 1730413
        },
        "long": {
            "default": "Apalit"
        },
        "parent": 7521305,
        "lat": 14.95333,
        "lng": 120.77,
        "country": "PH",
        "population": 77418
    },
    "1730501": {
        "ids": {
            "geonames": 1730501
        },
        "long": {
            "default": "Antipolo"
        },
        "parent": 7521303,
        "lat": 14.62578,
        "lng": 121.12251,
        "country": "PH",
        "population": 549543
    },
    "1730713": {
        "ids": {
            "geonames": 1730713
        },
        "long": {
            "default": "Angono"
        },
        "parent": 7521303,
        "lat": 14.5266,
        "lng": 121.1536,
        "country": "PH",
        "population": 87199
    },
    "1730737": {
        "ids": {
            "geonames": 1730737
        },
        "long": {
            "default": "Angeles City"
        },
        "parent": 7521305,
        "lat": 15.15,
        "lng": 120.58333,
        "country": "PH",
        "population": 299391
    },
    "1978681": {
        "ids": {
            "geonames": 1978681
        },
        "long": {
            "default": "Malingao"
        },
        "parent": 7521298,
        "lat": 7.16083,
        "lng": 124.475,
        "country": "PH",
        "population": 1121974
    },
    "7290466": {
        "ids": {
            "geonames": 7290466
        },
        "long": {
            "default": "Pasig City"
        },
        "parent": 7521311,
        "lat": 14.58691,
        "lng": 121.0614,
        "country": "PH",
        "population": 617301
    }
}