{
    "1162004": {
        "ids": {
            "geonames": 1162004
        },
        "long": {
            "default": "Khairpur"
        },
        "parent": 1164807,
        "lat": 27.52948,
        "lng": 68.7617,
        "country": "PK",
        "population": 124602
    },
    "1162105": {
        "ids": {
            "geonames": 1162105
        },
        "long": {
            "default": "Zhob"
        },
        "parent": 1183606,
        "lat": 31.34111,
        "lng": 69.44806,
        "country": "PK",
        "population": 50537
    },
    "1162456": {
        "ids": {
            "geonames": 1162456
        },
        "long": {
            "default": "Wazīrābād"
        },
        "parent": 1167710,
        "lat": 32.44583,
        "lng": 74.11594,
        "country": "PK",
        "population": 102444
    },
    "1162813": {
        "ids": {
            "geonames": 1162813
        },
        "long": {
            "default": "Vihāri"
        },
        "parent": 1167710,
        "lat": 30.03333,
        "lng": 72.35,
        "country": "PK",
        "population": 112840
    },
    "1163054": {
        "ids": {
            "geonames": 1163054
        },
        "long": {
            "default": "Turbat"
        },
        "parent": 1183606,
        "lat": 26.00122,
        "lng": 63.04849,
        "country": "PK",
        "population": 75694
    },
    "1163272": {
        "ids": {
            "geonames": 1163272
        },
        "long": {
            "default": "Toba Tek Singh"
        },
        "parent": 1167710,
        "lat": 30.97433,
        "lng": 72.48269,
        "country": "PK",
        "population": 69064
    },
    "1163952": {
        "ids": {
            "geonames": 1163952
        },
        "long": {
            "default": "Tando Muhammad Khān"
        },
        "parent": 1164807,
        "lat": 25.12301,
        "lng": 68.53577,
        "country": "PK",
        "population": 72659
    },
    "1163965": {
        "ids": {
            "geonames": 1163965
        },
        "long": {
            "default": "Tando Allāhyār"
        },
        "parent": 1164807,
        "lat": 25.46263,
        "lng": 68.71923,
        "country": "PK",
        "population": 127202
    },
    "1163967": {
        "ids": {
            "geonames": 1163967
        },
        "long": {
            "default": "Tando Ādam"
        },
        "parent": 1164807,
        "lat": 25.76374,
        "lng": 68.66098,
        "country": "PK",
        "population": 125598
    },
    "1164216": {
        "ids": {
            "geonames": 1164216
        },
        "long": {
            "default": "Swābi"
        },
        "parent": 1168873,
        "lat": 34.11988,
        "lng": 72.46987,
        "country": "PK",
        "population": 97363
    },
    "1164408": {
        "ids": {
            "geonames": 1164408
        },
        "long": {
            "default": "Sukkur"
        },
        "parent": 1164807,
        "lat": 27.70516,
        "lng": 68.85738,
        "country": "PK",
        "population": 417767
    },
    "1164896": {
        "ids": {
            "geonames": 1164896
        },
        "long": {
            "default": "Sibi"
        },
        "parent": 1183606,
        "lat": 29.5448,
        "lng": 67.8764,
        "country": "PK",
        "population": 64069
    },
    "1164909": {
        "ids": {
            "geonames": 1164909
        },
        "long": {
            "default": "Sialkot"
        },
        "parent": 1167710,
        "lat": 32.49268,
        "lng": 74.53134,
        "country": "PK",
        "population": 477396
    },
    "1164970": {
        "ids": {
            "geonames": 1164970
        },
        "long": {
            "default": "Shujāābād"
        },
        "parent": 1167710,
        "lat": 29.87967,
        "lng": 71.29313,
        "country": "PK",
        "population": 65952
    },
    "1164987": {
        "ids": {
            "geonames": 1164987
        },
        "long": {
            "default": "Shorko"
        },
        "parent": 1168873,
        "lat": 31.90991,
        "lng": 70.87741,
        "country": "PK",
        "population": 67439
    },
    "1165108": {
        "ids": {
            "geonames": 1165108
        },
        "long": {
            "default": "Shikārpur"
        },
        "parent": 1164807,
        "lat": 27.95706,
        "lng": 68.63789,
        "country": "PK",
        "population": 156901
    },
    "1165221": {
        "ids": {
            "geonames": 1165221
        },
        "long": {
            "default": "Sheikhupura"
        },
        "parent": 1167710,
        "lat": 31.71306,
        "lng": 73.97833,
        "country": "PK",
        "population": 361303
    },
    "1165388": {
        "ids": {
            "geonames": 1165388
        },
        "long": {
            "default": "Shakargarh"
        },
        "parent": 1167710,
        "lat": 32.26361,
        "lng": 75.16008,
        "country": "PK",
        "population": 64304
    },
    "1165569": {
        "ids": {
            "geonames": 1165569
        },
        "long": {
            "default": "Shahkot"
        },
        "parent": 1167710,
        "lat": 31.5709,
        "lng": 73.48531,
        "country": "PK",
        "population": 200000
    },
    "1165635": {
        "ids": {
            "geonames": 1165635
        },
        "long": {
            "default": "Shāhdādpur"
        },
        "parent": 1164807,
        "lat": 25.92406,
        "lng": 68.61999,
        "country": "PK",
        "population": 67249
    },
    "1165638": {
        "ids": {
            "geonames": 1165638
        },
        "long": {
            "default": "Shahdād Kot"
        },
        "parent": 1164807,
        "lat": 27.84726,
        "lng": 67.90679,
        "country": "PK",
        "population": 75411
    },
    "1165744": {
        "ids": {
            "geonames": 1165744
        },
        "long": {
            "default": "Shabqadar"
        },
        "parent": 1168873,
        "lat": 34.21599,
        "lng": 71.5548,
        "country": "PK",
        "population": 66541
    },
    "1166000": {
        "ids": {
            "geonames": 1166000
        },
        "long": {
            "default": "Sargodha"
        },
        "parent": 1167710,
        "lat": 32.08361,
        "lng": 72.67111,
        "country": "PK",
        "population": 542603
    },
    "1166146": {
        "ids": {
            "geonames": 1166146
        },
        "long": {
            "default": "Sangla Hill"
        },
        "parent": 1167710,
        "lat": 31.71667,
        "lng": 73.38333,
        "country": "PK",
        "population": 57002
    },
    "1166164": {
        "ids": {
            "geonames": 1166164
        },
        "long": {
            "default": "Sānghar"
        },
        "parent": 1164807,
        "lat": 26.04656,
        "lng": 68.9481,
        "country": "PK",
        "population": 62033
    },
    "1166265": {
        "ids": {
            "geonames": 1166265
        },
        "long": {
            "default": "Sambriāl"
        },
        "parent": 1167710,
        "lat": 32.47455,
        "lng": 74.35209,
        "country": "PK",
        "population": 62874
    },
    "1166548": {
        "ids": {
            "geonames": 1166548
        },
        "long": {
            "default": "Sahiwal"
        },
        "parent": 1167710,
        "lat": 30.66667,
        "lng": 73.1,
        "country": "PK",
        "population": 235695
    },
    "1166652": {
        "ids": {
            "geonames": 1166652
        },
        "long": {
            "default": "Sādiqābād"
        },
        "parent": 1167710,
        "lat": 28.30623,
        "lng": 70.13065,
        "country": "PK",
        "population": 189876
    },
    "1166827": {
        "ids": {
            "geonames": 1166827
        },
        "long": {
            "default": "Rohri"
        },
        "parent": 1164807,
        "lat": 27.69223,
        "lng": 68.89506,
        "country": "PK",
        "population": 50649
    },
    "1166993": {
        "ids": {
            "geonames": 1166993
        },
        "long": {
            "default": "Rawalpindi"
        },
        "parent": 1167710,
        "lat": 33.6007,
        "lng": 73.0679,
        "country": "PK",
        "population": 1743101
    },
    "1167380": {
        "ids": {
            "geonames": 1167380
        },
        "long": {
            "default": "Rājanpur"
        },
        "parent": 1167710,
        "lat": 29.10351,
        "lng": 70.32504,
        "country": "PK",
        "population": 50682
    },
    "1167507": {
        "ids": {
            "geonames": 1167507
        },
        "long": {
            "default": "Rabwāh"
        },
        "parent": 1167710,
        "lat": 31.75583,
        "lng": 72.91972,
        "country": "PK",
        "population": 70000
    },
    "1167528": {
        "ids": {
            "geonames": 1167528
        },
        "long": {
            "default": "Quetta"
        },
        "parent": 1183606,
        "lat": 30.199,
        "lng": 67.00971,
        "country": "PK",
        "population": 733675
    },
    "1167622": {
        "ids": {
            "geonames": 1167622
        },
        "long": {
            "default": "Kambar"
        },
        "parent": 1164807,
        "lat": 27.58676,
        "lng": 68.00103,
        "country": "PK",
        "population": 77481
    },
    "1168197": {
        "ids": {
            "geonames": 1168197
        },
        "long": {
            "default": "Peshawar"
        },
        "parent": 1168873,
        "lat": 34.008,
        "lng": 71.57849,
        "country": "PK",
        "population": 1218773
    },
    "1168226": {
        "ids": {
            "geonames": 1168226
        },
        "long": {
            "default": "Pattoki"
        },
        "parent": 1167710,
        "lat": 31.01667,
        "lng": 73.85,
        "country": "PK",
        "population": 70436
    },
    "1168307": {
        "ids": {
            "geonames": 1168307
        },
        "long": {
            "default": "Pasrūr"
        },
        "parent": 1167710,
        "lat": 32.26413,
        "lng": 74.66343,
        "country": "PK",
        "population": 53364
    },
    "1168412": {
        "ids": {
            "geonames": 1168412
        },
        "long": {
            "default": "Pāno Āqil"
        },
        "parent": 1164807,
        "lat": 27.85685,
        "lng": 69.11156,
        "country": "PK",
        "population": 72881
    },
    "1168555": {
        "ids": {
            "geonames": 1168555
        },
        "long": {
            "default": "Pākpattan"
        },
        "parent": 1167710,
        "lat": 30.34104,
        "lng": 73.38664,
        "country": "PK",
        "population": 126706
    },
    "1168718": {
        "ids": {
            "geonames": 1168718
        },
        "long": {
            "default": "Okāra"
        },
        "parent": 1167710,
        "lat": 30.80806,
        "lng": 73.44583,
        "country": "PK",
        "population": 223648
    },
    "1169116": {
        "ids": {
            "geonames": 1169116
        },
        "long": {
            "default": "Nawābshāh"
        },
        "parent": 1164807,
        "lat": 26.24833,
        "lng": 68.40955,
        "country": "PK",
        "population": 229504
    },
    "1169278": {
        "ids": {
            "geonames": 1169278
        },
        "long": {
            "default": "Nārowāl"
        },
        "parent": 1167710,
        "lat": 32.1,
        "lng": 74.88333,
        "country": "PK",
        "population": 68291
    },
    "1169372": {
        "ids": {
            "geonames": 1169372
        },
        "long": {
            "default": "Nankāna Sāhib"
        },
        "parent": 1167710,
        "lat": 31.4475,
        "lng": 73.69722,
        "country": "PK",
        "population": 56366
    },
    "1169605": {
        "ids": {
            "geonames": 1169605
        },
        "long": {
            "default": "Muzaffargarh"
        },
        "parent": 1167710,
        "lat": 30.07537,
        "lng": 71.19213,
        "country": "PK",
        "population": 165192
    },
    "1169607": {
        "ids": {
            "geonames": 1169607
        },
        "long": {
            "default": "Muzaffarābād"
        },
        "parent": 1184196,
        "lat": 34.37002,
        "lng": 73.47082,
        "country": "PK",
        "population": 725000
    },
    "1169692": {
        "ids": {
            "geonames": 1169692
        },
        "long": {
            "default": "Murīdke"
        },
        "parent": 1167710,
        "lat": 31.8025,
        "lng": 74.26167,
        "country": "PK",
        "population": 164246
    },
    "1169825": {
        "ids": {
            "geonames": 1169825
        },
        "long": {
            "default": "Multān"
        },
        "parent": 1167710,
        "lat": 30.19556,
        "lng": 71.47528,
        "country": "PK",
        "population": 1437230
    },
    "1170013": {
        "ids": {
            "geonames": 1170013
        },
        "long": {
            "default": "Moro"
        },
        "parent": 1164807,
        "lat": 26.66459,
        "lng": 68.00156,
        "country": "PK",
        "population": 76765
    },
    "1170295": {
        "ids": {
            "geonames": 1170295
        },
        "long": {
            "default": "Mirpur Khas"
        },
        "parent": 1164807,
        "lat": 25.5251,
        "lng": 69.0159,
        "country": "PK",
        "population": 215657
    },
    "1170395": {
        "ids": {
            "geonames": 1170395
        },
        "long": {
            "default": "Mingora"
        },
        "parent": 1168873,
        "lat": 34.7795,
        "lng": 72.36265,
        "country": "PK",
        "population": 279914
    },
    "1170425": {
        "ids": {
            "geonames": 1170425
        },
        "long": {
            "default": "Miānwāli"
        },
        "parent": 1167710,
        "lat": 32.57409,
        "lng": 71.52639,
        "country": "PK",
        "population": 89570
    },
    "1170486": {
        "ids": {
            "geonames": 1170486
        },
        "long": {
            "default": "Miān Channūn"
        },
        "parent": 1167710,
        "lat": 30.44004,
        "lng": 72.35431,
        "country": "PK",
        "population": 76226
    },
    "1170667": {
        "ids": {
            "geonames": 1170667
        },
        "long": {
            "default": "Mātli"
        },
        "parent": 1164807,
        "lat": 25.04312,
        "lng": 68.65568,
        "country": "PK",
        "population": 50398
    },
    "1170880": {
        "ids": {
            "geonames": 1170880
        },
        "long": {
            "default": "Mardan"
        },
        "parent": 1168873,
        "lat": 34.20195,
        "lng": 72.05254,
        "country": "PK",
        "population": 300424
    },
    "1170951": {
        "ids": {
            "geonames": 1170951
        },
        "long": {
            "default": "Mānsehra"
        },
        "parent": 1168873,
        "lat": 34.33333,
        "lng": 73.2,
        "country": "PK",
        "population": 66486
    },
    "1171123": {
        "ids": {
            "geonames": 1171123
        },
        "long": {
            "default": "Mandi Bahāuddīn"
        },
        "parent": 1167710,
        "lat": 32.58339,
        "lng": 73.48431,
        "country": "PK",
        "population": 129733
    },
    "1171305": {
        "ids": {
            "geonames": 1171305
        },
        "long": {
            "default": "Malīr Cantonment"
        },
        "parent": 1164807,
        "lat": 24.94343,
        "lng": 67.20591,
        "country": "PK",
        "population": 300000
    },
    "1171502": {
        "ids": {
            "geonames": 1171502
        },
        "long": {
            "default": "Mailsi"
        },
        "parent": 1167710,
        "lat": 29.80028,
        "lng": 72.17583,
        "country": "PK",
        "population": 64545
    },
    "1171965": {
        "ids": {
            "geonames": 1171965
        },
        "long": {
            "default": "Lodhrān"
        },
        "parent": 1167710,
        "lat": 29.54051,
        "lng": 71.63357,
        "country": "PK",
        "population": 97249
    },
    "1172035": {
        "ids": {
            "geonames": 1172035
        },
        "long": {
            "default": "Layyah"
        },
        "parent": 1167710,
        "lat": 30.96128,
        "lng": 70.93904,
        "country": "PK",
        "population": 78954
    },
    "1172128": {
        "ids": {
            "geonames": 1172128
        },
        "long": {
            "default": "Lārkāna"
        },
        "parent": 1164807,
        "lat": 27.55508,
        "lng": 68.21414,
        "country": "PK",
        "population": 364033
    },
    "1172318": {
        "ids": {
            "geonames": 1172318
        },
        "long": {
            "default": "Lāla Mūsa"
        },
        "parent": 1167710,
        "lat": 32.70235,
        "lng": 73.96,
        "country": "PK",
        "population": 65197
    },
    "1172451": {
        "ids": {
            "geonames": 1172451
        },
        "long": {
            "default": "Lahore"
        },
        "parent": 1167710,
        "lat": 31.54972,
        "lng": 74.34361,
        "country": "PK",
        "population": 6310888
    },
    "1172904": {
        "ids": {
            "geonames": 1172904
        },
        "long": {
            "default": "Kotri"
        },
        "parent": 1164807,
        "lat": 25.366,
        "lng": 68.31216,
        "country": "PK",
        "population": 72672
    },
    "1172993": {
        "ids": {
            "geonames": 1172993
        },
        "long": {
            "default": "Kot Malik Barkhurdār"
        },
        "parent": 1183606,
        "lat": 30.20379,
        "lng": 66.98723,
        "country": "PK",
        "population": 69359
    },
    "1173055": {
        "ids": {
            "geonames": 1173055
        },
        "long": {
            "default": "Kotli"
        },
        "parent": 1184196,
        "lat": 33.51836,
        "lng": 73.9022,
        "country": "PK",
        "population": 640000
    },
    "1173378": {
        "ids": {
            "geonames": 1173378
        },
        "long": {
            "default": "Kot Addu"
        },
        "parent": 1167710,
        "lat": 30.4692,
        "lng": 70.96714,
        "country": "PK",
        "population": 104217
    },
    "1173491": {
        "ids": {
            "geonames": 1173491
        },
        "long": {
            "default": "Kohāt"
        },
        "parent": 1168873,
        "lat": 33.58196,
        "lng": 71.44929,
        "country": "PK",
        "population": 151427
    },
    "1173687": {
        "ids": {
            "geonames": 1173687
        },
        "long": {
            "default": "Khushāb"
        },
        "parent": 1167710,
        "lat": 32.29667,
        "lng": 72.3525,
        "country": "PK",
        "population": 102793
    },
    "1174042": {
        "ids": {
            "geonames": 1174042
        },
        "long": {
            "default": "Khāriān"
        },
        "parent": 1167710,
        "lat": 32.81612,
        "lng": 73.88697,
        "country": "PK",
        "population": 81435
    },
    "1174167": {
        "ids": {
            "geonames": 1174167
        },
        "long": {
            "default": "Khānpur"
        },
        "parent": 1167710,
        "lat": 28.64534,
        "lng": 70.6567,
        "country": "PK",
        "population": 142426
    },
    "1174625": {
        "ids": {
            "geonames": 1174625
        },
        "long": {
            "default": "Kasūr"
        },
        "parent": 1167710,
        "lat": 31.11556,
        "lng": 74.44667,
        "country": "PK",
        "population": 290643
    },
    "1174872": {
        "ids": {
            "geonames": 1174872
        },
        "long": {
            "default": "Karachi"
        },
        "parent": 1164807,
        "lat": 24.9056,
        "lng": 67.0822,
        "country": "PK",
        "population": 11624219
    },
    "1175021": {
        "ids": {
            "geonames": 1175021
        },
        "long": {
            "default": "Kandhkot"
        },
        "parent": 1164807,
        "lat": 28.24396,
        "lng": 69.18235,
        "country": "PK",
        "population": 88468
    },
    "1175088": {
        "ids": {
            "geonames": 1175088
        },
        "long": {
            "default": "Kamoke"
        },
        "parent": 1167710,
        "lat": 31.97444,
        "lng": 74.22444,
        "country": "PK",
        "population": 199531
    },
    "1175156": {
        "ids": {
            "geonames": 1175156
        },
        "long": {
            "default": "Kamālia"
        },
        "parent": 1167710,
        "lat": 30.73333,
        "lng": 72.65,
        "country": "PK",
        "population": 112426
    },
    "1175446": {
        "ids": {
            "geonames": 1175446
        },
        "long": {
            "default": "Kohror Pakka"
        },
        "parent": 1167710,
        "lat": 29.62382,
        "lng": 71.91673,
        "country": "PK",
        "population": 69743
    },
    "1175560": {
        "ids": {
            "geonames": 1175560
        },
        "long": {
            "default": "Kabīrwāla"
        },
        "parent": 1167710,
        "lat": 30.40677,
        "lng": 71.8667,
        "country": "PK",
        "population": 60782
    },
    "1175864": {
        "ids": {
            "geonames": 1175864
        },
        "long": {
            "default": "Jhelum"
        },
        "parent": 1167710,
        "lat": 32.93313,
        "lng": 73.72637,
        "country": "PK",
        "population": 164080
    },
    "1175892": {
        "ids": {
            "geonames": 1175892
        },
        "long": {
            "default": "Jhang Sadr"
        },
        "parent": 1167710,
        "lat": 31.27154,
        "lng": 72.32842,
        "country": "PK",
        "population": 341210
    },
    "1176106": {
        "ids": {
            "geonames": 1176106
        },
        "long": {
            "default": "Jarānwāla"
        },
        "parent": 1167710,
        "lat": 31.33333,
        "lng": 73.43333,
        "country": "PK",
        "population": 119785
    },
    "1176241": {
        "ids": {
            "geonames": 1176241
        },
        "long": {
            "default": "Jāmpur"
        },
        "parent": 1167710,
        "lat": 29.64414,
        "lng": 70.59544,
        "country": "PK",
        "population": 63791
    },
    "1176368": {
        "ids": {
            "geonames": 1176368
        },
        "long": {
            "default": "Jalālpur"
        },
        "parent": 1167710,
        "lat": 32.63744,
        "lng": 74.21829,
        "country": "PK",
        "population": 93883
    },
    "1176515": {
        "ids": {
            "geonames": 1176515
        },
        "long": {
            "default": "Jacobābād"
        },
        "parent": 1164807,
        "lat": 28.281,
        "lng": 68.43876,
        "country": "PK",
        "population": 170588
    },
    "1176615": {
        "ids": {
            "geonames": 1176615
        },
        "long": {
            "default": "Islamabad"
        },
        "parent": 1162015,
        "lat": 33.72148,
        "lng": 73.04329,
        "country": "PK",
        "population": 601600
    },
    "1176734": {
        "ids": {
            "geonames": 1176734
        },
        "long": {
            "default": "Hyderabad"
        },
        "parent": 1164807,
        "lat": 25.39242,
        "lng": 68.37366,
        "country": "PK",
        "population": 1386330
    },
    "1176800": {
        "ids": {
            "geonames": 1176800
        },
        "long": {
            "default": "Hujra"
        },
        "parent": 1167710,
        "lat": 30.74179,
        "lng": 73.82358,
        "country": "PK",
        "population": 61546
    },
    "1176997": {
        "ids": {
            "geonames": 1176997
        },
        "long": {
            "default": "Haveli"
        },
        "parent": 1167710,
        "lat": 30.45016,
        "lng": 73.69888,
        "country": "PK",
        "population": 65289
    },
    "1177042": {
        "ids": {
            "geonames": 1177042
        },
        "long": {
            "default": "Hāsilpur"
        },
        "parent": 1167710,
        "lat": 29.71222,
        "lng": 72.55528,
        "country": "PK",
        "population": 88031
    },
    "1177073": {
        "ids": {
            "geonames": 1177073
        },
        "long": {
            "default": "Haru Zbad"
        },
        "parent": 1167710,
        "lat": 29.61206,
        "lng": 73.13802,
        "country": "PK",
        "population": 72432
    },
    "1177107": {
        "ids": {
            "geonames": 1177107
        },
        "long": {
            "default": "Harīpur"
        },
        "parent": 1168873,
        "lat": 33.99997,
        "lng": 72.93409,
        "country": "PK",
        "population": 56977
    },
    "1177384": {
        "ids": {
            "geonames": 1177384
        },
        "long": {
            "default": "Hāfizābād"
        },
        "parent": 1167710,
        "lat": 32.06786,
        "lng": 73.68545,
        "country": "PK",
        "population": 153656
    },
    "1177446": {
        "ids": {
            "geonames": 1177446
        },
        "long": {
            "default": "Gwadar"
        },
        "parent": 1183606,
        "lat": 25.12163,
        "lng": 62.32541,
        "country": "PK",
        "population": 51901
    },
    "1177654": {
        "ids": {
            "geonames": 1177654
        },
        "long": {
            "default": "Gujrāt"
        },
        "parent": 1167710,
        "lat": 32.57284,
        "lng": 74.07897,
        "country": "PK",
        "population": 301506
    },
    "1177662": {
        "ids": {
            "geonames": 1177662
        },
        "long": {
            "default": "Gujrānwāla"
        },
        "parent": 1167710,
        "lat": 32.16167,
        "lng": 74.18831,
        "country": "PK",
        "population": 1384471
    },
    "1177682": {
        "ids": {
            "geonames": 1177682
        },
        "long": {
            "default": "Gūjar Khān"
        },
        "parent": 1167710,
        "lat": 33.25579,
        "lng": 73.30255,
        "country": "PK",
        "population": 69374
    },
    "1178231": {
        "ids": {
            "geonames": 1178231
        },
        "long": {
            "default": "Gojra"
        },
        "parent": 1167710,
        "lat": 31.14874,
        "lng": 72.68656,
        "country": "PK",
        "population": 139726
    },
    "1178456": {
        "ids": {
            "geonames": 1178456
        },
        "long": {
            "default": "Ghotki"
        },
        "parent": 1164807,
        "lat": 28.00604,
        "lng": 69.31608,
        "country": "PK",
        "population": 64295
    },
    "1179400": {
        "ids": {
            "geonames": 1179400
        },
        "long": {
            "default": "Faisalābād"
        },
        "parent": 1167710,
        "lat": 31.41667,
        "lng": 73.08333,
        "country": "PK",
        "population": 2506595
    },
    "1179760": {
        "ids": {
            "geonames": 1179760
        },
        "long": {
            "default": "Dīpālpur"
        },
        "parent": 1167710,
        "lat": 30.67091,
        "lng": 73.65292,
        "country": "PK",
        "population": 74640
    },
    "1180281": {
        "ids": {
            "geonames": 1180281
        },
        "long": {
            "default": "Dera Ismāīl Khān"
        },
        "parent": 1168873,
        "lat": 31.83269,
        "lng": 70.9024,
        "country": "PK",
        "population": 101616
    },
    "1180289": {
        "ids": {
            "geonames": 1180289
        },
        "long": {
            "default": "Dera Ghazi Khan"
        },
        "parent": 1167710,
        "lat": 30.05614,
        "lng": 70.63477,
        "country": "PK",
        "population": 236093
    },
    "1180436": {
        "ids": {
            "geonames": 1180436
        },
        "long": {
            "default": "Daska"
        },
        "parent": 1167710,
        "lat": 32.32426,
        "lng": 74.34974,
        "country": "PK",
        "population": 126924
    },
    "1180809": {
        "ids": {
            "geonames": 1180809
        },
        "long": {
            "default": "Dadu"
        },
        "parent": 1164807,
        "lat": 26.73287,
        "lng": 67.77631,
        "country": "PK",
        "population": 139784
    },
    "1180942": {
        "ids": {
            "geonames": 1180942
        },
        "long": {
            "default": "Chūniān"
        },
        "parent": 1167710,
        "lat": 30.96397,
        "lng": 73.98029,
        "country": "PK",
        "population": 57312
    },
    "1180983": {
        "ids": {
            "geonames": 1180983
        },
        "long": {
            "default": "Chūhar Kāna"
        },
        "parent": 1167710,
        "lat": 31.75,
        "lng": 73.8,
        "country": "PK",
        "population": 69321
    },
    "1181073": {
        "ids": {
            "geonames": 1181073
        },
        "long": {
            "default": "Chishtiān Mandi"
        },
        "parent": 1167710,
        "lat": 29.8,
        "lng": 72.86667,
        "country": "PK",
        "population": 122199
    },
    "1181096": {
        "ids": {
            "geonames": 1181096
        },
        "long": {
            "default": "Chiniot"
        },
        "parent": 1167710,
        "lat": 31.72,
        "lng": 72.97889,
        "country": "PK",
        "population": 201781
    },
    "1181163": {
        "ids": {
            "geonames": 1181163
        },
        "long": {
            "default": "Chīchāwatni"
        },
        "parent": 1167710,
        "lat": 30.53333,
        "lng": 72.7,
        "country": "PK",
        "population": 82762
    },
    "1181439": {
        "ids": {
            "geonames": 1181439
        },
        "long": {
            "default": "Chārsadda"
        },
        "parent": 1168873,
        "lat": 34.14822,
        "lng": 71.7406,
        "country": "PK",
        "population": 95319
    },
    "1181611": {
        "ids": {
            "geonames": 1181611
        },
        "long": {
            "default": "Chaman"
        },
        "parent": 1183606,
        "lat": 30.92102,
        "lng": 66.45975,
        "country": "PK",
        "population": 88568
    },
    "1181636": {
        "ids": {
            "geonames": 1181636
        },
        "long": {
            "default": "Chakwāl"
        },
        "parent": 1167710,
        "lat": 32.93338,
        "lng": 72.85853,
        "country": "PK",
        "population": 101200
    },
    "1182092": {
        "ids": {
            "geonames": 1182092
        },
        "long": {
            "default": "Būrewāla"
        },
        "parent": 1167710,
        "lat": 30.16667,
        "lng": 72.65,
        "country": "PK",
        "population": 183915
    },
    "1182637": {
        "ids": {
            "geonames": 1182637
        },
        "long": {
            "default": "Bhimbar"
        },
        "parent": 1184196,
        "lat": 32.97465,
        "lng": 74.07846,
        "country": "PK",
        "population": 342900
    },
    "1182787": {
        "ids": {
            "geonames": 1182787
        },
        "long": {
            "default": "Bhalwāl"
        },
        "parent": 1167710,
        "lat": 32.27204,
        "lng": 72.90425,
        "country": "PK",
        "population": 74744
    },
    "1182815": {
        "ids": {
            "geonames": 1182815
        },
        "long": {
            "default": "Bhakkar"
        },
        "parent": 1167710,
        "lat": 31.62525,
        "lng": 71.06574,
        "country": "PK",
        "population": 81950
    },
    "1182829": {
        "ids": {
            "geonames": 1182829
        },
        "long": {
            "default": "Bhāi Pheru"
        },
        "parent": 1167710,
        "lat": 31.2,
        "lng": 73.95,
        "country": "PK",
        "population": 86900
    },
    "1183880": {
        "ids": {
            "geonames": 1183880
        },
        "long": {
            "default": "Bahāwalpur"
        },
        "parent": 1167710,
        "lat": 29.4,
        "lng": 71.68333,
        "country": "PK",
        "population": 552607
    },
    "1183883": {
        "ids": {
            "geonames": 1183883
        },
        "long": {
            "default": "Bahāwalnagar"
        },
        "parent": 1167710,
        "lat": 29.99866,
        "lng": 73.2536,
        "country": "PK",
        "population": 126617
    },
    "1184055": {
        "ids": {
            "geonames": 1184055
        },
        "long": {
            "default": "Badīn"
        },
        "parent": 1164807,
        "lat": 24.65599,
        "lng": 68.83841,
        "country": "PK",
        "population": 73569
    },
    "1184249": {
        "ids": {
            "geonames": 1184249
        },
        "long": {
            "default": "Attock City"
        },
        "parent": 1167710,
        "lat": 33.77311,
        "lng": 72.3741,
        "country": "PK",
        "population": 85479
    },
    "1184370": {
        "ids": {
            "geonames": 1184370
        },
        "long": {
            "default": "Ārifwāla"
        },
        "parent": 1167710,
        "lat": 30.29399,
        "lng": 73.07354,
        "country": "PK",
        "population": 87360
    },
    "1184845": {
        "ids": {
            "geonames": 1184845
        },
        "long": {
            "default": "Ahmadpur East"
        },
        "parent": 1167710,
        "lat": 29.14309,
        "lng": 71.25976,
        "country": "PK",
        "population": 116579
    },
    "1185056": {
        "ids": {
            "geonames": 1185056
        },
        "long": {
            "default": "Abbottābād"
        },
        "parent": 1168873,
        "lat": 34.14685,
        "lng": 73.21449,
        "country": "PK",
        "population": 120000
    },
    "1332083": {
        "ids": {
            "geonames": 1332083
        },
        "long": {
            "default": "Bahāwalnagar"
        },
        "parent": 1167710,
        "lat": 30.55083,
        "lng": 73.39083,
        "country": "PK",
        "population": 126700
    },
    "1341204": {
        "ids": {
            "geonames": 1341204
        },
        "long": {
            "default": "Nowshera Cantonment"
        },
        "parent": 1168873,
        "lat": 33.99829,
        "lng": 71.99834,
        "country": "PK",
        "population": 96766
    }
}