{
    "753142": {
        "ids": {
            "geonames": 753142
        },
        "long": {
            "default": "Żoliborz"
        },
        "parent": 858787,
        "lat": 52.26896,
        "lng": 20.98644,
        "country": "PL",
        "population": 50934
    },
    "753866": {
        "ids": {
            "geonames": 753866
        },
        "long": {
            "default": "Zamość"
        },
        "parent": 858785,
        "lat": 50.72314,
        "lng": 23.25196,
        "country": "PL",
        "population": 66034
    },
    "755330": {
        "ids": {
            "geonames": 755330
        },
        "long": {
            "default": "Wola"
        },
        "parent": 858787,
        "lat": 52.2401,
        "lng": 20.98869,
        "country": "PL",
        "population": 143996
    },
    "756092": {
        "ids": {
            "geonames": 756092
        },
        "long": {
            "default": "Wawer"
        },
        "parent": 858787,
        "lat": 52.19656,
        "lng": 21.17752,
        "country": "PL",
        "population": 62656
    },
    "756135": {
        "ids": {
            "geonames": 756135
        },
        "long": {
            "default": "Warsaw"
        },
        "parent": 858787,
        "lat": 52.22977,
        "lng": 21.01178,
        "country": "PL",
        "population": 1702139
    },
    "756867": {
        "ids": {
            "geonames": 756867
        },
        "long": {
            "default": "Tomaszów Mazowiecki"
        },
        "parent": 3337493,
        "lat": 51.53131,
        "lng": 20.00855,
        "country": "PL",
        "population": 67197
    },
    "757026": {
        "ids": {
            "geonames": 757026
        },
        "long": {
            "default": "Tarnów"
        },
        "parent": 858786,
        "lat": 50.01381,
        "lng": 20.98698,
        "country": "PL",
        "population": 117799
    },
    "757033": {
        "ids": {
            "geonames": 757033
        },
        "long": {
            "default": "Tarnobrzeg"
        },
        "parent": 858788,
        "lat": 50.57304,
        "lng": 21.67937,
        "country": "PL",
        "population": 50459
    },
    "757065": {
        "ids": {
            "geonames": 757065
        },
        "long": {
            "default": "Targówek"
        },
        "parent": 858787,
        "lat": 52.29185,
        "lng": 21.04845,
        "country": "PL",
        "population": 124316
    },
    "757718": {
        "ids": {
            "geonames": 757718
        },
        "long": {
            "default": "Suwałki"
        },
        "parent": 858789,
        "lat": 54.11175,
        "lng": 22.93087,
        "country": "PL",
        "population": 69222
    },
    "758390": {
        "ids": {
            "geonames": 758390
        },
        "long": {
            "default": "Starachowice"
        },
        "parent": 858790,
        "lat": 51.0374,
        "lng": 21.07126,
        "country": "PL",
        "population": 53739
    },
    "758445": {
        "ids": {
            "geonames": 758445
        },
        "long": {
            "default": "Stalowa Wola"
        },
        "parent": 858788,
        "lat": 50.58286,
        "lng": 22.05334,
        "country": "PL",
        "population": 66495
    },
    "758470": {
        "ids": {
            "geonames": 758470
        },
        "long": {
            "default": "Śródmieście"
        },
        "parent": 858787,
        "lat": 52.22904,
        "lng": 21.01644,
        "country": "PL",
        "population": 134306
    },
    "759412": {
        "ids": {
            "geonames": 759412
        },
        "long": {
            "default": "Siedlce"
        },
        "parent": 858787,
        "lat": 52.16772,
        "lng": 22.29006,
        "country": "PL",
        "population": 77185
    },
    "759734": {
        "ids": {
            "geonames": 759734
        },
        "long": {
            "default": "Rzeszów"
        },
        "parent": 858788,
        "lat": 50.04132,
        "lng": 21.99901,
        "country": "PL",
        "population": 158382
    },
    "760778": {
        "ids": {
            "geonames": 760778
        },
        "long": {
            "default": "Radom"
        },
        "parent": 858787,
        "lat": 51.40253,
        "lng": 21.14714,
        "country": "PL",
        "population": 226794
    },
    "761168": {
        "ids": {
            "geonames": 761168
        },
        "long": {
            "default": "Przemyśl"
        },
        "parent": 858788,
        "lat": 49.78498,
        "lng": 22.76728,
        "country": "PL",
        "population": 67013
    },
    "761228": {
        "ids": {
            "geonames": 761228
        },
        "long": {
            "default": "Pruszków"
        },
        "parent": 858787,
        "lat": 52.17072,
        "lng": 20.81214,
        "country": "PL",
        "population": 55371
    },
    "762863": {
        "ids": {
            "geonames": 762863
        },
        "long": {
            "default": "Ostrowiec Świętokrzyski"
        },
        "parent": 858790,
        "lat": 50.92936,
        "lng": 21.38525,
        "country": "PL",
        "population": 73989
    },
    "762909": {
        "ids": {
            "geonames": 762909
        },
        "long": {
            "default": "Ostrołęka"
        },
        "parent": 858787,
        "lat": 53.08621,
        "lng": 21.57566,
        "country": "PL",
        "population": 53740
    },
    "763166": {
        "ids": {
            "geonames": 763166
        },
        "long": {
            "default": "Olsztyn"
        },
        "parent": 858791,
        "lat": 53.77995,
        "lng": 20.49416,
        "country": "PL",
        "population": 171803
    },
    "763442": {
        "ids": {
            "geonames": 763442
        },
        "long": {
            "default": "Ochota"
        },
        "parent": 858787,
        "lat": 52.22096,
        "lng": 20.98526,
        "country": "PL",
        "population": 93192
    },
    "763534": {
        "ids": {
            "geonames": 763534
        },
        "long": {
            "default": "Nowy Sącz"
        },
        "parent": 858786,
        "lat": 49.62177,
        "lng": 20.69705,
        "country": "PL",
        "population": 84376
    },
    "764484": {
        "ids": {
            "geonames": 764484
        },
        "long": {
            "default": "Mokotów"
        },
        "parent": 858787,
        "lat": 52.1934,
        "lng": 21.03487,
        "country": "PL",
        "population": 212670
    },
    "764849": {
        "ids": {
            "geonames": 764849
        },
        "long": {
            "default": "Mielec"
        },
        "parent": 858788,
        "lat": 50.28709,
        "lng": 21.4239,
        "country": "PL",
        "population": 60993
    },
    "765876": {
        "ids": {
            "geonames": 765876
        },
        "long": {
            "default": "Lublin"
        },
        "parent": 858785,
        "lat": 51.25,
        "lng": 22.56667,
        "country": "PL",
        "population": 360044
    },
    "766027": {
        "ids": {
            "geonames": 766027
        },
        "long": {
            "default": "Łomża"
        },
        "parent": 858789,
        "lat": 53.17806,
        "lng": 22.05935,
        "country": "PL",
        "population": 63723
    },
    "766555": {
        "ids": {
            "geonames": 766555
        },
        "long": {
            "default": "Legionowo"
        },
        "parent": 858787,
        "lat": 52.40149,
        "lng": 20.92664,
        "country": "PL",
        "population": 50786
    },
    "769250": {
        "ids": {
            "geonames": 769250
        },
        "long": {
            "default": "Kielce"
        },
        "parent": 858790,
        "lat": 50.87033,
        "lng": 20.62752,
        "country": "PL",
        "population": 208598
    },
    "772621": {
        "ids": {
            "geonames": 772621
        },
        "long": {
            "default": "Ełk"
        },
        "parent": 858791,
        "lat": 53.82824,
        "lng": 22.36469,
        "country": "PL",
        "population": 55769
    },
    "774558": {
        "ids": {
            "geonames": 774558
        },
        "long": {
            "default": "Chełm"
        },
        "parent": 858785,
        "lat": 51.14312,
        "lng": 23.4716,
        "country": "PL",
        "population": 68043
    },
    "776029": {
        "ids": {
            "geonames": 776029
        },
        "long": {
            "default": "Bielany"
        },
        "parent": 858787,
        "lat": 52.29242,
        "lng": 20.93531,
        "country": "PL",
        "population": 134854
    },
    "776069": {
        "ids": {
            "geonames": 776069
        },
        "long": {
            "default": "Białystok"
        },
        "parent": 858789,
        "lat": 53.13333,
        "lng": 23.16433,
        "country": "PL",
        "population": 291855
    },
    "776103": {
        "ids": {
            "geonames": 776103
        },
        "long": {
            "default": "Białołeka"
        },
        "parent": 858787,
        "lat": 52.32127,
        "lng": 20.97204,
        "country": "PL",
        "population": 89324
    },
    "776175": {
        "ids": {
            "geonames": 776175
        },
        "long": {
            "default": "Biała Podlaska"
        },
        "parent": 858785,
        "lat": 52.03238,
        "lng": 23.11652,
        "country": "PL",
        "population": 57541
    },
    "776251": {
        "ids": {
            "geonames": 776251
        },
        "long": {
            "default": "Bemowo"
        },
        "parent": 858787,
        "lat": 52.2546,
        "lng": 20.90844,
        "country": "PL",
        "population": 102393
    },
    "3080004": {
        "ids": {
            "geonames": 3080004
        },
        "long": {
            "default": "Żory"
        },
        "parent": 3337497,
        "lat": 50.04523,
        "lng": 18.70062,
        "country": "PL",
        "population": 63174
    },
    "3080165": {
        "ids": {
            "geonames": 3080165
        },
        "long": {
            "default": "Zielona Góra"
        },
        "parent": 3337494,
        "lat": 51.93548,
        "lng": 15.50643,
        "country": "PL",
        "population": 118433
    },
    "3080251": {
        "ids": {
            "geonames": 3080251
        },
        "long": {
            "default": "Zgierz"
        },
        "parent": 3337493,
        "lat": 51.85561,
        "lng": 19.40623,
        "country": "PL",
        "population": 58036
    },
    "3080526": {
        "ids": {
            "geonames": 3080526
        },
        "long": {
            "default": "Zawiercie"
        },
        "parent": 3337497,
        "lat": 50.48766,
        "lng": 19.41679,
        "country": "PL",
        "population": 53159
    },
    "3080985": {
        "ids": {
            "geonames": 3080985
        },
        "long": {
            "default": "Zabrze"
        },
        "parent": 3337497,
        "lat": 50.32492,
        "lng": 18.78576,
        "country": "PL",
        "population": 192177
    },
    "3081368": {
        "ids": {
            "geonames": 3081368
        },
        "long": {
            "default": "Wrocław"
        },
        "parent": 3337492,
        "lat": 51.1,
        "lng": 17.03333,
        "country": "PL",
        "population": 634893
    },
    "3081741": {
        "ids": {
            "geonames": 3081741
        },
        "long": {
            "default": "Włocławek"
        },
        "parent": 3337500,
        "lat": 52.64817,
        "lng": 19.0678,
        "country": "PL",
        "population": 120339
    },
    "3082707": {
        "ids": {
            "geonames": 3082707
        },
        "long": {
            "default": "Wałbrzych"
        },
        "parent": 3337492,
        "lat": 50.77141,
        "lng": 16.28432,
        "country": "PL",
        "population": 127431
    },
    "3082914": {
        "ids": {
            "geonames": 3082914
        },
        "long": {
            "default": "Tychy"
        },
        "parent": 3337497,
        "lat": 50.13717,
        "lng": 18.96641,
        "country": "PL",
        "population": 130000
    },
    "3083271": {
        "ids": {
            "geonames": 3083271
        },
        "long": {
            "default": "Toruń"
        },
        "parent": 3337500,
        "lat": 53.01375,
        "lng": 18.59814,
        "country": "PL",
        "population": 208717
    },
    "3083426": {
        "ids": {
            "geonames": 3083426
        },
        "long": {
            "default": "Tczew"
        },
        "parent": 3337496,
        "lat": 54.09242,
        "lng": 18.77787,
        "country": "PL",
        "population": 60133
    },
    "3083440": {
        "ids": {
            "geonames": 3083440
        },
        "long": {
            "default": "Tarnowskie Góry"
        },
        "parent": 3337497,
        "lat": 50.44548,
        "lng": 18.86147,
        "country": "PL",
        "population": 60938
    },
    "3083829": {
        "ids": {
            "geonames": 3083829
        },
        "long": {
            "default": "Szczecin"
        },
        "parent": 3337499,
        "lat": 53.42894,
        "lng": 14.55302,
        "country": "PL",
        "population": 407811
    },
    "3083988": {
        "ids": {
            "geonames": 3083988
        },
        "long": {
            "default": "Świętochłowice"
        },
        "parent": 3337497,
        "lat": 50.29636,
        "lng": 18.91726,
        "country": "PL",
        "population": 55600
    },
    "3084093": {
        "ids": {
            "geonames": 3084093
        },
        "long": {
            "default": "Świdnica"
        },
        "parent": 3337492,
        "lat": 50.84378,
        "lng": 16.48859,
        "country": "PL",
        "population": 60351
    },
    "3084840": {
        "ids": {
            "geonames": 3084840
        },
        "long": {
            "default": "Stargard Szczeciński"
        },
        "parent": 3337499,
        "lat": 53.33672,
        "lng": 15.0499,
        "country": "PL",
        "population": 71224
    },
    "3085128": {
        "ids": {
            "geonames": 3085128
        },
        "long": {
            "default": "Sosnowiec"
        },
        "parent": 3337497,
        "lat": 50.28682,
        "lng": 19.10385,
        "country": "PL",
        "population": 227295
    },
    "3085450": {
        "ids": {
            "geonames": 3085450
        },
        "long": {
            "default": "Słupsk"
        },
        "parent": 3337496,
        "lat": 54.46405,
        "lng": 17.02872,
        "country": "PL",
        "population": 98608
    },
    "3086024": {
        "ids": {
            "geonames": 3086024
        },
        "long": {
            "default": "Siemianowice Śląskie"
        },
        "parent": 3337497,
        "lat": 50.32738,
        "lng": 19.02901,
        "country": "PL",
        "population": 73121
    },
    "3086586": {
        "ids": {
            "geonames": 3086586
        },
        "long": {
            "default": "Rybnik"
        },
        "parent": 3337497,
        "lat": 50.09713,
        "lng": 18.54179,
        "country": "PL",
        "population": 142510
    },
    "3086800": {
        "ids": {
            "geonames": 3086800
        },
        "long": {
            "default": "Ruda Śląska"
        },
        "parent": 3337497,
        "lat": 50.2584,
        "lng": 18.85632,
        "country": "PL",
        "population": 146189
    },
    "3087584": {
        "ids": {
            "geonames": 3087584
        },
        "long": {
            "default": "Racibórz"
        },
        "parent": 3337497,
        "lat": 50.09195,
        "lng": 18.21928,
        "country": "PL",
        "population": 58464
    },
    "3088171": {
        "ids": {
            "geonames": 3088171
        },
        "long": {
            "default": "Poznań"
        },
        "parent": 3337498,
        "lat": 52.40692,
        "lng": 16.92993,
        "country": "PL",
        "population": 570352
    },
    "3088825": {
        "ids": {
            "geonames": 3088825
        },
        "long": {
            "default": "Płock"
        },
        "parent": 858787,
        "lat": 52.54682,
        "lng": 19.70638,
        "country": "PL",
        "population": 127474
    },
    "3088972": {
        "ids": {
            "geonames": 3088972
        },
        "long": {
            "default": "Piotrków Trybunalski"
        },
        "parent": 3337493,
        "lat": 51.40547,
        "lng": 19.70321,
        "country": "PL",
        "population": 80128
    },
    "3089033": {
        "ids": {
            "geonames": 3089033
        },
        "long": {
            "default": "Piła"
        },
        "parent": 3337498,
        "lat": 53.15145,
        "lng": 16.73782,
        "country": "PL",
        "population": 75532
    },
    "3089125": {
        "ids": {
            "geonames": 3089125
        },
        "long": {
            "default": "Piekary Śląskie"
        },
        "parent": 3337497,
        "lat": 50.38017,
        "lng": 18.92653,
        "country": "PL",
        "population": 59757
    },
    "3089578": {
        "ids": {
            "geonames": 3089578
        },
        "long": {
            "default": "Pabianice"
        },
        "parent": 3337493,
        "lat": 51.66446,
        "lng": 19.35473,
        "country": "PL",
        "population": 70542
    },
    "3089684": {
        "ids": {
            "geonames": 3089684
        },
        "long": {
            "default": "Ostrów Wielkopolski"
        },
        "parent": 3337498,
        "lat": 51.65501,
        "lng": 17.80686,
        "country": "PL",
        "population": 72898
    },
    "3090048": {
        "ids": {
            "geonames": 3090048
        },
        "long": {
            "default": "Opole"
        },
        "parent": 3337495,
        "lat": 50.67211,
        "lng": 17.92533,
        "country": "PL",
        "population": 127676
    },
    "3091232": {
        "ids": {
            "geonames": 3091232
        },
        "long": {
            "default": "Mysłowice"
        },
        "parent": 3337497,
        "lat": 50.20745,
        "lng": 19.16668,
        "country": "PL",
        "population": 75281
    },
    "3092931": {
        "ids": {
            "geonames": 3092931
        },
        "long": {
            "default": "Lubin"
        },
        "parent": 3337492,
        "lat": 51.40089,
        "lng": 16.20149,
        "country": "PL",
        "population": 77532
    },
    "3093133": {
        "ids": {
            "geonames": 3093133
        },
        "long": {
            "default": "Łódź"
        },
        "parent": 3337493,
        "lat": 51.75,
        "lng": 19.46667,
        "country": "PL",
        "population": 768755
    },
    "3093524": {
        "ids": {
            "geonames": 3093524
        },
        "long": {
            "default": "Leszno"
        },
        "parent": 3337498,
        "lat": 51.84034,
        "lng": 16.57494,
        "country": "PL",
        "population": 63565
    },
    "3093692": {
        "ids": {
            "geonames": 3093692
        },
        "long": {
            "default": "Legnica"
        },
        "parent": 3337492,
        "lat": 51.21006,
        "lng": 16.1619,
        "country": "PL",
        "population": 106033
    },
    "3094802": {
        "ids": {
            "geonames": 3094802
        },
        "long": {
            "default": "Kraków"
        },
        "parent": 858786,
        "lat": 50.06143,
        "lng": 19.93658,
        "country": "PL",
        "population": 755050
    },
    "3095049": {
        "ids": {
            "geonames": 3095049
        },
        "long": {
            "default": "Koszalin"
        },
        "parent": 3337499,
        "lat": 54.19438,
        "lng": 16.17222,
        "country": "PL",
        "population": 107450
    },
    "3095321": {
        "ids": {
            "geonames": 3095321
        },
        "long": {
            "default": "Konin"
        },
        "parent": 3337498,
        "lat": 52.22338,
        "lng": 18.25121,
        "country": "PL",
        "population": 81258
    },
    "3096372": {
        "ids": {
            "geonames": 3096372
        },
        "long": {
            "default": "Kędzierzyn-Koźle"
        },
        "parent": 3337495,
        "lat": 50.34984,
        "lng": 18.22606,
        "country": "PL",
        "population": 65636
    },
    "3096472": {
        "ids": {
            "geonames": 3096472
        },
        "long": {
            "default": "Katowice"
        },
        "parent": 3337497,
        "lat": 50.25841,
        "lng": 19.02754,
        "country": "PL",
        "population": 317316
    },
    "3096880": {
        "ids": {
            "geonames": 3096880
        },
        "long": {
            "default": "Kalisz"
        },
        "parent": 3337498,
        "lat": 51.76109,
        "lng": 18.09102,
        "country": "PL",
        "population": 108759
    },
    "3097257": {
        "ids": {
            "geonames": 3097257
        },
        "long": {
            "default": "Jelenia Góra"
        },
        "parent": 3337492,
        "lat": 50.89973,
        "lng": 15.72899,
        "country": "PL",
        "population": 87310
    },
    "3097333": {
        "ids": {
            "geonames": 3097333
        },
        "long": {
            "default": "Jaworzno"
        },
        "parent": 3337497,
        "lat": 50.20528,
        "lng": 19.27498,
        "country": "PL",
        "population": 96541
    },
    "3097391": {
        "ids": {
            "geonames": 3097391
        },
        "long": {
            "default": "Jastrzębie Zdrój"
        },
        "parent": 3337497,
        "lat": 49.95542,
        "lng": 18.57479,
        "country": "PL",
        "population": 95813
    },
    "3097872": {
        "ids": {
            "geonames": 3097872
        },
        "long": {
            "default": "Inowrocław"
        },
        "parent": 3337500,
        "lat": 52.79886,
        "lng": 18.26387,
        "country": "PL",
        "population": 77597
    },
    "3098218": {
        "ids": {
            "geonames": 3098218
        },
        "long": {
            "default": "Grudziądz"
        },
        "parent": 3337500,
        "lat": 53.48411,
        "lng": 18.75366,
        "country": "PL",
        "population": 99486
    },
    "3098722": {
        "ids": {
            "geonames": 3098722
        },
        "long": {
            "default": "Gorzów Wielkopolski"
        },
        "parent": 3337494,
        "lat": 52.73679,
        "lng": 15.22878,
        "country": "PL",
        "population": 124430
    },
    "3099112": {
        "ids": {
            "geonames": 3099112
        },
        "long": {
            "default": "Gniezno"
        },
        "parent": 3337498,
        "lat": 52.53481,
        "lng": 17.58259,
        "country": "PL",
        "population": 70269
    },
    "3099213": {
        "ids": {
            "geonames": 3099213
        },
        "long": {
            "default": "Głogów"
        },
        "parent": 3337492,
        "lat": 51.66361,
        "lng": 16.0845,
        "country": "PL",
        "population": 68530
    },
    "3099230": {
        "ids": {
            "geonames": 3099230
        },
        "long": {
            "default": "Gliwice"
        },
        "parent": 3337497,
        "lat": 50.29761,
        "lng": 18.67658,
        "country": "PL",
        "population": 198835
    },
    "3099424": {
        "ids": {
            "geonames": 3099424
        },
        "long": {
            "default": "Gdynia"
        },
        "parent": 3337496,
        "lat": 54.51889,
        "lng": 18.53188,
        "country": "PL",
        "population": 253730
    },
    "3099434": {
        "ids": {
            "geonames": 3099434
        },
        "long": {
            "default": "Gdańsk"
        },
        "parent": 3337496,
        "lat": 54.35205,
        "lng": 18.64637,
        "country": "PL",
        "population": 461865
    },
    "3099654": {
        "ids": {
            "geonames": 3099654
        },
        "long": {
            "default": "Fordon"
        },
        "parent": 3337500,
        "lat": 53.14821,
        "lng": 18.17036,
        "country": "PL",
        "population": 70000
    },
    "3099759": {
        "ids": {
            "geonames": 3099759
        },
        "long": {
            "default": "Elbląg"
        },
        "parent": 858791,
        "lat": 54.1522,
        "lng": 19.40884,
        "country": "PL",
        "population": 127558
    },
    "3100796": {
        "ids": {
            "geonames": 3100796
        },
        "long": {
            "default": "Dąbrowa Górnicza"
        },
        "parent": 3337497,
        "lat": 50.31818,
        "lng": 19.2374,
        "country": "PL",
        "population": 130601
    },
    "3100946": {
        "ids": {
            "geonames": 3100946
        },
        "long": {
            "default": "Częstochowa"
        },
        "parent": 3337497,
        "lat": 50.79646,
        "lng": 19.12409,
        "country": "PL",
        "population": 248125
    },
    "3101619": {
        "ids": {
            "geonames": 3101619
        },
        "long": {
            "default": "Chorzów"
        },
        "parent": 3337497,
        "lat": 50.30582,
        "lng": 18.9742,
        "country": "PL",
        "population": 113430
    },
    "3101950": {
        "ids": {
            "geonames": 3101950
        },
        "long": {
            "default": "Bytom"
        },
        "parent": 3337497,
        "lat": 50.34802,
        "lng": 18.93282,
        "country": "PL",
        "population": 189186
    },
    "3102014": {
        "ids": {
            "geonames": 3102014
        },
        "long": {
            "default": "Bydgoszcz"
        },
        "parent": 3337500,
        "lat": 53.1235,
        "lng": 18.00762,
        "country": "PL",
        "population": 366452
    },
    "3103402": {
        "ids": {
            "geonames": 3103402
        },
        "long": {
            "default": "Bielsko-Biala"
        },
        "parent": 3337497,
        "lat": 49.82245,
        "lng": 19.04686,
        "country": "PL",
        "population": 176515
    },
    "3103709": {
        "ids": {
            "geonames": 3103709
        },
        "long": {
            "default": "Bełchatów"
        },
        "parent": 3337493,
        "lat": 51.36883,
        "lng": 19.35671,
        "country": "PL",
        "population": 62896
    },
    "3103719": {
        "ids": {
            "geonames": 3103719
        },
        "long": {
            "default": "Będzin"
        },
        "parent": 3337497,
        "lat": 50.32607,
        "lng": 19.12565,
        "country": "PL",
        "population": 58236
    },
    "6545326": {
        "ids": {
            "geonames": 6545326
        },
        "long": {
            "default": "Ursynów"
        },
        "parent": 858787,
        "lat": 52.15051,
        "lng": 21.05041,
        "country": "PL",
        "population": 147676
    },
    "6545347": {
        "ids": {
            "geonames": 6545347
        },
        "long": {
            "default": "Praga Północ"
        },
        "parent": 858787,
        "lat": 52.25443,
        "lng": 21.03472,
        "country": "PL",
        "population": 93192
    },
    "6545348": {
        "ids": {
            "geonames": 6545348
        },
        "long": {
            "default": "Praga Południe"
        },
        "parent": 858787,
        "lat": 52.24424,
        "lng": 21.08545,
        "country": "PL",
        "population": 187845
    }
}