{
    "4562831": {
        "ids": {
            "geonames": 4562831
        },
        "long": {
            "default": "Bayamón"
        },
        "parent": 4562837,
        "lat": 18.39856,
        "lng": -66.15572,
        "country": "PR",
        "population": 203499
    },
    "4563008": {
        "ids": {
            "geonames": 4563008
        },
        "long": {
            "default": "Caguas"
        },
        "parent": 4563011,
        "lat": 18.23412,
        "lng": -66.0485,
        "country": "PR",
        "population": 86804
    },
    "4563243": {
        "ids": {
            "geonames": 4563243
        },
        "long": {
            "default": "Carolina"
        },
        "parent": 4563244,
        "lat": 18.38078,
        "lng": -65.95739,
        "country": "PR",
        "population": 170404
    },
    "4565119": {
        "ids": {
            "geonames": 4565119
        },
        "long": {
            "default": "Guaynabo"
        },
        "parent": 4565120,
        "lat": 18.35745,
        "lng": -66.111,
        "country": "PR",
        "population": 81360
    },
    "4566385": {
        "ids": {
            "geonames": 4566385
        },
        "long": {
            "default": "Mayagüez"
        },
        "parent": 4566217,
        "lat": 18.20107,
        "lng": -67.13962,
        "country": "PR",
        "population": 78647
    },
    "4566880": {
        "ids": {
            "geonames": 4566880
        },
        "long": {
            "default": "Ponce"
        },
        "parent": 4566886,
        "lat": 18.01108,
        "lng": -66.61406,
        "country": "PR",
        "population": 152634
    },
    "4568127": {
        "ids": {
            "geonames": 4568127
        },
        "long": {
            "default": "San Juan"
        },
        "parent": 4568138,
        "lat": 18.46633,
        "lng": -66.10572,
        "country": "PR",
        "population": 418140
    },
    "4568451": {
        "ids": {
            "geonames": 4568451
        },
        "long": {
            "default": "Trujillo Alto"
        },
        "parent": 4568452,
        "lat": 18.35467,
        "lng": -66.00739,
        "country": "PR",
        "population": 54189
    }
}