{
    "281102": {
        "ids": {
            "geonames": 281102
        },
        "long": {
            "default": "Rafaḩ"
        },
        "parent": 281132,
        "lat": 31.287,
        "lng": 34.25952,
        "country": "PS",
        "population": 126305
    },
    "281124": {
        "ids": {
            "geonames": 281124
        },
        "long": {
            "default": "Khān Yūnis"
        },
        "parent": 281132,
        "lat": 31.34018,
        "lng": 34.30627,
        "country": "PS",
        "population": 173183
    },
    "281129": {
        "ids": {
            "geonames": 281129
        },
        "long": {
            "default": "Jabālyā"
        },
        "parent": 281132,
        "lat": 31.5272,
        "lng": 34.48347,
        "country": "PS",
        "population": 168568
    },
    "281133": {
        "ids": {
            "geonames": 281133
        },
        "long": {
            "default": "Gaza"
        },
        "parent": 281132,
        "lat": 31.5,
        "lng": 34.46667,
        "country": "PS",
        "population": 410000
    },
    "281141": {
        "ids": {
            "geonames": 281141
        },
        "long": {
            "default": "Dayr al Balaḩ"
        },
        "parent": 281132,
        "lat": 31.41783,
        "lng": 34.35033,
        "country": "PS",
        "population": 59504
    },
    "281145": {
        "ids": {
            "geonames": 281145
        },
        "long": {
            "default": "Bayt Lāhyā"
        },
        "parent": 281132,
        "lat": 31.5464,
        "lng": 34.49514,
        "country": "PS",
        "population": 56919
    },
    "282615": {
        "ids": {
            "geonames": 282615
        },
        "long": {
            "default": "Nablus"
        },
        "parent": 285153,
        "lat": 32.22111,
        "lng": 35.25444,
        "country": "PS",
        "population": 130326
    },
    "285066": {
        "ids": {
            "geonames": 285066
        },
        "long": {
            "default": "Hebron"
        },
        "parent": 285153,
        "lat": 31.52935,
        "lng": 35.0938,
        "country": "PS",
        "population": 160470
    },
    "7303419": {
        "ids": {
            "geonames": 7303419
        },
        "long": {
            "default": "East Jerusalem"
        },
        "parent": 285153,
        "lat": 31.78336,
        "lng": 35.23388,
        "country": "PS",
        "population": 428304
    }
}