{
    "2262963": {
        "ids": {
            "geonames": 2262963
        },
        "long": {
            "default": "Setúbal"
        },
        "parent": 2262961,
        "lat": 38.5244,
        "lng": -8.8882,
        "country": "PT",
        "population": 117110
    },
    "2263827": {
        "ids": {
            "geonames": 2263827
        },
        "long": {
            "default": "Rio de Mouro"
        },
        "parent": 2267056,
        "lat": 38.77457,
        "lng": -9.3276,
        "country": "PT",
        "population": 54695
    },
    "2264268": {
        "ids": {
            "geonames": 2264268
        },
        "long": {
            "default": "Queluz"
        },
        "parent": 2267056,
        "lat": 38.75657,
        "lng": -9.25451,
        "country": "PT",
        "population": 103399
    },
    "2265467": {
        "ids": {
            "geonames": 2265467
        },
        "long": {
            "default": "Odivelas"
        },
        "parent": 2267056,
        "lat": 38.79269,
        "lng": -9.1838,
        "country": "PT",
        "population": 54624
    },
    "2266977": {
        "ids": {
            "geonames": 2266977
        },
        "long": {
            "default": "Loures"
        },
        "parent": 2267056,
        "lat": 38.83091,
        "lng": -9.16845,
        "country": "PT",
        "population": 66231
    },
    "2267057": {
        "ids": {
            "geonames": 2267057
        },
        "long": {
            "default": "Lisbon"
        },
        "parent": 2267056,
        "lat": 38.71667,
        "lng": -9.13333,
        "country": "PT",
        "population": 517802
    },
    "2267827": {
        "ids": {
            "geonames": 2267827
        },
        "long": {
            "default": "Funchal"
        },
        "parent": 2593105,
        "lat": 32.63333,
        "lng": -16.9,
        "country": "PT",
        "population": 100847
    },
    "2268406": {
        "ids": {
            "geonames": 2268406
        },
        "long": {
            "default": "Évora"
        },
        "parent": 2268404,
        "lat": 38.56667,
        "lng": -7.9,
        "country": "PT",
        "population": 55620
    },
    "2269041": {
        "ids": {
            "geonames": 2269041
        },
        "long": {
            "default": "Corroios"
        },
        "parent": 2262961,
        "lat": 38.64502,
        "lng": -9.14843,
        "country": "PT",
        "population": 52520
    },
    "2270503": {
        "ids": {
            "geonames": 2270503
        },
        "long": {
            "default": "Cacém"
        },
        "parent": 2267056,
        "lat": 38.76698,
        "lng": -9.29793,
        "country": "PT",
        "population": 93982
    },
    "2271071": {
        "ids": {
            "geonames": 2271071
        },
        "long": {
            "default": "Barreiro"
        },
        "parent": 2262961,
        "lat": 38.66314,
        "lng": -9.0724,
        "country": "PT",
        "population": 51280
    },
    "2271680": {
        "ids": {
            "geonames": 2271680
        },
        "long": {
            "default": "Amora"
        },
        "parent": 2262961,
        "lat": 38.62961,
        "lng": -9.11557,
        "country": "PT",
        "population": 52577
    },
    "2271772": {
        "ids": {
            "geonames": 2271772
        },
        "long": {
            "default": "Amadora"
        },
        "parent": 2267056,
        "lat": 38.75382,
        "lng": -9.23083,
        "country": "PT",
        "population": 178858
    },
    "2732544": {
        "ids": {
            "geonames": 2732544
        },
        "long": {
            "default": "Vila Nova de Gaia"
        },
        "parent": 2735941,
        "lat": 41.13363,
        "lng": -8.61742,
        "country": "PT",
        "population": 70811
    },
    "2735943": {
        "ids": {
            "geonames": 2735943
        },
        "long": {
            "default": "Porto"
        },
        "parent": 2735941,
        "lat": 41.14961,
        "lng": -8.61099,
        "country": "PT",
        "population": 249633
    },
    "2740637": {
        "ids": {
            "geonames": 2740637
        },
        "long": {
            "default": "Coimbra"
        },
        "parent": 2740636,
        "lat": 40.20564,
        "lng": -8.41955,
        "country": "PT",
        "population": 106582
    },
    "2742032": {
        "ids": {
            "geonames": 2742032
        },
        "long": {
            "default": "Braga"
        },
        "parent": 2742031,
        "lat": 41.55032,
        "lng": -8.42005,
        "country": "PT",
        "population": 121394
    },
    "2742611": {
        "ids": {
            "geonames": 2742611
        },
        "long": {
            "default": "Aveiro"
        },
        "parent": 2742610,
        "lat": 40.64427,
        "lng": -8.64554,
        "country": "PT",
        "population": 54162
    }
}