{
    "3436725": {
        "ids": {
            "geonames": 3436725
        },
        "long": {
            "default": "Villa Hayes"
        },
        "parent": 3437443,
        "lat": -25.09306,
        "lng": -57.52361,
        "country": "PY",
        "population": 57217
    },
    "3436728": {
        "ids": {
            "geonames": 3436728
        },
        "long": {
            "default": "Villa Elisa"
        },
        "parent": 3439137,
        "lat": -25.3676,
        "lng": -57.59274,
        "country": "PY",
        "population": 64099
    },
    "3437056": {
        "ids": {
            "geonames": 3437056
        },
        "long": {
            "default": "San Lorenzo"
        },
        "parent": 3439137,
        "lat": -25.33968,
        "lng": -57.50879,
        "country": "PY",
        "population": 227876
    },
    "3437127": {
        "ids": {
            "geonames": 3437127
        },
        "long": {
            "default": "San Antonio"
        },
        "parent": 3439137,
        "lat": -25.42126,
        "lng": -57.54725,
        "country": "PY",
        "population": 55754
    },
    "3437444": {
        "ids": {
            "geonames": 3437444
        },
        "long": {
            "default": "Presidente Franco"
        },
        "parent": 3439440,
        "lat": -25.53333,
        "lng": -54.61667,
        "country": "PY",
        "population": 54292
    },
    "3437547": {
        "ids": {
            "geonames": 3437547
        },
        "long": {
            "default": "Pedro Juan Caballero"
        },
        "parent": 3439433,
        "lat": -22.54722,
        "lng": -55.73333,
        "country": "PY",
        "population": 75109
    },
    "3437665": {
        "ids": {
            "geonames": 3437665
        },
        "long": {
            "default": "Nemby"
        },
        "parent": 3439137,
        "lat": -25.3949,
        "lng": -57.53574,
        "country": "PY",
        "population": 94641
    },
    "3437842": {
        "ids": {
            "geonames": 3437842
        },
        "long": {
            "default": "Limpio"
        },
        "parent": 3439137,
        "lat": -25.16611,
        "lng": -57.48562,
        "country": "PY",
        "population": 96143
    },
    "3437863": {
        "ids": {
            "geonames": 3437863
        },
        "long": {
            "default": "Lambaré"
        },
        "parent": 3439137,
        "lat": -25.34682,
        "lng": -57.60647,
        "country": "PY",
        "population": 126377
    },
    "3437918": {
        "ids": {
            "geonames": 3437918
        },
        "long": {
            "default": "Itauguá"
        },
        "parent": 3439137,
        "lat": -25.38333,
        "lng": -57.33333,
        "country": "PY",
        "population": 64997
    },
    "3438115": {
        "ids": {
            "geonames": 3438115
        },
        "long": {
            "default": "Fernando de la Mora"
        },
        "parent": 3439137,
        "lat": -25.3386,
        "lng": -57.52167,
        "country": "PY",
        "population": 120167
    },
    "3438735": {
        "ids": {
            "geonames": 3438735
        },
        "long": {
            "default": "Encarnación"
        },
        "parent": 3437923,
        "lat": -27.33056,
        "lng": -55.86667,
        "country": "PY",
        "population": 74983
    },
    "3438819": {
        "ids": {
            "geonames": 3438819
        },
        "long": {
            "default": "Coronel Oviedo"
        },
        "parent": 3439312,
        "lat": -25.44444,
        "lng": -56.44028,
        "country": "PY",
        "population": 51286
    },
    "3438995": {
        "ids": {
            "geonames": 3438995
        },
        "long": {
            "default": "Colonia Mariano Roque Alonso"
        },
        "parent": 3439137,
        "lat": -25.16667,
        "lng": -57.55,
        "country": "PY",
        "population": 72008
    },
    "3439101": {
        "ids": {
            "geonames": 3439101
        },
        "long": {
            "default": "Ciudad del Este"
        },
        "parent": 3439440,
        "lat": -25.50972,
        "lng": -54.61111,
        "country": "PY",
        "population": 320782
    },
    "3439214": {
        "ids": {
            "geonames": 3439214
        },
        "long": {
            "default": "Capiatá"
        },
        "parent": 3439137,
        "lat": -25.3552,
        "lng": -57.44545,
        "country": "PY",
        "population": 198553
    },
    "3439317": {
        "ids": {
            "geonames": 3439317
        },
        "long": {
            "default": "Caaguazú"
        },
        "parent": 3439312,
        "lat": -25.45,
        "lng": -56.01667,
        "country": "PY",
        "population": 54808
    },
    "3439389": {
        "ids": {
            "geonames": 3439389
        },
        "long": {
            "default": "Asunción"
        },
        "parent": 3474570,
        "lat": -25.30066,
        "lng": -57.63591,
        "country": "PY",
        "population": 1482200
    }
}