{
    "289888": {
        "ids": {
            "geonames": 289888
        },
        "long": {
            "default": "Ar Rayyān"
        },
        "parent": 389469,
        "lat": 25.29194,
        "lng": 51.42444,
        "country": "QA",
        "population": 272465
    },
    "290030": {
        "ids": {
            "geonames": 290030
        },
        "long": {
            "default": "Doha"
        },
        "parent": 389470,
        "lat": 25.27932,
        "lng": 51.52245,
        "country": "QA",
        "population": 344939
    }
}