{
    "662334": {
        "ids": {
            "geonames": 662334
        },
        "long": {
            "default": "Zalău"
        },
        "parent": 668248,
        "lat": 47.2,
        "lng": 23.05,
        "country": "RO",
        "population": 63232
    },
    "663118": {
        "ids": {
            "geonames": 663118
        },
        "long": {
            "default": "Vaslui"
        },
        "parent": 663116,
        "lat": 46.63333,
        "lng": 27.73333,
        "country": "RO",
        "population": 69225
    },
    "664460": {
        "ids": {
            "geonames": 664460
        },
        "long": {
            "default": "Turda"
        },
        "parent": 681291,
        "lat": 46.56667,
        "lng": 23.78333,
        "country": "RO",
        "population": 54586
    },
    "664518": {
        "ids": {
            "geonames": 664518
        },
        "long": {
            "default": "Tulcea"
        },
        "parent": 664517,
        "lat": 45.16667,
        "lng": 28.8,
        "country": "RO",
        "population": 92475
    },
    "665004": {
        "ids": {
            "geonames": 665004
        },
        "long": {
            "default": "Târgu-Mureş"
        },
        "parent": 672628,
        "lat": 46.54245,
        "lng": 24.55747,
        "country": "RO",
        "population": 146863
    },
    "665010": {
        "ids": {
            "geonames": 665010
        },
        "long": {
            "default": "Târgu Jiu"
        },
        "parent": 676898,
        "lat": 45.05,
        "lng": 23.28333,
        "country": "RO",
        "population": 97179
    },
    "665024": {
        "ids": {
            "geonames": 665024
        },
        "long": {
            "default": "Târgovişte"
        },
        "parent": 679385,
        "lat": 44.92543,
        "lng": 25.4567,
        "country": "RO",
        "population": 88435
    },
    "665087": {
        "ids": {
            "geonames": 665087
        },
        "long": {
            "default": "Timişoara"
        },
        "parent": 665091,
        "lat": 45.75372,
        "lng": 21.22571,
        "country": "RO",
        "population": 315053
    },
    "665850": {
        "ids": {
            "geonames": 665850
        },
        "long": {
            "default": "Suceava"
        },
        "parent": 665849,
        "lat": 47.63333,
        "lng": 26.25,
        "country": "RO",
        "population": 105796
    },
    "666767": {
        "ids": {
            "geonames": 666767
        },
        "long": {
            "default": "Slatina"
        },
        "parent": 671857,
        "lat": 44.43333,
        "lng": 24.36667,
        "country": "RO",
        "population": 78988
    },
    "667268": {
        "ids": {
            "geonames": 667268
        },
        "long": {
            "default": "Sibiu"
        },
        "parent": 667267,
        "lat": 45.8,
        "lng": 24.15,
        "country": "RO",
        "population": 151894
    },
    "667303": {
        "ids": {
            "geonames": 667303
        },
        "long": {
            "default": "Sfântu-Gheorghe"
        },
        "parent": 680428,
        "lat": 45.86667,
        "lng": 25.78333,
        "country": "RO",
        "population": 60677
    },
    "667873": {
        "ids": {
            "geonames": 667873
        },
        "long": {
            "default": "Satu Mare"
        },
        "parent": 667869,
        "lat": 47.79926,
        "lng": 22.86255,
        "country": "RO",
        "population": 112490
    },
    "668732": {
        "ids": {
            "geonames": 668732
        },
        "long": {
            "default": "Roman"
        },
        "parent": 672460,
        "lat": 46.92119,
        "lng": 26.92646,
        "country": "RO",
        "population": 67819
    },
    "668872": {
        "ids": {
            "geonames": 668872
        },
        "long": {
            "default": "Râmnicu Vâlcea"
        },
        "parent": 662892,
        "lat": 45.1,
        "lng": 24.36667,
        "country": "RO",
        "population": 107558
    },
    "668954": {
        "ids": {
            "geonames": 668954
        },
        "long": {
            "default": "Reşiţa"
        },
        "parent": 682714,
        "lat": 45.30083,
        "lng": 21.88917,
        "country": "RO",
        "population": 81228
    },
    "670474": {
        "ids": {
            "geonames": 670474
        },
        "long": {
            "default": "Ploieşti"
        },
        "parent": 669737,
        "lat": 44.95,
        "lng": 26.01667,
        "country": "RO",
        "population": 228851
    },
    "670609": {
        "ids": {
            "geonames": 670609
        },
        "long": {
            "default": "Piteşti"
        },
        "parent": 686192,
        "lat": 44.85,
        "lng": 24.86667,
        "country": "RO",
        "population": 167669
    },
    "670889": {
        "ids": {
            "geonames": 670889
        },
        "long": {
            "default": "Piatra Neamţ"
        },
        "parent": 672460,
        "lat": 46.91667,
        "lng": 26.33333,
        "country": "RO",
        "population": 102688
    },
    "671768": {
        "ids": {
            "geonames": 671768
        },
        "long": {
            "default": "Oradea"
        },
        "parent": 684878,
        "lat": 47.0458,
        "lng": 21.91833,
        "country": "RO",
        "population": 206614
    },
    "673634": {
        "ids": {
            "geonames": 673634
        },
        "long": {
            "default": "Mediaş"
        },
        "parent": 667267,
        "lat": 46.16667,
        "lng": 24.35,
        "country": "RO",
        "population": 53040
    },
    "675810": {
        "ids": {
            "geonames": 675810
        },
        "long": {
            "default": "Iaşi"
        },
        "parent": 675809,
        "lat": 47.16667,
        "lng": 27.6,
        "country": "RO",
        "population": 318012
    },
    "675918": {
        "ids": {
            "geonames": 675918
        },
        "long": {
            "default": "Hunedoara"
        },
        "parent": 675917,
        "lat": 45.75,
        "lng": 22.9,
        "country": "RO",
        "population": 69136
    },
    "677106": {
        "ids": {
            "geonames": 677106
        },
        "long": {
            "default": "Giurgiu"
        },
        "parent": 677104,
        "lat": 43.88333,
        "lng": 25.96667,
        "country": "RO",
        "population": 69067
    },
    "677697": {
        "ids": {
            "geonames": 677697
        },
        "long": {
            "default": "Galaţi"
        },
        "parent": 677692,
        "lat": 45.45,
        "lng": 28.05,
        "country": "RO",
        "population": 294087
    },
    "678015": {
        "ids": {
            "geonames": 678015
        },
        "long": {
            "default": "Focșani"
        },
        "parent": 662447,
        "lat": 45.7,
        "lng": 27.18333,
        "country": "RO",
        "population": 77313
    },
    "678817": {
        "ids": {
            "geonames": 678817
        },
        "long": {
            "default": "Drobeta-Turnu Severin"
        },
        "parent": 673612,
        "lat": 44.63194,
        "lng": 22.65611,
        "country": "RO",
        "population": 102346
    },
    "679452": {
        "ids": {
            "geonames": 679452
        },
        "long": {
            "default": "Deva"
        },
        "parent": 675917,
        "lat": 45.88333,
        "lng": 22.9,
        "country": "RO",
        "population": 67802
    },
    "680332": {
        "ids": {
            "geonames": 680332
        },
        "long": {
            "default": "Craiova"
        },
        "parent": 679134,
        "lat": 44.31667,
        "lng": 23.8,
        "country": "RO",
        "population": 304142
    },
    "680963": {
        "ids": {
            "geonames": 680963
        },
        "long": {
            "default": "Constanţa"
        },
        "parent": 680962,
        "lat": 44.18073,
        "lng": 28.63432,
        "country": "RO",
        "population": 303399
    },
    "681290": {
        "ids": {
            "geonames": 681290
        },
        "long": {
            "default": "Cluj-Napoca"
        },
        "parent": 681291,
        "lat": 46.76667,
        "lng": 23.6,
        "country": "RO",
        "population": 316748
    },
    "683123": {
        "ids": {
            "geonames": 683123
        },
        "long": {
            "default": "Buzău"
        },
        "parent": 683121,
        "lat": 45.15,
        "lng": 26.83333,
        "country": "RO",
        "population": 130954
    },
    "683506": {
        "ids": {
            "geonames": 683506
        },
        "long": {
            "default": "Bucharest"
        },
        "parent": 683504,
        "lat": 44.43225,
        "lng": 26.10626,
        "country": "RO",
        "population": 1877155
    },
    "683844": {
        "ids": {
            "geonames": 683844
        },
        "long": {
            "default": "Braşov"
        },
        "parent": 683843,
        "lat": 45.64861,
        "lng": 25.60613,
        "country": "RO",
        "population": 276088
    },
    "683902": {
        "ids": {
            "geonames": 683902
        },
        "long": {
            "default": "Brăila"
        },
        "parent": 683901,
        "lat": 45.26667,
        "lng": 27.98333,
        "country": "RO",
        "population": 213569
    },
    "684039": {
        "ids": {
            "geonames": 684039
        },
        "long": {
            "default": "Botoşani"
        },
        "parent": 684038,
        "lat": 47.75,
        "lng": 26.66667,
        "country": "RO",
        "population": 114783
    },
    "684657": {
        "ids": {
            "geonames": 684657
        },
        "long": {
            "default": "Bistriţa"
        },
        "parent": 684647,
        "lat": 47.13316,
        "lng": 24.50011,
        "country": "RO",
        "population": 81318
    },
    "684802": {
        "ids": {
            "geonames": 684802
        },
        "long": {
            "default": "Bârlad"
        },
        "parent": 663116,
        "lat": 46.23175,
        "lng": 27.66907,
        "country": "RO",
        "population": 67818
    },
    "685826": {
        "ids": {
            "geonames": 685826
        },
        "long": {
            "default": "Baia Mare"
        },
        "parent": 673887,
        "lat": 47.65729,
        "lng": 23.56808,
        "country": "RO",
        "population": 136553
    },
    "685948": {
        "ids": {
            "geonames": 685948
        },
        "long": {
            "default": "Bacău"
        },
        "parent": 685947,
        "lat": 46.56718,
        "lng": 26.91384,
        "country": "RO",
        "population": 171396
    },
    "686254": {
        "ids": {
            "geonames": 686254
        },
        "long": {
            "default": "Arad"
        },
        "parent": 686253,
        "lat": 46.18333,
        "lng": 21.31667,
        "country": "RO",
        "population": 169065
    },
    "686578": {
        "ids": {
            "geonames": 686578
        },
        "long": {
            "default": "Alba Iulia"
        },
        "parent": 686581,
        "lat": 46.06667,
        "lng": 23.58333,
        "country": "RO",
        "population": 66085
    },
    "6697993": {
        "ids": {
            "geonames": 6697993
        },
        "long": {
            "default": "Baia Mare"
        },
        "parent": 667869,
        "lat": 47.65331,
        "lng": 23.57949,
        "country": "RO",
        "population": 137976
    },
    "8581467": {
        "ids": {
            "geonames": 8581467
        },
        "long": {
            "default": "Slobozia"
        },
        "parent": 675848,
        "lat": 44.5647,
        "lng": 27.3633,
        "country": "RO",
        "population": 52710
    },
    "11048317": {
        "ids": {
            "geonames": 11048317
        },
        "long": {
            "default": "Sector 1"
        },
        "parent": 683504,
        "lat": 44.49239,
        "lng": 26.04831,
        "country": "RO",
        "population": 225453
    },
    "11048318": {
        "ids": {
            "geonames": 11048318
        },
        "long": {
            "default": "Sector 2"
        },
        "parent": 683504,
        "lat": 44.4528,
        "lng": 26.13321,
        "country": "RO",
        "population": 345370
    },
    "11048319": {
        "ids": {
            "geonames": 11048319
        },
        "long": {
            "default": "Sector 3"
        },
        "parent": 683504,
        "lat": 44.4234,
        "lng": 26.16874,
        "country": "RO",
        "population": 385439
    },
    "11048320": {
        "ids": {
            "geonames": 11048320
        },
        "long": {
            "default": "Sector 4"
        },
        "parent": 683504,
        "lat": 44.37571,
        "lng": 26.12085,
        "country": "RO",
        "population": 287828
    },
    "11048322": {
        "ids": {
            "geonames": 11048322
        },
        "long": {
            "default": "Sector 5"
        },
        "parent": 683504,
        "lat": 44.38808,
        "lng": 26.07144,
        "country": "RO",
        "population": 271575
    },
    "11048323": {
        "ids": {
            "geonames": 11048323
        },
        "long": {
            "default": "Sector 6"
        },
        "parent": 683504,
        "lat": 44.43579,
        "lng": 26.01649,
        "country": "RO",
        "population": 367760
    }
}