{
    "783814": {
        "ids": {
            "geonames": 783814
        },
        "long": {
            "default": "Zrenjanin"
        },
        "parent": 784272,
        "lat": 45.38361,
        "lng": 20.38194,
        "country": "RS",
        "population": 79773
    },
    "783920": {
        "ids": {
            "geonames": 783920
        },
        "long": {
            "default": "Zemun"
        },
        "parent": 785958,
        "lat": 44.84306,
        "lng": 20.40111,
        "country": "RS",
        "population": 155591
    },
    "784227": {
        "ids": {
            "geonames": 784227
        },
        "long": {
            "default": "Vranje"
        },
        "parent": 785958,
        "lat": 42.55139,
        "lng": 21.90028,
        "country": "RS",
        "population": 56199
    },
    "785756": {
        "ids": {
            "geonames": 785756
        },
        "long": {
            "default": "Smederevo"
        },
        "parent": 785958,
        "lat": 44.66278,
        "lng": 20.93,
        "country": "RS",
        "population": 62000
    },
    "787237": {
        "ids": {
            "geonames": 787237
        },
        "long": {
            "default": "Pančevo"
        },
        "parent": 784272,
        "lat": 44.87083,
        "lng": 20.64028,
        "country": "RS",
        "population": 76654
    },
    "787595": {
        "ids": {
            "geonames": 787595
        },
        "long": {
            "default": "Novi Pazar"
        },
        "parent": 785958,
        "lat": 43.13667,
        "lng": 20.51222,
        "country": "RS",
        "population": 85996
    },
    "787657": {
        "ids": {
            "geonames": 787657
        },
        "long": {
            "default": "Niš"
        },
        "parent": 785958,
        "lat": 43.32472,
        "lng": 21.90333,
        "country": "RS",
        "population": 250000
    },
    "788709": {
        "ids": {
            "geonames": 788709
        },
        "long": {
            "default": "Leskovac"
        },
        "parent": 785958,
        "lat": 42.99806,
        "lng": 21.94611,
        "country": "RS",
        "population": 94758
    },
    "788975": {
        "ids": {
            "geonames": 788975
        },
        "long": {
            "default": "Kruševac"
        },
        "parent": 785958,
        "lat": 43.58,
        "lng": 21.33389,
        "country": "RS",
        "population": 75256
    },
    "789107": {
        "ids": {
            "geonames": 789107
        },
        "long": {
            "default": "Kraljevo"
        },
        "parent": 785958,
        "lat": 43.72583,
        "lng": 20.68944,
        "country": "RS",
        "population": 82846
    },
    "789128": {
        "ids": {
            "geonames": 789128
        },
        "long": {
            "default": "Kragujevac"
        },
        "parent": 785958,
        "lat": 44.01667,
        "lng": 20.91667,
        "country": "RS",
        "population": 147473
    },
    "792078": {
        "ids": {
            "geonames": 792078
        },
        "long": {
            "default": "Čačak"
        },
        "parent": 785958,
        "lat": 43.89139,
        "lng": 20.34972,
        "country": "RS",
        "population": 117072
    },
    "792680": {
        "ids": {
            "geonames": 792680
        },
        "long": {
            "default": "Belgrade"
        },
        "parent": 785958,
        "lat": 44.80401,
        "lng": 20.46513,
        "country": "RS",
        "population": 1273651
    },
    "3188402": {
        "ids": {
            "geonames": 3188402
        },
        "long": {
            "default": "Valjevo"
        },
        "parent": 785958,
        "lat": 44.27513,
        "lng": 19.89821,
        "country": "RS",
        "population": 61035
    },
    "3188434": {
        "ids": {
            "geonames": 3188434
        },
        "long": {
            "default": "Užice"
        },
        "parent": 785958,
        "lat": 43.85861,
        "lng": 19.84878,
        "country": "RS",
        "population": 63577
    },
    "3189595": {
        "ids": {
            "geonames": 3189595
        },
        "long": {
            "default": "Subotica"
        },
        "parent": 784272,
        "lat": 46.1,
        "lng": 19.66667,
        "country": "RS",
        "population": 100000
    },
    "3191376": {
        "ids": {
            "geonames": 3191376
        },
        "long": {
            "default": "Šabac"
        },
        "parent": 785958,
        "lat": 44.74667,
        "lng": 19.69,
        "country": "RS",
        "population": 55114
    },
    "3194360": {
        "ids": {
            "geonames": 3194360
        },
        "long": {
            "default": "Novi Sad"
        },
        "parent": 784272,
        "lat": 45.25167,
        "lng": 19.83694,
        "country": "RS",
        "population": 215400
    }
}