{
    "201521": {
        "ids": {
            "geonames": 201521
        },
        "long": {
            "default": "Musanze"
        },
        "parent": 6413339,
        "lat": -1.49984,
        "lng": 29.63497,
        "country": "RW",
        "population": 86685
    },
    "202061": {
        "ids": {
            "geonames": 202061
        },
        "long": {
            "default": "Kigali"
        },
        "parent": 6413338,
        "lat": -1.94995,
        "lng": 30.05885,
        "country": "RW",
        "population": 745261
    },
    "202217": {
        "ids": {
            "geonames": 202217
        },
        "long": {
            "default": "Gitarama"
        },
        "parent": 6413341,
        "lat": -2.07444,
        "lng": 29.75667,
        "country": "RW",
        "population": 87613
    },
    "202326": {
        "ids": {
            "geonames": 202326
        },
        "long": {
            "default": "Cyangugu"
        },
        "parent": 6413340,
        "lat": -2.4846,
        "lng": 28.9075,
        "country": "RW",
        "population": 63883
    },
    "202905": {
        "ids": {
            "geonames": 202905
        },
        "long": {
            "default": "Gisenyi"
        },
        "parent": 6413340,
        "lat": -1.70278,
        "lng": 29.25639,
        "country": "RW",
        "population": 83623
    },
    "203104": {
        "ids": {
            "geonames": 203104
        },
        "long": {
            "default": "Byumba"
        },
        "parent": 6413339,
        "lat": -1.5763,
        "lng": 30.0675,
        "country": "RW",
        "population": 70593
    },
    "203112": {
        "ids": {
            "geonames": 203112
        },
        "long": {
            "default": "Butare"
        },
        "parent": 6413341,
        "lat": -2.59667,
        "lng": 29.73944,
        "country": "RW",
        "population": 89600
    }
}