{
    "100425": {
        "ids": {
            "geonames": 100425
        },
        "long": {
            "default": "Yanbu"
        },
        "parent": 109224,
        "lat": 24.08912,
        "lng": 38.06374,
        "country": "SA",
        "population": 200161
    },
    "101554": {
        "ids": {
            "geonames": 101554
        },
        "long": {
            "default": "Tārūt"
        },
        "parent": 108241,
        "lat": 26.57332,
        "lng": 50.03694,
        "country": "SA",
        "population": 85371
    },
    "101628": {
        "ids": {
            "geonames": 101628
        },
        "long": {
            "default": "Tabuk"
        },
        "parent": 101627,
        "lat": 28.3998,
        "lng": 36.57151,
        "country": "SA",
        "population": 455450
    },
    "101760": {
        "ids": {
            "geonames": 101760
        },
        "long": {
            "default": "Sulţānah"
        },
        "parent": 109224,
        "lat": 24.49258,
        "lng": 39.58572,
        "country": "SA",
        "population": 946697
    },
    "102318": {
        "ids": {
            "geonames": 102318
        },
        "long": {
            "default": "Sayhāt"
        },
        "parent": 108241,
        "lat": 26.48522,
        "lng": 50.04046,
        "country": "SA",
        "population": 66702
    },
    "102527": {
        "ids": {
            "geonames": 102527
        },
        "long": {
            "default": "Sakakah"
        },
        "parent": 109470,
        "lat": 29.96974,
        "lng": 40.20641,
        "country": "SA",
        "population": 128332
    },
    "102651": {
        "ids": {
            "geonames": 102651
        },
        "long": {
            "default": "Şabyā"
        },
        "parent": 105298,
        "lat": 17.1495,
        "lng": 42.62537,
        "country": "SA",
        "population": 54108
    },
    "103369": {
        "ids": {
            "geonames": 103369
        },
        "long": {
            "default": "Qal‘at Bīshah"
        },
        "parent": 108179,
        "lat": 20.00054,
        "lng": 42.6052,
        "country": "SA",
        "population": 81828
    },
    "103630": {
        "ids": {
            "geonames": 103630
        },
        "long": {
            "default": "Najrān"
        },
        "parent": 103628,
        "lat": 17.49326,
        "lng": 44.12766,
        "country": "SA",
        "population": 258573
    },
    "104515": {
        "ids": {
            "geonames": 104515
        },
        "long": {
            "default": "Mecca"
        },
        "parent": 104514,
        "lat": 21.42664,
        "lng": 39.82563,
        "country": "SA",
        "population": 1323624
    },
    "105072": {
        "ids": {
            "geonames": 105072
        },
        "long": {
            "default": "Khamis Mushait"
        },
        "parent": 108179,
        "lat": 18.3,
        "lng": 42.73333,
        "country": "SA",
        "population": 387553
    },
    "105299": {
        "ids": {
            "geonames": 105299
        },
        "long": {
            "default": "Jizan"
        },
        "parent": 105298,
        "lat": 16.88917,
        "lng": 42.55111,
        "country": "SA",
        "population": 105198
    },
    "105343": {
        "ids": {
            "geonames": 105343
        },
        "long": {
            "default": "Jeddah"
        },
        "parent": 104514,
        "lat": 21.54238,
        "lng": 39.19797,
        "country": "SA",
        "population": 2867446
    },
    "106281": {
        "ids": {
            "geonames": 106281
        },
        "long": {
            "default": "Ha'il"
        },
        "parent": 106280,
        "lat": 27.52188,
        "lng": 41.69073,
        "country": "SA",
        "population": 267005
    },
    "107304": {
        "ids": {
            "geonames": 107304
        },
        "long": {
            "default": "Buraydah"
        },
        "parent": 108933,
        "lat": 26.32599,
        "lng": 43.97497,
        "country": "SA",
        "population": 391336
    },
    "107781": {
        "ids": {
            "geonames": 107781
        },
        "long": {
            "default": "Az Zulfi"
        },
        "parent": 108411,
        "lat": 26.29945,
        "lng": 44.81542,
        "country": "SA",
        "population": 53144
    },
    "107797": {
        "ids": {
            "geonames": 107797
        },
        "long": {
            "default": "Dhahran"
        },
        "parent": 108241,
        "lat": 26.28864,
        "lng": 50.11396,
        "country": "SA",
        "population": 99540
    },
    "107968": {
        "ids": {
            "geonames": 107968
        },
        "long": {
            "default": "Ta’if"
        },
        "parent": 104514,
        "lat": 21.27028,
        "lng": 40.41583,
        "country": "SA",
        "population": 530848
    },
    "108410": {
        "ids": {
            "geonames": 108410
        },
        "long": {
            "default": "Riyadh"
        },
        "parent": 108411,
        "lat": 24.68773,
        "lng": 46.72185,
        "country": "SA",
        "population": 4205961
    },
    "108435": {
        "ids": {
            "geonames": 108435
        },
        "long": {
            "default": "Ar Rass"
        },
        "parent": 108933,
        "lat": 25.86944,
        "lng": 43.4973,
        "country": "SA",
        "population": 81728
    },
    "108512": {
        "ids": {
            "geonames": 108512
        },
        "long": {
            "default": "‘Ar‘ar"
        },
        "parent": 109579,
        "lat": 30.97531,
        "lng": 41.03808,
        "country": "SA",
        "population": 148540
    },
    "108648": {
        "ids": {
            "geonames": 108648
        },
        "long": {
            "default": "Qurayyat"
        },
        "parent": 109470,
        "lat": 31.33176,
        "lng": 37.34282,
        "country": "SA",
        "population": 102903
    },
    "108927": {
        "ids": {
            "geonames": 108927
        },
        "long": {
            "default": "Al Qaţīf"
        },
        "parent": 108241,
        "lat": 26.5208,
        "lng": 50.02452,
        "country": "SA",
        "population": 98259
    },
    "109101": {
        "ids": {
            "geonames": 109101
        },
        "long": {
            "default": "Al Mubarraz"
        },
        "parent": 108241,
        "lat": 25.41,
        "lng": 49.58083,
        "country": "SA",
        "population": 290802
    },
    "109131": {
        "ids": {
            "geonames": 109131
        },
        "long": {
            "default": "Al Mithnab"
        },
        "parent": 108933,
        "lat": 25.86012,
        "lng": 44.22228,
        "country": "SA",
        "population": 60870
    },
    "109223": {
        "ids": {
            "geonames": 109223
        },
        "long": {
            "default": "Medina"
        },
        "parent": 109224,
        "lat": 24.46861,
        "lng": 39.61417,
        "country": "SA",
        "population": 1300000
    },
    "109323": {
        "ids": {
            "geonames": 109323
        },
        "long": {
            "default": "Khobar"
        },
        "parent": 108241,
        "lat": 26.27944,
        "lng": 50.20833,
        "country": "SA",
        "population": 165799
    },
    "109380": {
        "ids": {
            "geonames": 109380
        },
        "long": {
            "default": "Al Khafjī"
        },
        "parent": 108241,
        "lat": 28.43905,
        "lng": 48.49132,
        "country": "SA",
        "population": 54857
    },
    "109435": {
        "ids": {
            "geonames": 109435
        },
        "long": {
            "default": "Al Jubayl"
        },
        "parent": 108241,
        "lat": 27.01122,
        "lng": 49.65825,
        "country": "SA",
        "population": 237274
    },
    "109571": {
        "ids": {
            "geonames": 109571
        },
        "long": {
            "default": "Al Hufūf"
        },
        "parent": 108241,
        "lat": 25.36457,
        "lng": 49.56532,
        "country": "SA",
        "population": 293179
    },
    "109953": {
        "ids": {
            "geonames": 109953
        },
        "long": {
            "default": "Al Bāḩah"
        },
        "parent": 109954,
        "lat": 20.01288,
        "lng": 41.46767,
        "country": "SA",
        "population": 88419
    },
    "110325": {
        "ids": {
            "geonames": 110325
        },
        "long": {
            "default": "Ad Dawādimī"
        },
        "parent": 108411,
        "lat": 24.50772,
        "lng": 44.39237,
        "country": "SA",
        "population": 54474
    },
    "110336": {
        "ids": {
            "geonames": 110336
        },
        "long": {
            "default": "Dammam"
        },
        "parent": 108241,
        "lat": 26.43442,
        "lng": 50.10326,
        "country": "SA",
        "population": 768602
    },
    "110690": {
        "ids": {
            "geonames": 110690
        },
        "long": {
            "default": "Abha"
        },
        "parent": 108179,
        "lat": 18.21639,
        "lng": 42.50528,
        "country": "SA",
        "population": 210886
    },
    "410096": {
        "ids": {
            "geonames": 410096
        },
        "long": {
            "default": "Ash Shafā"
        },
        "parent": 104514,
        "lat": 21.0721,
        "lng": 40.31185,
        "country": "SA",
        "population": 72190
    },
    "8394316": {
        "ids": {
            "geonames": 8394316
        },
        "long": {
            "default": "Unaizah"
        },
        "parent": 108933,
        "lat": 26.08427,
        "lng": 43.99355,
        "country": "SA",
        "population": 163729
    }
}