{
    "364103": {
        "ids": {
            "geonames": 364103
        },
        "long": {
            "default": "Wad Medani"
        },
        "parent": 408648,
        "lat": 14.40118,
        "lng": 33.51989,
        "country": "SD",
        "population": 332714
    },
    "364706": {
        "ids": {
            "geonames": 364706
        },
        "long": {
            "default": "Umm Ruwaba"
        },
        "parent": 408667,
        "lat": 12.9061,
        "lng": 31.2158,
        "country": "SD",
        "population": 55742
    },
    "365137": {
        "ids": {
            "geonames": 365137
        },
        "long": {
            "default": "Omdurman"
        },
        "parent": 379253,
        "lat": 15.64453,
        "lng": 32.47773,
        "country": "SD",
        "population": 1200000
    },
    "367308": {
        "ids": {
            "geonames": 367308
        },
        "long": {
            "default": "Shendi"
        },
        "parent": 408664,
        "lat": 16.6915,
        "lng": 33.4341,
        "country": "SD",
        "population": 53568
    },
    "367644": {
        "ids": {
            "geonames": 367644
        },
        "long": {
            "default": "Sinnar"
        },
        "parent": 408669,
        "lat": 13.56907,
        "lng": 33.56718,
        "country": "SD",
        "population": 130122
    },
    "368277": {
        "ids": {
            "geonames": 368277
        },
        "long": {
            "default": "Rabak"
        },
        "parent": 408653,
        "lat": 13.18087,
        "lng": 32.73999,
        "country": "SD",
        "population": 135281
    },
    "371760": {
        "ids": {
            "geonames": 371760
        },
        "long": {
            "default": "Kosti"
        },
        "parent": 408653,
        "lat": 13.1629,
        "lng": 32.66347,
        "country": "SD",
        "population": 345068
    },
    "372753": {
        "ids": {
            "geonames": 372753
        },
        "long": {
            "default": "Kassala"
        },
        "parent": 408663,
        "lat": 15.45099,
        "lng": 36.39998,
        "country": "SD",
        "population": 401477
    },
    "373141": {
        "ids": {
            "geonames": 373141
        },
        "long": {
            "default": "Kadugli"
        },
        "parent": 408661,
        "lat": 11.01111,
        "lng": 29.71833,
        "country": "SD",
        "population": 87666
    },
    "377039": {
        "ids": {
            "geonames": 377039
        },
        "long": {
            "default": "Port Sudan"
        },
        "parent": 408646,
        "lat": 19.61745,
        "lng": 37.21644,
        "country": "SD",
        "population": 489725
    },
    "378231": {
        "ids": {
            "geonames": 378231
        },
        "long": {
            "default": "Atbara"
        },
        "parent": 408664,
        "lat": 17.70217,
        "lng": 33.98638,
        "country": "SD",
        "population": 107930
    },
    "378699": {
        "ids": {
            "geonames": 378699
        },
        "long": {
            "default": "An Nuhūd"
        },
        "parent": 408659,
        "lat": 12.7,
        "lng": 28.43333,
        "country": "SD",
        "population": 108008
    },
    "379003": {
        "ids": {
            "geonames": 379003
        },
        "long": {
            "default": "El Obeid"
        },
        "parent": 408667,
        "lat": 13.18421,
        "lng": 30.21669,
        "country": "SD",
        "population": 393311
    },
    "379062": {
        "ids": {
            "geonames": 379062
        },
        "long": {
            "default": "Al Qadarif"
        },
        "parent": 408649,
        "lat": 14.03493,
        "lng": 35.38344,
        "country": "SD",
        "population": 363945
    },
    "379149": {
        "ids": {
            "geonames": 379149
        },
        "long": {
            "default": "Al Manāqil"
        },
        "parent": 408648,
        "lat": 14.2459,
        "lng": 32.9891,
        "country": "SD",
        "population": 128297
    },
    "379252": {
        "ids": {
            "geonames": 379252
        },
        "long": {
            "default": "Khartoum"
        },
        "parent": 379253,
        "lat": 15.55177,
        "lng": 32.53241,
        "country": "SD",
        "population": 1974647
    },
    "379303": {
        "ids": {
            "geonames": 379303
        },
        "long": {
            "default": "Geneina"
        },
        "parent": 408658,
        "lat": 13.45262,
        "lng": 22.44725,
        "country": "SD",
        "population": 162981
    },
    "379555": {
        "ids": {
            "geonames": 379555
        },
        "long": {
            "default": "El Fasher"
        },
        "parent": 408666,
        "lat": 13.62793,
        "lng": 25.34936,
        "country": "SD",
        "population": 252609
    },
    "380129": {
        "ids": {
            "geonames": 380129
        },
        "long": {
            "default": "Ad Douiem"
        },
        "parent": 408653,
        "lat": 14.0012,
        "lng": 32.3116,
        "country": "SD",
        "population": 87068
    },
    "380148": {
        "ids": {
            "geonames": 380148
        },
        "long": {
            "default": "El Daein"
        },
        "parent": 8394435,
        "lat": 11.46186,
        "lng": 26.12583,
        "country": "SD",
        "population": 264734
    },
    "380173": {
        "ids": {
            "geonames": 380173
        },
        "long": {
            "default": "Ed Damer"
        },
        "parent": 408664,
        "lat": 17.59898,
        "lng": 33.97205,
        "country": "SD",
        "population": 103941
    },
    "380174": {
        "ids": {
            "geonames": 380174
        },
        "long": {
            "default": "Ad-Damazin"
        },
        "parent": 408654,
        "lat": 11.7891,
        "lng": 34.3592,
        "country": "SD",
        "population": 186051
    }
}