{
    "602150": {
        "ids": {
            "geonames": 602150
        },
        "long": {
            "default": "Umeå"
        },
        "parent": 2664415,
        "lat": 63.82842,
        "lng": 20.25972,
        "country": "SE",
        "population": 74005
    },
    "2663536": {
        "ids": {
            "geonames": 2663536
        },
        "long": {
            "default": "Växjö"
        },
        "parent": 2699050,
        "lat": 56.87767,
        "lng": 14.80906,
        "country": "SE",
        "population": 59600
    },
    "2664454": {
        "ids": {
            "geonames": 2664454
        },
        "long": {
            "default": "Västerås"
        },
        "parent": 2664179,
        "lat": 59.61617,
        "lng": 16.55276,
        "country": "SE",
        "population": 107194
    },
    "2666199": {
        "ids": {
            "geonames": 2666199
        },
        "long": {
            "default": "Uppsala"
        },
        "parent": 2666218,
        "lat": 59.85882,
        "lng": 17.63889,
        "country": "SE",
        "population": 127734
    },
    "2669772": {
        "ids": {
            "geonames": 2669772
        },
        "long": {
            "default": "Täby"
        },
        "parent": 2673722,
        "lat": 59.4439,
        "lng": 18.06872,
        "country": "SE",
        "population": 58123
    },
    "2673730": {
        "ids": {
            "geonames": 2673730
        },
        "long": {
            "default": "Stockholm"
        },
        "parent": 2673722,
        "lat": 59.33258,
        "lng": 18.0649,
        "country": "SE",
        "population": 1253309
    },
    "2675397": {
        "ids": {
            "geonames": 2675397
        },
        "long": {
            "default": "Solna"
        },
        "parent": 2673722,
        "lat": 59.36004,
        "lng": 18.00086,
        "country": "SE",
        "population": 66909
    },
    "2675408": {
        "ids": {
            "geonames": 2675408
        },
        "long": {
            "default": "Sollentuna"
        },
        "parent": 2673722,
        "lat": 59.42804,
        "lng": 17.95093,
        "country": "SE",
        "population": 58897
    },
    "2676176": {
        "ids": {
            "geonames": 2676176
        },
        "long": {
            "default": "Södertälje"
        },
        "parent": 2673722,
        "lat": 59.19554,
        "lng": 17.62525,
        "country": "SE",
        "population": 60279
    },
    "2686657": {
        "ids": {
            "geonames": 2686657
        },
        "long": {
            "default": "Örebro"
        },
        "parent": 2686655,
        "lat": 59.27412,
        "lng": 15.2066,
        "country": "SE",
        "population": 98573
    },
    "2688368": {
        "ids": {
            "geonames": 2688368
        },
        "long": {
            "default": "Norrköping"
        },
        "parent": 2685867,
        "lat": 58.59419,
        "lng": 16.1826,
        "country": "SE",
        "population": 82903
    },
    "2691459": {
        "ids": {
            "geonames": 2691459
        },
        "long": {
            "default": "Mölndal"
        },
        "parent": 3337386,
        "lat": 57.6554,
        "lng": 12.01378,
        "country": "SE",
        "population": 59430
    },
    "2692969": {
        "ids": {
            "geonames": 2692969
        },
        "long": {
            "default": "Malmö"
        },
        "parent": 3337385,
        "lat": 55.60587,
        "lng": 13.00073,
        "country": "SE",
        "population": 261548
    },
    "2693678": {
        "ids": {
            "geonames": 2693678
        },
        "long": {
            "default": "Lund"
        },
        "parent": 3337385,
        "lat": 55.70584,
        "lng": 13.19321,
        "country": "SE",
        "population": 76263
    },
    "2694762": {
        "ids": {
            "geonames": 2694762
        },
        "long": {
            "default": "Linköping"
        },
        "parent": 2685867,
        "lat": 58.41086,
        "lng": 15.62157,
        "country": "SE",
        "population": 96732
    },
    "2701680": {
        "ids": {
            "geonames": 2701680
        },
        "long": {
            "default": "Karlstad"
        },
        "parent": 2664870,
        "lat": 59.3793,
        "lng": 13.50357,
        "country": "SE",
        "population": 59266
    },
    "2702979": {
        "ids": {
            "geonames": 2702979
        },
        "long": {
            "default": "Jönköping"
        },
        "parent": 2702976,
        "lat": 57.78145,
        "lng": 14.15618,
        "country": "SE",
        "population": 83202
    },
    "2704620": {
        "ids": {
            "geonames": 2704620
        },
        "long": {
            "default": "Huddinge"
        },
        "parent": 2673722,
        "lat": 59.23705,
        "lng": 17.98192,
        "country": "SE",
        "population": 90182
    },
    "2706767": {
        "ids": {
            "geonames": 2706767
        },
        "long": {
            "default": "Helsingborg"
        },
        "parent": 3337385,
        "lat": 56.04673,
        "lng": 12.69437,
        "country": "SE",
        "population": 91025
    },
    "2707953": {
        "ids": {
            "geonames": 2707953
        },
        "long": {
            "default": "Haninge"
        },
        "parent": 2673722,
        "lat": 59.16775,
        "lng": 18.14478,
        "country": "SE",
        "population": 74968
    },
    "2708365": {
        "ids": {
            "geonames": 2708365
        },
        "long": {
            "default": "Halmstad"
        },
        "parent": 2708794,
        "lat": 56.67446,
        "lng": 12.85676,
        "country": "SE",
        "population": 55657
    },
    "2711537": {
        "ids": {
            "geonames": 2711537
        },
        "long": {
            "default": "Göteborg"
        },
        "parent": 3337386,
        "lat": 57.70716,
        "lng": 11.96679,
        "country": "SE",
        "population": 504084
    },
    "2712414": {
        "ids": {
            "geonames": 2712414
        },
        "long": {
            "default": "Gävle"
        },
        "parent": 2712411,
        "lat": 60.67452,
        "lng": 17.14174,
        "country": "SE",
        "population": 68635
    },
    "2715953": {
        "ids": {
            "geonames": 2715953
        },
        "long": {
            "default": "Eskilstuna"
        },
        "parent": 2676207,
        "lat": 59.36661,
        "lng": 16.5077,
        "country": "SE",
        "population": 59016
    },
    "2719111": {
        "ids": {
            "geonames": 2719111
        },
        "long": {
            "default": "Bromma"
        },
        "parent": 2673722,
        "lat": 59.34,
        "lng": 17.94,
        "country": "SE",
        "population": 61000
    },
    "2720501": {
        "ids": {
            "geonames": 2720501
        },
        "long": {
            "default": "Borås"
        },
        "parent": 3337386,
        "lat": 57.72101,
        "lng": 12.9401,
        "country": "SE",
        "population": 63223
    }
}