{
    "3195506": {
        "ids": {
            "geonames": 3195506
        },
        "long": {
            "default": "Maribor"
        },
        "parent": 3195505,
        "lat": 46.55472,
        "lng": 15.64667,
        "country": "SI",
        "population": 95171
    },
    "3196359": {
        "ids": {
            "geonames": 3196359
        },
        "long": {
            "default": "Ljubljana"
        },
        "parent": 3239318,
        "lat": 46.05108,
        "lng": 14.50513,
        "country": "SI",
        "population": 272220
    }
}