{
    "723819": {
        "ids": {
            "geonames": 723819
        },
        "long": {
            "default": "Prešov"
        },
        "parent": 865085,
        "lat": 48.99839,
        "lng": 21.23393,
        "country": "SK",
        "population": 94718
    },
    "723846": {
        "ids": {
            "geonames": 723846
        },
        "long": {
            "default": "Poprad"
        },
        "parent": 865085,
        "lat": 49.06144,
        "lng": 20.29798,
        "country": "SK",
        "population": 57431
    },
    "724443": {
        "ids": {
            "geonames": 724443
        },
        "long": {
            "default": "Košice"
        },
        "parent": 865084,
        "lat": 48.71395,
        "lng": 21.25808,
        "country": "SK",
        "population": 236563
    },
    "3056508": {
        "ids": {
            "geonames": 3056508
        },
        "long": {
            "default": "Žilina"
        },
        "parent": 3056506,
        "lat": 49.22315,
        "lng": 18.73941,
        "country": "SK",
        "population": 85985
    },
    "3057124": {
        "ids": {
            "geonames": 3057124
        },
        "long": {
            "default": "Trnava"
        },
        "parent": 3343958,
        "lat": 48.37741,
        "lng": 17.58723,
        "country": "SK",
        "population": 69785
    },
    "3057140": {
        "ids": {
            "geonames": 3057140
        },
        "long": {
            "default": "Trenčín"
        },
        "parent": 3343957,
        "lat": 48.89452,
        "lng": 18.04436,
        "country": "SK",
        "population": 58278
    },
    "3058000": {
        "ids": {
            "geonames": 3058000
        },
        "long": {
            "default": "Prievidza"
        },
        "parent": 3343956,
        "lat": 48.77446,
        "lng": 18.6275,
        "country": "SK",
        "population": 52987
    },
    "3058531": {
        "ids": {
            "geonames": 3058531
        },
        "long": {
            "default": "Nitra"
        },
        "parent": 3343956,
        "lat": 48.30763,
        "lng": 18.08453,
        "country": "SK",
        "population": 86329
    },
    "3058780": {
        "ids": {
            "geonames": 3058780
        },
        "long": {
            "default": "Martin"
        },
        "parent": 3056506,
        "lat": 49.06651,
        "lng": 18.92399,
        "country": "SK",
        "population": 60817
    },
    "3060972": {
        "ids": {
            "geonames": 3060972
        },
        "long": {
            "default": "Bratislava"
        },
        "parent": 3343955,
        "lat": 48.14816,
        "lng": 17.10674,
        "country": "SK",
        "population": 423737
    },
    "3061186": {
        "ids": {
            "geonames": 3061186
        },
        "long": {
            "default": "Banská Bystrica"
        },
        "parent": 3343954,
        "lat": 48.73946,
        "lng": 19.15349,
        "country": "SK",
        "population": 82336
    }
}