{
    "2406407": {
        "ids": {
            "geonames": 2406407
        },
        "long": {
            "default": "Makeni"
        },
        "parent": 2404798,
        "lat": 8.88605,
        "lng": -12.04417,
        "country": "SL",
        "population": 87679
    },
    "2407656": {
        "ids": {
            "geonames": 2407656
        },
        "long": {
            "default": "Koidu"
        },
        "parent": 2409543,
        "lat": 8.64387,
        "lng": -10.9714,
        "country": "SL",
        "population": 88000
    },
    "2407790": {
        "ids": {
            "geonames": 2407790
        },
        "long": {
            "default": "Kenema"
        },
        "parent": 2409543,
        "lat": 7.87687,
        "lng": -11.19025,
        "country": "SL",
        "population": 143137
    },
    "2409306": {
        "ids": {
            "geonames": 2409306
        },
        "long": {
            "default": "Freetown"
        },
        "parent": 2403068,
        "lat": 8.484,
        "lng": -13.22994,
        "country": "SL",
        "population": 802639
    },
    "2410048": {
        "ids": {
            "geonames": 2410048
        },
        "long": {
            "default": "Bo"
        },
        "parent": 2403745,
        "lat": 7.96472,
        "lng": -11.73833,
        "country": "SL",
        "population": 174354
    }
}