{
    "2243940": {
        "ids": {
            "geonames": 2243940
        },
        "long": {
            "default": "Ziguinchor"
        },
        "parent": 2243939,
        "lat": 12.58333,
        "lng": -16.27194,
        "country": "SN",
        "population": 159778
    },
    "2244322": {
        "ids": {
            "geonames": 2244322
        },
        "long": {
            "default": "Touba"
        },
        "parent": 2252308,
        "lat": 14.85,
        "lng": -15.88333,
        "country": "SN",
        "population": 529176
    },
    "2244616": {
        "ids": {
            "geonames": 2244616
        },
        "long": {
            "default": "Tiébo"
        },
        "parent": 2252308,
        "lat": 14.63333,
        "lng": -16.23333,
        "country": "SN",
        "population": 100289
    },
    "2244799": {
        "ids": {
            "geonames": 2244799
        },
        "long": {
            "default": "Thiès Nones"
        },
        "parent": 2244800,
        "lat": 14.78333,
        "lng": -16.96667,
        "country": "SN",
        "population": 252320
    },
    "2244991": {
        "ids": {
            "geonames": 2244991
        },
        "long": {
            "default": "Tambacounda"
        },
        "parent": 2244990,
        "lat": 13.77073,
        "lng": -13.66734,
        "country": "SN",
        "population": 78800
    },
    "2246452": {
        "ids": {
            "geonames": 2246452
        },
        "long": {
            "default": "Saint-Louis"
        },
        "parent": 2246451,
        "lat": 16.01793,
        "lng": -16.48962,
        "country": "SN",
        "population": 176000
    },
    "2246678": {
        "ids": {
            "geonames": 2246678
        },
        "long": {
            "default": "Pikine"
        },
        "parent": 2253350,
        "lat": 14.76457,
        "lng": -17.39071,
        "country": "SN",
        "population": 874062
    },
    "2248698": {
        "ids": {
            "geonames": 2248698
        },
        "long": {
            "default": "Mbaké"
        },
        "parent": 2252308,
        "lat": 14.79032,
        "lng": -15.90803,
        "country": "SN",
        "population": 74100
    },
    "2249222": {
        "ids": {
            "geonames": 2249222
        },
        "long": {
            "default": "Louga"
        },
        "parent": 2249221,
        "lat": 15.61867,
        "lng": -16.22436,
        "country": "SN",
        "population": 67154
    },
    "2249782": {
        "ids": {
            "geonames": 2249782
        },
        "long": {
            "default": "Kolda"
        },
        "parent": 2249781,
        "lat": 12.88333,
        "lng": -14.95,
        "country": "SN",
        "population": 58809
    },
    "2250805": {
        "ids": {
            "geonames": 2250805
        },
        "long": {
            "default": "Kaolack"
        },
        "parent": 2250804,
        "lat": 14.1825,
        "lng": -16.25333,
        "country": "SN",
        "population": 172305
    },
    "2253354": {
        "ids": {
            "geonames": 2253354
        },
        "long": {
            "default": "Dakar"
        },
        "parent": 2253350,
        "lat": 14.6937,
        "lng": -17.44406,
        "country": "SN",
        "population": 2476400
    }
}