{
    "52867": {
        "ids": {
            "geonames": 52867
        },
        "long": {
            "default": "Qoryooley"
        },
        "parent": 51966,
        "lat": 1.78784,
        "lng": 44.52999,
        "country": "SO",
        "population": 51720
    },
    "53654": {
        "ids": {
            "geonames": 53654
        },
        "long": {
            "default": "Mogadishu"
        },
        "parent": 64833,
        "lat": 2.03711,
        "lng": 45.34375,
        "country": "SO",
        "population": 2587183
    },
    "54225": {
        "ids": {
            "geonames": 54225
        },
        "long": {
            "default": "Marka"
        },
        "parent": 51966,
        "lat": 1.71594,
        "lng": 44.77166,
        "country": "SO",
        "population": 230100
    },
    "55671": {
        "ids": {
            "geonames": 55671
        },
        "long": {
            "default": "Kismayo"
        },
        "parent": 56083,
        "lat": -0.35817,
        "lng": 42.54536,
        "country": "SO",
        "population": 234852
    },
    "56399": {
        "ids": {
            "geonames": 56399
        },
        "long": {
            "default": "Jamaame"
        },
        "parent": 56083,
        "lat": 0.06968,
        "lng": 42.74497,
        "country": "SO",
        "population": 185270
    },
    "57289": {
        "ids": {
            "geonames": 57289
        },
        "long": {
            "default": "Hargeysa"
        },
        "parent": 50360,
        "lat": 9.56,
        "lng": 44.065,
        "country": "SO",
        "population": 477876
    },
    "58933": {
        "ids": {
            "geonames": 58933
        },
        "long": {
            "default": "Garoowe"
        },
        "parent": 53477,
        "lat": 8.40207,
        "lng": 48.48284,
        "country": "SO",
        "population": 57300
    },
    "59611": {
        "ids": {
            "geonames": 59611
        },
        "long": {
            "default": "Gaalkacyo"
        },
        "parent": 53707,
        "lat": 6.76972,
        "lng": 47.43083,
        "country": "SO",
        "population": 61200
    },
    "63795": {
        "ids": {
            "geonames": 63795
        },
        "long": {
            "default": "Burao"
        },
        "parent": 51230,
        "lat": 9.52213,
        "lng": 45.53363,
        "country": "SO",
        "population": 99270
    },
    "64013": {
        "ids": {
            "geonames": 64013
        },
        "long": {
            "default": "Bosaso"
        },
        "parent": 64661,
        "lat": 11.28421,
        "lng": 49.18158,
        "country": "SO",
        "population": 74287
    },
    "64435": {
        "ids": {
            "geonames": 64435
        },
        "long": {
            "default": "Berbera"
        },
        "parent": 50360,
        "lat": 10.43959,
        "lng": 45.01432,
        "country": "SO",
        "population": 242344
    },
    "64460": {
        "ids": {
            "geonames": 64460
        },
        "long": {
            "default": "Beledweyne"
        },
        "parent": 57060,
        "lat": 4.73583,
        "lng": 45.20361,
        "country": "SO",
        "population": 55410
    },
    "64536": {
        "ids": {
            "geonames": 64536
        },
        "long": {
            "default": "Baidoa"
        },
        "parent": 64538,
        "lat": 3.11383,
        "lng": 43.6498,
        "country": "SO",
        "population": 129839
    },
    "65785": {
        "ids": {
            "geonames": 65785
        },
        "long": {
            "default": "Afgooye"
        },
        "parent": 51966,
        "lat": 2.1381,
        "lng": 45.1212,
        "country": "SO",
        "population": 65461
    },
    "400769": {
        "ids": {
            "geonames": 400769
        },
        "long": {
            "default": "Laascaanood"
        },
        "parent": 6268947,
        "lat": 8.47738,
        "lng": 47.35971,
        "country": "SO",
        "population": 60100
    }
}