{
    "363885": {
        "ids": {
            "geonames": 363885
        },
        "long": {
            "default": "Wau"
        },
        "parent": 408657,
        "lat": 7.70286,
        "lng": 27.9953,
        "country": "SS",
        "population": 127384
    },
    "370737": {
        "ids": {
            "geonames": 370737
        },
        "long": {
            "default": "Malakal"
        },
        "parent": 381229,
        "lat": 9.53342,
        "lng": 31.66049,
        "country": "SS",
        "population": 160765
    },
    "373303": {
        "ids": {
            "geonames": 373303
        },
        "long": {
            "default": "Juba"
        },
        "parent": 408655,
        "lat": 4.85165,
        "lng": 31.58247,
        "country": "SS",
        "population": 300000
    }
}