{
    "3582883": {
        "ids": {
            "geonames": 3582883
        },
        "long": {
            "default": "Usulután"
        },
        "parent": 3582882,
        "lat": 13.35,
        "lng": -88.45,
        "country": "SV",
        "population": 51910
    },
    "3583096": {
        "ids": {
            "geonames": 3583096
        },
        "long": {
            "default": "Soyapango"
        },
        "parent": 3583360,
        "lat": 13.71024,
        "lng": -89.13989,
        "country": "SV",
        "population": 329708
    },
    "3583102": {
        "ids": {
            "geonames": 3583102
        },
        "long": {
            "default": "Sonsonate"
        },
        "parent": 3583101,
        "lat": 13.71889,
        "lng": -89.72417,
        "country": "SV",
        "population": 59468
    },
    "3583334": {
        "ids": {
            "geonames": 3583334
        },
        "long": {
            "default": "Santa Ana"
        },
        "parent": 3583332,
        "lat": 13.99417,
        "lng": -89.55972,
        "country": "SV",
        "population": 176661
    },
    "3583361": {
        "ids": {
            "geonames": 3583361
        },
        "long": {
            "default": "San Salvador"
        },
        "parent": 3583360,
        "lat": 13.68935,
        "lng": -89.18718,
        "country": "SV",
        "population": 525990
    },
    "3583446": {
        "ids": {
            "geonames": 3583446
        },
        "long": {
            "default": "San Miguel"
        },
        "parent": 3583462,
        "lat": 13.48333,
        "lng": -88.18333,
        "country": "SV",
        "population": 161880
    },
    "3583480": {
        "ids": {
            "geonames": 3583480
        },
        "long": {
            "default": "San Marcos"
        },
        "parent": 3583360,
        "lat": 13.65889,
        "lng": -89.18306,
        "country": "SV",
        "population": 54615
    },
    "3584257": {
        "ids": {
            "geonames": 3584257
        },
        "long": {
            "default": "Santa Tecla"
        },
        "parent": 3585155,
        "lat": 13.67694,
        "lng": -89.27972,
        "country": "SV",
        "population": 124694
    },
    "3584399": {
        "ids": {
            "geonames": 3584399
        },
        "long": {
            "default": "Mejicanos"
        },
        "parent": 3583360,
        "lat": 13.74028,
        "lng": -89.21306,
        "country": "SV",
        "population": 160317
    },
    "3586814": {
        "ids": {
            "geonames": 3586814
        },
        "long": {
            "default": "Delgado"
        },
        "parent": 3583360,
        "lat": 13.72417,
        "lng": -89.17028,
        "country": "SV",
        "population": 71594
    },
    "3587345": {
        "ids": {
            "geonames": 3587345
        },
        "long": {
            "default": "Apopa"
        },
        "parent": 3583360,
        "lat": 13.80722,
        "lng": -89.17917,
        "country": "SV",
        "population": 112158
    }
}