{
    "163345": {
        "ids": {
            "geonames": 163345
        },
        "long": {
            "default": "Tartouss"
        },
        "parent": 163342,
        "lat": 34.88902,
        "lng": 35.88659,
        "country": "SY",
        "population": 89457
    },
    "163808": {
        "ids": {
            "geonames": 163808
        },
        "long": {
            "default": "Tadmur"
        },
        "parent": 169575,
        "lat": 34.5624,
        "lng": 38.28402,
        "country": "SY",
        "population": 51015
    },
    "164947": {
        "ids": {
            "geonames": 164947
        },
        "long": {
            "default": "As Salamīyah"
        },
        "parent": 170015,
        "lat": 35.01127,
        "lng": 37.05324,
        "country": "SY",
        "population": 94887
    },
    "167357": {
        "ids": {
            "geonames": 167357
        },
        "long": {
            "default": "Manbij"
        },
        "parent": 170062,
        "lat": 36.52815,
        "lng": 37.95495,
        "country": "SY",
        "population": 68888
    },
    "169304": {
        "ids": {
            "geonames": 169304
        },
        "long": {
            "default": "Jablah"
        },
        "parent": 173578,
        "lat": 35.36211,
        "lng": 35.92759,
        "country": "SY",
        "population": 65915
    },
    "169389": {
        "ids": {
            "geonames": 169389
        },
        "long": {
            "default": "Idlib"
        },
        "parent": 169387,
        "lat": 35.93062,
        "lng": 36.63393,
        "country": "SY",
        "population": 128840
    },
    "169577": {
        "ids": {
            "geonames": 169577
        },
        "long": {
            "default": "Homs"
        },
        "parent": 169575,
        "lat": 34.72682,
        "lng": 36.72339,
        "country": "SY",
        "population": 775404
    },
    "170017": {
        "ids": {
            "geonames": 170017
        },
        "long": {
            "default": "Ḩamāh"
        },
        "parent": 170015,
        "lat": 35.13179,
        "lng": 36.75783,
        "country": "SY",
        "population": 460602
    },
    "170063": {
        "ids": {
            "geonames": 170063
        },
        "long": {
            "default": "Aleppo"
        },
        "parent": 170062,
        "lat": 36.20124,
        "lng": 37.16117,
        "country": "SY",
        "population": 1602264
    },
    "170592": {
        "ids": {
            "geonames": 170592
        },
        "long": {
            "default": "Douma"
        },
        "parent": 170652,
        "lat": 33.57175,
        "lng": 36.4027,
        "country": "SY",
        "population": 111864
    },
    "170654": {
        "ids": {
            "geonames": 170654
        },
        "long": {
            "default": "Damascus"
        },
        "parent": 167541,
        "lat": 33.5102,
        "lng": 36.29128,
        "country": "SY",
        "population": 1569394
    },
    "170794": {
        "ids": {
            "geonames": 170794
        },
        "long": {
            "default": "Deir ez-Zor"
        },
        "parent": 170792,
        "lat": 35.33588,
        "lng": 40.14084,
        "country": "SY",
        "population": 242565
    },
    "170892": {
        "ids": {
            "geonames": 170892
        },
        "long": {
            "default": "Dārayyā"
        },
        "parent": 170652,
        "lat": 33.45835,
        "lng": 36.23256,
        "country": "SY",
        "population": 71596
    },
    "170905": {
        "ids": {
            "geonames": 170905
        },
        "long": {
            "default": "Dar‘ā"
        },
        "parent": 170903,
        "lat": 32.61889,
        "lng": 36.10213,
        "country": "SY",
        "population": 97969
    },
    "172082": {
        "ids": {
            "geonames": 172082
        },
        "long": {
            "default": "I‘zāz"
        },
        "parent": 170062,
        "lat": 36.58662,
        "lng": 37.04628,
        "country": "SY",
        "population": 66138
    },
    "172349": {
        "ids": {
            "geonames": 172349
        },
        "long": {
            "default": "At Tall"
        },
        "parent": 170652,
        "lat": 33.61033,
        "lng": 36.3107,
        "country": "SY",
        "population": 55561
    },
    "172374": {
        "ids": {
            "geonames": 172374
        },
        "long": {
            "default": "Ath Thawrah"
        },
        "parent": 172957,
        "lat": 35.83453,
        "lng": 38.54659,
        "country": "SY",
        "population": 87880
    },
    "172408": {
        "ids": {
            "geonames": 172408
        },
        "long": {
            "default": "As Suwaydā’"
        },
        "parent": 172410,
        "lat": 32.70896,
        "lng": 36.56951,
        "country": "SY",
        "population": 59052
    },
    "172503": {
        "ids": {
            "geonames": 172503
        },
        "long": {
            "default": "As Safīrah"
        },
        "parent": 170062,
        "lat": 36.07696,
        "lng": 37.37251,
        "country": "SY",
        "population": 95832
    },
    "172946": {
        "ids": {
            "geonames": 172946
        },
        "long": {
            "default": "Ar Rastan"
        },
        "parent": 169575,
        "lat": 34.92653,
        "lng": 36.73238,
        "country": "SY",
        "population": 53152
    },
    "172955": {
        "ids": {
            "geonames": 172955
        },
        "long": {
            "default": "Ar Raqqah"
        },
        "parent": 172957,
        "lat": 35.95283,
        "lng": 39.00788,
        "country": "SY",
        "population": 177636
    },
    "173480": {
        "ids": {
            "geonames": 173480
        },
        "long": {
            "default": "Al Mayādīn"
        },
        "parent": 170792,
        "lat": 35.01982,
        "lng": 40.45154,
        "country": "SY",
        "population": 54534
    },
    "173576": {
        "ids": {
            "geonames": 173576
        },
        "long": {
            "default": "Latakia"
        },
        "parent": 173578,
        "lat": 35.53168,
        "lng": 35.79011,
        "country": "SY",
        "population": 340181
    },
    "173811": {
        "ids": {
            "geonames": 173811
        },
        "long": {
            "default": "Al Ḩasakah"
        },
        "parent": 173813,
        "lat": 36.50237,
        "lng": 40.74772,
        "country": "SY",
        "population": 81539
    },
    "174018": {
        "ids": {
            "geonames": 174018
        },
        "long": {
            "default": "Al Bāb"
        },
        "parent": 170062,
        "lat": 36.37051,
        "lng": 37.5157,
        "country": "SY",
        "population": 130745
    },
    "174448": {
        "ids": {
            "geonames": 174448
        },
        "long": {
            "default": "Ālbū Kamāl"
        },
        "parent": 170792,
        "lat": 34.45226,
        "lng": 40.91854,
        "country": "SY",
        "population": 57572
    }
}