{
    "934985": {
        "ids": {
            "geonames": 934985
        },
        "long": {
            "default": "Mbabane"
        },
        "parent": 935085,
        "lat": -26.31667,
        "lng": 31.13333,
        "country": "SZ",
        "population": 76218
    },
    "934995": {
        "ids": {
            "geonames": 934995
        },
        "long": {
            "default": "Manzini"
        },
        "parent": 934994,
        "lat": -26.49884,
        "lng": 31.38004,
        "country": "SZ",
        "population": 110537
    }
}