{
    "245785": {
        "ids": {
            "geonames": 245785
        },
        "long": {
            "default": "Abéché"
        },
        "parent": 242246,
        "lat": 13.82916,
        "lng": 20.8324,
        "country": "TD",
        "population": 74188
    },
    "2425791": {
        "ids": {
            "geonames": 2425791
        },
        "long": {
            "default": "Sagh"
        },
        "parent": 2427315,
        "lat": 9.1429,
        "lng": 18.3923,
        "country": "TD",
        "population": 102528
    },
    "2427123": {
        "ids": {
            "geonames": 2427123
        },
        "long": {
            "default": "N'Djamena"
        },
        "parent": 2434478,
        "lat": 12.10672,
        "lng": 15.0444,
        "country": "TD",
        "population": 721081
    },
    "2427455": {
        "ids": {
            "geonames": 2427455
        },
        "long": {
            "default": "Moundou"
        },
        "parent": 2429060,
        "lat": 8.56667,
        "lng": 16.08333,
        "country": "TD",
        "population": 135167
    }
}