{
    "2363534": {
        "ids": {
            "geonames": 2363534
        },
        "long": {
            "default": "Tsévié"
        },
        "parent": 2365173,
        "lat": 6.42611,
        "lng": 1.21333,
        "country": "TG",
        "population": 55775
    },
    "2364104": {
        "ids": {
            "geonames": 2364104
        },
        "long": {
            "default": "Sokodé"
        },
        "parent": 2367237,
        "lat": 8.98333,
        "lng": 1.13333,
        "country": "TG",
        "population": 117811
    },
    "2365267": {
        "ids": {
            "geonames": 2365267
        },
        "long": {
            "default": "Lomé"
        },
        "parent": 2365173,
        "lat": 6.13748,
        "lng": 1.21227,
        "country": "TG",
        "population": 749700
    },
    "2365560": {
        "ids": {
            "geonames": 2365560
        },
        "long": {
            "default": "Kpalimé"
        },
        "parent": 2364370,
        "lat": 6.9,
        "lng": 0.63333,
        "country": "TG",
        "population": 75084
    },
    "2366152": {
        "ids": {
            "geonames": 2366152
        },
        "long": {
            "default": "Kara"
        },
        "parent": 2597439,
        "lat": 9.55111,
        "lng": 1.18611,
        "country": "TG",
        "population": 104207
    },
    "2367568": {
        "ids": {
            "geonames": 2367568
        },
        "long": {
            "default": "Bassar"
        },
        "parent": 2597439,
        "lat": 9.25025,
        "lng": 0.78213,
        "country": "TG",
        "population": 61845
    },
    "2367886": {
        "ids": {
            "geonames": 2367886
        },
        "long": {
            "default": "Atakpamé"
        },
        "parent": 2364370,
        "lat": 7.53333,
        "lng": 1.13333,
        "country": "TG",
        "population": 80683
    }
}