{
    "1117652": {
        "ids": {
            "geonames": 1117652
        },
        "long": {
            "default": "Ban Talat Yai"
        },
        "parent": 1151253,
        "lat": 7.88481,
        "lng": 98.40008,
        "country": "TH",
        "population": 52192
    },
    "1150007": {
        "ids": {
            "geonames": 1150007
        },
        "long": {
            "default": "Trang"
        },
        "parent": 1150006,
        "lat": 7.55633,
        "lng": 99.61141,
        "country": "TH",
        "population": 66713
    },
    "1150275": {
        "ids": {
            "geonames": 1150275
        },
        "long": {
            "default": "Tha Maka"
        },
        "parent": 1153080,
        "lat": 13.9,
        "lng": 99.76667,
        "country": "TH",
        "population": 52907
    },
    "1150515": {
        "ids": {
            "geonames": 1150515
        },
        "long": {
            "default": "Surat Thani"
        },
        "parent": 1150514,
        "lat": 9.14011,
        "lng": 99.33311,
        "country": "TH",
        "population": 127201
    },
    "1150954": {
        "ids": {
            "geonames": 1150954
        },
        "long": {
            "default": "Ratchaburi"
        },
        "parent": 1150953,
        "lat": 13.53671,
        "lng": 99.81712,
        "country": "TH",
        "population": 92448
    },
    "1151254": {
        "ids": {
            "geonames": 1151254
        },
        "long": {
            "default": "Phuket"
        },
        "parent": 1151253,
        "lat": 7.89059,
        "lng": 98.3981,
        "country": "TH",
        "population": 89072
    },
    "1151933": {
        "ids": {
            "geonames": 1151933
        },
        "long": {
            "default": "Nakhon Si Thammarat"
        },
        "parent": 1608525,
        "lat": 8.43333,
        "lng": 99.96667,
        "country": "TH",
        "population": 120836
    },
    "1152473": {
        "ids": {
            "geonames": 1152473
        },
        "long": {
            "default": "Lampang"
        },
        "parent": 1152472,
        "lat": 18.29232,
        "lng": 99.49277,
        "country": "TH",
        "population": 156139
    },
    "1153081": {
        "ids": {
            "geonames": 1153081
        },
        "long": {
            "default": "Kanchanaburi"
        },
        "parent": 1153080,
        "lat": 14.00412,
        "lng": 99.54832,
        "country": "TH",
        "population": 63699
    },
    "1153090": {
        "ids": {
            "geonames": 1153090
        },
        "long": {
            "default": "Kamphaeng Phet"
        },
        "parent": 1153089,
        "lat": 16.48344,
        "lng": 99.52153,
        "country": "TH",
        "population": 58787
    },
    "1153269": {
        "ids": {
            "geonames": 1153269
        },
        "long": {
            "default": "Hua Hin"
        },
        "parent": 1151073,
        "lat": 12.57065,
        "lng": 99.95876,
        "country": "TH",
        "population": 50456
    },
    "1153557": {
        "ids": {
            "geonames": 1153557
        },
        "long": {
            "default": "Chumphon"
        },
        "parent": 1153555,
        "lat": 10.4957,
        "lng": 99.17971,
        "country": "TH",
        "population": 55835
    },
    "1153669": {
        "ids": {
            "geonames": 1153669
        },
        "long": {
            "default": "Chiang Rai"
        },
        "parent": 1153668,
        "lat": 19.90858,
        "lng": 99.8325,
        "country": "TH",
        "population": 78756
    },
    "1153671": {
        "ids": {
            "geonames": 1153671
        },
        "long": {
            "default": "Chiang Mai"
        },
        "parent": 1153670,
        "lat": 18.79038,
        "lng": 98.98468,
        "country": "TH",
        "population": 200952
    },
    "1155139": {
        "ids": {
            "geonames": 1155139
        },
        "long": {
            "default": "Ban Pong"
        },
        "parent": 1150953,
        "lat": 13.81629,
        "lng": 99.87739,
        "country": "TH",
        "population": 57559
    },
    "1601579": {
        "ids": {
            "geonames": 1601579
        },
        "long": {
            "default": "Ban Mai"
        },
        "parent": 1606146,
        "lat": 7.20411,
        "lng": 100.54508,
        "country": "TH",
        "population": 86899
    },
    "1604870": {
        "ids": {
            "geonames": 1604870
        },
        "long": {
            "default": "Yala"
        },
        "parent": 1604869,
        "lat": 6.53995,
        "lng": 101.28128,
        "country": "TH",
        "population": 93558
    },
    "1605215": {
        "ids": {
            "geonames": 1605215
        },
        "long": {
            "default": "Uttaradit"
        },
        "parent": 1605214,
        "lat": 17.62557,
        "lng": 100.09421,
        "country": "TH",
        "population": 58313
    },
    "1605239": {
        "ids": {
            "geonames": 1605239
        },
        "long": {
            "default": "Udon Thani"
        },
        "parent": 1906686,
        "lat": 17.41567,
        "lng": 102.78589,
        "country": "TH",
        "population": 247231
    },
    "1605245": {
        "ids": {
            "geonames": 1605245
        },
        "long": {
            "default": "Ubon Ratchathani"
        },
        "parent": 1906688,
        "lat": 15.23844,
        "lng": 104.84866,
        "country": "TH",
        "population": 122533
    },
    "1606033": {
        "ids": {
            "geonames": 1606033
        },
        "long": {
            "default": "Suphan Buri"
        },
        "parent": 1606032,
        "lat": 14.47418,
        "lng": 100.12218,
        "country": "TH",
        "population": 53399
    },
    "1606147": {
        "ids": {
            "geonames": 1606147
        },
        "long": {
            "default": "Songkhla"
        },
        "parent": 1606146,
        "lat": 7.19882,
        "lng": 100.5951,
        "country": "TH",
        "population": 84264
    },
    "1606250": {
        "ids": {
            "geonames": 1606250
        },
        "long": {
            "default": "Si Racha"
        },
        "parent": 1611108,
        "lat": 13.17372,
        "lng": 100.93111,
        "country": "TH",
        "population": 178916
    },
    "1606386": {
        "ids": {
            "geonames": 1606386
        },
        "long": {
            "default": "Sattahip"
        },
        "parent": 1611108,
        "lat": 12.66644,
        "lng": 100.90073,
        "country": "TH",
        "population": 65444
    },
    "1606418": {
        "ids": {
            "geonames": 1606418
        },
        "long": {
            "default": "Saraburi"
        },
        "parent": 1606417,
        "lat": 14.53333,
        "lng": 100.91667,
        "country": "TH",
        "population": 67763
    },
    "1606588": {
        "ids": {
            "geonames": 1606588
        },
        "long": {
            "default": "Samut Sakhon"
        },
        "parent": 1606587,
        "lat": 13.54753,
        "lng": 100.27362,
        "country": "TH",
        "population": 63498
    },
    "1606590": {
        "ids": {
            "geonames": 1606590
        },
        "long": {
            "default": "Samut Prakan"
        },
        "parent": 1606589,
        "lat": 13.59934,
        "lng": 100.59675,
        "country": "TH",
        "population": 388920
    },
    "1606790": {
        "ids": {
            "geonames": 1606790
        },
        "long": {
            "default": "Sakon Nakhon"
        },
        "parent": 1606789,
        "lat": 17.16116,
        "lng": 104.14725,
        "country": "TH",
        "population": 76237
    },
    "1607017": {
        "ids": {
            "geonames": 1607017
        },
        "long": {
            "default": "Rayong"
        },
        "parent": 1607016,
        "lat": 12.68095,
        "lng": 101.25798,
        "country": "TH",
        "population": 106737
    },
    "1607508": {
        "ids": {
            "geonames": 1607508
        },
        "long": {
            "default": "Phra Pradaeng"
        },
        "parent": 1606589,
        "lat": 13.65855,
        "lng": 100.53362,
        "country": "TH",
        "population": 171333
    },
    "1607512": {
        "ids": {
            "geonames": 1607512
        },
        "long": {
            "default": "Phra Phutthabat"
        },
        "parent": 1606417,
        "lat": 14.72526,
        "lng": 100.79536,
        "country": "TH",
        "population": 57008
    },
    "1607532": {
        "ids": {
            "geonames": 1607532
        },
        "long": {
            "default": "Phra Nakhon Si Ayutthaya"
        },
        "parent": 1607530,
        "lat": 14.35167,
        "lng": 100.57739,
        "country": "TH",
        "population": 81962
    },
    "1607708": {
        "ids": {
            "geonames": 1607708
        },
        "long": {
            "default": "Phitsanulok"
        },
        "parent": 1607707,
        "lat": 16.82481,
        "lng": 100.25858,
        "country": "TH",
        "population": 103427
    },
    "1607737": {
        "ids": {
            "geonames": 1607737
        },
        "long": {
            "default": "Phetchabun"
        },
        "parent": 1607736,
        "lat": 16.41904,
        "lng": 101.16056,
        "country": "TH",
        "population": 50656
    },
    "1608048": {
        "ids": {
            "geonames": 1608048
        },
        "long": {
            "default": "Pak Kret"
        },
        "parent": 1608132,
        "lat": 13.91301,
        "lng": 100.49883,
        "country": "TH",
        "population": 182926
    },
    "1608133": {
        "ids": {
            "geonames": 1608133
        },
        "long": {
            "default": "Mueang Nonthaburi"
        },
        "parent": 1608132,
        "lat": 13.86075,
        "lng": 100.51477,
        "country": "TH",
        "population": 291555
    },
    "1608232": {
        "ids": {
            "geonames": 1608232
        },
        "long": {
            "default": "Nong Khai"
        },
        "parent": 1608231,
        "lat": 17.87847,
        "lng": 102.742,
        "country": "TH",
        "population": 63609
    },
    "1608527": {
        "ids": {
            "geonames": 1608527
        },
        "long": {
            "default": "Nakhon Sawan"
        },
        "parent": 1608526,
        "lat": 15.70472,
        "lng": 100.13717,
        "country": "TH",
        "population": 91802
    },
    "1608529": {
        "ids": {
            "geonames": 1608529
        },
        "long": {
            "default": "Nakhon Ratchasima"
        },
        "parent": 1608528,
        "lat": 14.97066,
        "lng": 102.10196,
        "country": "TH",
        "population": 208781
    },
    "1608534": {
        "ids": {
            "geonames": 1608534
        },
        "long": {
            "default": "Nakhon Pathom"
        },
        "parent": 1608533,
        "lat": 13.8196,
        "lng": 100.04427,
        "country": "TH",
        "population": 117927
    },
    "1608900": {
        "ids": {
            "geonames": 1608900
        },
        "long": {
            "default": "Maha Sarakham"
        },
        "parent": 1608899,
        "lat": 16.18483,
        "lng": 103.30067,
        "country": "TH",
        "population": 51584
    },
    "1609032": {
        "ids": {
            "geonames": 1609032
        },
        "long": {
            "default": "Lop Buri"
        },
        "parent": 1609031,
        "lat": 14.79808,
        "lng": 100.65397,
        "country": "TH",
        "population": 57761
    },
    "1609350": {
        "ids": {
            "geonames": 1609350
        },
        "long": {
            "default": "Bangkok"
        },
        "parent": 1609348,
        "lat": 13.75398,
        "lng": 100.50144,
        "country": "TH",
        "population": 5104476
    },
    "1609395": {
        "ids": {
            "geonames": 1609395
        },
        "long": {
            "default": "Krathum Baen"
        },
        "parent": 1606587,
        "lat": 13.6533,
        "lng": 100.25972,
        "country": "TH",
        "population": 72819
    },
    "1609610": {
        "ids": {
            "geonames": 1609610
        },
        "long": {
            "default": "Klaeng"
        },
        "parent": 1607016,
        "lat": 12.77972,
        "lng": 101.64831,
        "country": "TH",
        "population": 55619
    },
    "1609776": {
        "ids": {
            "geonames": 1609776
        },
        "long": {
            "default": "Khon Kaen"
        },
        "parent": 1609775,
        "lat": 16.44671,
        "lng": 102.833,
        "country": "TH",
        "population": 147579
    },
    "1609899": {
        "ids": {
            "geonames": 1609899
        },
        "long": {
            "default": "Khlong Luang"
        },
        "parent": 1607982,
        "lat": 14.06467,
        "lng": 100.64578,
        "country": "TH",
        "population": 118551
    },
    "1610469": {
        "ids": {
            "geonames": 1610469
        },
        "long": {
            "default": "Kalasin"
        },
        "parent": 1610468,
        "lat": 16.43281,
        "lng": 103.50658,
        "country": "TH",
        "population": 55102
    },
    "1610780": {
        "ids": {
            "geonames": 1610780
        },
        "long": {
            "default": "Hat Yai"
        },
        "parent": 1606146,
        "lat": 7.00836,
        "lng": 100.47668,
        "country": "TH",
        "population": 191696
    },
    "1611110": {
        "ids": {
            "geonames": 1611110
        },
        "long": {
            "default": "Chon Buri"
        },
        "parent": 1611108,
        "lat": 13.3622,
        "lng": 100.98345,
        "country": "TH",
        "population": 219164
    },
    "1611269": {
        "ids": {
            "geonames": 1611269
        },
        "long": {
            "default": "Chanthaburi"
        },
        "parent": 1611268,
        "lat": 12.60961,
        "lng": 102.10447,
        "country": "TH",
        "population": 99819
    },
    "1611407": {
        "ids": {
            "geonames": 1611407
        },
        "long": {
            "default": "Chaiyaphum"
        },
        "parent": 1611406,
        "lat": 15.81047,
        "lng": 102.02881,
        "country": "TH",
        "population": 58350
    },
    "1613769": {
        "ids": {
            "geonames": 1613769
        },
        "long": {
            "default": "Ban Rangsit"
        },
        "parent": 1607982,
        "lat": 14.02775,
        "lng": 100.75603,
        "country": "TH",
        "population": 123382
    },
    "1614295": {
        "ids": {
            "geonames": 1614295
        },
        "long": {
            "default": "Phatthaya"
        },
        "parent": 1611108,
        "lat": 12.93333,
        "lng": 100.88333,
        "country": "TH",
        "population": 97296
    },
    "1617111": {
        "ids": {
            "geonames": 1617111
        },
        "long": {
            "default": "Ban Lam Luk Ka"
        },
        "parent": 1607982,
        "lat": 13.97738,
        "lng": 100.77776,
        "country": "TH",
        "population": 60700
    },
    "1619434": {
        "ids": {
            "geonames": 1619434
        },
        "long": {
            "default": "Bang Kruai"
        },
        "parent": 1608132,
        "lat": 13.805,
        "lng": 100.47283,
        "country": "TH",
        "population": 78305
    }
}