{
    "1220253": {
        "ids": {
            "geonames": 1220253
        },
        "long": {
            "default": "Istaravshan"
        },
        "parent": 1221092,
        "lat": 39.9142,
        "lng": 69.00328,
        "country": "TJ",
        "population": 52851
    },
    "1220747": {
        "ids": {
            "geonames": 1220747
        },
        "long": {
            "default": "Qŭrghonteppa"
        },
        "parent": 1347488,
        "lat": 37.83399,
        "lng": 68.78186,
        "country": "TJ",
        "population": 65000
    },
    "1221194": {
        "ids": {
            "geonames": 1221194
        },
        "long": {
            "default": "Kŭlob"
        },
        "parent": 1347488,
        "lat": 37.91459,
        "lng": 69.78454,
        "country": "TJ",
        "population": 78786
    },
    "1221874": {
        "ids": {
            "geonames": 1221874
        },
        "long": {
            "default": "Dushanbe"
        },
        "parent": 7280679,
        "lat": 38.53575,
        "lng": 68.77905,
        "country": "TJ",
        "population": 679400
    },
    "1514879": {
        "ids": {
            "geonames": 1514879
        },
        "long": {
            "default": "Khŭjand"
        },
        "parent": 1221092,
        "lat": 40.28256,
        "lng": 69.62216,
        "country": "TJ",
        "population": 144865
    },
    "1514891": {
        "ids": {
            "geonames": 1514891
        },
        "long": {
            "default": "Konibodom"
        },
        "parent": 1221092,
        "lat": 40.29414,
        "lng": 70.43122,
        "country": "TJ",
        "population": 50359
    }
}