{
    "161616": {
        "ids": {
            "geonames": 161616
        },
        "long": {
            "default": "Balkanabat"
        },
        "parent": 162152,
        "lat": 39.51075,
        "lng": 54.36713,
        "country": "TM",
        "population": 87822
    },
    "162183": {
        "ids": {
            "geonames": 162183
        },
        "long": {
            "default": "Ashgabat"
        },
        "parent": 162181,
        "lat": 37.95,
        "lng": 58.38333,
        "country": "TM",
        "population": 727700
    },
    "601594": {
        "ids": {
            "geonames": 601594
        },
        "long": {
            "default": "Türkmenbaşy"
        },
        "parent": 162152,
        "lat": 40.02216,
        "lng": 52.95517,
        "country": "TM",
        "population": 68292
    },
    "601734": {
        "ids": {
            "geonames": 601734
        },
        "long": {
            "default": "Daşoguz"
        },
        "parent": 601465,
        "lat": 41.83625,
        "lng": 59.96661,
        "country": "TM",
        "population": 166500
    },
    "1218239": {
        "ids": {
            "geonames": 1218239
        },
        "long": {
            "default": "Tejen"
        },
        "parent": 162181,
        "lat": 37.38338,
        "lng": 60.50545,
        "country": "TM",
        "population": 67294
    },
    "1218667": {
        "ids": {
            "geonames": 1218667
        },
        "long": {
            "default": "Mary"
        },
        "parent": 1218666,
        "lat": 37.59378,
        "lng": 61.83031,
        "country": "TM",
        "population": 114680
    },
    "1219649": {
        "ids": {
            "geonames": 1219649
        },
        "long": {
            "default": "Türkmenabat"
        },
        "parent": 1219651,
        "lat": 39.07328,
        "lng": 63.57861,
        "country": "TM",
        "population": 234817
    },
    "1219762": {
        "ids": {
            "geonames": 1219762
        },
        "long": {
            "default": "Bayramaly"
        },
        "parent": 1218666,
        "lat": 37.61852,
        "lng": 62.16715,
        "country": "TM",
        "population": 75797
    }
}