{
    "2464470": {
        "ids": {
            "geonames": 2464470
        },
        "long": {
            "default": "Tunis"
        },
        "parent": 2464464,
        "lat": 36.81897,
        "lng": 10.16579,
        "country": "TN",
        "population": 693210
    },
    "2464701": {
        "ids": {
            "geonames": 2464701
        },
        "long": {
            "default": "Tataouine"
        },
        "parent": 2464698,
        "lat": 32.92967,
        "lng": 10.45177,
        "country": "TN",
        "population": 62577
    },
    "2464915": {
        "ids": {
            "geonames": 2464915
        },
        "long": {
            "default": "Sousse"
        },
        "parent": 2464912,
        "lat": 35.82539,
        "lng": 10.63699,
        "country": "TN",
        "population": 164123
    },
    "2467246": {
        "ids": {
            "geonames": 2467246
        },
        "long": {
            "default": "Skanes"
        },
        "parent": 2473495,
        "lat": 35.78333,
        "lng": 10.8,
        "country": "TN",
        "population": 64222
    },
    "2467454": {
        "ids": {
            "geonames": 2467454
        },
        "long": {
            "default": "Sfax"
        },
        "parent": 2467450,
        "lat": 34.74056,
        "lng": 10.76028,
        "country": "TN",
        "population": 277278
    },
    "2468353": {
        "ids": {
            "geonames": 2468353
        },
        "long": {
            "default": "Gafsa"
        },
        "parent": 2468351,
        "lat": 34.425,
        "lng": 8.78417,
        "country": "TN",
        "population": 81232
    },
    "2468369": {
        "ids": {
            "geonames": 2468369
        },
        "long": {
            "default": "Gabès"
        },
        "parent": 2468365,
        "lat": 33.88146,
        "lng": 10.0982,
        "country": "TN",
        "population": 110075
    },
    "2468579": {
        "ids": {
            "geonames": 2468579
        },
        "long": {
            "default": "Nabeul"
        },
        "parent": 2468576,
        "lat": 36.45606,
        "lng": 10.73763,
        "country": "TN",
        "population": 56387
    },
    "2468925": {
        "ids": {
            "geonames": 2468925
        },
        "long": {
            "default": "Midoun"
        },
        "parent": 2469470,
        "lat": 33.80813,
        "lng": 10.99228,
        "country": "TN",
        "population": 120000
    },
    "2469140": {
        "ids": {
            "geonames": 2469140
        },
        "long": {
            "default": "Msaken"
        },
        "parent": 2464912,
        "lat": 35.72917,
        "lng": 10.58082,
        "country": "TN",
        "population": 64563
    },
    "2469473": {
        "ids": {
            "geonames": 2469473
        },
        "long": {
            "default": "Medenine"
        },
        "parent": 2469470,
        "lat": 33.35495,
        "lng": 10.50548,
        "country": "TN",
        "population": 61705
    },
    "2470088": {
        "ids": {
            "geonames": 2470088
        },
        "long": {
            "default": "Jendouba"
        },
        "parent": 2470085,
        "lat": 36.50114,
        "lng": 8.78024,
        "country": "TN",
        "population": 51408
    },
    "2470173": {
        "ids": {
            "geonames": 2470173
        },
        "long": {
            "default": "Zarzis"
        },
        "parent": 2469470,
        "lat": 33.50398,
        "lng": 11.11215,
        "country": "TN",
        "population": 79316
    },
    "2470384": {
        "ids": {
            "geonames": 2470384
        },
        "long": {
            "default": "Houmt Souk"
        },
        "parent": 2469470,
        "lat": 33.87576,
        "lng": 10.85745,
        "country": "TN",
        "population": 62583
    },
    "2470656": {
        "ids": {
            "geonames": 2470656
        },
        "long": {
            "default": "La Goulette"
        },
        "parent": 2464464,
        "lat": 36.81806,
        "lng": 10.305,
        "country": "TN",
        "population": 79795
    },
    "2472479": {
        "ids": {
            "geonames": 2472479
        },
        "long": {
            "default": "Ben Arous"
        },
        "parent": 2472477,
        "lat": 36.75306,
        "lng": 10.21889,
        "country": "TN",
        "population": 74932
    },
    "2472706": {
        "ids": {
            "geonames": 2472706
        },
        "long": {
            "default": "Bizerte"
        },
        "parent": 2472699,
        "lat": 37.27442,
        "lng": 9.87391,
        "country": "TN",
        "population": 115268
    },
    "2472774": {
        "ids": {
            "geonames": 2472774
        },
        "long": {
            "default": "Béja"
        },
        "parent": 2472770,
        "lat": 36.72564,
        "lng": 9.18169,
        "country": "TN",
        "population": 57233
    },
    "2473247": {
        "ids": {
            "geonames": 2473247
        },
        "long": {
            "default": "Ariana"
        },
        "parent": 2473245,
        "lat": 36.86012,
        "lng": 10.19337,
        "country": "TN",
        "population": 97687
    },
    "2473449": {
        "ids": {
            "geonames": 2473449
        },
        "long": {
            "default": "Kairouan"
        },
        "parent": 2473451,
        "lat": 35.6781,
        "lng": 10.09633,
        "country": "TN",
        "population": 119794
    },
    "2473457": {
        "ids": {
            "geonames": 2473457
        },
        "long": {
            "default": "Kasserine"
        },
        "parent": 2473460,
        "lat": 35.16758,
        "lng": 8.83651,
        "country": "TN",
        "population": 81987
    },
    "2473493": {
        "ids": {
            "geonames": 2473493
        },
        "long": {
            "default": "Monastir"
        },
        "parent": 2473495,
        "lat": 35.77799,
        "lng": 10.82617,
        "country": "TN",
        "population": 71546
    },
    "2473499": {
        "ids": {
            "geonames": 2473499
        },
        "long": {
            "default": "La Mohammedia"
        },
        "parent": 2464464,
        "lat": 36.67446,
        "lng": 10.15633,
        "country": "TN",
        "population": 66593
    },
    "2473540": {
        "ids": {
            "geonames": 2473540
        },
        "long": {
            "default": "Al Marsá"
        },
        "parent": 2464464,
        "lat": 36.87818,
        "lng": 10.32466,
        "country": "TN",
        "population": 65640
    },
    "2473744": {
        "ids": {
            "geonames": 2473744
        },
        "long": {
            "default": "Hammamet"
        },
        "parent": 2468576,
        "lat": 36.4,
        "lng": 10.61667,
        "country": "TN",
        "population": 53733
    },
    "2473747": {
        "ids": {
            "geonames": 2473747
        },
        "long": {
            "default": "El Hamma"
        },
        "parent": 2468365,
        "lat": 33.89152,
        "lng": 9.79629,
        "country": "TN",
        "population": 62000
    },
    "2581754": {
        "ids": {
            "geonames": 2581754
        },
        "long": {
            "default": "Douane"
        },
        "parent": 2468576,
        "lat": 36.44766,
        "lng": 10.7557,
        "country": "TN",
        "population": 60192
    }
}