{
    "296173": {
        "ids": {
            "geonames": 296173
        },
        "long": {
            "default": "Yüksekova"
        },
        "parent": 312888,
        "lat": 37.57362,
        "lng": 44.28716,
        "country": "TR",
        "population": 71729
    },
    "296562": {
        "ids": {
            "geonames": 296562
        },
        "long": {
            "default": "Yozgat"
        },
        "parent": 296560,
        "lat": 39.82,
        "lng": 34.80444,
        "country": "TR",
        "population": 87881
    },
    "298033": {
        "ids": {
            "geonames": 298033
        },
        "long": {
            "default": "Viranşehir"
        },
        "parent": 298332,
        "lat": 37.22349,
        "lng": 39.75519,
        "country": "TR",
        "population": 154163
    },
    "298117": {
        "ids": {
            "geonames": 298117
        },
        "long": {
            "default": "Van"
        },
        "parent": 298113,
        "lat": 38.49457,
        "lng": 43.38323,
        "country": "TR",
        "population": 371713
    },
    "298299": {
        "ids": {
            "geonames": 298299
        },
        "long": {
            "default": "Uşak"
        },
        "parent": 298298,
        "lat": 38.67351,
        "lng": 29.4058,
        "country": "TR",
        "population": 152862
    },
    "298333": {
        "ids": {
            "geonames": 298333
        },
        "long": {
            "default": "Şanlıurfa"
        },
        "parent": 298332,
        "lat": 37.16708,
        "lng": 38.79392,
        "country": "TR",
        "population": 449549
    },
    "298806": {
        "ids": {
            "geonames": 298806
        },
        "long": {
            "default": "Turgutlu"
        },
        "parent": 304825,
        "lat": 38.49533,
        "lng": 27.6997,
        "country": "TR",
        "population": 103292
    },
    "298935": {
        "ids": {
            "geonames": 298935
        },
        "long": {
            "default": "Torbalı"
        },
        "parent": 311044,
        "lat": 38.1519,
        "lng": 27.36223,
        "country": "TR",
        "population": 50303
    },
    "299545": {
        "ids": {
            "geonames": 299545
        },
        "long": {
            "default": "Tavşanlı"
        },
        "parent": 305267,
        "lat": 39.54237,
        "lng": 29.49866,
        "country": "TR",
        "population": 52182
    },
    "299582": {
        "ids": {
            "geonames": 299582
        },
        "long": {
            "default": "Tatvan"
        },
        "parent": 321022,
        "lat": 38.49221,
        "lng": 42.28269,
        "country": "TR",
        "population": 73222
    },
    "299817": {
        "ids": {
            "geonames": 299817
        },
        "long": {
            "default": "Tarsus"
        },
        "parent": 311728,
        "lat": 36.91766,
        "lng": 34.89277,
        "country": "TR",
        "population": 256482
    },
    "300352": {
        "ids": {
            "geonames": 300352
        },
        "long": {
            "default": "Sorgun"
        },
        "parent": 296560,
        "lat": 39.81012,
        "lng": 35.18596,
        "country": "TR",
        "population": 62862
    },
    "300371": {
        "ids": {
            "geonames": 300371
        },
        "long": {
            "default": "Soma"
        },
        "parent": 304825,
        "lat": 39.18554,
        "lng": 27.60945,
        "country": "TR",
        "population": 65934
    },
    "300399": {
        "ids": {
            "geonames": 300399
        },
        "long": {
            "default": "Söke"
        },
        "parent": 322819,
        "lat": 37.7482,
        "lng": 27.40614,
        "country": "TR",
        "population": 68230
    },
    "300614": {
        "ids": {
            "geonames": 300614
        },
        "long": {
            "default": "Siverek"
        },
        "parent": 298332,
        "lat": 37.75503,
        "lng": 39.31667,
        "country": "TR",
        "population": 175341
    },
    "300619": {
        "ids": {
            "geonames": 300619
        },
        "long": {
            "default": "Sivas"
        },
        "parent": 300617,
        "lat": 39.74833,
        "lng": 37.01611,
        "country": "TR",
        "population": 264022
    },
    "300640": {
        "ids": {
            "geonames": 300640
        },
        "long": {
            "default": "Şırnak"
        },
        "parent": 443189,
        "lat": 37.51393,
        "lng": 42.45432,
        "country": "TR",
        "population": 52743
    },
    "300796": {
        "ids": {
            "geonames": 300796
        },
        "long": {
            "default": "Silvan"
        },
        "parent": 316540,
        "lat": 38.13708,
        "lng": 41.00817,
        "country": "TR",
        "population": 65956
    },
    "300797": {
        "ids": {
            "geonames": 300797
        },
        "long": {
            "default": "Silopi"
        },
        "parent": 443189,
        "lat": 37.24379,
        "lng": 42.46345,
        "country": "TR",
        "population": 74798
    },
    "300808": {
        "ids": {
            "geonames": 300808
        },
        "long": {
            "default": "Silifke"
        },
        "parent": 311728,
        "lat": 36.37778,
        "lng": 33.93444,
        "country": "TR",
        "population": 75315
    },
    "300822": {
        "ids": {
            "geonames": 300822
        },
        "long": {
            "default": "Siirt"
        },
        "parent": 300821,
        "lat": 37.9293,
        "lng": 41.94134,
        "country": "TR",
        "population": 114034
    },
    "301010": {
        "ids": {
            "geonames": 301010
        },
        "long": {
            "default": "Seydişehir"
        },
        "parent": 306569,
        "lat": 37.41926,
        "lng": 31.84527,
        "country": "TR",
        "population": 51089
    },
    "302043": {
        "ids": {
            "geonames": 302043
        },
        "long": {
            "default": "Salihli"
        },
        "parent": 304825,
        "lat": 38.48258,
        "lng": 28.14774,
        "country": "TR",
        "population": 88906
    },
    "302355": {
        "ids": {
            "geonames": 302355
        },
        "long": {
            "default": "Reyhanlı"
        },
        "parent": 312394,
        "lat": 36.26791,
        "lng": 36.56747,
        "country": "TR",
        "population": 56995
    },
    "302525": {
        "ids": {
            "geonames": 302525
        },
        "long": {
            "default": "Polatlı"
        },
        "parent": 323784,
        "lat": 39.57715,
        "lng": 32.14132,
        "country": "TR",
        "population": 93262
    },
    "302819": {
        "ids": {
            "geonames": 302819
        },
        "long": {
            "default": "Patnos"
        },
        "parent": 325163,
        "lat": 39.22493,
        "lng": 42.85693,
        "country": "TR",
        "population": 87451
    },
    "303195": {
        "ids": {
            "geonames": 303195
        },
        "long": {
            "default": "Osmaniye"
        },
        "parent": 443183,
        "lat": 37.07417,
        "lng": 36.24778,
        "country": "TR",
        "population": 202837
    },
    "303700": {
        "ids": {
            "geonames": 303700
        },
        "long": {
            "default": "Ödemiş"
        },
        "parent": 311044,
        "lat": 38.2278,
        "lng": 27.96955,
        "country": "TR",
        "population": 67153
    },
    "303750": {
        "ids": {
            "geonames": 303750
        },
        "long": {
            "default": "Nusaybin"
        },
        "parent": 304794,
        "lat": 37.07028,
        "lng": 41.21465,
        "country": "TR",
        "population": 88977
    },
    "303798": {
        "ids": {
            "geonames": 303798
        },
        "long": {
            "default": "Nizip"
        },
        "parent": 314829,
        "lat": 37.00972,
        "lng": 37.79417,
        "country": "TR",
        "population": 82308
    },
    "303827": {
        "ids": {
            "geonames": 303827
        },
        "long": {
            "default": "Niğde"
        },
        "parent": 303826,
        "lat": 37.96583,
        "lng": 34.67935,
        "country": "TR",
        "population": 91039
    },
    "303831": {
        "ids": {
            "geonames": 303831
        },
        "long": {
            "default": "Nevşehir"
        },
        "parent": 303830,
        "lat": 38.625,
        "lng": 34.71222,
        "country": "TR",
        "population": 75527
    },
    "303873": {
        "ids": {
            "geonames": 303873
        },
        "long": {
            "default": "Nazilli"
        },
        "parent": 322819,
        "lat": 37.91631,
        "lng": 28.32225,
        "country": "TR",
        "population": 119370
    },
    "304081": {
        "ids": {
            "geonames": 304081
        },
        "long": {
            "default": "Muş"
        },
        "parent": 304041,
        "lat": 38.73163,
        "lng": 41.48482,
        "country": "TR",
        "population": 82536
    },
    "304382": {
        "ids": {
            "geonames": 304382
        },
        "long": {
            "default": "Midyat"
        },
        "parent": 304794,
        "lat": 37.41908,
        "lng": 41.33909,
        "country": "TR",
        "population": 76268
    },
    "304531": {
        "ids": {
            "geonames": 304531
        },
        "long": {
            "default": "Mercin"
        },
        "parent": 311728,
        "lat": 36.79526,
        "lng": 34.61792,
        "country": "TR",
        "population": 537842
    },
    "304612": {
        "ids": {
            "geonames": 304612
        },
        "long": {
            "default": "Menemen"
        },
        "parent": 311044,
        "lat": 38.60754,
        "lng": 27.06938,
        "country": "TR",
        "population": 53489
    },
    "304797": {
        "ids": {
            "geonames": 304797
        },
        "long": {
            "default": "Mardin"
        },
        "parent": 304794,
        "lat": 37.31309,
        "lng": 40.74357,
        "country": "TR",
        "population": 71373
    },
    "304827": {
        "ids": {
            "geonames": 304827
        },
        "long": {
            "default": "Manisa"
        },
        "parent": 304825,
        "lat": 38.61202,
        "lng": 27.42647,
        "country": "TR",
        "population": 243971
    },
    "304854": {
        "ids": {
            "geonames": 304854
        },
        "long": {
            "default": "Manavgat"
        },
        "parent": 323776,
        "lat": 36.78667,
        "lng": 31.44306,
        "country": "TR",
        "population": 99254
    },
    "304922": {
        "ids": {
            "geonames": 304922
        },
        "long": {
            "default": "Malatya"
        },
        "parent": 304919,
        "lat": 38.35018,
        "lng": 38.31667,
        "country": "TR",
        "population": 441805
    },
    "305268": {
        "ids": {
            "geonames": 305268
        },
        "long": {
            "default": "Kütahya"
        },
        "parent": 305267,
        "lat": 39.42417,
        "lng": 29.98333,
        "country": "TR",
        "population": 185008
    },
    "305359": {
        "ids": {
            "geonames": 305359
        },
        "long": {
            "default": "Kuşadası"
        },
        "parent": 322819,
        "lat": 37.85562,
        "lng": 27.2566,
        "country": "TR",
        "population": 63177
    },
    "306112": {
        "ids": {
            "geonames": 306112
        },
        "long": {
            "default": "Kozan"
        },
        "parent": 325361,
        "lat": 37.45517,
        "lng": 35.81573,
        "country": "TR",
        "population": 88115
    },
    "306571": {
        "ids": {
            "geonames": 306571
        },
        "long": {
            "default": "Konya"
        },
        "parent": 306569,
        "lat": 37.87135,
        "lng": 32.48464,
        "country": "TR",
        "population": 875530
    },
    "307084": {
        "ids": {
            "geonames": 307084
        },
        "long": {
            "default": "Kızıltepe"
        },
        "parent": 304794,
        "lat": 37.18836,
        "lng": 40.57723,
        "country": "TR",
        "population": 150174
    },
    "307515": {
        "ids": {
            "geonames": 307515
        },
        "long": {
            "default": "Kırşehir"
        },
        "parent": 307513,
        "lat": 39.14583,
        "lng": 34.16389,
        "country": "TR",
        "population": 94336
    },
    "307654": {
        "ids": {
            "geonames": 307654
        },
        "long": {
            "default": "Kırıkkale"
        },
        "parent": 443188,
        "lat": 39.84528,
        "lng": 33.50639,
        "country": "TR",
        "population": 211138
    },
    "307657": {
        "ids": {
            "geonames": 307657
        },
        "long": {
            "default": "Kırıkhan"
        },
        "parent": 312394,
        "lat": 36.49939,
        "lng": 36.35755,
        "country": "TR",
        "population": 60916
    },
    "307864": {
        "ids": {
            "geonames": 307864
        },
        "long": {
            "default": "Kilis"
        },
        "parent": 443213,
        "lat": 36.71611,
        "lng": 37.115,
        "country": "TR",
        "population": 82301
    },
    "308464": {
        "ids": {
            "geonames": 308464
        },
        "long": {
            "default": "Kayseri"
        },
        "parent": 308463,
        "lat": 38.73222,
        "lng": 35.48528,
        "country": "TR",
        "population": 592840
    },
    "309527": {
        "ids": {
            "geonames": 309527
        },
        "long": {
            "default": "Karaman"
        },
        "parent": 443187,
        "lat": 37.18111,
        "lng": 33.215,
        "country": "TR",
        "population": 120399
    },
    "309647": {
        "ids": {
            "geonames": 309647
        },
        "long": {
            "default": "Ağrı"
        },
        "parent": 325163,
        "lat": 39.71944,
        "lng": 43.05139,
        "country": "TR",
        "population": 92022
    },
    "310855": {
        "ids": {
            "geonames": 310855
        },
        "long": {
            "default": "Kâhta"
        },
        "parent": 325329,
        "lat": 37.78552,
        "lng": 38.6237,
        "country": "TR",
        "population": 73105
    },
    "310859": {
        "ids": {
            "geonames": 310859
        },
        "long": {
            "default": "Kahramanmaraş"
        },
        "parent": 310858,
        "lat": 37.5847,
        "lng": 36.92641,
        "country": "TR",
        "population": 376045
    },
    "310892": {
        "ids": {
            "geonames": 310892
        },
        "long": {
            "default": "Kadirli"
        },
        "parent": 325361,
        "lat": 37.37389,
        "lng": 36.09611,
        "country": "TR",
        "population": 70248
    },
    "311046": {
        "ids": {
            "geonames": 311046
        },
        "long": {
            "default": "İzmir"
        },
        "parent": 311044,
        "lat": 38.41273,
        "lng": 27.13838,
        "country": "TR",
        "population": 2500603
    },
    "311073": {
        "ids": {
            "geonames": 311073
        },
        "long": {
            "default": "Isparta"
        },
        "parent": 311071,
        "lat": 37.76444,
        "lng": 30.55222,
        "country": "TR",
        "population": 172334
    },
    "311111": {
        "ids": {
            "geonames": 311111
        },
        "long": {
            "default": "İskenderun"
        },
        "parent": 312394,
        "lat": 36.58718,
        "lng": 36.17347,
        "country": "TR",
        "population": 159965
    },
    "311665": {
        "ids": {
            "geonames": 311665
        },
        "long": {
            "default": "Iğdır"
        },
        "parent": 443184,
        "lat": 39.92371,
        "lng": 44.045,
        "country": "TR",
        "population": 75721
    },
    "314830": {
        "ids": {
            "geonames": 314830
        },
        "long": {
            "default": "Gaziantep"
        },
        "parent": 314829,
        "lat": 37.05944,
        "lng": 37.3825,
        "country": "TR",
        "population": 1065975
    },
    "314967": {
        "ids": {
            "geonames": 314967
        },
        "long": {
            "default": "Fethiye"
        },
        "parent": 304183,
        "lat": 36.64038,
        "lng": 29.12758,
        "country": "TR",
        "population": 60437
    },
    "315202": {
        "ids": {
            "geonames": 315202
        },
        "long": {
            "default": "Eskişehir"
        },
        "parent": 315201,
        "lat": 39.77667,
        "lng": 30.52056,
        "country": "TR",
        "population": 514869
    },
    "315368": {
        "ids": {
            "geonames": 315368
        },
        "long": {
            "default": "Erzurum"
        },
        "parent": 315367,
        "lat": 39.90861,
        "lng": 41.27694,
        "country": "TR",
        "population": 420691
    },
    "315373": {
        "ids": {
            "geonames": 315373
        },
        "long": {
            "default": "Erzincan"
        },
        "parent": 315372,
        "lat": 39.73919,
        "lng": 39.49015,
        "country": "TR",
        "population": 114027
    },
    "315468": {
        "ids": {
            "geonames": 315468
        },
        "long": {
            "default": "Ergani"
        },
        "parent": 316540,
        "lat": 38.26899,
        "lng": 39.75446,
        "country": "TR",
        "population": 52684
    },
    "315498": {
        "ids": {
            "geonames": 315498
        },
        "long": {
            "default": "Ereğli"
        },
        "parent": 306569,
        "lat": 37.51333,
        "lng": 34.04672,
        "country": "TR",
        "population": 92117
    },
    "315530": {
        "ids": {
            "geonames": 315530
        },
        "long": {
            "default": "Erciş"
        },
        "parent": 298113,
        "lat": 39.02587,
        "lng": 43.35964,
        "country": "TR",
        "population": 91915
    },
    "315795": {
        "ids": {
            "geonames": 315795
        },
        "long": {
            "default": "Elbistan"
        },
        "parent": 310858,
        "lat": 38.20591,
        "lng": 37.1983,
        "country": "TR",
        "population": 80456
    },
    "315808": {
        "ids": {
            "geonames": 315808
        },
        "long": {
            "default": "Elazığ"
        },
        "parent": 315807,
        "lat": 38.67431,
        "lng": 39.22321,
        "country": "TR",
        "population": 298004
    },
    "316284": {
        "ids": {
            "geonames": 316284
        },
        "long": {
            "default": "Dörtyol"
        },
        "parent": 312394,
        "lat": 36.86158,
        "lng": 36.22885,
        "country": "TR",
        "population": 56513
    },
    "316411": {
        "ids": {
            "geonames": 316411
        },
        "long": {
            "default": "Doğubayazıt"
        },
        "parent": 325163,
        "lat": 39.54694,
        "lng": 44.08417,
        "country": "TR",
        "population": 70171
    },
    "316541": {
        "ids": {
            "geonames": 316541
        },
        "long": {
            "default": "Diyarbakır"
        },
        "parent": 316540,
        "lat": 37.91363,
        "lng": 40.21721,
        "country": "TR",
        "population": 644763
    },
    "317109": {
        "ids": {
            "geonames": 317109
        },
        "long": {
            "default": "Denizli"
        },
        "parent": 317106,
        "lat": 37.77417,
        "lng": 29.0875,
        "country": "TR",
        "population": 313238
    },
    "318137": {
        "ids": {
            "geonames": 318137
        },
        "long": {
            "default": "Hakkari"
        },
        "parent": 312888,
        "lat": 37.57444,
        "lng": 43.74083,
        "country": "TR",
        "population": 77699
    },
    "318253": {
        "ids": {
            "geonames": 318253
        },
        "long": {
            "default": "Cizre"
        },
        "parent": 443189,
        "lat": 37.33024,
        "lng": 42.18484,
        "country": "TR",
        "population": 80992
    },
    "318675": {
        "ids": {
            "geonames": 318675
        },
        "long": {
            "default": "Ceyhan"
        },
        "parent": 325361,
        "lat": 37.02472,
        "lng": 35.8175,
        "country": "TR",
        "population": 96303
    },
    "320392": {
        "ids": {
            "geonames": 320392
        },
        "long": {
            "default": "Burdur"
        },
        "parent": 320390,
        "lat": 37.72028,
        "lng": 30.29083,
        "country": "TR",
        "population": 66158
    },
    "320557": {
        "ids": {
            "geonames": 320557
        },
        "long": {
            "default": "Bozüyük"
        },
        "parent": 321122,
        "lat": 39.90778,
        "lng": 30.03667,
        "country": "TR",
        "population": 55365
    },
    "320879": {
        "ids": {
            "geonames": 320879
        },
        "long": {
            "default": "Bolvadin"
        },
        "parent": 325302,
        "lat": 38.71111,
        "lng": 31.04861,
        "country": "TR",
        "population": 55870
    },
    "321031": {
        "ids": {
            "geonames": 321031
        },
        "long": {
            "default": "Bismil"
        },
        "parent": 316540,
        "lat": 37.84514,
        "lng": 40.65931,
        "country": "TR",
        "population": 74493
    },
    "321082": {
        "ids": {
            "geonames": 321082
        },
        "long": {
            "default": "Bingöl"
        },
        "parent": 321079,
        "lat": 38.88472,
        "lng": 40.49389,
        "country": "TR",
        "population": 80568
    },
    "321426": {
        "ids": {
            "geonames": 321426
        },
        "long": {
            "default": "Bergama"
        },
        "parent": 311044,
        "lat": 39.12074,
        "lng": 27.18052,
        "country": "TR",
        "population": 57200
    },
    "321580": {
        "ids": {
            "geonames": 321580
        },
        "long": {
            "default": "Belek"
        },
        "parent": 323776,
        "lat": 36.86278,
        "lng": 31.05556,
        "country": "TR",
        "population": 73260
    },
    "321836": {
        "ids": {
            "geonames": 321836
        },
        "long": {
            "default": "Batman"
        },
        "parent": 443186,
        "lat": 37.88738,
        "lng": 41.13221,
        "country": "TR",
        "population": 381990
    },
    "322165": {
        "ids": {
            "geonames": 322165
        },
        "long": {
            "default": "Balıkesir"
        },
        "parent": 322164,
        "lat": 39.64917,
        "lng": 27.88611,
        "country": "TR",
        "population": 238151
    },
    "322830": {
        "ids": {
            "geonames": 322830
        },
        "long": {
            "default": "Aydın"
        },
        "parent": 322819,
        "lat": 37.84501,
        "lng": 27.83963,
        "country": "TR",
        "population": 163022
    },
    "323777": {
        "ids": {
            "geonames": 323777
        },
        "long": {
            "default": "Antalya"
        },
        "parent": 323776,
        "lat": 36.90812,
        "lng": 30.69556,
        "country": "TR",
        "population": 758188
    },
    "323779": {
        "ids": {
            "geonames": 323779
        },
        "long": {
            "default": "Antakya"
        },
        "parent": 312394,
        "lat": 36.20655,
        "lng": 36.15722,
        "country": "TR",
        "population": 210000
    },
    "323786": {
        "ids": {
            "geonames": 323786
        },
        "long": {
            "default": "Ankara"
        },
        "parent": 323784,
        "lat": 39.91987,
        "lng": 32.85427,
        "country": "TR",
        "population": 3517182
    },
    "323828": {
        "ids": {
            "geonames": 323828
        },
        "long": {
            "default": "Anamur"
        },
        "parent": 311728,
        "lat": 36.07508,
        "lng": 32.83691,
        "country": "TR",
        "population": 57128
    },
    "324190": {
        "ids": {
            "geonames": 324190
        },
        "long": {
            "default": "Alanya"
        },
        "parent": 323776,
        "lat": 36.54375,
        "lng": 31.99982,
        "country": "TR",
        "population": 112969
    },
    "324490": {
        "ids": {
            "geonames": 324490
        },
        "long": {
            "default": "Akşehir"
        },
        "parent": 306569,
        "lat": 38.3575,
        "lng": 31.41639,
        "country": "TR",
        "population": 64446
    },
    "324496": {
        "ids": {
            "geonames": 324496
        },
        "long": {
            "default": "Aksaray"
        },
        "parent": 443185,
        "lat": 38.37255,
        "lng": 34.02537,
        "country": "TR",
        "population": 152201
    },
    "324698": {
        "ids": {
            "geonames": 324698
        },
        "long": {
            "default": "Akhisar"
        },
        "parent": 304825,
        "lat": 38.91852,
        "lng": 27.84006,
        "country": "TR",
        "population": 84659
    },
    "325103": {
        "ids": {
            "geonames": 325103
        },
        "long": {
            "default": "Ahlat"
        },
        "parent": 321022,
        "lat": 38.7489,
        "lng": 42.48007,
        "country": "TR",
        "population": 64695
    },
    "325303": {
        "ids": {
            "geonames": 325303
        },
        "long": {
            "default": "Afyonkarahisar"
        },
        "parent": 325302,
        "lat": 38.75667,
        "lng": 30.54333,
        "country": "TR",
        "population": 146136
    },
    "325330": {
        "ids": {
            "geonames": 325330
        },
        "long": {
            "default": "Adıyaman"
        },
        "parent": 325329,
        "lat": 37.76441,
        "lng": 38.27629,
        "country": "TR",
        "population": 223744
    },
    "325336": {
        "ids": {
            "geonames": 325336
        },
        "long": {
            "default": "Adilcevaz"
        },
        "parent": 321022,
        "lat": 38.79911,
        "lng": 42.73159,
        "country": "TR",
        "population": 52781
    },
    "325363": {
        "ids": {
            "geonames": 325363
        },
        "long": {
            "default": "Adana"
        },
        "parent": 325361,
        "lat": 37.00167,
        "lng": 35.32889,
        "country": "TR",
        "population": 1248988
    },
    "442301": {
        "ids": {
            "geonames": 442301
        },
        "long": {
            "default": "Batikent"
        },
        "parent": 323784,
        "lat": 39.96833,
        "lng": 32.73083,
        "country": "TR",
        "population": 300000
    },
    "737022": {
        "ids": {
            "geonames": 737022
        },
        "long": {
            "default": "Zonguldak"
        },
        "parent": 737021,
        "lat": 41.45139,
        "lng": 31.79305,
        "country": "TR",
        "population": 100229
    },
    "737054": {
        "ids": {
            "geonames": 737054
        },
        "long": {
            "default": "Zile"
        },
        "parent": 738742,
        "lat": 40.30306,
        "lng": 35.88639,
        "country": "TR",
        "population": 55680
    },
    "737071": {
        "ids": {
            "geonames": 737071
        },
        "long": {
            "default": "Zeytinburnu"
        },
        "parent": 745042,
        "lat": 40.99441,
        "lng": 28.90417,
        "country": "TR",
        "population": 288743
    },
    "737961": {
        "ids": {
            "geonames": 737961
        },
        "long": {
            "default": "Körfez"
        },
        "parent": 742865,
        "lat": 40.76704,
        "lng": 29.78275,
        "country": "TR",
        "population": 90580
    },
    "738025": {
        "ids": {
            "geonames": 738025
        },
        "long": {
            "default": "Yalova"
        },
        "parent": 862469,
        "lat": 40.65501,
        "lng": 29.27693,
        "country": "TR",
        "population": 71289
    },
    "738329": {
        "ids": {
            "geonames": 738329
        },
        "long": {
            "default": "Üsküdar"
        },
        "parent": 745042,
        "lat": 41.02252,
        "lng": 29.02369,
        "country": "TR",
        "population": 582666
    },
    "738349": {
        "ids": {
            "geonames": 738349
        },
        "long": {
            "default": "Ünye"
        },
        "parent": 741098,
        "lat": 41.13139,
        "lng": 37.2825,
        "country": "TR",
        "population": 77585
    },
    "738377": {
        "ids": {
            "geonames": 738377
        },
        "long": {
            "default": "Umraniye"
        },
        "parent": 745042,
        "lat": 41.01643,
        "lng": 29.12476,
        "country": "TR",
        "population": 573265
    },
    "738618": {
        "ids": {
            "geonames": 738618
        },
        "long": {
            "default": "Turhal"
        },
        "parent": 738742,
        "lat": 40.3875,
        "lng": 36.08111,
        "country": "TR",
        "population": 110884
    },
    "738648": {
        "ids": {
            "geonames": 738648
        },
        "long": {
            "default": "Trabzon"
        },
        "parent": 738647,
        "lat": 41.005,
        "lng": 39.72694,
        "country": "TR",
        "population": 244083
    },
    "738743": {
        "ids": {
            "geonames": 738743
        },
        "long": {
            "default": "Tokat"
        },
        "parent": 738742,
        "lat": 40.31389,
        "lng": 36.55444,
        "country": "TR",
        "population": 129702
    },
    "738927": {
        "ids": {
            "geonames": 738927
        },
        "long": {
            "default": "Tekirdağ"
        },
        "parent": 738926,
        "lat": 40.97801,
        "lng": 27.50852,
        "country": "TR",
        "population": 122287
    },
    "739549": {
        "ids": {
            "geonames": 739549
        },
        "long": {
            "default": "Şişli"
        },
        "parent": 745042,
        "lat": 41.06046,
        "lng": 28.98717,
        "country": "TR",
        "population": 314684
    },
    "739634": {
        "ids": {
            "geonames": 739634
        },
        "long": {
            "default": "Silivri"
        },
        "parent": 745042,
        "lat": 41.07393,
        "lng": 28.24644,
        "country": "TR",
        "population": 53167
    },
    "740264": {
        "ids": {
            "geonames": 740264
        },
        "long": {
            "default": "Samsun"
        },
        "parent": 740263,
        "lat": 41.28667,
        "lng": 36.33,
        "country": "TR",
        "population": 394050
    },
    "740483": {
        "ids": {
            "geonames": 740483
        },
        "long": {
            "default": "Rize"
        },
        "parent": 740481,
        "lat": 41.02083,
        "lng": 40.52194,
        "country": "TR",
        "population": 92772
    },
    "741045": {
        "ids": {
            "geonames": 741045
        },
        "long": {
            "default": "Orhangazi"
        },
        "parent": 750268,
        "lat": 40.48917,
        "lng": 29.30889,
        "country": "TR",
        "population": 51792
    },
    "741100": {
        "ids": {
            "geonames": 741100
        },
        "long": {
            "default": "Ordu"
        },
        "parent": 741098,
        "lat": 40.97782,
        "lng": 37.89047,
        "country": "TR",
        "population": 116788
    },
    "741385": {
        "ids": {
            "geonames": 741385
        },
        "long": {
            "default": "Mustafakemalpaşa"
        },
        "parent": 750268,
        "lat": 40.03815,
        "lng": 28.40866,
        "country": "TR",
        "population": 101412
    },
    "741609": {
        "ids": {
            "geonames": 741609
        },
        "long": {
            "default": "Merzifon"
        },
        "parent": 752014,
        "lat": 40.87333,
        "lng": 35.46306,
        "country": "TR",
        "population": 50658
    },
    "741763": {
        "ids": {
            "geonames": 741763
        },
        "long": {
            "default": "Maltepe"
        },
        "parent": 745042,
        "lat": 40.93567,
        "lng": 29.15507,
        "country": "TR",
        "population": 427040
    },
    "741855": {
        "ids": {
            "geonames": 741855
        },
        "long": {
            "default": "Lüleburgaz"
        },
        "parent": 743165,
        "lat": 41.40385,
        "lng": 27.35918,
        "country": "TR",
        "population": 90899
    },
    "743166": {
        "ids": {
            "geonames": 743166
        },
        "long": {
            "default": "Kırklareli"
        },
        "parent": 743165,
        "lat": 41.73508,
        "lng": 27.22521,
        "country": "TR",
        "population": 58223
    },
    "743818": {
        "ids": {
            "geonames": 743818
        },
        "long": {
            "default": "Kavaklı"
        },
        "parent": 745042,
        "lat": 41.09258,
        "lng": 28.33172,
        "country": "TR",
        "population": 50502
    },
    "743882": {
        "ids": {
            "geonames": 743882
        },
        "long": {
            "default": "Kastamonu"
        },
        "parent": 743881,
        "lat": 41.37805,
        "lng": 33.77528,
        "country": "TR",
        "population": 70402
    },
    "743952": {
        "ids": {
            "geonames": 743952
        },
        "long": {
            "default": "Kars"
        },
        "parent": 743942,
        "lat": 40.59825,
        "lng": 43.08548,
        "country": "TR",
        "population": 77486
    },
    "744562": {
        "ids": {
            "geonames": 744562
        },
        "long": {
            "default": "Karabük"
        },
        "parent": 862468,
        "lat": 41.20488,
        "lng": 32.62768,
        "country": "TR",
        "population": 97481
    },
    "745028": {
        "ids": {
            "geonames": 745028
        },
        "long": {
            "default": "İzmit"
        },
        "parent": 742865,
        "lat": 40.76694,
        "lng": 29.91694,
        "country": "TR",
        "population": 196571
    },
    "745044": {
        "ids": {
            "geonames": 745044
        },
        "long": {
            "default": "İstanbul"
        },
        "parent": 745042,
        "lat": 41.01384,
        "lng": 28.94966,
        "country": "TR",
        "population": 11174257
    },
    "745169": {
        "ids": {
            "geonames": 745169
        },
        "long": {
            "default": "İnegol"
        },
        "parent": 750268,
        "lat": 40.07806,
        "lng": 29.51333,
        "country": "TR",
        "population": 133959
    },
    "746666": {
        "ids": {
            "geonames": 746666
        },
        "long": {
            "default": "Gölcük"
        },
        "parent": 742865,
        "lat": 40.70323,
        "lng": 29.87216,
        "country": "TR",
        "population": 56189
    },
    "746881": {
        "ids": {
            "geonames": 746881
        },
        "long": {
            "default": "Giresun"
        },
        "parent": 746878,
        "lat": 40.91698,
        "lng": 38.38741,
        "country": "TR",
        "population": 98864
    },
    "746958": {
        "ids": {
            "geonames": 746958
        },
        "long": {
            "default": "Gemlik"
        },
        "parent": 750268,
        "lat": 40.43094,
        "lng": 29.15969,
        "country": "TR",
        "population": 71063
    },
    "747014": {
        "ids": {
            "geonames": 747014
        },
        "long": {
            "default": "Gebze"
        },
        "parent": 742865,
        "lat": 40.80276,
        "lng": 29.43068,
        "country": "TR",
        "population": 281436
    },
    "747155": {
        "ids": {
            "geonames": 747155
        },
        "long": {
            "default": "Fatsa"
        },
        "parent": 741098,
        "lat": 41.02778,
        "lng": 37.50139,
        "country": "TR",
        "population": 82160
    },
    "747323": {
        "ids": {
            "geonames": 747323
        },
        "long": {
            "default": "Esenyurt"
        },
        "parent": 745042,
        "lat": 41.02697,
        "lng": 28.67732,
        "country": "TR",
        "population": 211330
    },
    "747340": {
        "ids": {
            "geonames": 747340
        },
        "long": {
            "default": "Esenler"
        },
        "parent": 745042,
        "lat": 41.0435,
        "lng": 28.87619,
        "country": "TR",
        "population": 520235
    },
    "747471": {
        "ids": {
            "geonames": 747471
        },
        "long": {
            "default": "Ereğli"
        },
        "parent": 737021,
        "lat": 41.28261,
        "lng": 31.41806,
        "country": "TR",
        "population": 88848
    },
    "747489": {
        "ids": {
            "geonames": 747489
        },
        "long": {
            "default": "Erbaa"
        },
        "parent": 738742,
        "lat": 40.66889,
        "lng": 36.5675,
        "country": "TR",
        "population": 52185
    },
    "747538": {
        "ids": {
            "geonames": 747538
        },
        "long": {
            "default": "Eminönü"
        },
        "parent": 745042,
        "lat": 41.01766,
        "lng": 28.97438,
        "country": "TR",
        "population": 55548
    },
    "747712": {
        "ids": {
            "geonames": 747712
        },
        "long": {
            "default": "Edirne"
        },
        "parent": 747711,
        "lat": 41.67719,
        "lng": 26.55597,
        "country": "TR",
        "population": 126470
    },
    "747764": {
        "ids": {
            "geonames": 747764
        },
        "long": {
            "default": "Düzce"
        },
        "parent": 865521,
        "lat": 40.83889,
        "lng": 31.16389,
        "country": "TR",
        "population": 57739
    },
    "748870": {
        "ids": {
            "geonames": 748870
        },
        "long": {
            "default": "Çubuk"
        },
        "parent": 323784,
        "lat": 40.23861,
        "lng": 33.03222,
        "country": "TR",
        "population": 62602
    },
    "748879": {
        "ids": {
            "geonames": 748879
        },
        "long": {
            "default": "Çorum"
        },
        "parent": 748877,
        "lat": 40.54889,
        "lng": 34.95333,
        "country": "TR",
        "population": 183418
    },
    "748893": {
        "ids": {
            "geonames": 748893
        },
        "long": {
            "default": "Çorlu"
        },
        "parent": 738926,
        "lat": 41.15917,
        "lng": 27.8,
        "country": "TR",
        "population": 202578
    },
    "749274": {
        "ids": {
            "geonames": 749274
        },
        "long": {
            "default": "Çerkezköy"
        },
        "parent": 738926,
        "lat": 41.28629,
        "lng": 27.99939,
        "country": "TR",
        "population": 84234
    },
    "749704": {
        "ids": {
            "geonames": 749704
        },
        "long": {
            "default": "Çarşamba"
        },
        "parent": 740263,
        "lat": 41.19889,
        "lng": 36.72194,
        "country": "TR",
        "population": 50459
    },
    "749748": {
        "ids": {
            "geonames": 749748
        },
        "long": {
            "default": "Khanjarah"
        },
        "parent": 749747,
        "lat": 40.59995,
        "lng": 33.6153,
        "country": "TR",
        "population": 71379
    },
    "749780": {
        "ids": {
            "geonames": 749780
        },
        "long": {
            "default": "Çanakkale"
        },
        "parent": 749778,
        "lat": 40.15552,
        "lng": 26.41271,
        "country": "TR",
        "population": 87791
    },
    "750269": {
        "ids": {
            "geonames": 750269
        },
        "long": {
            "default": "Bursa"
        },
        "parent": 750268,
        "lat": 40.19559,
        "lng": 29.06013,
        "country": "TR",
        "population": 1412701
    },
    "750516": {
        "ids": {
            "geonames": 750516
        },
        "long": {
            "default": "Bolu"
        },
        "parent": 750510,
        "lat": 40.73583,
        "lng": 31.60611,
        "country": "TR",
        "population": 96629
    },
    "751077": {
        "ids": {
            "geonames": 751077
        },
        "long": {
            "default": "Bandırma"
        },
        "parent": 322164,
        "lat": 40.35222,
        "lng": 27.97667,
        "country": "TR",
        "population": 107631
    },
    "751324": {
        "ids": {
            "geonames": 751324
        },
        "long": {
            "default": "Bağcılar"
        },
        "parent": 745042,
        "lat": 41.03903,
        "lng": 28.85671,
        "country": "TR",
        "population": 724270
    },
    "751335": {
        "ids": {
            "geonames": 751335
        },
        "long": {
            "default": "Bafra"
        },
        "parent": 740263,
        "lat": 41.56778,
        "lng": 35.90694,
        "country": "TR",
        "population": 92944
    },
    "751949": {
        "ids": {
            "geonames": 751949
        },
        "long": {
            "default": "Ardeşen"
        },
        "parent": 740481,
        "lat": 41.19111,
        "lng": 40.9875,
        "country": "TR",
        "population": 67965
    },
    "752015": {
        "ids": {
            "geonames": 752015
        },
        "long": {
            "default": "Amasya"
        },
        "parent": 752014,
        "lat": 40.65333,
        "lng": 35.83306,
        "country": "TR",
        "population": 82896
    },
    "752850": {
        "ids": {
            "geonames": 752850
        },
        "long": {
            "default": "Adapazarı"
        },
        "parent": 740352,
        "lat": 40.78056,
        "lng": 30.40333,
        "country": "TR",
        "population": 286787
    },
    "6947637": {
        "ids": {
            "geonames": 6947637
        },
        "long": {
            "default": "Ataşehir"
        },
        "parent": 745042,
        "lat": 40.9833,
        "lng": 29.1167,
        "country": "TR",
        "population": 361615
    },
    "6947639": {
        "ids": {
            "geonames": 6947639
        },
        "long": {
            "default": "Başakşehir"
        },
        "parent": 745042,
        "lat": 41.09307,
        "lng": 28.80203,
        "country": "TR",
        "population": 193750
    },
    "6947640": {
        "ids": {
            "geonames": 6947640
        },
        "long": {
            "default": "Beylikdüzü"
        },
        "parent": 745042,
        "lat": 40.982,
        "lng": 28.6399,
        "country": "TR",
        "population": 122452
    },
    "6947641": {
        "ids": {
            "geonames": 6947641
        },
        "long": {
            "default": "Büyükçekmece"
        },
        "parent": 745042,
        "lat": 41.02072,
        "lng": 28.58502,
        "country": "TR",
        "population": 163140
    },
    "6955677": {
        "ids": {
            "geonames": 6955677
        },
        "long": {
            "default": "Çankaya"
        },
        "parent": 323784,
        "lat": 39.9179,
        "lng": 32.86268,
        "country": "TR",
        "population": 792189
    },
    "7627067": {
        "ids": {
            "geonames": 7627067
        },
        "long": {
            "default": "Bahçelievler"
        },
        "parent": 745042,
        "lat": 41.00231,
        "lng": 28.8598,
        "country": "TR",
        "population": 576799
    },
    "7628416": {
        "ids": {
            "geonames": 7628416
        },
        "long": {
            "default": "Sultangazi"
        },
        "parent": 745042,
        "lat": 41.10652,
        "lng": 28.86847,
        "country": "TR",
        "population": 436935
    },
    "7628419": {
        "ids": {
            "geonames": 7628419
        },
        "long": {
            "default": "Sultanbeyli"
        },
        "parent": 745042,
        "lat": 40.96072,
        "lng": 29.27067,
        "country": "TR",
        "population": 286622
    },
    "7628420": {
        "ids": {
            "geonames": 7628420
        },
        "long": {
            "default": "Sancaktepe"
        },
        "parent": 745042,
        "lat": 41.00244,
        "lng": 29.23187,
        "country": "TR",
        "population": 241000
    },
    "7701384": {
        "ids": {
            "geonames": 7701384
        },
        "long": {
            "default": "Karabağlar"
        },
        "parent": 311044,
        "lat": 38.37396,
        "lng": 27.1352,
        "country": "TR",
        "population": 458000
    },
    "8074174": {
        "ids": {
            "geonames": 8074174
        },
        "long": {
            "default": "Muratpaşa"
        },
        "parent": 323776,
        "lat": 36.89157,
        "lng": 30.76498,
        "country": "TR",
        "population": 450000
    }
}