{
    "3573738": {
        "ids": {
            "geonames": 3573738
        },
        "long": {
            "default": "San Fernando"
        },
        "parent": 3573739,
        "lat": 10.28333,
        "lng": -61.46667,
        "country": "TT",
        "population": 55419
    },
    "3574116": {
        "ids": {
            "geonames": 3574116
        },
        "long": {
            "default": "Mon Repos"
        },
        "parent": 3573739,
        "lat": 10.27979,
        "lng": -61.4459,
        "country": "TT",
        "population": 56380
    },
    "3574309": {
        "ids": {
            "geonames": 3574309
        },
        "long": {
            "default": "Laventille"
        },
        "parent": 7521946,
        "lat": 10.64917,
        "lng": -61.49889,
        "country": "TT",
        "population": 157258
    },
    "3574810": {
        "ids": {
            "geonames": 3574810
        },
        "long": {
            "default": "Chaguanas"
        },
        "parent": 7521937,
        "lat": 10.51667,
        "lng": -61.41667,
        "country": "TT",
        "population": 67433
    }
}