{
    "1665196": {
        "ids": {
            "geonames": 1665196
        },
        "long": {
            "default": "Douliu"
        },
        "parent": 7280291,
        "lat": 23.70944,
        "lng": 120.54333,
        "country": "TW",
        "population": 104723
    },
    "1668341": {
        "ids": {
            "geonames": 1668341
        },
        "long": {
            "default": "Taipei"
        },
        "parent": 7280290,
        "lat": 25.04776,
        "lng": 121.53185,
        "country": "TW",
        "population": 7871900
    },
    "1668355": {
        "ids": {
            "geonames": 1668355
        },
        "long": {
            "default": "Tainan"
        },
        "parent": 7280291,
        "lat": 22.99083,
        "lng": 120.21333,
        "country": "TW",
        "population": 771235
    },
    "1668399": {
        "ids": {
            "geonames": 1668399
        },
        "long": {
            "default": "Taichung"
        },
        "parent": 7280291,
        "lat": 24.1469,
        "lng": 120.6839,
        "country": "TW",
        "population": 1040725
    },
    "1668467": {
        "ids": {
            "geonames": 1668467
        },
        "long": {
            "default": "Daxi"
        },
        "parent": 7280291,
        "lat": 24.88373,
        "lng": 121.29043,
        "country": "TW",
        "population": 84549
    },
    "1670029": {
        "ids": {
            "geonames": 1670029
        },
        "long": {
            "default": "Banqiao"
        },
        "parent": 7280290,
        "lat": 25.01427,
        "lng": 121.46719,
        "country": "TW",
        "population": 543342
    },
    "1670310": {
        "ids": {
            "geonames": 1670310
        },
        "long": {
            "default": "Puli"
        },
        "parent": 7280291,
        "lat": 23.96639,
        "lng": 120.96952,
        "country": "TW",
        "population": 86406
    },
    "1671566": {
        "ids": {
            "geonames": 1671566
        },
        "long": {
            "default": "Nantou"
        },
        "parent": 7280291,
        "lat": 23.91566,
        "lng": 120.66387,
        "country": "TW",
        "population": 105682
    },
    "1672228": {
        "ids": {
            "geonames": 1672228
        },
        "long": {
            "default": "Magong"
        },
        "parent": 7280291,
        "lat": 23.5654,
        "lng": 119.58627,
        "country": "TW",
        "population": 56435
    },
    "1673820": {
        "ids": {
            "geonames": 1673820
        },
        "long": {
            "default": "Kaohsiung"
        },
        "parent": 7280289,
        "lat": 22.61626,
        "lng": 120.31333,
        "country": "TW",
        "population": 1519711
    },
    "1674199": {
        "ids": {
            "geonames": 1674199
        },
        "long": {
            "default": "Yilan"
        },
        "parent": 7280291,
        "lat": 24.757,
        "lng": 121.753,
        "country": "TW",
        "population": 94188
    },
    "1674504": {
        "ids": {
            "geonames": 1674504
        },
        "long": {
            "default": "Hualien City"
        },
        "parent": 7280291,
        "lat": 23.97694,
        "lng": 121.60444,
        "country": "TW",
        "population": 350468
    },
    "1675151": {
        "ids": {
            "geonames": 1675151
        },
        "long": {
            "default": "Hsinchu"
        },
        "parent": 7280291,
        "lat": 24.80361,
        "lng": 120.96861,
        "country": "TW",
        "population": 404109
    },
    "1678228": {
        "ids": {
            "geonames": 1678228
        },
        "long": {
            "default": "Keelung"
        },
        "parent": 7280291,
        "lat": 25.12825,
        "lng": 121.7419,
        "country": "TW",
        "population": 397515
    },
    "6696918": {
        "ids": {
            "geonames": 6696918
        },
        "long": {
            "default": "Taoyuan City"
        },
        "parent": 7280291,
        "lat": 24.99368,
        "lng": 121.29696,
        "country": "TW",
        "population": 402014
    },
    "6949678": {
        "ids": {
            "geonames": 6949678
        },
        "long": {
            "default": "Taitung City"
        },
        "parent": 7280291,
        "lat": 22.7583,
        "lng": 121.1444,
        "country": "TW",
        "population": 109584
    }
}