{
    "148730": {
        "ids": {
            "geonames": 148730
        },
        "long": {
            "default": "Zanzibar"
        },
        "parent": 148724,
        "lat": -6.16394,
        "lng": 39.19793,
        "country": "TZ",
        "population": 403658
    },
    "149027": {
        "ids": {
            "geonames": 149027
        },
        "long": {
            "default": "Uyovu"
        },
        "parent": 8469239,
        "lat": -3.28333,
        "lng": 31.52583,
        "country": "TZ",
        "population": 60849
    },
    "149129": {
        "ids": {
            "geonames": 149129
        },
        "long": {
            "default": "Ushirombo"
        },
        "parent": 8469239,
        "lat": -3.49194,
        "lng": 31.96389,
        "country": "TZ",
        "population": 95052
    },
    "149606": {
        "ids": {
            "geonames": 149606
        },
        "long": {
            "default": "Tanga"
        },
        "parent": 149595,
        "lat": -5.06893,
        "lng": 39.09875,
        "country": "TZ",
        "population": 224876
    },
    "149658": {
        "ids": {
            "geonames": 149658
        },
        "long": {
            "default": "Tabora"
        },
        "parent": 149653,
        "lat": -5.01622,
        "lng": 32.82663,
        "country": "TZ",
        "population": 145292
    },
    "149703": {
        "ids": {
            "geonames": 149703
        },
        "long": {
            "default": "Sumbawanga"
        },
        "parent": 150442,
        "lat": -7.96667,
        "lng": 31.61667,
        "country": "TZ",
        "population": 89161
    },
    "149879": {
        "ids": {
            "geonames": 149879
        },
        "long": {
            "default": "Singida"
        },
        "parent": 149876,
        "lat": -4.81629,
        "lng": 34.74358,
        "country": "TZ",
        "population": 62432
    },
    "150006": {
        "ids": {
            "geonames": 150006
        },
        "long": {
            "default": "Shinyanga"
        },
        "parent": 150004,
        "lat": -3.66393,
        "lng": 33.42118,
        "country": "TZ",
        "population": 107362
    },
    "152224": {
        "ids": {
            "geonames": 152224
        },
        "long": {
            "default": "Mwanza"
        },
        "parent": 152219,
        "lat": -2.51667,
        "lng": 32.9,
        "country": "TZ",
        "population": 436801
    },
    "152451": {
        "ids": {
            "geonames": 152451
        },
        "long": {
            "default": "Musoma"
        },
        "parent": 154775,
        "lat": -1.5,
        "lng": 33.8,
        "country": "TZ",
        "population": 121119
    },
    "153176": {
        "ids": {
            "geonames": 153176
        },
        "long": {
            "default": "Mpanda"
        },
        "parent": 8469240,
        "lat": -6.34379,
        "lng": 31.06951,
        "country": "TZ",
        "population": 73338
    },
    "153209": {
        "ids": {
            "geonames": 153209
        },
        "long": {
            "default": "Moshi"
        },
        "parent": 157449,
        "lat": -3.35,
        "lng": 37.33333,
        "country": "TZ",
        "population": 156959
    },
    "153220": {
        "ids": {
            "geonames": 153220
        },
        "long": {
            "default": "Morogoro"
        },
        "parent": 153214,
        "lat": -6.82102,
        "lng": 37.66122,
        "country": "TZ",
        "population": 250902
    },
    "154380": {
        "ids": {
            "geonames": 154380
        },
        "long": {
            "default": "Mbeya"
        },
        "parent": 154375,
        "lat": -8.9,
        "lng": 33.45,
        "country": "TZ",
        "population": 291649
    },
    "155101": {
        "ids": {
            "geonames": 155101
        },
        "long": {
            "default": "Makumbako"
        },
        "parent": 8469241,
        "lat": -8.85,
        "lng": 34.83333,
        "country": "TZ",
        "population": 53003
    },
    "157403": {
        "ids": {
            "geonames": 157403
        },
        "long": {
            "default": "Kilosa"
        },
        "parent": 153214,
        "lat": -6.83333,
        "lng": 36.98333,
        "country": "TZ",
        "population": 91889
    },
    "157738": {
        "ids": {
            "geonames": 157738
        },
        "long": {
            "default": "Kigoma"
        },
        "parent": 157732,
        "lat": -4.87694,
        "lng": 29.62667,
        "country": "TZ",
        "population": 164268
    },
    "158151": {
        "ids": {
            "geonames": 158151
        },
        "long": {
            "default": "Katumba"
        },
        "parent": 154375,
        "lat": -9.23333,
        "lng": 33.61667,
        "country": "TZ",
        "population": 108558
    },
    "159071": {
        "ids": {
            "geonames": 159071
        },
        "long": {
            "default": "Iringa"
        },
        "parent": 159067,
        "lat": -7.76667,
        "lng": 35.7,
        "country": "TZ",
        "population": 111820
    },
    "160196": {
        "ids": {
            "geonames": 160196
        },
        "long": {
            "default": "Dodoma"
        },
        "parent": 160192,
        "lat": -6.17221,
        "lng": 35.73947,
        "country": "TZ",
        "population": 180541
    },
    "160263": {
        "ids": {
            "geonames": 160263
        },
        "long": {
            "default": "Dar es Salaam"
        },
        "parent": 160260,
        "lat": -6.82349,
        "lng": 39.26951,
        "country": "TZ",
        "population": 2698652
    },
    "160833": {
        "ids": {
            "geonames": 160833
        },
        "long": {
            "default": "Buseresere"
        },
        "parent": 8469239,
        "lat": -3.02361,
        "lng": 31.87472,
        "country": "TZ",
        "population": 52870
    },
    "160892": {
        "ids": {
            "geonames": 160892
        },
        "long": {
            "default": "Bunda"
        },
        "parent": 154775,
        "lat": -2.05,
        "lng": 33.86667,
        "country": "TZ",
        "population": 50944
    },
    "160961": {
        "ids": {
            "geonames": 160961
        },
        "long": {
            "default": "Bukoba"
        },
        "parent": 148679,
        "lat": -1.33167,
        "lng": 31.81222,
        "country": "TZ",
        "population": 70628
    },
    "161290": {
        "ids": {
            "geonames": 161290
        },
        "long": {
            "default": "Bagamoyo"
        },
        "parent": 150602,
        "lat": -6.44222,
        "lng": 38.90422,
        "country": "TZ",
        "population": 82426
    },
    "161325": {
        "ids": {
            "geonames": 161325
        },
        "long": {
            "default": "Arusha"
        },
        "parent": 161322,
        "lat": -3.36667,
        "lng": 36.68333,
        "country": "TZ",
        "population": 341136
    },
    "877401": {
        "ids": {
            "geonames": 877401
        },
        "long": {
            "default": "Songea"
        },
        "parent": 877416,
        "lat": -10.68333,
        "lng": 35.65,
        "country": "TZ",
        "population": 126449
    },
    "877747": {
        "ids": {
            "geonames": 877747
        },
        "long": {
            "default": "Mtwara"
        },
        "parent": 877744,
        "lat": -10.26667,
        "lng": 40.18333,
        "country": "TZ",
        "population": 96602
    }
}