{
    "616743": {
        "ids": {
            "geonames": 616743
        },
        "long": {
            "default": "Druzhkivka"
        },
        "parent": 709716,
        "lat": 48.63013,
        "lng": 37.55259,
        "country": "UA",
        "population": 62315
    },
    "686967": {
        "ids": {
            "geonames": 686967
        },
        "long": {
            "default": "Zhytomyr"
        },
        "parent": 686966,
        "lat": 50.26487,
        "lng": 28.67669,
        "country": "UA",
        "population": 282192
    },
    "687196": {
        "ids": {
            "geonames": 687196
        },
        "long": {
            "default": "Zhovti Vody"
        },
        "parent": 709929,
        "lat": 48.34493,
        "lng": 33.50374,
        "country": "UA",
        "population": 51559
    },
    "687700": {
        "ids": {
            "geonames": 687700
        },
        "long": {
            "default": "Zaporizhzhya"
        },
        "parent": 687699,
        "lat": 47.82289,
        "lng": 35.19031,
        "country": "UA",
        "population": 796217
    },
    "688105": {
        "ids": {
            "geonames": 688105
        },
        "long": {
            "default": "Yevpatoriya"
        },
        "parent": 703883,
        "lat": 45.20091,
        "lng": 33.36655,
        "country": "UA",
        "population": 105223
    },
    "688148": {
        "ids": {
            "geonames": 688148
        },
        "long": {
            "default": "Yenakiyeve"
        },
        "parent": 709716,
        "lat": 48.23331,
        "lng": 38.21137,
        "country": "UA",
        "population": 104101
    },
    "688533": {
        "ids": {
            "geonames": 688533
        },
        "long": {
            "default": "Yalta"
        },
        "parent": 703883,
        "lat": 44.50218,
        "lng": 34.16624,
        "country": "UA",
        "population": 79509
    },
    "689558": {
        "ids": {
            "geonames": 689558
        },
        "long": {
            "default": "Vinnytsya"
        },
        "parent": 689559,
        "lat": 49.23278,
        "lng": 28.48097,
        "country": "UA",
        "population": 352115
    },
    "690548": {
        "ids": {
            "geonames": 690548
        },
        "long": {
            "default": "Uzhhorod"
        },
        "parent": 687869,
        "lat": 48.61667,
        "lng": 22.3,
        "country": "UA",
        "population": 117878
    },
    "690688": {
        "ids": {
            "geonames": 690688
        },
        "long": {
            "default": "Uman’"
        },
        "parent": 710802,
        "lat": 48.74838,
        "lng": 30.22184,
        "country": "UA",
        "population": 87658
    },
    "691374": {
        "ids": {
            "geonames": 691374
        },
        "long": {
            "default": "Torez"
        },
        "parent": 709716,
        "lat": 48.03876,
        "lng": 38.59685,
        "country": "UA",
        "population": 68037
    },
    "691650": {
        "ids": {
            "geonames": 691650
        },
        "long": {
            "default": "Ternopil’"
        },
        "parent": 691649,
        "lat": 49.55589,
        "lng": 25.60556,
        "country": "UA",
        "population": 235676
    },
    "691999": {
        "ids": {
            "geonames": 691999
        },
        "long": {
            "default": "Syevyerodonets’k"
        },
        "parent": 702657,
        "lat": 48.94832,
        "lng": 38.49166,
        "country": "UA",
        "population": 130000
    },
    "692105": {
        "ids": {
            "geonames": 692105
        },
        "long": {
            "default": "Sverdlovs’k"
        },
        "parent": 702657,
        "lat": 48.08964,
        "lng": 39.65243,
        "country": "UA",
        "population": 68000
    },
    "692194": {
        "ids": {
            "geonames": 692194
        },
        "long": {
            "default": "Sumy"
        },
        "parent": 692196,
        "lat": 50.9216,
        "lng": 34.80029,
        "country": "UA",
        "population": 294456
    },
    "692372": {
        "ids": {
            "geonames": 692372
        },
        "long": {
            "default": "Stryi"
        },
        "parent": 702549,
        "lat": 49.26223,
        "lng": 23.85609,
        "country": "UA",
        "population": 61404
    },
    "692975": {
        "ids": {
            "geonames": 692975
        },
        "long": {
            "default": "Stakhanov"
        },
        "parent": 702657,
        "lat": 48.56818,
        "lng": 38.64352,
        "country": "UA",
        "population": 84425
    },
    "693381": {
        "ids": {
            "geonames": 693381
        },
        "long": {
            "default": "Snizhne"
        },
        "parent": 709716,
        "lat": 48.02612,
        "lng": 38.77225,
        "country": "UA",
        "population": 55587
    },
    "693457": {
        "ids": {
            "geonames": 693457
        },
        "long": {
            "default": "Smila"
        },
        "parent": 710802,
        "lat": 49.22242,
        "lng": 31.88714,
        "country": "UA",
        "population": 67530
    },
    "693468": {
        "ids": {
            "geonames": 693468
        },
        "long": {
            "default": "Sloviansk"
        },
        "parent": 709716,
        "lat": 48.86667,
        "lng": 37.61667,
        "country": "UA",
        "population": 124800
    },
    "693805": {
        "ids": {
            "geonames": 693805
        },
        "long": {
            "default": "Simferopol"
        },
        "parent": 703883,
        "lat": 44.95719,
        "lng": 34.11079,
        "country": "UA",
        "population": 358108
    },
    "693942": {
        "ids": {
            "geonames": 693942
        },
        "long": {
            "default": "Shostka"
        },
        "parent": 692196,
        "lat": 51.86296,
        "lng": 33.4698,
        "country": "UA",
        "population": 85432
    },
    "694382": {
        "ids": {
            "geonames": 694382
        },
        "long": {
            "default": "Shakhtars’k"
        },
        "parent": 709716,
        "lat": 48.05657,
        "lng": 38.43826,
        "country": "UA",
        "population": 71700
    },
    "694423": {
        "ids": {
            "geonames": 694423
        },
        "long": {
            "default": "Sevastopol"
        },
        "parent": 694422,
        "lat": 44.58883,
        "lng": 33.5224,
        "country": "UA",
        "population": 379200
    },
    "695274": {
        "ids": {
            "geonames": 695274
        },
        "long": {
            "default": "Rubizhne"
        },
        "parent": 702657,
        "lat": 49.01229,
        "lng": 38.37967,
        "country": "UA",
        "population": 62993
    },
    "695379": {
        "ids": {
            "geonames": 695379
        },
        "long": {
            "default": "Roven’ky"
        },
        "parent": 702657,
        "lat": 48.08331,
        "lng": 39.37764,
        "country": "UA",
        "population": 53600
    },
    "695594": {
        "ids": {
            "geonames": 695594
        },
        "long": {
            "default": "Rivne"
        },
        "parent": 695592,
        "lat": 50.62308,
        "lng": 26.22743,
        "country": "UA",
        "population": 255106
    },
    "696108": {
        "ids": {
            "geonames": 696108
        },
        "long": {
            "default": "Pryluky"
        },
        "parent": 710734,
        "lat": 50.59323,
        "lng": 32.38761,
        "country": "UA",
        "population": 62823
    },
    "696643": {
        "ids": {
            "geonames": 696643
        },
        "long": {
            "default": "Poltava"
        },
        "parent": 696634,
        "lat": 49.59373,
        "lng": 34.54073,
        "country": "UA",
        "population": 317847
    },
    "697593": {
        "ids": {
            "geonames": 697593
        },
        "long": {
            "default": "Pervomays’k"
        },
        "parent": 700567,
        "lat": 48.04433,
        "lng": 30.85073,
        "country": "UA",
        "population": 70746
    },
    "697889": {
        "ids": {
            "geonames": 697889
        },
        "long": {
            "default": "Pavlohrad"
        },
        "parent": 709929,
        "lat": 48.53426,
        "lng": 35.87098,
        "country": "UA",
        "population": 115932
    },
    "698625": {
        "ids": {
            "geonames": 698625
        },
        "long": {
            "default": "Oleksandriya"
        },
        "parent": 705811,
        "lat": 48.66961,
        "lng": 33.11593,
        "country": "UA",
        "population": 103000
    },
    "698740": {
        "ids": {
            "geonames": 698740
        },
        "long": {
            "default": "Odessa"
        },
        "parent": 698738,
        "lat": 46.47747,
        "lng": 30.73262,
        "country": "UA",
        "population": 1001558
    },
    "699035": {
        "ids": {
            "geonames": 699035
        },
        "long": {
            "default": "Novovolyns’k"
        },
        "parent": 689064,
        "lat": 50.72576,
        "lng": 24.16265,
        "country": "UA",
        "population": 57800
    },
    "699445": {
        "ids": {
            "geonames": 699445
        },
        "long": {
            "default": "Novomoskovs’k"
        },
        "parent": 709929,
        "lat": 48.63799,
        "lng": 35.24548,
        "country": "UA",
        "population": 73100
    },
    "699553": {
        "ids": {
            "geonames": 699553
        },
        "long": {
            "default": "Novohrad-Volyns’kyy"
        },
        "parent": 686966,
        "lat": 50.59412,
        "lng": 27.6165,
        "country": "UA",
        "population": 55925
    },
    "699839": {
        "ids": {
            "geonames": 699839
        },
        "long": {
            "default": "Nova Kakhovka"
        },
        "parent": 706442,
        "lat": 46.75451,
        "lng": 33.34864,
        "country": "UA",
        "population": 50672
    },
    "699942": {
        "ids": {
            "geonames": 699942
        },
        "long": {
            "default": "Nizhyn"
        },
        "parent": 710734,
        "lat": 51.04801,
        "lng": 31.88688,
        "country": "UA",
        "population": 75499
    },
    "700019": {
        "ids": {
            "geonames": 700019
        },
        "long": {
            "default": "Nyzhn’ohirs’kyy"
        },
        "parent": 703883,
        "lat": 45.44789,
        "lng": 34.73839,
        "country": "UA",
        "population": 72534
    },
    "700051": {
        "ids": {
            "geonames": 700051
        },
        "long": {
            "default": "Nikopol’"
        },
        "parent": 709929,
        "lat": 47.57119,
        "lng": 34.39637,
        "country": "UA",
        "population": 130500
    },
    "700569": {
        "ids": {
            "geonames": 700569
        },
        "long": {
            "default": "Mykolayiv"
        },
        "parent": 700567,
        "lat": 46.96591,
        "lng": 31.9974,
        "country": "UA",
        "population": 510840
    },
    "700646": {
        "ids": {
            "geonames": 700646
        },
        "long": {
            "default": "Mukacheve"
        },
        "parent": 687869,
        "lat": 48.43919,
        "lng": 22.71779,
        "country": "UA",
        "population": 81633
    },
    "701404": {
        "ids": {
            "geonames": 701404
        },
        "long": {
            "default": "Melitopol’"
        },
        "parent": 687699,
        "lat": 46.84891,
        "lng": 35.36533,
        "country": "UA",
        "population": 158000
    },
    "701822": {
        "ids": {
            "geonames": 701822
        },
        "long": {
            "default": "Mariupol"
        },
        "parent": 709716,
        "lat": 47.09514,
        "lng": 37.54131,
        "country": "UA",
        "population": 481626
    },
    "701855": {
        "ids": {
            "geonames": 701855
        },
        "long": {
            "default": "Marhanets’"
        },
        "parent": 709929,
        "lat": 47.63543,
        "lng": 34.62769,
        "country": "UA",
        "population": 50443
    },
    "702320": {
        "ids": {
            "geonames": 702320
        },
        "long": {
            "default": "Makiyivka"
        },
        "parent": 709716,
        "lat": 48.04782,
        "lng": 37.92576,
        "country": "UA",
        "population": 376610
    },
    "702550": {
        "ids": {
            "geonames": 702550
        },
        "long": {
            "default": "Lviv"
        },
        "parent": 702549,
        "lat": 49.83826,
        "lng": 24.02324,
        "country": "UA",
        "population": 717803
    },
    "702569": {
        "ids": {
            "geonames": 702569
        },
        "long": {
            "default": "Luts’k"
        },
        "parent": 689064,
        "lat": 50.75932,
        "lng": 25.34244,
        "country": "UA",
        "population": 213661
    },
    "702658": {
        "ids": {
            "geonames": 702658
        },
        "long": {
            "default": "Luhansk"
        },
        "parent": 702657,
        "lat": 48.56705,
        "lng": 39.31706,
        "country": "UA",
        "population": 452000
    },
    "702723": {
        "ids": {
            "geonames": 702723
        },
        "long": {
            "default": "Lubny"
        },
        "parent": 696634,
        "lat": 50.01625,
        "lng": 32.99694,
        "country": "UA",
        "population": 52600
    },
    "702760": {
        "ids": {
            "geonames": 702760
        },
        "long": {
            "default": "Lozova"
        },
        "parent": 706482,
        "lat": 48.88937,
        "lng": 36.31755,
        "country": "UA",
        "population": 62311
    },
    "702972": {
        "ids": {
            "geonames": 702972
        },
        "long": {
            "default": "Lysychans’k"
        },
        "parent": 702657,
        "lat": 48.90485,
        "lng": 38.44207,
        "country": "UA",
        "population": 111600
    },
    "703448": {
        "ids": {
            "geonames": 703448
        },
        "long": {
            "default": "Kyiv"
        },
        "parent": 703447,
        "lat": 50.45466,
        "lng": 30.5238,
        "country": "UA",
        "population": 2797553
    },
    "703845": {
        "ids": {
            "geonames": 703845
        },
        "long": {
            "default": "Kryvyi Rih"
        },
        "parent": 709929,
        "lat": 47.90966,
        "lng": 33.38044,
        "country": "UA",
        "population": 652380
    },
    "704147": {
        "ids": {
            "geonames": 704147
        },
        "long": {
            "default": "Kremenchuk"
        },
        "parent": 696634,
        "lat": 49.06802,
        "lng": 33.42041,
        "country": "UA",
        "population": 227494
    },
    "704202": {
        "ids": {
            "geonames": 704202
        },
        "long": {
            "default": "Krasnyy Luch"
        },
        "parent": 702657,
        "lat": 48.13954,
        "lng": 38.93715,
        "country": "UA",
        "population": 90005
    },
    "704422": {
        "ids": {
            "geonames": 704422
        },
        "long": {
            "default": "Krasnoarmiys’k"
        },
        "parent": 709716,
        "lat": 48.28198,
        "lng": 37.17585,
        "country": "UA",
        "population": 68263
    },
    "704508": {
        "ids": {
            "geonames": 704508
        },
        "long": {
            "default": "Kramators’k"
        },
        "parent": 709716,
        "lat": 48.72305,
        "lng": 37.55629,
        "country": "UA",
        "population": 173700
    },
    "704617": {
        "ids": {
            "geonames": 704617
        },
        "long": {
            "default": "Kovel’"
        },
        "parent": 689064,
        "lat": 51.21526,
        "lng": 24.70867,
        "country": "UA",
        "population": 66400
    },
    "704901": {
        "ids": {
            "geonames": 704901
        },
        "long": {
            "default": "Korosten’"
        },
        "parent": 686966,
        "lat": 50.95937,
        "lng": 28.63855,
        "country": "UA",
        "population": 65000
    },
    "705104": {
        "ids": {
            "geonames": 705104
        },
        "long": {
            "default": "Kostyantynivka"
        },
        "parent": 709716,
        "lat": 48.5277,
        "lng": 37.7069,
        "country": "UA",
        "population": 91259
    },
    "705135": {
        "ids": {
            "geonames": 705135
        },
        "long": {
            "default": "Konotop"
        },
        "parent": 692196,
        "lat": 51.24032,
        "lng": 33.20263,
        "country": "UA",
        "population": 91798
    },
    "705392": {
        "ids": {
            "geonames": 705392
        },
        "long": {
            "default": "Kolomyya"
        },
        "parent": 707470,
        "lat": 48.53115,
        "lng": 25.03649,
        "country": "UA",
        "population": 61781
    },
    "705812": {
        "ids": {
            "geonames": 705812
        },
        "long": {
            "default": "Kirovohrad"
        },
        "parent": 705811,
        "lat": 48.5132,
        "lng": 32.2597,
        "country": "UA",
        "population": 249454
    },
    "706369": {
        "ids": {
            "geonames": 706369
        },
        "long": {
            "default": "Khmel’nyts’kyy"
        },
        "parent": 706370,
        "lat": 49.42161,
        "lng": 26.99653,
        "country": "UA",
        "population": 398346
    },
    "706448": {
        "ids": {
            "geonames": 706448
        },
        "long": {
            "default": "Kherson"
        },
        "parent": 706442,
        "lat": 46.65581,
        "lng": 32.6178,
        "country": "UA",
        "population": 320477
    },
    "706466": {
        "ids": {
            "geonames": 706466
        },
        "long": {
            "default": "Khartsyz’k"
        },
        "parent": 709716,
        "lat": 48.04243,
        "lng": 38.14728,
        "country": "UA",
        "population": 64000
    },
    "706483": {
        "ids": {
            "geonames": 706483
        },
        "long": {
            "default": "Kharkiv"
        },
        "parent": 706482,
        "lat": 49.98081,
        "lng": 36.25272,
        "country": "UA",
        "population": 1430885
    },
    "706524": {
        "ids": {
            "geonames": 706524
        },
        "long": {
            "default": "Kerch"
        },
        "parent": 703883,
        "lat": 45.3607,
        "lng": 36.4706,
        "country": "UA",
        "population": 152195
    },
    "706950": {
        "ids": {
            "geonames": 706950
        },
        "long": {
            "default": "Kamieniec Podolski"
        },
        "parent": 706370,
        "lat": 48.6845,
        "lng": 26.58559,
        "country": "UA",
        "population": 100000
    },
    "707099": {
        "ids": {
            "geonames": 707099
        },
        "long": {
            "default": "Kalush"
        },
        "parent": 707470,
        "lat": 49.01187,
        "lng": 24.37308,
        "country": "UA",
        "population": 67698
    },
    "707292": {
        "ids": {
            "geonames": 707292
        },
        "long": {
            "default": "Izyum"
        },
        "parent": 706482,
        "lat": 49.20875,
        "lng": 37.24849,
        "country": "UA",
        "population": 53778
    },
    "707308": {
        "ids": {
            "geonames": 707308
        },
        "long": {
            "default": "Izmayil"
        },
        "parent": 698738,
        "lat": 45.34929,
        "lng": 28.84079,
        "country": "UA",
        "population": 82485
    },
    "707471": {
        "ids": {
            "geonames": 707471
        },
        "long": {
            "default": "Ivano-Frankivs’k"
        },
        "parent": 707470,
        "lat": 48.9215,
        "lng": 24.70972,
        "country": "UA",
        "population": 204200
    },
    "707688": {
        "ids": {
            "geonames": 707688
        },
        "long": {
            "default": "Illichivs’k"
        },
        "parent": 698738,
        "lat": 46.30495,
        "lng": 30.65478,
        "country": "UA",
        "population": 54102
    },
    "707753": {
        "ids": {
            "geonames": 707753
        },
        "long": {
            "default": "Horlivka"
        },
        "parent": 709716,
        "lat": 48.33576,
        "lng": 38.05325,
        "country": "UA",
        "population": 278550
    },
    "709161": {
        "ids": {
            "geonames": 709161
        },
        "long": {
            "default": "Feodosiya"
        },
        "parent": 703883,
        "lat": 45.03677,
        "lng": 35.37789,
        "country": "UA",
        "population": 72052
    },
    "709248": {
        "ids": {
            "geonames": 709248
        },
        "long": {
            "default": "Fastiv"
        },
        "parent": 703446,
        "lat": 50.0767,
        "lng": 29.9177,
        "country": "UA",
        "population": 51143
    },
    "709276": {
        "ids": {
            "geonames": 709276
        },
        "long": {
            "default": "Energodar"
        },
        "parent": 687699,
        "lat": 47.49865,
        "lng": 34.6574,
        "country": "UA",
        "population": 55800
    },
    "709611": {
        "ids": {
            "geonames": 709611
        },
        "long": {
            "default": "Drohobych"
        },
        "parent": 702549,
        "lat": 49.34991,
        "lng": 23.50561,
        "country": "UA",
        "population": 79406
    },
    "709717": {
        "ids": {
            "geonames": 709717
        },
        "long": {
            "default": "Donetsk"
        },
        "parent": 709716,
        "lat": 48.023,
        "lng": 37.80224,
        "country": "UA",
        "population": 1024700
    },
    "709930": {
        "ids": {
            "geonames": 709930
        },
        "long": {
            "default": "Dnipropetrovsk"
        },
        "parent": 709929,
        "lat": 48.45,
        "lng": 34.98333,
        "country": "UA",
        "population": 1032822
    },
    "709932": {
        "ids": {
            "geonames": 709932
        },
        "long": {
            "default": "Dniprodzerzhyns’k"
        },
        "parent": 709929,
        "lat": 48.51134,
        "lng": 34.6021,
        "country": "UA",
        "population": 248575
    },
    "710554": {
        "ids": {
            "geonames": 710554
        },
        "long": {
            "default": "Chervonohrad"
        },
        "parent": 702549,
        "lat": 50.39105,
        "lng": 24.23514,
        "country": "UA",
        "population": 83000
    },
    "710719": {
        "ids": {
            "geonames": 710719
        },
        "long": {
            "default": "Chernivtsi"
        },
        "parent": 710720,
        "lat": 48.29149,
        "lng": 25.94034,
        "country": "UA",
        "population": 236250
    },
    "710735": {
        "ids": {
            "geonames": 710735
        },
        "long": {
            "default": "Chernihiv"
        },
        "parent": 710734,
        "lat": 51.50551,
        "lng": 31.28487,
        "country": "UA",
        "population": 307684
    },
    "710791": {
        "ids": {
            "geonames": 710791
        },
        "long": {
            "default": "Cherkasy"
        },
        "parent": 710802,
        "lat": 49.42854,
        "lng": 32.06207,
        "country": "UA",
        "population": 297568
    },
    "711369": {
        "ids": {
            "geonames": 711369
        },
        "long": {
            "default": "Bryanka"
        },
        "parent": 702657,
        "lat": 48.511,
        "lng": 38.67222,
        "country": "UA",
        "population": 51921
    },
    "711390": {
        "ids": {
            "geonames": 711390
        },
        "long": {
            "default": "Brovary"
        },
        "parent": 703446,
        "lat": 50.51809,
        "lng": 30.80671,
        "country": "UA",
        "population": 88506
    },
    "711660": {
        "ids": {
            "geonames": 711660
        },
        "long": {
            "default": "Boryspil’"
        },
        "parent": 703446,
        "lat": 50.35269,
        "lng": 30.95501,
        "country": "UA",
        "population": 55000
    },
    "712160": {
        "ids": {
            "geonames": 712160
        },
        "long": {
            "default": "Bilhorod-Dnistrovs’kyy"
        },
        "parent": 698738,
        "lat": 46.1952,
        "lng": 30.34938,
        "country": "UA",
        "population": 50201
    },
    "712165": {
        "ids": {
            "geonames": 712165
        },
        "long": {
            "default": "Bila Tserkva"
        },
        "parent": 703446,
        "lat": 49.80939,
        "lng": 30.11209,
        "country": "UA",
        "population": 199163
    },
    "712441": {
        "ids": {
            "geonames": 712441
        },
        "long": {
            "default": "Berdychiv"
        },
        "parent": 686966,
        "lat": 49.89928,
        "lng": 28.60235,
        "country": "UA",
        "population": 86250
    },
    "712451": {
        "ids": {
            "geonames": 712451
        },
        "long": {
            "default": "Berdyans’k"
        },
        "parent": 687699,
        "lat": 46.76644,
        "lng": 36.79872,
        "country": "UA",
        "population": 118284
    },
    "713174": {
        "ids": {
            "geonames": 713174
        },
        "long": {
            "default": "Artemivs’k"
        },
        "parent": 709716,
        "lat": 48.59559,
        "lng": 37.99987,
        "country": "UA",
        "population": 80500
    },
    "713259": {
        "ids": {
            "geonames": 713259
        },
        "long": {
            "default": "Antratsyt"
        },
        "parent": 702657,
        "lat": 48.11503,
        "lng": 39.09128,
        "country": "UA",
        "population": 61600
    },
    "713716": {
        "ids": {
            "geonames": 713716
        },
        "long": {
            "default": "Alchevs’k"
        },
        "parent": 702657,
        "lat": 48.46893,
        "lng": 38.81669,
        "country": "UA",
        "population": 116000
    },
    "6559559": {
        "ids": {
            "geonames": 6559559
        },
        "long": {
            "default": "Komsomolsk"
        },
        "parent": 696634,
        "lat": 49.01018,
        "lng": 33.63567,
        "country": "UA",
        "population": 51740
    }
}