{
    "226234": {
        "ids": {
            "geonames": 226234
        },
        "long": {
            "default": "Soroti"
        },
        "parent": 8260673,
        "lat": 1.71464,
        "lng": 33.61113,
        "country": "UG",
        "population": 56400
    },
    "227812": {
        "ids": {
            "geonames": 227812
        },
        "long": {
            "default": "Njeru"
        },
        "parent": 234594,
        "lat": 0.41861,
        "lng": 33.17306,
        "country": "UG",
        "population": 61952
    },
    "228853": {
        "ids": {
            "geonames": 228853
        },
        "long": {
            "default": "Mukono"
        },
        "parent": 234594,
        "lat": 0.35333,
        "lng": 32.75528,
        "country": "UG",
        "population": 67290
    },
    "229268": {
        "ids": {
            "geonames": 229268
        },
        "long": {
            "default": "Mbarara"
        },
        "parent": 8260675,
        "lat": -0.60467,
        "lng": 30.64851,
        "country": "UG",
        "population": 97500
    },
    "229278": {
        "ids": {
            "geonames": 229278
        },
        "long": {
            "default": "Mbale"
        },
        "parent": 8260673,
        "lat": 1.08209,
        "lng": 34.17503,
        "country": "UG",
        "population": 76493
    },
    "229380": {
        "ids": {
            "geonames": 229380
        },
        "long": {
            "default": "Masaka"
        },
        "parent": 234594,
        "lat": -0.33379,
        "lng": 31.73409,
        "country": "UG",
        "population": 65373
    },
    "230166": {
        "ids": {
            "geonames": 230166
        },
        "long": {
            "default": "Lira"
        },
        "parent": 8260674,
        "lat": 2.2499,
        "lng": 32.89985,
        "country": "UG",
        "population": 119323
    },
    "230893": {
        "ids": {
            "geonames": 230893
        },
        "long": {
            "default": "Kitgum"
        },
        "parent": 8260674,
        "lat": 3.27833,
        "lng": 32.88667,
        "country": "UG",
        "population": 56891
    },
    "232066": {
        "ids": {
            "geonames": 232066
        },
        "long": {
            "default": "Kasese"
        },
        "parent": 8260675,
        "lat": 0.18333,
        "lng": 30.08333,
        "country": "UG",
        "population": 67269
    },
    "232422": {
        "ids": {
            "geonames": 232422
        },
        "long": {
            "default": "Kampala"
        },
        "parent": 234594,
        "lat": 0.31628,
        "lng": 32.58219,
        "country": "UG",
        "population": 1353189
    },
    "233114": {
        "ids": {
            "geonames": 233114
        },
        "long": {
            "default": "Jinja"
        },
        "parent": 8260673,
        "lat": 0.43902,
        "lng": 33.20317,
        "country": "UG",
        "population": 93061
    },
    "233346": {
        "ids": {
            "geonames": 233346
        },
        "long": {
            "default": "Gulu"
        },
        "parent": 8260674,
        "lat": 2.77457,
        "lng": 32.29899,
        "country": "UG",
        "population": 146858
    },
    "233508": {
        "ids": {
            "geonames": 233508
        },
        "long": {
            "default": "Entebbe"
        },
        "parent": 234594,
        "lat": 0.06444,
        "lng": 32.44694,
        "country": "UG",
        "population": 62969
    },
    "233730": {
        "ids": {
            "geonames": 233730
        },
        "long": {
            "default": "Bwizibwera"
        },
        "parent": 8260675,
        "lat": -0.59167,
        "lng": 30.62861,
        "country": "UG",
        "population": 79157
    },
    "235039": {
        "ids": {
            "geonames": 235039
        },
        "long": {
            "default": "Arua"
        },
        "parent": 8260674,
        "lat": 3.02013,
        "lng": 30.91105,
        "country": "UG",
        "population": 55585
    }
}