{
    "3440034": {
        "ids": {
            "geonames": 3440034
        },
        "long": {
            "default": "Tacuarembó"
        },
        "parent": 3440033,
        "lat": -31.71694,
        "lng": -55.98111,
        "country": "UY",
        "population": 51854
    },
    "3440714": {
        "ids": {
            "geonames": 3440714
        },
        "long": {
            "default": "Salto"
        },
        "parent": 3440711,
        "lat": -31.38333,
        "lng": -57.96667,
        "country": "UY",
        "population": 99823
    },
    "3440781": {
        "ids": {
            "geonames": 3440781
        },
        "long": {
            "default": "Rivera"
        },
        "parent": 3440780,
        "lat": -30.90534,
        "lng": -55.55076,
        "country": "UY",
        "population": 64631
    },
    "3441243": {
        "ids": {
            "geonames": 3441243
        },
        "long": {
            "default": "Paysandú"
        },
        "parent": 3441242,
        "lat": -32.32139,
        "lng": -58.07556,
        "country": "UY",
        "population": 73249
    },
    "3441575": {
        "ids": {
            "geonames": 3441575
        },
        "long": {
            "default": "Montevideo"
        },
        "parent": 3441572,
        "lat": -34.90328,
        "lng": -56.18816,
        "country": "UY",
        "population": 1270737
    },
    "3441702": {
        "ids": {
            "geonames": 3441702
        },
        "long": {
            "default": "Melo"
        },
        "parent": 3443173,
        "lat": -32.37028,
        "lng": -54.1675,
        "country": "UY",
        "population": 51023
    },
    "3441894": {
        "ids": {
            "geonames": 3441894
        },
        "long": {
            "default": "Maldonado"
        },
        "parent": 3441890,
        "lat": -34.9,
        "lng": -54.95,
        "country": "UY",
        "population": 55478
    },
    "3442057": {
        "ids": {
            "geonames": 3442057
        },
        "long": {
            "default": "Las Piedras"
        },
        "parent": 3443411,
        "lat": -34.7302,
        "lng": -56.21915,
        "country": "UY",
        "population": 69682
    }
}