{
    "601294": {
        "ids": {
            "geonames": 601294
        },
        "long": {
            "default": "Nukus"
        },
        "parent": 453752,
        "lat": 42.45306,
        "lng": 59.61028,
        "country": "UZ",
        "population": 230006
    },
    "601417": {
        "ids": {
            "geonames": 601417
        },
        "long": {
            "default": "Oltinko’l"
        },
        "parent": 453752,
        "lat": 43.06874,
        "lng": 58.90372,
        "country": "UZ",
        "population": 59122
    },
    "1215957": {
        "ids": {
            "geonames": 1215957
        },
        "long": {
            "default": "Tirmiz"
        },
        "parent": 1114926,
        "lat": 37.22417,
        "lng": 67.27833,
        "country": "UZ",
        "population": 140385
    },
    "1216187": {
        "ids": {
            "geonames": 1216187
        },
        "long": {
            "default": "Shahrisabz"
        },
        "parent": 1114928,
        "lat": 39.05778,
        "lng": 66.83417,
        "country": "UZ",
        "population": 57051
    },
    "1216265": {
        "ids": {
            "geonames": 1216265
        },
        "long": {
            "default": "Samarqand"
        },
        "parent": 1114927,
        "lat": 39.65417,
        "lng": 66.95972,
        "country": "UZ",
        "population": 319366
    },
    "1216311": {
        "ids": {
            "geonames": 1216311
        },
        "long": {
            "default": "Qarshi"
        },
        "parent": 1114928,
        "lat": 38.86056,
        "lng": 65.78905,
        "country": "UZ",
        "population": 222898
    },
    "1216982": {
        "ids": {
            "geonames": 1216982
        },
        "long": {
            "default": "Kattaqo’rg’on"
        },
        "parent": 1114927,
        "lat": 39.89889,
        "lng": 66.25611,
        "country": "UZ",
        "population": 59382
    },
    "1217007": {
        "ids": {
            "geonames": 1217007
        },
        "long": {
            "default": "Koson"
        },
        "parent": 1114928,
        "lat": 39.0375,
        "lng": 65.585,
        "country": "UZ",
        "population": 59681
    },
    "1217180": {
        "ids": {
            "geonames": 1217180
        },
        "long": {
            "default": "Kogon"
        },
        "parent": 1114929,
        "lat": 39.72278,
        "lng": 64.55167,
        "country": "UZ",
        "population": 62620
    },
    "1217474": {
        "ids": {
            "geonames": 1217474
        },
        "long": {
            "default": "Denov"
        },
        "parent": 1114926,
        "lat": 38.26667,
        "lng": 67.9,
        "country": "UZ",
        "population": 68994
    },
    "1217662": {
        "ids": {
            "geonames": 1217662
        },
        "long": {
            "default": "Bukhara"
        },
        "parent": 1114929,
        "lat": 39.77472,
        "lng": 64.42861,
        "country": "UZ",
        "population": 247644
    },
    "1512339": {
        "ids": {
            "geonames": 1512339
        },
        "long": {
            "default": "Yangiyŭl"
        },
        "parent": 1484838,
        "lat": 41.11202,
        "lng": 69.0471,
        "country": "UZ",
        "population": 60000
    },
    "1512473": {
        "ids": {
            "geonames": 1512473
        },
        "long": {
            "default": "Urganch"
        },
        "parent": 1484843,
        "lat": 41.55,
        "lng": 60.63333,
        "country": "UZ",
        "population": 150110
    },
    "1512569": {
        "ids": {
            "geonames": 1512569
        },
        "long": {
            "default": "Tashkent"
        },
        "parent": 1484839,
        "lat": 41.26465,
        "lng": 69.21627,
        "country": "UZ",
        "population": 1978028
    },
    "1512979": {
        "ids": {
            "geonames": 1512979
        },
        "long": {
            "default": "Qo‘qon"
        },
        "parent": 1484845,
        "lat": 40.52861,
        "lng": 70.9425,
        "country": "UZ",
        "population": 187477
    },
    "1513064": {
        "ids": {
            "geonames": 1513064
        },
        "long": {
            "default": "Olmaliq"
        },
        "parent": 1484838,
        "lat": 40.84472,
        "lng": 69.59833,
        "country": "UZ",
        "population": 121207
    },
    "1513131": {
        "ids": {
            "geonames": 1513131
        },
        "long": {
            "default": "Navoiy"
        },
        "parent": 1484841,
        "lat": 40.08444,
        "lng": 65.37917,
        "country": "UZ",
        "population": 129725
    },
    "1513157": {
        "ids": {
            "geonames": 1513157
        },
        "long": {
            "default": "Namangan"
        },
        "parent": 1484842,
        "lat": 40.9983,
        "lng": 71.67257,
        "country": "UZ",
        "population": 432456
    },
    "1513243": {
        "ids": {
            "geonames": 1513243
        },
        "long": {
            "default": "Marg‘ilon"
        },
        "parent": 1484845,
        "lat": 40.47237,
        "lng": 71.72463,
        "country": "UZ",
        "population": 133490
    },
    "1513271": {
        "ids": {
            "geonames": 1513271
        },
        "long": {
            "default": "Asaka"
        },
        "parent": 1484846,
        "lat": 40.64153,
        "lng": 72.23868,
        "country": "UZ",
        "population": 56736
    },
    "1513604": {
        "ids": {
            "geonames": 1513604
        },
        "long": {
            "default": "Khiwa"
        },
        "parent": 1484843,
        "lat": 41.37833,
        "lng": 60.36389,
        "country": "UZ",
        "population": 55567
    },
    "1513886": {
        "ids": {
            "geonames": 1513886
        },
        "long": {
            "default": "Jizzax"
        },
        "parent": 1484844,
        "lat": 40.11583,
        "lng": 67.84222,
        "country": "UZ",
        "population": 152642
    },
    "1513966": {
        "ids": {
            "geonames": 1513966
        },
        "long": {
            "default": "Guliston"
        },
        "parent": 1484840,
        "lat": 40.48972,
        "lng": 68.78417,
        "country": "UZ",
        "population": 53373
    },
    "1514019": {
        "ids": {
            "geonames": 1514019
        },
        "long": {
            "default": "Fergana"
        },
        "parent": 1484845,
        "lat": 40.38421,
        "lng": 71.78432,
        "country": "UZ",
        "population": 164322
    },
    "1514192": {
        "ids": {
            "geonames": 1514192
        },
        "long": {
            "default": "Chust Shahri"
        },
        "parent": 1484842,
        "lat": 41.00936,
        "lng": 71.2287,
        "country": "UZ",
        "population": 64966
    },
    "1514210": {
        "ids": {
            "geonames": 1514210
        },
        "long": {
            "default": "Chirchiq"
        },
        "parent": 1484838,
        "lat": 41.46889,
        "lng": 69.58222,
        "country": "UZ",
        "population": 167842
    },
    "1514387": {
        "ids": {
            "geonames": 1514387
        },
        "long": {
            "default": "Beruniy"
        },
        "parent": 453752,
        "lat": 41.69111,
        "lng": 60.7525,
        "country": "UZ",
        "population": 50929
    },
    "1514402": {
        "ids": {
            "geonames": 1514402
        },
        "long": {
            "default": "Bekobod"
        },
        "parent": 1484838,
        "lat": 40.22083,
        "lng": 69.26972,
        "country": "UZ",
        "population": 86259
    },
    "1514581": {
        "ids": {
            "geonames": 1514581
        },
        "long": {
            "default": "Angren"
        },
        "parent": 1484838,
        "lat": 41.01667,
        "lng": 70.14361,
        "country": "UZ",
        "population": 126957
    },
    "1514588": {
        "ids": {
            "geonames": 1514588
        },
        "long": {
            "default": "Andijon"
        },
        "parent": 1484846,
        "lat": 40.78206,
        "lng": 72.34424,
        "country": "UZ",
        "population": 318419
    },
    "1538229": {
        "ids": {
            "geonames": 1538229
        },
        "long": {
            "default": "Navoiy"
        },
        "parent": 1484841,
        "lat": 40.1,
        "lng": 65.36667,
        "country": "UZ",
        "population": 125800
    }
}