{
    "3486270": {
        "ids": {
            "geonames": 3486270
        },
        "long": {
            "default": "Anaco"
        },
        "parent": 3649198,
        "lat": 9.43889,
        "lng": -64.47278,
        "country": "VE",
        "population": 117596
    },
    "3487903": {
        "ids": {
            "geonames": 3487903
        },
        "long": {
            "default": "Alto Barinas"
        },
        "parent": 3648544,
        "lat": 8.5931,
        "lng": -70.2261,
        "country": "VE",
        "population": 284289
    },
    "3625207": {
        "ids": {
            "geonames": 3625207
        },
        "long": {
            "default": "Yaritagua"
        },
        "parent": 3625210,
        "lat": 10.08,
        "lng": -69.12611,
        "country": "VE",
        "population": 89662
    },
    "3625341": {
        "ids": {
            "geonames": 3625341
        },
        "long": {
            "default": "Villa de Cura"
        },
        "parent": 3649110,
        "lat": 10.03863,
        "lng": -67.48938,
        "country": "VE",
        "population": 76614
    },
    "3625515": {
        "ids": {
            "geonames": 3625515
        },
        "long": {
            "default": "Valle de La Pascua"
        },
        "parent": 3640017,
        "lat": 9.21554,
        "lng": -66.00734,
        "country": "VE",
        "population": 89080
    },
    "3625542": {
        "ids": {
            "geonames": 3625542
        },
        "long": {
            "default": "Valera"
        },
        "parent": 3625974,
        "lat": 9.31778,
        "lng": -70.60361,
        "country": "VE",
        "population": 93756
    },
    "3625549": {
        "ids": {
            "geonames": 3625549
        },
        "long": {
            "default": "Valencia"
        },
        "parent": 3646751,
        "lat": 10.16202,
        "lng": -68.00765,
        "country": "VE",
        "population": 1385083
    },
    "3625710": {
        "ids": {
            "geonames": 3625710
        },
        "long": {
            "default": "Upata"
        },
        "parent": 3648106,
        "lat": 8.00861,
        "lng": -62.39889,
        "country": "VE",
        "population": 53685
    },
    "3625829": {
        "ids": {
            "geonames": 3625829
        },
        "long": {
            "default": "Turmero"
        },
        "parent": 3649110,
        "lat": 10.22856,
        "lng": -67.47421,
        "country": "VE",
        "population": 344700
    },
    "3625929": {
        "ids": {
            "geonames": 3625929
        },
        "long": {
            "default": "Tucupita"
        },
        "parent": 3644541,
        "lat": 9.05806,
        "lng": -62.05,
        "country": "VE",
        "population": 51534
    },
    "3626219": {
        "ids": {
            "geonames": 3626219
        },
        "long": {
            "default": "Tinaquillo"
        },
        "parent": 3645386,
        "lat": 9.91861,
        "lng": -68.30472,
        "country": "VE",
        "population": 82145
    },
    "3627047": {
        "ids": {
            "geonames": 3627047
        },
        "long": {
            "default": "Santa Teresa"
        },
        "parent": 3632191,
        "lat": 10.23409,
        "lng": -66.66308,
        "country": "VE",
        "population": 278890
    },
    "3627968": {
        "ids": {
            "geonames": 3627968
        },
        "long": {
            "default": "San Mateo"
        },
        "parent": 3649110,
        "lat": 10.21302,
        "lng": -67.42365,
        "country": "VE",
        "population": 50401
    },
    "3628053": {
        "ids": {
            "geonames": 3628053
        },
        "long": {
            "default": "San Juan de los Morros"
        },
        "parent": 3640017,
        "lat": 9.91152,
        "lng": -67.35381,
        "country": "VE",
        "population": 87739
    },
    "3628142": {
        "ids": {
            "geonames": 3628142
        },
        "long": {
            "default": "San José de Guanipa"
        },
        "parent": 3649198,
        "lat": 8.88724,
        "lng": -64.16512,
        "country": "VE",
        "population": 62128
    },
    "3628423": {
        "ids": {
            "geonames": 3628423
        },
        "long": {
            "default": "San Felipe"
        },
        "parent": 3625210,
        "lat": 10.33991,
        "lng": -68.74247,
        "country": "VE",
        "population": 76766
    },
    "3628473": {
        "ids": {
            "geonames": 3628473
        },
        "long": {
            "default": "San Cristóbal"
        },
        "parent": 3626553,
        "lat": 7.76694,
        "lng": -72.225,
        "country": "VE",
        "population": 246583
    },
    "3628489": {
        "ids": {
            "geonames": 3628489
        },
        "long": {
            "default": "San Carlos del Zulia"
        },
        "parent": 3625035,
        "lat": 9.00003,
        "lng": -71.91352,
        "country": "VE",
        "population": 56582
    },
    "3628503": {
        "ids": {
            "geonames": 3628503
        },
        "long": {
            "default": "San Carlos"
        },
        "parent": 3645386,
        "lat": 9.66124,
        "lng": -68.58268,
        "country": "VE",
        "population": 77192
    },
    "3628550": {
        "ids": {
            "geonames": 3628550
        },
        "long": {
            "default": "San Antonio de Los Altos"
        },
        "parent": 3632191,
        "lat": 10.38853,
        "lng": -66.95179,
        "country": "VE",
        "population": 63873
    },
    "3628952": {
        "ids": {
            "geonames": 3628952
        },
        "long": {
            "default": "Rubio"
        },
        "parent": 3626553,
        "lat": 7.70131,
        "lng": -72.35569,
        "country": "VE",
        "population": 51568
    },
    "3628966": {
        "ids": {
            "geonames": 3628966
        },
        "long": {
            "default": "La Villa del Rosario"
        },
        "parent": 3625035,
        "lat": 10.3258,
        "lng": -72.31343,
        "country": "VE",
        "population": 65011
    },
    "3629576": {
        "ids": {
            "geonames": 3629576
        },
        "long": {
            "default": "Punto Fijo"
        },
        "parent": 3640873,
        "lat": 11.6956,
        "lng": -70.19957,
        "country": "VE",
        "population": 131784
    },
    "3629614": {
        "ids": {
            "geonames": 3629614
        },
        "long": {
            "default": "Punta Cardón"
        },
        "parent": 3640873,
        "lat": 11.65806,
        "lng": -70.215,
        "country": "VE",
        "population": 58926
    },
    "3629672": {
        "ids": {
            "geonames": 3629672
        },
        "long": {
            "default": "Puerto La Cruz"
        },
        "parent": 3649198,
        "lat": 10.21667,
        "lng": -64.61667,
        "country": "VE",
        "population": 370000
    },
    "3629706": {
        "ids": {
            "geonames": 3629706
        },
        "long": {
            "default": "Puerto Cabello"
        },
        "parent": 3646751,
        "lat": 10.47051,
        "lng": -68.02958,
        "country": "VE",
        "population": 174000
    },
    "3629710": {
        "ids": {
            "geonames": 3629710
        },
        "long": {
            "default": "Puerto Ayacucho"
        },
        "parent": 3649302,
        "lat": 5.66049,
        "lng": -67.58343,
        "country": "VE",
        "population": 52526
    },
    "3629965": {
        "ids": {
            "geonames": 3629965
        },
        "long": {
            "default": "Porlamar"
        },
        "parent": 3631462,
        "lat": 10.95796,
        "lng": -63.84906,
        "country": "VE",
        "population": 87120
    },
    "3630297": {
        "ids": {
            "geonames": 3630297
        },
        "long": {
            "default": "Petare"
        },
        "parent": 3632191,
        "lat": 10.47226,
        "lng": -66.80155,
        "country": "VE",
        "population": 364684
    },
    "3630932": {
        "ids": {
            "geonames": 3630932
        },
        "long": {
            "default": "Palo Negro"
        },
        "parent": 3649110,
        "lat": 10.17389,
        "lng": -67.54194,
        "country": "VE",
        "population": 128875
    },
    "3631412": {
        "ids": {
            "geonames": 3631412
        },
        "long": {
            "default": "Ocumare del Tuy"
        },
        "parent": 3632191,
        "lat": 10.11649,
        "lng": -66.77609,
        "country": "VE",
        "population": 166072
    },
    "3631741": {
        "ids": {
            "geonames": 3631741
        },
        "long": {
            "default": "Mucumpiz"
        },
        "parent": 3632306,
        "lat": 8.41667,
        "lng": -71.13333,
        "country": "VE",
        "population": 215259
    },
    "3632308": {
        "ids": {
            "geonames": 3632308
        },
        "long": {
            "default": "Mérida"
        },
        "parent": 3632306,
        "lat": 8.58972,
        "lng": -71.15611,
        "country": "VE",
        "population": 300000
    },
    "3632929": {
        "ids": {
            "geonames": 3632929
        },
        "long": {
            "default": "Mariara"
        },
        "parent": 3646751,
        "lat": 10.29644,
        "lng": -67.71813,
        "country": "VE",
        "population": 105486
    },
    "3632998": {
        "ids": {
            "geonames": 3632998
        },
        "long": {
            "default": "Maracay"
        },
        "parent": 3649110,
        "lat": 10.23535,
        "lng": -67.59113,
        "country": "VE",
        "population": 1754256
    },
    "3633009": {
        "ids": {
            "geonames": 3633009
        },
        "long": {
            "default": "Maracaibo"
        },
        "parent": 3625035,
        "lat": 10.66663,
        "lng": -71.61245,
        "country": "VE",
        "population": 2225000
    },
    "3633341": {
        "ids": {
            "geonames": 3633341
        },
        "long": {
            "default": "Maiquetía"
        },
        "parent": 3830309,
        "lat": 10.59621,
        "lng": -66.95485,
        "country": "VE",
        "population": 52564
    },
    "3633444": {
        "ids": {
            "geonames": 3633444
        },
        "long": {
            "default": "Machiques"
        },
        "parent": 3625035,
        "lat": 10.06077,
        "lng": -72.55212,
        "country": "VE",
        "population": 62968
    },
    "3633622": {
        "ids": {
            "geonames": 3633622
        },
        "long": {
            "default": "Los Teques"
        },
        "parent": 3632191,
        "lat": 10.34447,
        "lng": -67.04325,
        "country": "VE",
        "population": 140617
    },
    "3634184": {
        "ids": {
            "geonames": 3634184
        },
        "long": {
            "default": "Los Dos Caminos"
        },
        "parent": 3632191,
        "lat": 10.49389,
        "lng": -66.82863,
        "country": "VE",
        "population": 58168
    },
    "3634922": {
        "ids": {
            "geonames": 3634922
        },
        "long": {
            "default": "La Victoria"
        },
        "parent": 3649110,
        "lat": 10.21844,
        "lng": -67.33017,
        "country": "VE",
        "population": 87045
    },
    "3639747": {
        "ids": {
            "geonames": 3639747
        },
        "long": {
            "default": "Güigüe"
        },
        "parent": 3646751,
        "lat": 10.08528,
        "lng": -67.77917,
        "country": "VE",
        "population": 71530
    },
    "3639898": {
        "ids": {
            "geonames": 3639898
        },
        "long": {
            "default": "Guatire"
        },
        "parent": 3632191,
        "lat": 10.4762,
        "lng": -66.54266,
        "country": "VE",
        "population": 191903
    },
    "3640049": {
        "ids": {
            "geonames": 3640049
        },
        "long": {
            "default": "Guarenas"
        },
        "parent": 3632191,
        "lat": 10.46736,
        "lng": -66.60663,
        "country": "VE",
        "population": 181612
    },
    "3640226": {
        "ids": {
            "geonames": 3640226
        },
        "long": {
            "default": "Guanare"
        },
        "parent": 3629941,
        "lat": 9.04183,
        "lng": -69.74206,
        "country": "VE",
        "population": 112286
    },
    "3640465": {
        "ids": {
            "geonames": 3640465
        },
        "long": {
            "default": "Guacara"
        },
        "parent": 3646751,
        "lat": 10.22609,
        "lng": -67.877,
        "country": "VE",
        "population": 151752
    },
    "3641099": {
        "ids": {
            "geonames": 3641099
        },
        "long": {
            "default": "El Vigía"
        },
        "parent": 3632306,
        "lat": 8.61366,
        "lng": -71.65284,
        "country": "VE",
        "population": 59092
    },
    "3641275": {
        "ids": {
            "geonames": 3641275
        },
        "long": {
            "default": "El Tocuyo"
        },
        "parent": 3636539,
        "lat": 9.78734,
        "lng": -69.7937,
        "country": "VE",
        "population": 53099
    },
    "3641351": {
        "ids": {
            "geonames": 3641351
        },
        "long": {
            "default": "El Tigre"
        },
        "parent": 3649198,
        "lat": 8.88752,
        "lng": -64.24544,
        "country": "VE",
        "population": 150999
    },
    "3642833": {
        "ids": {
            "geonames": 3642833
        },
        "long": {
            "default": "El Limón"
        },
        "parent": 3649110,
        "lat": 10.30589,
        "lng": -67.63212,
        "country": "VE",
        "population": 148247
    },
    "3643031": {
        "ids": {
            "geonames": 3643031
        },
        "long": {
            "default": "El Hatillo"
        },
        "parent": 3632191,
        "lat": 10.42994,
        "lng": -66.8161,
        "country": "VE",
        "population": 57591
    },
    "3644417": {
        "ids": {
            "geonames": 3644417
        },
        "long": {
            "default": "Ejido"
        },
        "parent": 3632306,
        "lat": 8.54665,
        "lng": -71.24087,
        "country": "VE",
        "population": 106915
    },
    "3644768": {
        "ids": {
            "geonames": 3644768
        },
        "long": {
            "default": "Cumaná"
        },
        "parent": 3626655,
        "lat": 10.45397,
        "lng": -64.18256,
        "country": "VE",
        "population": 257783
    },
    "3644918": {
        "ids": {
            "geonames": 3644918
        },
        "long": {
            "default": "Cúa"
        },
        "parent": 3632191,
        "lat": 10.15892,
        "lng": -66.88575,
        "country": "VE",
        "population": 182558
    },
    "3645213": {
        "ids": {
            "geonames": 3645213
        },
        "long": {
            "default": "Coro"
        },
        "parent": 3640873,
        "lat": 11.4045,
        "lng": -69.67344,
        "country": "VE",
        "population": 195227
    },
    "3645528": {
        "ids": {
            "geonames": 3645528
        },
        "long": {
            "default": "Ciudad Guayana"
        },
        "parent": 3648106,
        "lat": 8.35122,
        "lng": -62.64102,
        "country": "VE",
        "population": 746535
    },
    "3645532": {
        "ids": {
            "geonames": 3645532
        },
        "long": {
            "default": "Ciudad Bolívar"
        },
        "parent": 3648106,
        "lat": 8.12923,
        "lng": -63.54086,
        "country": "VE",
        "population": 338000
    },
    "3645854": {
        "ids": {
            "geonames": 3645854
        },
        "long": {
            "default": "Charallave"
        },
        "parent": 3632191,
        "lat": 10.24247,
        "lng": -66.85723,
        "country": "VE",
        "population": 129182
    },
    "3645981": {
        "ids": {
            "geonames": 3645981
        },
        "long": {
            "default": "Chacao"
        },
        "parent": 3632191,
        "lat": 10.49598,
        "lng": -66.85347,
        "country": "VE",
        "population": 64609
    },
    "3646169": {
        "ids": {
            "geonames": 3646169
        },
        "long": {
            "default": "Caucagüito"
        },
        "parent": 3632191,
        "lat": 10.48666,
        "lng": -66.73799,
        "country": "VE",
        "population": 52556
    },
    "3646190": {
        "ids": {
            "geonames": 3646190
        },
        "long": {
            "default": "Catia La Mar"
        },
        "parent": 3830309,
        "lat": 10.60383,
        "lng": -67.03034,
        "country": "VE",
        "population": 106822
    },
    "3646382": {
        "ids": {
            "geonames": 3646382
        },
        "long": {
            "default": "Carúpano"
        },
        "parent": 3626655,
        "lat": 10.66516,
        "lng": -63.25387,
        "country": "VE",
        "population": 112082
    },
    "3646487": {
        "ids": {
            "geonames": 3646487
        },
        "long": {
            "default": "Carora"
        },
        "parent": 3636539,
        "lat": 10.17554,
        "lng": -70.08275,
        "country": "VE",
        "population": 93788
    },
    "3646738": {
        "ids": {
            "geonames": 3646738
        },
        "long": {
            "default": "Caracas"
        },
        "parent": 3640847,
        "lat": 10.48801,
        "lng": -66.87919,
        "country": "VE",
        "population": 3000000
    },
    "3647444": {
        "ids": {
            "geonames": 3647444
        },
        "long": {
            "default": "Calabozo"
        },
        "parent": 3640017,
        "lat": 8.92416,
        "lng": -67.42929,
        "country": "VE",
        "population": 117132
    },
    "3647549": {
        "ids": {
            "geonames": 3647549
        },
        "long": {
            "default": "Cagua"
        },
        "parent": 3649110,
        "lat": 10.18634,
        "lng": -67.45935,
        "country": "VE",
        "population": 119033
    },
    "3647651": {
        "ids": {
            "geonames": 3647651
        },
        "long": {
            "default": "Cabimas"
        },
        "parent": 3625035,
        "lat": 10.38828,
        "lng": -71.43993,
        "country": "VE",
        "population": 200818
    },
    "3648439": {
        "ids": {
            "geonames": 3648439
        },
        "long": {
            "default": "Baruta"
        },
        "parent": 3632191,
        "lat": 10.43398,
        "lng": -66.87662,
        "country": "VE",
        "population": 244216
    },
    "3648522": {
        "ids": {
            "geonames": 3648522
        },
        "long": {
            "default": "Barquisimeto"
        },
        "parent": 3636539,
        "lat": 10.0647,
        "lng": -69.35703,
        "country": "VE",
        "population": 809490
    },
    "3648546": {
        "ids": {
            "geonames": 3648546
        },
        "long": {
            "default": "Barinas"
        },
        "parent": 3648544,
        "lat": 8.62261,
        "lng": -70.20749,
        "country": "VE",
        "population": 353442
    },
    "3648559": {
        "ids": {
            "geonames": 3648559
        },
        "long": {
            "default": "Barcelona"
        },
        "parent": 3649198,
        "lat": 10.13625,
        "lng": -64.68618,
        "country": "VE",
        "population": 424795
    },
    "3649017": {
        "ids": {
            "geonames": 3649017
        },
        "long": {
            "default": "Araure"
        },
        "parent": 3629941,
        "lat": 9.56009,
        "lng": -69.21475,
        "country": "VE",
        "population": 73054
    },
    "3649833": {
        "ids": {
            "geonames": 3649833
        },
        "long": {
            "default": "Acarigua"
        },
        "parent": 3629941,
        "lat": 9.55451,
        "lng": -69.19564,
        "country": "VE",
        "population": 143704
    },
    "3778045": {
        "ids": {
            "geonames": 3778045
        },
        "long": {
            "default": "Maturín"
        },
        "parent": 3632100,
        "lat": 9.74569,
        "lng": -63.18323,
        "country": "VE",
        "population": 410972
    },
    "3803449": {
        "ids": {
            "geonames": 3803449
        },
        "long": {
            "default": "El Cafetal"
        },
        "parent": 3632191,
        "lat": 10.46941,
        "lng": -66.83063,
        "country": "VE",
        "population": 80029
    },
    "3803515": {
        "ids": {
            "geonames": 3803515
        },
        "long": {
            "default": "Caucaguita"
        },
        "parent": 3632191,
        "lat": 10.35782,
        "lng": -66.80252,
        "country": "VE",
        "population": 59000
    },
    "3803651": {
        "ids": {
            "geonames": 3803651
        },
        "long": {
            "default": "La Dolorita"
        },
        "parent": 3632191,
        "lat": 10.4883,
        "lng": -66.78608,
        "country": "VE",
        "population": 56846
    },
    "3805673": {
        "ids": {
            "geonames": 3805673
        },
        "long": {
            "default": "San Fernando de Apure"
        },
        "parent": 3649151,
        "lat": 7.88782,
        "lng": -67.47236,
        "country": "VE",
        "population": 78779
    }
}