{
    "1560037": {
        "ids": {
            "geonames": 1560037
        },
        "long": {
            "default": "Yên Vinh"
        },
        "parent": 1559969,
        "lat": 18.66667,
        "lng": 105.66667,
        "country": "VN",
        "population": 107082
    },
    "1560349": {
        "ids": {
            "geonames": 1560349
        },
        "long": {
            "default": "Yên Bái"
        },
        "parent": 1559978,
        "lat": 21.72288,
        "lng": 104.9113,
        "country": "VN",
        "population": 96540
    },
    "1562414": {
        "ids": {
            "geonames": 1562414
        },
        "long": {
            "default": "Vũng Tàu"
        },
        "parent": 1584534,
        "lat": 10.34599,
        "lng": 107.08426,
        "country": "VN",
        "population": 209683
    },
    "1562693": {
        "ids": {
            "geonames": 1562693
        },
        "long": {
            "default": "Vĩnh Long"
        },
        "parent": 1559977,
        "lat": 10.25369,
        "lng": 105.9722,
        "country": "VN",
        "population": 103314
    },
    "1562798": {
        "ids": {
            "geonames": 1562798
        },
        "long": {
            "default": "Vinh"
        },
        "parent": 1559969,
        "lat": 18.67337,
        "lng": 105.69232,
        "country": "VN",
        "population": 163759
    },
    "1562820": {
        "ids": {
            "geonames": 1562820
        },
        "long": {
            "default": "Việt Trì"
        },
        "parent": 1905577,
        "lat": 21.32274,
        "lng": 105.40198,
        "country": "VN",
        "population": 93475
    },
    "1563241": {
        "ids": {
            "geonames": 1563241
        },
        "long": {
            "default": "Thành Phố Uông Bí"
        },
        "parent": 1568758,
        "lat": 21.03433,
        "lng": 106.77049,
        "country": "VN",
        "population": 63829
    },
    "1563281": {
        "ids": {
            "geonames": 1563281
        },
        "long": {
            "default": "Tuy Hòa"
        },
        "parent": 1569805,
        "lat": 13.09546,
        "lng": 109.32094,
        "country": "VN",
        "population": 69596
    },
    "1563926": {
        "ids": {
            "geonames": 1563926
        },
        "long": {
            "default": "Trà Vinh"
        },
        "parent": 1559975,
        "lat": 9.94719,
        "lng": 106.34225,
        "country": "VN",
        "population": 57408
    },
    "1565022": {
        "ids": {
            "geonames": 1565022
        },
        "long": {
            "default": "Thủ Dầu Một"
        },
        "parent": 1905475,
        "lat": 10.9804,
        "lng": 106.6519,
        "country": "VN",
        "population": 91009
    },
    "1566083": {
        "ids": {
            "geonames": 1566083
        },
        "long": {
            "default": "Ho Chi Minh City"
        },
        "parent": 1580578,
        "lat": 10.82302,
        "lng": 106.62965,
        "country": "VN",
        "population": 3467331
    },
    "1566166": {
        "ids": {
            "geonames": 1566166
        },
        "long": {
            "default": "Thanh Hóa"
        },
        "parent": 1566165,
        "lat": 19.8,
        "lng": 105.76667,
        "country": "VN",
        "population": 112473
    },
    "1566319": {
        "ids": {
            "geonames": 1566319
        },
        "long": {
            "default": "Thành Phố Thái Nguyên"
        },
        "parent": 1905497,
        "lat": 21.59422,
        "lng": 105.84817,
        "country": "VN",
        "population": 133877
    },
    "1566346": {
        "ids": {
            "geonames": 1566346
        },
        "long": {
            "default": "Thành Phố Thái Bình"
        },
        "parent": 1566338,
        "lat": 20.45,
        "lng": 106.34002,
        "country": "VN",
        "population": 53071
    },
    "1567069": {
        "ids": {
            "geonames": 1567069
        },
        "long": {
            "default": "Tân An"
        },
        "parent": 1575788,
        "lat": 10.53589,
        "lng": 106.41366,
        "country": "VN",
        "population": 64801
    },
    "1567148": {
        "ids": {
            "geonames": 1567148
        },
        "long": {
            "default": "Tam Kỳ"
        },
        "parent": 1905516,
        "lat": 15.57364,
        "lng": 108.47403,
        "country": "VN",
        "population": 59000
    },
    "1567723": {
        "ids": {
            "geonames": 1567723
        },
        "long": {
            "default": "Sông Cầu"
        },
        "parent": 1569805,
        "lat": 13.4556,
        "lng": 109.22348,
        "country": "VN",
        "population": 94066
    },
    "1567788": {
        "ids": {
            "geonames": 1567788
        },
        "long": {
            "default": "Sóc Trăng"
        },
        "parent": 1559972,
        "lat": 9.59995,
        "lng": 105.97193,
        "country": "VN",
        "population": 114453
    },
    "1568043": {
        "ids": {
            "geonames": 1568043
        },
        "long": {
            "default": "Sa Pá"
        },
        "parent": 1562412,
        "lat": 22.34023,
        "lng": 103.84415,
        "country": "VN",
        "population": 138622
    },
    "1568212": {
        "ids": {
            "geonames": 1568212
        },
        "long": {
            "default": "Sadek"
        },
        "parent": 1582562,
        "lat": 10.29085,
        "lng": 105.75635,
        "country": "VN",
        "population": 60073
    },
    "1568510": {
        "ids": {
            "geonames": 1568510
        },
        "long": {
            "default": "Rạch Giá"
        },
        "parent": 1579008,
        "lat": 10.01245,
        "lng": 105.08091,
        "country": "VN",
        "population": 228356
    },
    "1568574": {
        "ids": {
            "geonames": 1568574
        },
        "long": {
            "default": "Qui Nhon"
        },
        "parent": 1587871,
        "lat": 13.77648,
        "lng": 109.22367,
        "country": "VN",
        "population": 210338
    },
    "1569684": {
        "ids": {
            "geonames": 1569684
        },
        "long": {
            "default": "Pleiku"
        },
        "parent": 1581088,
        "lat": 13.98333,
        "lng": 108,
        "country": "VN",
        "population": 114225
    },
    "1571058": {
        "ids": {
            "geonames": 1571058
        },
        "long": {
            "default": "Phan Thiết"
        },
        "parent": 1581882,
        "lat": 10.92889,
        "lng": 108.10208,
        "country": "VN",
        "population": 160652
    },
    "1571067": {
        "ids": {
            "geonames": 1571067
        },
        "long": {
            "default": "Phan Rang-Tháp Chàm"
        },
        "parent": 1559971,
        "lat": 11.56432,
        "lng": 108.98858,
        "country": "VN",
        "population": 91520
    },
    "1572151": {
        "ids": {
            "geonames": 1572151
        },
        "long": {
            "default": "Nha Trang"
        },
        "parent": 1579634,
        "lat": 12.24507,
        "lng": 109.19432,
        "country": "VN",
        "population": 283441
    },
    "1573517": {
        "ids": {
            "geonames": 1573517
        },
        "long": {
            "default": "Thành Phố Nam Định"
        },
        "parent": 1905626,
        "lat": 20.43389,
        "lng": 106.17729,
        "country": "VN",
        "population": 193499
    },
    "1574023": {
        "ids": {
            "geonames": 1574023
        },
        "long": {
            "default": "Mỹ Tho"
        },
        "parent": 1564676,
        "lat": 10.36004,
        "lng": 106.35996,
        "country": "VN",
        "population": 122310
    },
    "1574507": {
        "ids": {
            "geonames": 1574507
        },
        "long": {
            "default": "Móng Cái"
        },
        "parent": 1568758,
        "lat": 21.52471,
        "lng": 107.96619,
        "country": "VN",
        "population": 72960
    },
    "1575627": {
        "ids": {
            "geonames": 1575627
        },
        "long": {
            "default": "Long Xuyên"
        },
        "parent": 1594446,
        "lat": 10.38639,
        "lng": 105.43518,
        "country": "VN",
        "population": 158153
    },
    "1576633": {
        "ids": {
            "geonames": 1576633
        },
        "long": {
            "default": "Thành Phố Lạng Sơn"
        },
        "parent": 1576632,
        "lat": 21.85264,
        "lng": 106.76101,
        "country": "VN",
        "population": 55981
    },
    "1577995": {
        "ids": {
            "geonames": 1577995
        },
        "long": {
            "default": "La Gi"
        },
        "parent": 1581882,
        "lat": 10.65993,
        "lng": 107.77206,
        "country": "VN",
        "population": 160652
    },
    "1580240": {
        "ids": {
            "geonames": 1580240
        },
        "long": {
            "default": "Huế"
        },
        "parent": 1565033,
        "lat": 16.4619,
        "lng": 107.59546,
        "country": "VN",
        "population": 287217
    },
    "1580410": {
        "ids": {
            "geonames": 1580410
        },
        "long": {
            "default": "Thành Phố Hạ Long"
        },
        "parent": 1568758,
        "lat": 20.95045,
        "lng": 107.07336,
        "country": "VN",
        "population": 148066
    },
    "1580830": {
        "ids": {
            "geonames": 1580830
        },
        "long": {
            "default": "Thành Phố Hòa Bình"
        },
        "parent": 1572594,
        "lat": 20.81717,
        "lng": 105.33759,
        "country": "VN",
        "population": 105260
    },
    "1581130": {
        "ids": {
            "geonames": 1581130
        },
        "long": {
            "default": "Hanoi"
        },
        "parent": 1581129,
        "lat": 21.0245,
        "lng": 105.84117,
        "country": "VN",
        "population": 1431270
    },
    "1581298": {
        "ids": {
            "geonames": 1581298
        },
        "long": {
            "default": "Haiphong"
        },
        "parent": 1581297,
        "lat": 20.86481,
        "lng": 106.68345,
        "country": "VN",
        "population": 602695
    },
    "1581326": {
        "ids": {
            "geonames": 1581326
        },
        "long": {
            "default": "Thành Phố Hải Dương"
        },
        "parent": 1905686,
        "lat": 20.94099,
        "lng": 106.33302,
        "country": "VN",
        "population": 58030
    },
    "1581364": {
        "ids": {
            "geonames": 1581364
        },
        "long": {
            "default": "Hà Đông"
        },
        "parent": 1581129,
        "lat": 20.97136,
        "lng": 105.77876,
        "country": "VN",
        "population": 50877
    },
    "1583992": {
        "ids": {
            "geonames": 1583992
        },
        "long": {
            "default": "Da Nang"
        },
        "parent": 1905468,
        "lat": 16.06778,
        "lng": 108.22083,
        "country": "VN",
        "population": 752493
    },
    "1584071": {
        "ids": {
            "geonames": 1584071
        },
        "long": {
            "default": "Ðà Lạt"
        },
        "parent": 1577882,
        "lat": 11.94646,
        "lng": 108.44193,
        "country": "VN",
        "population": 197000
    },
    "1584661": {
        "ids": {
            "geonames": 1584661
        },
        "long": {
            "default": "Củ Chi"
        },
        "parent": 1580578,
        "lat": 10.97333,
        "lng": 106.49325,
        "country": "VN",
        "population": 75000
    },
    "1585660": {
        "ids": {
            "geonames": 1585660
        },
        "long": {
            "default": "Cho Dok"
        },
        "parent": 1594446,
        "lat": 10.7,
        "lng": 105.11667,
        "country": "VN",
        "population": 70239
    },
    "1586151": {
        "ids": {
            "geonames": 1586151
        },
        "long": {
            "default": "Cao Lãnh"
        },
        "parent": 1582562,
        "lat": 10.46017,
        "lng": 105.63294,
        "country": "VN",
        "population": 63770
    },
    "1586203": {
        "ids": {
            "geonames": 1586203
        },
        "long": {
            "default": "Cần Thơ"
        },
        "parent": 1581188,
        "lat": 10.03711,
        "lng": 105.78825,
        "country": "VN",
        "population": 259598
    },
    "1586288": {
        "ids": {
            "geonames": 1586288
        },
        "long": {
            "default": "Cần Giờ"
        },
        "parent": 1580578,
        "lat": 10.41115,
        "lng": 106.95474,
        "country": "VN",
        "population": 55137
    },
    "1586296": {
        "ids": {
            "geonames": 1586296
        },
        "long": {
            "default": "Cần Giuộc"
        },
        "parent": 1575788,
        "lat": 10.60857,
        "lng": 106.67135,
        "country": "VN",
        "population": 152200
    },
    "1586350": {
        "ids": {
            "geonames": 1586350
        },
        "long": {
            "default": "Cam Ranh"
        },
        "parent": 1579634,
        "lat": 11.92144,
        "lng": 109.15913,
        "country": "VN",
        "population": 146771
    },
    "1586357": {
        "ids": {
            "geonames": 1586357
        },
        "long": {
            "default": "Cẩm Phả Mines"
        },
        "parent": 1568758,
        "lat": 21.01667,
        "lng": 107.3,
        "country": "VN",
        "population": 135477
    },
    "1586443": {
        "ids": {
            "geonames": 1586443
        },
        "long": {
            "default": "Cà Mau"
        },
        "parent": 1905678,
        "lat": 9.17682,
        "lng": 105.15242,
        "country": "VN",
        "population": 111894
    },
    "1586896": {
        "ids": {
            "geonames": 1586896
        },
        "long": {
            "default": "Buôn Ma Thuột"
        },
        "parent": 1584169,
        "lat": 12.66747,
        "lng": 108.03775,
        "country": "VN",
        "population": 146975
    },
    "1587919": {
        "ids": {
            "geonames": 1587919
        },
        "long": {
            "default": "Bỉm Sơn"
        },
        "parent": 1566165,
        "lat": 20.07806,
        "lng": 105.86028,
        "country": "VN",
        "population": 53754
    },
    "1587923": {
        "ids": {
            "geonames": 1587923
        },
        "long": {
            "default": "Biên Hòa"
        },
        "parent": 1582720,
        "lat": 10.94469,
        "lng": 106.82432,
        "country": "VN",
        "population": 407208
    },
    "1587976": {
        "ids": {
            "geonames": 1587976
        },
        "long": {
            "default": "Bến Tre"
        },
        "parent": 1587974,
        "lat": 10.24147,
        "lng": 106.37585,
        "country": "VN",
        "population": 59442
    },
    "1588275": {
        "ids": {
            "geonames": 1588275
        },
        "long": {
            "default": "Bảo Lộc"
        },
        "parent": 1577882,
        "lat": 11.54798,
        "lng": 107.80772,
        "country": "VN",
        "population": 151915
    },
    "1591474": {
        "ids": {
            "geonames": 1591474
        },
        "long": {
            "default": "Thành phố Bạc Liêu"
        },
        "parent": 1905675,
        "lat": 9.29414,
        "lng": 105.72776,
        "country": "VN",
        "population": 107911
    },
    "1591527": {
        "ids": {
            "geonames": 1591527
        },
        "long": {
            "default": "Bắc Giang"
        },
        "parent": 1905419,
        "lat": 21.27307,
        "lng": 106.1946,
        "country": "VN",
        "population": 53728
    }
}