{
    "784759": {
        "ids": {
            "geonames": 784759
        },
        "long": {
            "default": "Ferizaj"
        },
        "parent": 10096138,
        "lat": 42.37056,
        "lng": 21.15528,
        "country": "XK",
        "population": 59504
    },
    "785238": {
        "ids": {
            "geonames": 785238
        },
        "long": {
            "default": "Suva Reka"
        },
        "parent": 10097361,
        "lat": 42.35861,
        "lng": 20.825,
        "country": "XK",
        "population": 72229
    },
    "786712": {
        "ids": {
            "geonames": 786712
        },
        "long": {
            "default": "Prizren"
        },
        "parent": 10097361,
        "lat": 42.21389,
        "lng": 20.73972,
        "country": "XK",
        "population": 171464
    },
    "786714": {
        "ids": {
            "geonames": 786714
        },
        "long": {
            "default": "Pristina"
        },
        "parent": 10097360,
        "lat": 42.67272,
        "lng": 21.16688,
        "country": "XK",
        "population": 550000
    },
    "787157": {
        "ids": {
            "geonames": 787157
        },
        "long": {
            "default": "Pejë"
        },
        "parent": 10097359,
        "lat": 42.65913,
        "lng": 20.28828,
        "country": "XK",
        "population": 81800
    },
    "789225": {
        "ids": {
            "geonames": 789225
        },
        "long": {
            "default": "Mitrovicë"
        },
        "parent": 10097358,
        "lat": 42.88333,
        "lng": 20.86667,
        "country": "XK",
        "population": 107045
    },
    "790674": {
        "ids": {
            "geonames": 790674
        },
        "long": {
            "default": "Gjilan"
        },
        "parent": 10097357,
        "lat": 42.46045,
        "lng": 21.46986,
        "country": "XK",
        "population": 51912
    },
    "790701": {
        "ids": {
            "geonames": 790701
        },
        "long": {
            "default": "Glogovac"
        },
        "parent": 10097360,
        "lat": 42.62833,
        "lng": 20.89389,
        "country": "XK",
        "population": 58579
    },
    "791580": {
        "ids": {
            "geonames": 791580
        },
        "long": {
            "default": "Deçan"
        },
        "parent": 10096859,
        "lat": 42.54018,
        "lng": 20.28793,
        "country": "XK",
        "population": 50500
    },
    "791646": {
        "ids": {
            "geonames": 791646
        },
        "long": {
            "default": "Gjakovë"
        },
        "parent": 10096859,
        "lat": 42.38028,
        "lng": 20.43083,
        "country": "XK",
        "population": 94158
    }
}