{
    "69500": {
        "ids": {
            "geonames": 69500
        },
        "long": {
            "default": "Zabīd"
        },
        "parent": 79416,
        "lat": 14.1951,
        "lng": 43.31518,
        "country": "YE",
        "population": 52590
    },
    "70225": {
        "ids": {
            "geonames": 70225
        },
        "long": {
            "default": "Ta‘izz"
        },
        "parent": 70222,
        "lat": 13.57952,
        "lng": 44.02091,
        "country": "YE",
        "population": 615222
    },
    "70979": {
        "ids": {
            "geonames": 70979
        },
        "long": {
            "default": "Sayyān"
        },
        "parent": 71132,
        "lat": 15.17177,
        "lng": 44.32442,
        "country": "YE",
        "population": 69404
    },
    "71137": {
        "ids": {
            "geonames": 71137
        },
        "long": {
            "default": "Sanaa"
        },
        "parent": 71132,
        "lat": 15.35472,
        "lng": 44.20667,
        "country": "YE",
        "population": 1937451
    },
    "71334": {
        "ids": {
            "geonames": 71334
        },
        "long": {
            "default": "Sa'dah"
        },
        "parent": 71333,
        "lat": 16.94021,
        "lng": 43.76393,
        "country": "YE",
        "population": 51870
    },
    "74477": {
        "ids": {
            "geonames": 74477
        },
        "long": {
            "default": "Ibb"
        },
        "parent": 6201196,
        "lat": 13.96667,
        "lng": 44.18333,
        "country": "YE",
        "population": 234837
    },
    "76184": {
        "ids": {
            "geonames": 76184
        },
        "long": {
            "default": "Dhamār"
        },
        "parent": 76183,
        "lat": 14.54274,
        "lng": 44.40514,
        "country": "YE",
        "population": 160114
    },
    "78428": {
        "ids": {
            "geonames": 78428
        },
        "long": {
            "default": "‘Amrān"
        },
        "parent": 6201194,
        "lat": 15.6594,
        "lng": 43.94385,
        "country": "YE",
        "population": 90792
    },
    "78754": {
        "ids": {
            "geonames": 78754
        },
        "long": {
            "default": "Al Mukallā"
        },
        "parent": 75411,
        "lat": 14.54248,
        "lng": 49.12424,
        "country": "YE",
        "population": 258132
    },
    "79415": {
        "ids": {
            "geonames": 79415
        },
        "long": {
            "default": "Al Ḩudaydah"
        },
        "parent": 79416,
        "lat": 14.79781,
        "lng": 42.95452,
        "country": "YE",
        "population": 617871
    },
    "415189": {
        "ids": {
            "geonames": 415189
        },
        "long": {
            "default": "Aden"
        },
        "parent": 80412,
        "lat": 12.77944,
        "lng": 45.03667,
        "country": "YE",
        "population": 550602
    }
}