{
    "936374": {
        "ids": {
            "geonames": 936374
        },
        "long": {
            "default": "Roodepoort"
        },
        "parent": 1085594,
        "lat": -26.1625,
        "lng": 27.8725,
        "country": "ZA",
        "population": 225000
    },
    "939270": {
        "ids": {
            "geonames": 939270
        },
        "long": {
            "default": "Witbank"
        },
        "parent": 1085595,
        "lat": -25.87133,
        "lng": 29.23323,
        "country": "ZA",
        "population": 262491
    },
    "940316": {
        "ids": {
            "geonames": 940316
        },
        "long": {
            "default": "Westonaria"
        },
        "parent": 1085594,
        "lat": -26.31905,
        "lng": 27.6486,
        "country": "ZA",
        "population": 156831
    },
    "940909": {
        "ids": {
            "geonames": 940909
        },
        "long": {
            "default": "Welkom"
        },
        "parent": 967573,
        "lat": -27.97742,
        "lng": 26.73506,
        "country": "ZA",
        "population": 431944
    },
    "941966": {
        "ids": {
            "geonames": 941966
        },
        "long": {
            "default": "Warmbaths"
        },
        "parent": 1085597,
        "lat": -24.88333,
        "lng": 28.28333,
        "country": "ZA",
        "population": 90210
    },
    "942470": {
        "ids": {
            "geonames": 942470
        },
        "long": {
            "default": "Vryheid"
        },
        "parent": 972062,
        "lat": -27.76952,
        "lng": 30.79165,
        "country": "ZA",
        "population": 150012
    },
    "943882": {
        "ids": {
            "geonames": 943882
        },
        "long": {
            "default": "Virginia"
        },
        "parent": 967573,
        "lat": -28.10391,
        "lng": 26.86593,
        "country": "ZA",
        "population": 122502
    },
    "943960": {
        "ids": {
            "geonames": 943960
        },
        "long": {
            "default": "Viljoenskroon"
        },
        "parent": 967573,
        "lat": -27.20841,
        "lng": 26.94855,
        "country": "ZA",
        "population": 54955
    },
    "944385": {
        "ids": {
            "geonames": 944385
        },
        "long": {
            "default": "Vereeniging"
        },
        "parent": 1085594,
        "lat": -26.67313,
        "lng": 27.92615,
        "country": "ZA",
        "population": 474681
    },
    "944986": {
        "ids": {
            "geonames": 944986
        },
        "long": {
            "default": "Vanderbijlpark"
        },
        "parent": 1085594,
        "lat": -26.71171,
        "lng": 27.83795,
        "country": "ZA",
        "population": 246754
    },
    "945945": {
        "ids": {
            "geonames": 945945
        },
        "long": {
            "default": "Upington"
        },
        "parent": 1085596,
        "lat": -28.44776,
        "lng": 21.25612,
        "country": "ZA",
        "population": 71373
    },
    "946058": {
        "ids": {
            "geonames": 946058
        },
        "long": {
            "default": "Mthatha"
        },
        "parent": 1085593,
        "lat": -31.58893,
        "lng": 28.78443,
        "country": "ZA",
        "population": 78663
    },
    "946877": {
        "ids": {
            "geonames": 946877
        },
        "long": {
            "default": "Uitenhage"
        },
        "parent": 1085593,
        "lat": -33.75757,
        "lng": 25.3971,
        "country": "ZA",
        "population": 228912
    },
    "949880": {
        "ids": {
            "geonames": 949880
        },
        "long": {
            "default": "Tembisa"
        },
        "parent": 1085594,
        "lat": -25.99636,
        "lng": 28.2268,
        "country": "ZA",
        "population": 511655
    },
    "952192": {
        "ids": {
            "geonames": 952192
        },
        "long": {
            "default": "Stilfontein"
        },
        "parent": 1085598,
        "lat": -26.84493,
        "lng": 26.76829,
        "country": "ZA",
        "population": 93110
    },
    "952734": {
        "ids": {
            "geonames": 952734
        },
        "long": {
            "default": "Stanger"
        },
        "parent": 972062,
        "lat": -29.32816,
        "lng": 31.28954,
        "country": "ZA",
        "population": 59899
    },
    "952747": {
        "ids": {
            "geonames": 952747
        },
        "long": {
            "default": "Standerton"
        },
        "parent": 1085595,
        "lat": -26.93366,
        "lng": 29.24152,
        "country": "ZA",
        "population": 74021
    },
    "952865": {
        "ids": {
            "geonames": 952865
        },
        "long": {
            "default": "Springs"
        },
        "parent": 1085594,
        "lat": -26.25,
        "lng": 28.4,
        "country": "ZA",
        "population": 186394
    },
    "953781": {
        "ids": {
            "geonames": 953781
        },
        "long": {
            "default": "Soweto"
        },
        "parent": 1085594,
        "lat": -26.26781,
        "lng": 27.85849,
        "country": "ZA",
        "population": 1695047
    },
    "956907": {
        "ids": {
            "geonames": 956907
        },
        "long": {
            "default": "Schweizer-Reneke"
        },
        "parent": 1085598,
        "lat": -27.18871,
        "lng": 25.32931,
        "country": "ZA",
        "population": 70214
    },
    "957487": {
        "ids": {
            "geonames": 957487
        },
        "long": {
            "default": "Sasolburg"
        },
        "parent": 967573,
        "lat": -26.81358,
        "lng": 27.81695,
        "country": "ZA",
        "population": 77016
    },
    "958724": {
        "ids": {
            "geonames": 958724
        },
        "long": {
            "default": "Rustenburg"
        },
        "parent": 1085598,
        "lat": -25.66756,
        "lng": 27.24208,
        "country": "ZA",
        "population": 124064
    },
    "962367": {
        "ids": {
            "geonames": 962367
        },
        "long": {
            "default": "Richards Bay"
        },
        "parent": 972062,
        "lat": -28.78301,
        "lng": 32.03768,
        "country": "ZA",
        "population": 252968
    },
    "963230": {
        "ids": {
            "geonames": 963230
        },
        "long": {
            "default": "Randfontein"
        },
        "parent": 1085594,
        "lat": -26.1844,
        "lng": 27.70203,
        "country": "ZA",
        "population": 133654
    },
    "963516": {
        "ids": {
            "geonames": 963516
        },
        "long": {
            "default": "Queenstown"
        },
        "parent": 1085593,
        "lat": -31.89756,
        "lng": 26.87533,
        "country": "ZA",
        "population": 105309
    },
    "964137": {
        "ids": {
            "geonames": 964137
        },
        "long": {
            "default": "Pretoria"
        },
        "parent": 1085594,
        "lat": -25.74486,
        "lng": 28.18783,
        "country": "ZA",
        "population": 1619438
    },
    "964315": {
        "ids": {
            "geonames": 964315
        },
        "long": {
            "default": "Mokopane"
        },
        "parent": 1085597,
        "lat": -24.19436,
        "lng": 29.00974,
        "country": "ZA",
        "population": 101090
    },
    "964349": {
        "ids": {
            "geonames": 964349
        },
        "long": {
            "default": "Potchefstroom"
        },
        "parent": 1085598,
        "lat": -26.71667,
        "lng": 27.1,
        "country": "ZA",
        "population": 123669
    },
    "964406": {
        "ids": {
            "geonames": 964406
        },
        "long": {
            "default": "Port Shepstone"
        },
        "parent": 972062,
        "lat": -30.74137,
        "lng": 30.45499,
        "country": "ZA",
        "population": 52793
    },
    "964420": {
        "ids": {
            "geonames": 964420
        },
        "long": {
            "default": "Port Elizabeth"
        },
        "parent": 1085593,
        "lat": -33.91799,
        "lng": 25.57007,
        "country": "ZA",
        "population": 967677
    },
    "965241": {
        "ids": {
            "geonames": 965241
        },
        "long": {
            "default": "Piet Retief"
        },
        "parent": 1085595,
        "lat": -27.00706,
        "lng": 30.81323,
        "country": "ZA",
        "population": 84349
    },
    "965289": {
        "ids": {
            "geonames": 965289
        },
        "long": {
            "default": "Polokwane"
        },
        "parent": 1085597,
        "lat": -23.90449,
        "lng": 29.46885,
        "country": "ZA",
        "population": 123749
    },
    "965301": {
        "ids": {
            "geonames": 965301
        },
        "long": {
            "default": "Pietermaritzburg"
        },
        "parent": 972062,
        "lat": -29.61679,
        "lng": 30.39278,
        "country": "ZA",
        "population": 750845
    },
    "965401": {
        "ids": {
            "geonames": 965401
        },
        "long": {
            "default": "Phuthaditjhaba"
        },
        "parent": 967573,
        "lat": -28.52423,
        "lng": 28.81582,
        "country": "ZA",
        "population": 84258
    },
    "965528": {
        "ids": {
            "geonames": 965528
        },
        "long": {
            "default": "Phalaborwa"
        },
        "parent": 1085597,
        "lat": -23.94299,
        "lng": 31.14107,
        "country": "ZA",
        "population": 109468
    },
    "966166": {
        "ids": {
            "geonames": 966166
        },
        "long": {
            "default": "Parys"
        },
        "parent": 967573,
        "lat": -26.9033,
        "lng": 27.45727,
        "country": "ZA",
        "population": 71319
    },
    "967106": {
        "ids": {
            "geonames": 967106
        },
        "long": {
            "default": "Oudtshoorn"
        },
        "parent": 1085599,
        "lat": -33.60047,
        "lng": 22.19955,
        "country": "ZA",
        "population": 61507
    },
    "967476": {
        "ids": {
            "geonames": 967476
        },
        "long": {
            "default": "Orkney"
        },
        "parent": 1085598,
        "lat": -26.98023,
        "lng": 26.67272,
        "country": "ZA",
        "population": 145801
    },
    "970566": {
        "ids": {
            "geonames": 970566
        },
        "long": {
            "default": "Nigel"
        },
        "parent": 1085594,
        "lat": -26.43138,
        "lng": 28.47713,
        "country": "ZA",
        "population": 140644
    },
    "971421": {
        "ids": {
            "geonames": 971421
        },
        "long": {
            "default": "Newcastle"
        },
        "parent": 972062,
        "lat": -27.75796,
        "lng": 29.9318,
        "country": "ZA",
        "population": 404838
    },
    "971534": {
        "ids": {
            "geonames": 971534
        },
        "long": {
            "default": "Nelspruit"
        },
        "parent": 1085595,
        "lat": -25.47448,
        "lng": 30.97033,
        "country": "ZA",
        "population": 110159
    },
    "973111": {
        "ids": {
            "geonames": 973111
        },
        "long": {
            "default": "Mpumalanga"
        },
        "parent": 972062,
        "lat": -29.81292,
        "lng": 30.63646,
        "country": "ZA",
        "population": 140121
    },
    "973709": {
        "ids": {
            "geonames": 973709
        },
        "long": {
            "default": "Mossel Bay"
        },
        "parent": 1085599,
        "lat": -34.18307,
        "lng": 22.14605,
        "country": "ZA",
        "population": 59031
    },
    "975436": {
        "ids": {
            "geonames": 975436
        },
        "long": {
            "default": "Mmabatho"
        },
        "parent": 1085598,
        "lat": -25.85,
        "lng": 25.63333,
        "country": "ZA",
        "population": 76754
    },
    "976361": {
        "ids": {
            "geonames": 976361
        },
        "long": {
            "default": "Middelburg"
        },
        "parent": 1085595,
        "lat": -25.77507,
        "lng": 29.46482,
        "country": "ZA",
        "population": 154706
    },
    "980921": {
        "ids": {
            "geonames": 980921
        },
        "long": {
            "default": "Mabopane"
        },
        "parent": 1085594,
        "lat": -25.49768,
        "lng": 28.10065,
        "country": "ZA",
        "population": 97417
    },
    "981827": {
        "ids": {
            "geonames": 981827
        },
        "long": {
            "default": "Louis Trichardt"
        },
        "parent": 1085597,
        "lat": -23.04385,
        "lng": 29.90319,
        "country": "ZA",
        "population": 86854
    },
    "982899": {
        "ids": {
            "geonames": 982899
        },
        "long": {
            "default": "Lichtenburg"
        },
        "parent": 1085598,
        "lat": -26.152,
        "lng": 26.15968,
        "country": "ZA",
        "population": 65863
    },
    "986083": {
        "ids": {
            "geonames": 986083
        },
        "long": {
            "default": "Kutloanong"
        },
        "parent": 967573,
        "lat": -27.83333,
        "lng": 26.75,
        "country": "ZA",
        "population": 95008
    },
    "986822": {
        "ids": {
            "geonames": 986822
        },
        "long": {
            "default": "Krugersdorp"
        },
        "parent": 1085594,
        "lat": -26.08577,
        "lng": 27.77515,
        "country": "ZA",
        "population": 378821
    },
    "986846": {
        "ids": {
            "geonames": 986846
        },
        "long": {
            "default": "Kroonstad"
        },
        "parent": 967573,
        "lat": -27.65036,
        "lng": 27.23488,
        "country": "ZA",
        "population": 103992
    },
    "988698": {
        "ids": {
            "geonames": 988698
        },
        "long": {
            "default": "Knysna"
        },
        "parent": 1085599,
        "lat": -34.03627,
        "lng": 23.04713,
        "country": "ZA",
        "population": 68659
    },
    "989921": {
        "ids": {
            "geonames": 989921
        },
        "long": {
            "default": "Klerksdorp"
        },
        "parent": 1085598,
        "lat": -26.85213,
        "lng": 26.66672,
        "country": "ZA",
        "population": 178921
    },
    "990930": {
        "ids": {
            "geonames": 990930
        },
        "long": {
            "default": "Kimberley"
        },
        "parent": 1085596,
        "lat": -28.73226,
        "lng": 24.76232,
        "country": "ZA",
        "population": 142089
    },
    "993800": {
        "ids": {
            "geonames": 993800
        },
        "long": {
            "default": "Johannesburg"
        },
        "parent": 1085594,
        "lat": -26.20227,
        "lng": 28.04363,
        "country": "ZA",
        "population": 2026469
    },
    "997140": {
        "ids": {
            "geonames": 997140
        },
        "long": {
            "default": "Heilbron"
        },
        "parent": 967573,
        "lat": -27.28115,
        "lng": 27.9709,
        "country": "ZA",
        "population": 55196
    },
    "997151": {
        "ids": {
            "geonames": 997151
        },
        "long": {
            "default": "Heidelberg"
        },
        "parent": 1085594,
        "lat": -26.50476,
        "lng": 28.35921,
        "country": "ZA",
        "population": 64199
    },
    "1000501": {
        "ids": {
            "geonames": 1000501
        },
        "long": {
            "default": "Grahamstown"
        },
        "parent": 1085593,
        "lat": -33.30422,
        "lng": 26.53276,
        "country": "ZA",
        "population": 91548
    },
    "1000543": {
        "ids": {
            "geonames": 1000543
        },
        "long": {
            "default": "Graaff-Reinet"
        },
        "parent": 1085593,
        "lat": -32.25215,
        "lng": 24.53075,
        "country": "ZA",
        "population": 62896
    },
    "1002851": {
        "ids": {
            "geonames": 1002851
        },
        "long": {
            "default": "Ga-Rankuwa"
        },
        "parent": 1085598,
        "lat": -25.61692,
        "lng": 27.99471,
        "country": "ZA",
        "population": 68767
    },
    "1003953": {
        "ids": {
            "geonames": 1003953
        },
        "long": {
            "default": "Fort Beaufort"
        },
        "parent": 1085593,
        "lat": -32.77477,
        "lng": 26.63376,
        "country": "ZA",
        "population": 58419
    },
    "1004109": {
        "ids": {
            "geonames": 1004109
        },
        "long": {
            "default": "Fochville"
        },
        "parent": 1085598,
        "lat": -26.48862,
        "lng": 27.49387,
        "country": "ZA",
        "population": 62416
    },
    "1005646": {
        "ids": {
            "geonames": 1005646
        },
        "long": {
            "default": "eMbalenhle"
        },
        "parent": 1085595,
        "lat": -26.53333,
        "lng": 29.06667,
        "country": "ZA",
        "population": 141741
    },
    "1006984": {
        "ids": {
            "geonames": 1006984
        },
        "long": {
            "default": "East London"
        },
        "parent": 1085593,
        "lat": -33.01529,
        "lng": 27.91162,
        "country": "ZA",
        "population": 478676
    },
    "1007311": {
        "ids": {
            "geonames": 1007311
        },
        "long": {
            "default": "Durban"
        },
        "parent": 972062,
        "lat": -29.8579,
        "lng": 31.0292,
        "country": "ZA",
        "population": 3120282
    },
    "1007400": {
        "ids": {
            "geonames": 1007400
        },
        "long": {
            "default": "Dundee"
        },
        "parent": 972062,
        "lat": -28.16678,
        "lng": 30.23371,
        "country": "ZA",
        "population": 84413
    },
    "1011031": {
        "ids": {
            "geonames": 1011031
        },
        "long": {
            "default": "Delmas"
        },
        "parent": 1085595,
        "lat": -26.1466,
        "lng": 28.68322,
        "country": "ZA",
        "population": 92046
    },
    "1014073": {
        "ids": {
            "geonames": 1014073
        },
        "long": {
            "default": "Carletonville"
        },
        "parent": 1085594,
        "lat": -26.36094,
        "lng": 27.39767,
        "country": "ZA",
        "population": 182304
    },
    "1015621": {
        "ids": {
            "geonames": 1015621
        },
        "long": {
            "default": "Brits"
        },
        "parent": 1085598,
        "lat": -25.63473,
        "lng": 27.78022,
        "country": "ZA",
        "population": 122497
    },
    "1016181": {
        "ids": {
            "geonames": 1016181
        },
        "long": {
            "default": "Brakpan"
        },
        "parent": 1085594,
        "lat": -26.23656,
        "lng": 28.36938,
        "country": "ZA",
        "population": 305692
    },
    "1016670": {
        "ids": {
            "geonames": 1016670
        },
        "long": {
            "default": "Botshabelo"
        },
        "parent": 967573,
        "lat": -29.27016,
        "lng": 26.7052,
        "country": "ZA",
        "population": 309714
    },
    "1016698": {
        "ids": {
            "geonames": 1016698
        },
        "long": {
            "default": "Bothaville"
        },
        "parent": 967573,
        "lat": -27.3887,
        "lng": 26.61701,
        "country": "ZA",
        "population": 71934
    },
    "1017780": {
        "ids": {
            "geonames": 1017780
        },
        "long": {
            "default": "Boksburg"
        },
        "parent": 1085594,
        "lat": -26.21197,
        "lng": 28.25958,
        "country": "ZA",
        "population": 445168
    },
    "1018725": {
        "ids": {
            "geonames": 1018725
        },
        "long": {
            "default": "Bloemfontein"
        },
        "parent": 967573,
        "lat": -29.12107,
        "lng": 26.214,
        "country": "ZA",
        "population": 463064
    },
    "1019330": {
        "ids": {
            "geonames": 1019330
        },
        "long": {
            "default": "Bhisho"
        },
        "parent": 1085593,
        "lat": -32.84721,
        "lng": 27.44218,
        "country": "ZA",
        "population": 137287
    },
    "1019704": {
        "ids": {
            "geonames": 1019704
        },
        "long": {
            "default": "Bethlehem"
        },
        "parent": 967573,
        "lat": -28.23078,
        "lng": 28.30707,
        "country": "ZA",
        "population": 83654
    },
    "1019760": {
        "ids": {
            "geonames": 1019760
        },
        "long": {
            "default": "Bethal"
        },
        "parent": 1085595,
        "lat": -26.45794,
        "lng": 29.46553,
        "country": "ZA",
        "population": 101919
    },
    "1020098": {
        "ids": {
            "geonames": 1020098
        },
        "long": {
            "default": "Benoni"
        },
        "parent": 1085594,
        "lat": -26.18848,
        "lng": 28.32078,
        "country": "ZA",
        "population": 605344
    },
    "1021086": {
        "ids": {
            "geonames": 1021086
        },
        "long": {
            "default": "Barberton"
        },
        "parent": 1085595,
        "lat": -25.78842,
        "lng": 31.05319,
        "country": "ZA",
        "population": 67927
    },
    "1105776": {
        "ids": {
            "geonames": 1105776
        },
        "long": {
            "default": "Midrand"
        },
        "parent": 1085594,
        "lat": -25.98953,
        "lng": 28.12843,
        "country": "ZA",
        "population": 173009
    },
    "1105777": {
        "ids": {
            "geonames": 1105777
        },
        "long": {
            "default": "Centurion"
        },
        "parent": 1085594,
        "lat": -25.85891,
        "lng": 28.18577,
        "country": "ZA",
        "population": 233386
    },
    "3359041": {
        "ids": {
            "geonames": 3359041
        },
        "long": {
            "default": "Worcester"
        },
        "parent": 1085599,
        "lat": -33.64651,
        "lng": 19.44852,
        "country": "ZA",
        "population": 127597
    },
    "3361025": {
        "ids": {
            "geonames": 3361025
        },
        "long": {
            "default": "Stellenbosch"
        },
        "parent": 1085599,
        "lat": -33.93462,
        "lng": 18.86676,
        "country": "ZA",
        "population": 94263
    },
    "3361934": {
        "ids": {
            "geonames": 3361934
        },
        "long": {
            "default": "Saldanha"
        },
        "parent": 1085599,
        "lat": -33.01167,
        "lng": 17.9442,
        "country": "ZA",
        "population": 68284
    },
    "3363094": {
        "ids": {
            "geonames": 3363094
        },
        "long": {
            "default": "Paarl"
        },
        "parent": 1085599,
        "lat": -33.73378,
        "lng": 18.97523,
        "country": "ZA",
        "population": 190000
    },
    "3365083": {
        "ids": {
            "geonames": 3365083
        },
        "long": {
            "default": "Kraaifontein"
        },
        "parent": 1085599,
        "lat": -33.84808,
        "lng": 18.71723,
        "country": "ZA",
        "population": 57911
    },
    "3369157": {
        "ids": {
            "geonames": 3369157
        },
        "long": {
            "default": "Cape Town"
        },
        "parent": 1085599,
        "lat": -33.92584,
        "lng": 18.42322,
        "country": "ZA",
        "population": 3433441
    },
    "3370352": {
        "ids": {
            "geonames": 3370352
        },
        "long": {
            "default": "Atlantis"
        },
        "parent": 1085599,
        "lat": -33.56668,
        "lng": 18.48335,
        "country": "ZA",
        "population": 60266
    },
    "8764562": {
        "ids": {
            "geonames": 8764562
        },
        "long": {
            "default": "Diepsloot"
        },
        "parent": 1085594,
        "lat": -25.93312,
        "lng": 28.01213,
        "country": "ZA",
        "population": 350000
    }
}