{
    "901344": {
        "ids": {
            "geonames": 901344
        },
        "long": {
            "default": "Ndola"
        },
        "parent": 917524,
        "lat": -12.95867,
        "lng": 28.63659,
        "country": "ZM",
        "population": 394518
    },
    "905395": {
        "ids": {
            "geonames": 905395
        },
        "long": {
            "default": "Mufulira"
        },
        "parent": 917524,
        "lat": -12.54982,
        "lng": 28.24071,
        "country": "ZM",
        "population": 120500
    },
    "906054": {
        "ids": {
            "geonames": 906054
        },
        "long": {
            "default": "Mongu"
        },
        "parent": 896140,
        "lat": -15.24835,
        "lng": 23.12741,
        "country": "ZM",
        "population": 52534
    },
    "907111": {
        "ids": {
            "geonames": 907111
        },
        "long": {
            "default": "Mazabuka"
        },
        "parent": 896972,
        "lat": -15.85601,
        "lng": 27.748,
        "country": "ZM",
        "population": 64006
    },
    "909137": {
        "ids": {
            "geonames": 909137
        },
        "long": {
            "default": "Lusaka"
        },
        "parent": 909129,
        "lat": -15.40669,
        "lng": 28.28713,
        "country": "ZM",
        "population": 1267440
    },
    "909863": {
        "ids": {
            "geonames": 909863
        },
        "long": {
            "default": "Luanshya"
        },
        "parent": 917524,
        "lat": -13.13667,
        "lng": 28.41661,
        "country": "ZM",
        "population": 113365
    },
    "910111": {
        "ids": {
            "geonames": 910111
        },
        "long": {
            "default": "Livingstone"
        },
        "parent": 896972,
        "lat": -17.84194,
        "lng": 25.85425,
        "country": "ZM",
        "population": 109203
    },
    "911148": {
        "ids": {
            "geonames": 911148
        },
        "long": {
            "default": "Kitwe"
        },
        "parent": 917524,
        "lat": -12.80243,
        "lng": 28.21323,
        "country": "ZM",
        "population": 400914
    },
    "912764": {
        "ids": {
            "geonames": 912764
        },
        "long": {
            "default": "Kasama"
        },
        "parent": 900601,
        "lat": -10.21289,
        "lng": 31.18084,
        "country": "ZM",
        "population": 91056
    },
    "914959": {
        "ids": {
            "geonames": 914959
        },
        "long": {
            "default": "Kalulushi"
        },
        "parent": 917524,
        "lat": -12.84151,
        "lng": 28.09479,
        "country": "ZM",
        "population": 66575
    },
    "916095": {
        "ids": {
            "geonames": 916095
        },
        "long": {
            "default": "Kabwe"
        },
        "parent": 921064,
        "lat": -14.4469,
        "lng": 28.44644,
        "country": "ZM",
        "population": 188979
    },
    "918702": {
        "ids": {
            "geonames": 918702
        },
        "long": {
            "default": "Chipata"
        },
        "parent": 917388,
        "lat": -13.63333,
        "lng": 32.65,
        "country": "ZM",
        "population": 85963
    },
    "919009": {
        "ids": {
            "geonames": 919009
        },
        "long": {
            "default": "Chingola"
        },
        "parent": 917524,
        "lat": -12.52897,
        "lng": 27.88382,
        "country": "ZM",
        "population": 148564
    },
    "919544": {
        "ids": {
            "geonames": 919544
        },
        "long": {
            "default": "Chililabombwe"
        },
        "parent": 917524,
        "lat": -12.36475,
        "lng": 27.82286,
        "country": "ZM",
        "population": 57328
    }
}