{
    "884141": {
        "ids": {
            "geonames": 884141
        },
        "long": {
            "default": "Norton"
        },
        "parent": 886841,
        "lat": -17.88333,
        "lng": 30.7,
        "country": "ZW",
        "population": 52054
    },
    "884979": {
        "ids": {
            "geonames": 884979
        },
        "long": {
            "default": "Mutare"
        },
        "parent": 887358,
        "lat": -18.9707,
        "lng": 32.67086,
        "country": "ZW",
        "population": 184205
    },
    "886763": {
        "ids": {
            "geonames": 886763
        },
        "long": {
            "default": "Masvingo"
        },
        "parent": 886761,
        "lat": -20.06373,
        "lng": 30.82766,
        "country": "ZW",
        "population": 76290
    },
    "886990": {
        "ids": {
            "geonames": 886990
        },
        "long": {
            "default": "Marondera"
        },
        "parent": 886842,
        "lat": -18.18527,
        "lng": 31.55193,
        "country": "ZW",
        "population": 57082
    },
    "888710": {
        "ids": {
            "geonames": 888710
        },
        "long": {
            "default": "Kwekwe"
        },
        "parent": 886119,
        "lat": -18.92809,
        "lng": 29.81486,
        "country": "ZW",
        "population": 99149
    },
    "889453": {
        "ids": {
            "geonames": 889453
        },
        "long": {
            "default": "Kadoma"
        },
        "parent": 886841,
        "lat": -18.33328,
        "lng": 29.91534,
        "country": "ZW",
        "population": 79174
    },
    "890299": {
        "ids": {
            "geonames": 890299
        },
        "long": {
            "default": "Harare"
        },
        "parent": 1105844,
        "lat": -17.82772,
        "lng": 31.05337,
        "country": "ZW",
        "population": 1542813
    },
    "890422": {
        "ids": {
            "geonames": 890422
        },
        "long": {
            "default": "Gweru"
        },
        "parent": 886119,
        "lat": -19.45,
        "lng": 29.81667,
        "country": "ZW",
        "population": 146073
    },
    "893697": {
        "ids": {
            "geonames": 893697
        },
        "long": {
            "default": "Chinhoyi"
        },
        "parent": 886841,
        "lat": -17.36667,
        "lng": 30.2,
        "country": "ZW",
        "population": 61739
    },
    "894701": {
        "ids": {
            "geonames": 894701
        },
        "long": {
            "default": "Bulawayo"
        },
        "parent": 1105843,
        "lat": -20.15,
        "lng": 28.58333,
        "country": "ZW",
        "population": 699385
    },
    "1085510": {
        "ids": {
            "geonames": 1085510
        },
        "long": {
            "default": "Epworth"
        },
        "parent": 1105844,
        "lat": -17.89,
        "lng": 31.1475,
        "country": "ZW",
        "population": 123250
    },
    "1106542": {
        "ids": {
            "geonames": 1106542
        },
        "long": {
            "default": "Chitungwiza"
        },
        "parent": 1105844,
        "lat": -18.01274,
        "lng": 31.07555,
        "country": "ZW",
        "population": 340360
    }
}